transactionid,userid,portfolioid,companyname,stockname,quantity,price,transactiontype,timestamp,PE,volatility,sentiment,day_of_week,month,ma5,ma10,ma20,avg_return,user_total_transactions,user_avg_quantity,user_avg_value,stock_total_transactions,stock_avg_quantity,sector_0,sector_Agriculture Machinery,sector_Auto Ancillaries,sector_Automobile (Tyres),sector_Cement,sector_Engineering,sector_Industrial Manufacturing,sector_Logistics,sector_Other,sector_Pharmaceuticals,sector_Shipping & Transport,sector_Steel & Metals,sector_Textiles,market_cap_bucket_0,market_cap_bucket_large,market_cap_bucket_mid,market_cap_bucket_small,target
0.0,16,16,PVR INOX Limited,PVRINOX,22,1639.24,buy,2024-09-08 14:39:31,0.0,0.0,0.0,6,9,1639.24,1639.24,1639.24,0.0,15,29.066666666666666,74878.55466666668,1,22.0,True,False,False,False,False,False,False,False,False,False,False,False,False,True,False,False,False,1
0.0,27,27,Aegis Vopak Terminals Limited,AEGISVOPAK,29,3175.36,sell,2024-09-09 05:25:04,0.0,0.0,0.0,0,9,3175.36,3175.36,3175.36,0.0,15,28.666666666666668,85157.99866666667,3,16.0,True,False,False,False,False,False,False,False,False,False,False,False,False,True,False,False,False,0
0.0,14,14,Muthoot Capital Services Limited,MUTHOOTCAP,31,614.73,buy,2024-09-09 15:34:36,0.0,0.0,0.0,0,9,614.73,614.73,614.73,0.0,15,23.866666666666667,46645.700666666664,3,26.666666666666668,True,False,False,False,False,False,False,False,False,False,False,False,False,True,False,False,False,1
0.0,37,37,Energy Development Company Limited,ENERGYDEV,8,4900.5,buy,2024-09-09 18:22:35,0.0,0.0,0.0,0,9,4900.5,4900.5,4900.5,0.0,15,34.4,98880.62999999999,2,28.0,True,False,False,False,False,False,False,False,False,False,False,False,False,True,False,False,False,1
0.0,3,3,Emami Limited,EMAMILTD,50,4616.05,sell,2024-09-10 21:54:04,0.0,0.0,0.0,1,9,4616.05,4616.05,4616.05,0.0,15,29.333333333333332,81645.90333333334,4,40.25,True,False,False,False,False,False,False,False,False,False,False,False,False,True,False,False,False,0
0.0,21,21,AWL Agri Business Limited,AWL,22,4030.95,buy,2024-09-11 04:21:06,0.0,0.0,0.0,2,9,4030.95,4030.95,4030.95,0.0,15,28.933333333333334,89503.40600000002,3,29.333333333333332,True,False,False,False,False,False,False,False,False,False,False,False,False,True,False,False,False,1
0.0,34,34,SHREE CEMENT LIMITED,SHREECEM,21,4676.95,buy,2024-09-11 10:14:41,41.33,0.0,1.0,2,9,4676.95,4676.95,4676.95,0.0,15,23.0,72386.19533333332,3,18.333333333333332,False,False,False,False,False,False,False,False,True,False,False,False,False,False,True,False,False,1
0.0,32,32,Ruchira Papers Limited,RUCHIRA,4,421.45,buy,2024-09-12 00:09:16,0.0,0.0,0.0,3,9,421.45,421.45,421.45,0.0,15,24.666666666666668,62705.008666666676,3,6.0,True,False,False,False,False,False,False,False,False,False,False,False,False,True,False,False,False,1
0.0,38,38,GRP Limited,GRPLTD,35,1744.52,buy,2024-09-12 03:27:23,0.0,0.0,0.0,3,9,1744.52,1744.52,1744.52,0.0,15,33.93333333333333,80432.17599999998,3,22.666666666666668,True,False,False,False,False,False,False,False,False,False,False,False,False,True,False,False,False,1
0.0,13,13,Vadilal Industries Limited,VADILALIND,27,2468.46,sell,2024-09-12 20:20:21,0.0,0.0,0.0,3,9,2468.46,2468.46,2468.46,0.0,15,25.133333333333333,64547.674666666666,5,28.4,True,False,False,False,False,False,False,False,False,False,False,False,False,True,False,False,False,0
0.0,26,26,Raj Television Network Limited,RAJTV,30,4609.75,sell,2024-09-14 02:52:53,48.93,0.0,0.0,5,9,4609.75,4609.75,4609.75,0.0,15,25.466666666666665,74108.90666666666,1,30.0,False,False,False,False,False,False,False,False,True,False,False,False,False,False,False,False,True,0
0.0,16,16,Aaron Industries Limited,AARON,50,2050.67,buy,2024-09-15 22:51:53,0.0,0.0,0.0,6,9,2050.67,2050.67,2050.67,0.0,15,29.066666666666666,74878.55466666668,4,28.0,True,False,False,False,False,False,False,False,False,False,False,False,False,True,False,False,False,1
0.0,20,20,CIE Automotive India Limited,CIEINDIA,3,1579.22,buy,2024-09-16 13:22:54,0.0,0.0,0.0,0,9,1579.22,1579.22,1579.22,0.0,15,28.066666666666666,88216.58533333334,3,10.666666666666666,True,False,False,False,False,False,False,False,False,False,False,False,False,True,False,False,False,1
0.0,1,1,Blue Dart Express Limited,BLUEDART,35,480.35,buy,2024-09-18 02:26:43,0.0,0.0,0.0,2,9,480.35,480.35,480.35,0.0,15,20.466666666666665,35129.424666666666,1,35.0,True,False,False,False,False,False,False,False,False,False,False,False,False,True,False,False,False,1
0.0,2,2,GRP Limited,GRPLTD,10,1361.16,buy,2024-09-18 16:39:41,0.0,271.0764556356749,0.0,2,9,1552.8400000000001,1552.8400000000001,1552.8400000000001,-0.21975099167679357,15,31.8,80737.53866666667,3,22.666666666666668,True,False,False,False,False,False,False,False,False,False,False,False,False,True,False,False,False,1
0.0,2,2,Lloyds Metals And Energy Limited,LLOYDSME,47,1261.81,buy,2024-09-19 23:03:30,0.0,0.0,0.0,3,9,1261.81,1261.81,1261.81,0.0,15,31.8,80737.53866666667,2,47.5,True,False,False,False,False,False,False,False,False,False,False,False,False,True,False,False,False,1
0.0,21,21,Hitech Corporation Limited,HITECHCORP,21,4580.52,buy,2024-09-20 14:07:05,0.0,0.0,0.0,4,9,4580.52,4580.52,4580.52,0.0,15,28.933333333333334,89503.40600000002,5,26.2,True,False,False,False,False,False,False,False,False,False,False,False,False,True,False,False,False,1
0.0,2,2,Garware Technical Fibres Limited,GARFIBRES,42,403.44,buy,2024-09-20 17:33:51,0.0,0.0,0.0,4,9,403.44,403.44,403.44,0.0,15,31.8,80737.53866666667,5,33.8,True,False,False,False,False,False,False,False,False,False,False,False,False,True,False,False,False,1
0.0,9,9,Alkali Metals Limited,ALKALI,13,779.4,buy,2024-09-20 20:31:27,0.0,0.0,0.0,4,9,779.4,779.4,779.4,0.0,15,34.06666666666667,71315.24466666667,2,24.0,True,False,False,False,False,False,False,False,False,False,False,False,False,True,False,False,False,1
0.0,38,38,IDBI Bank Limited,IDBI,23,4775.31,sell,2024-09-22 09:08:05,0.0,0.0,0.0,6,9,4775.31,4775.31,4775.31,0.0,15,33.93333333333333,80432.17599999998,3,38.0,True,False,False,False,False,False,False,False,False,False,False,False,False,True,False,False,False,0
0.0,30,30,Sampann Utpadan India Limited,SAMPANN,32,3003.86,buy,2024-09-23 19:44:50,0.0,0.0,0.0,0,9,3003.86,3003.86,3003.86,0.0,15,20.0,53206.38266666667,4,33.75,True,False,False,False,False,False,False,False,False,False,False,False,False,True,False,False,False,1
0.0,39,39,Jubilant Foodworks Limited,JUBLFOOD,3,4986.0,buy,2024-09-23 21:10:31,0.0,0.0,0.0,0,9,4986.0,4986.0,4986.0,0.0,15,27.533333333333335,50215.706000000006,2,25.0,True,False,False,False,False,False,False,False,False,False,False,False,False,True,False,False,False,1
0.0,39,39,Garware Technical Fibres Limited,GARFIBRES,50,730.46,sell,2024-09-24 15:12:05,0.0,231.2380595836248,0.0,1,9,566.95,566.95,566.95,0.8105790204243506,15,27.533333333333335,50215.706000000006,5,33.8,True,False,False,False,False,False,False,False,False,False,False,False,False,True,False,False,False,0
0.0,5,5,Seshasayee Paper and Boards Limited,SESHAPAPER,5,2243.5,sell,2024-09-25 06:18:56,17.43,0.0,-1.0,2,9,2243.5,2243.5,2243.5,0.0,15,18.8,37146.49866666667,4,17.25,False,False,False,False,False,False,False,False,True,False,False,False,False,False,False,True,False,0
0.0,37,37,Wockhardt Limited,WOCKPHARMA,31,4087.96,buy,2024-09-25 12:14:48,26.04,0.0,0.0,2,9,4087.96,4087.96,4087.96,0.0,15,34.4,98880.62999999999,4,38.5,False,False,False,False,False,False,False,False,True,False,False,False,False,False,False,False,True,1
0.0,6,6,Gayatri Projects Limited,GAYAPROJ,5,2711.29,buy,2024-09-26 04:26:33,38.35,0.0,1.0,3,9,2711.29,2711.29,2711.29,0.0,15,20.533333333333335,37538.708,4,20.5,False,False,False,False,False,False,False,False,True,False,False,False,False,False,False,True,False,1
0.0,12,12,GIC Housing Finance Limited,GICHSGFIN,7,2914.49,sell,2024-09-26 16:29:05,0.0,0.0,0.0,3,9,2914.49,2914.49,2914.49,0.0,15,22.533333333333335,56167.685333333335,6,26.833333333333332,True,False,False,False,False,False,False,False,False,False,False,False,False,True,False,False,False,0
0.0,29,29,D. P. Abhushan Limited,DPABHUSHAN,40,698.69,buy,2024-09-27 20:41:19,0.0,0.0,0.0,4,9,698.69,698.69,698.69,0.0,15,26.6,75370.31533333333,3,33.0,True,False,False,False,False,False,False,False,False,False,False,False,False,True,False,False,False,1
0.0,25,25,Network People Services Technologies Limited,NPST,8,88.26,sell,2024-09-28 00:50:44,6.94,0.0,-1.0,5,9,88.26,88.26,88.26,0.0,15,25.066666666666666,47173.12666666666,4,27.25,False,False,False,False,False,False,False,False,True,False,False,False,False,False,True,False,False,0
0.0,37,37,TVS Supply Chain Solutions Limited,TVSSCS,26,2525.39,buy,2024-09-28 02:48:30,0.0,0.0,0.0,5,9,2525.39,2525.39,2525.39,0.0,15,34.4,98880.62999999999,5,30.4,True,False,False,False,False,False,False,False,False,False,False,False,False,True,False,False,False,1
0.0,23,23,Engineers India Limited,ENGINERSIN,42,4394.65,buy,2024-09-29 10:14:25,0.0,0.0,0.0,6,9,4394.65,4394.65,4394.65,0.0,15,26.266666666666666,56400.181333333334,4,38.0,True,False,False,False,False,False,False,False,False,False,False,False,False,True,False,False,False,1
0.0,9,9,Voltas Limited,VOLTAS,48,889.97,buy,2024-09-30 02:42:28,0.0,0.0,0.0,0,9,889.97,889.97,889.97,0.0,15,34.06666666666667,71315.24466666667,1,48.0,True,False,False,False,False,False,False,False,False,False,False,False,False,True,False,False,False,1
0.0,29,29,Amines & Plasticizers Limited,AMNPLST,50,1940.27,buy,2024-09-30 11:29:03,9.48,0.0,0.0,0,9,1940.27,1940.27,1940.27,0.0,15,26.6,75370.31533333333,2,40.0,False,False,False,False,False,False,False,False,True,False,False,False,False,False,False,True,False,1
0.0,29,29,California Software Company Limited,CALSOFT,34,236.85,buy,2024-09-30 14:08:50,0.0,0.0,0.0,0,9,236.85,236.85,236.85,0.0,15,26.6,75370.31533333333,2,36.0,True,False,False,False,False,False,False,False,False,False,False,False,False,True,False,False,False,1
0.0,17,17,Lypsa Gems & Jewellery Limited,LYPSAGEMS,10,2516.96,sell,2024-09-30 21:13:48,0.0,0.0,0.0,0,9,2516.96,2516.96,2516.96,0.0,15,26.666666666666668,64376.70666666667,3,13.333333333333334,True,False,False,False,False,False,False,False,False,False,False,False,False,True,False,False,False,0
0.0,28,28,CRISIL Limited,CRISIL,42,3968.73,sell,2024-10-01 02:25:55,47.42,0.0,1.0,1,10,3968.73,3968.73,3968.73,0.0,15,30.466666666666665,75990.61333333336,2,24.0,False,False,False,False,False,False,False,False,True,False,False,False,False,False,False,False,True,0
0.0,27,27,Khaitan (India) Limited,KHAITANLTD,38,2272.08,sell,2024-10-01 03:50:59,0.0,0.0,0.0,1,10,2272.08,2272.08,2272.08,0.0,15,28.666666666666668,85157.99866666667,2,43.5,True,False,False,False,False,False,False,False,False,False,False,False,False,True,False,False,False,0
0.0,21,21,Dabur India Limited,DABUR,17,2706.03,buy,2024-10-01 06:04:17,23.46,0.0,-1.0,1,10,2706.03,2706.03,2706.03,0.0,15,28.933333333333334,89503.40600000002,3,36.666666666666664,False,False,False,False,False,False,False,False,True,False,False,False,False,False,True,False,False,1
0.0,24,24,Power Grid Corporation of India Limited,POWERGRID,5,501.56,buy,2024-10-01 22:16:45,0.0,0.0,0.0,1,10,501.56,501.56,501.56,0.0,15,29.266666666666666,65116.26266666667,4,27.0,True,False,False,False,False,False,False,False,False,False,False,False,False,True,False,False,False,1
0.0,28,28,India Glycols Limited,INDIAGLYCO,14,1741.58,sell,2024-10-02 01:29:38,0.0,0.0,0.0,2,10,1741.58,1741.58,1741.58,0.0,15,30.466666666666665,75990.61333333336,3,21.666666666666668,True,False,False,False,False,False,False,False,False,False,False,False,False,True,False,False,False,0
0.0,13,13,Transindia Real Estate Limited,TREL,42,1386.91,sell,2024-10-03 01:26:58,0.0,0.0,0.0,3,10,1386.91,1386.91,1386.91,0.0,15,25.133333333333333,64547.674666666666,4,27.75,True,False,False,False,False,False,False,False,False,False,False,False,False,True,False,False,False,0
0.0,20,20,Signatureglobal (India) Limited,SIGNATURE,44,3790.11,sell,2024-10-03 06:05:34,39.27,0.0,-1.0,3,10,3790.11,3790.11,3790.11,0.0,15,28.066666666666666,88216.58533333334,4,33.75,False,False,False,False,False,False,False,False,True,False,False,False,False,False,True,False,False,0
0.0,10,10,Sobha Limited,SOBHA,7,3903.18,buy,2024-10-04 02:15:03,0.0,0.0,0.0,4,10,3903.18,3903.18,3903.18,0.0,15,27.733333333333334,73229.63066666666,4,28.5,True,False,False,False,False,False,False,False,False,False,False,False,False,True,False,False,False,1
0.0,21,21,Prabha Energy Limited,PRABHA,41,4704.44,buy,2024-10-04 13:32:41,0.0,0.0,0.0,4,10,4704.44,4704.44,4704.44,0.0,15,28.933333333333334,89503.40600000002,3,28.666666666666668,True,False,False,False,False,False,False,False,False,False,False,False,False,True,False,False,False,1
0.0,30,30,Utkarsh Small Finance Bank Limited,UTKARSHBNK,23,4655.84,buy,2024-10-04 18:46:10,0.0,0.0,0.0,4,10,4655.84,4655.84,4655.84,0.0,15,20.0,53206.38266666667,3,23.0,True,False,False,False,False,False,False,False,False,False,False,False,False,True,False,False,False,1
0.0,30,30,UCAL LIMITED,UCAL,29,4531.27,buy,2024-10-04 23:59:36,34.67,0.0,0.0,4,10,4531.27,4531.27,4531.27,0.0,15,20.0,53206.38266666667,4,28.0,False,False,True,False,False,False,False,False,False,False,False,False,False,False,True,False,False,1
0.0,33,33,ORIENT CERATECH LIMITED,ORIENTCER,44,4839.43,sell,2024-10-05 02:30:35,39.21,0.0,1.0,5,10,4839.43,4839.43,4839.43,0.0,15,23.466666666666665,58744.238666666664,1,44.0,False,False,False,False,False,False,False,False,True,False,False,False,False,False,False,False,True,0
0.0,18,18,Sadhana Nitrochem Limited,SADHNANIQ,49,2739.98,buy,2024-10-05 06:26:08,0.0,0.0,0.0,5,10,2739.98,2739.98,2739.98,0.0,15,27.733333333333334,76236.91133333334,5,25.6,True,False,False,False,False,False,False,False,False,False,False,False,False,True,False,False,False,1
0.0,6,6,SecMark Consultancy Limited,SECMARK,1,2318.51,sell,2024-10-05 09:37:45,0.0,0.0,0.0,5,10,2318.51,2318.51,2318.51,0.0,15,20.533333333333335,37538.708,4,16.25,True,False,False,False,False,False,False,False,False,False,False,False,False,True,False,False,False,0
0.0,21,21,Mawana Sugars Limited,MAWANASUG,3,1556.6,buy,2024-10-05 21:46:00,0.0,0.0,0.0,5,10,1556.6,1556.6,1556.6,0.0,15,28.933333333333334,89503.40600000002,8,28.375,True,False,False,False,False,False,False,False,False,False,False,False,False,True,False,False,False,1
0.0,21,21,Silly Monks Entertainment Limited,SILLYMONKS,10,3783.05,buy,2024-10-05 23:01:54,24.58,0.0,0.0,5,10,3783.05,3783.05,3783.05,0.0,15,28.933333333333334,89503.40600000002,2,10.5,False,False,False,False,False,False,False,False,True,False,False,False,False,False,False,True,False,1
0.0,8,8,GRP Limited,GRPLTD,23,1560.69,sell,2024-10-06 02:50:52,0.0,191.73357356846333,0.0,6,10,1555.4566666666667,1555.4566666666667,1555.4566666666667,-0.03658139374900243,15,25.733333333333334,63692.136000000006,3,22.666666666666668,True,False,False,False,False,False,False,False,False,False,False,False,False,True,False,False,False,0
0.0,32,32,Punjab & Sind Bank,PSB,40,4990.85,buy,2024-10-06 13:28:45,43.75,0.0,-1.0,6,10,4990.85,4990.85,4990.85,0.0,15,24.666666666666668,62705.008666666676,2,27.0,False,False,False,False,False,False,False,False,True,False,False,False,False,False,False,False,True,1
0.0,33,33,Sagar Cements Limited,SAGCEM,3,3045.22,buy,2024-10-06 20:10:03,0.0,0.0,0.0,6,10,3045.22,3045.22,3045.22,0.0,15,23.466666666666665,58744.238666666664,4,16.0,True,False,False,False,False,False,False,False,False,False,False,False,False,True,False,False,False,1
0.0,38,38,Steel City Securities Limited,STEELCITY,40,2446.69,sell,2024-10-07 14:39:06,29.7,0.0,0.0,0,10,2446.69,2446.69,2446.69,0.0,15,33.93333333333333,80432.17599999998,6,14.666666666666666,False,False,False,False,False,False,False,False,True,False,False,False,False,False,True,False,False,0
0.0,25,25,The New India Assurance Company Limited,NIACL,44,453.83,buy,2024-10-07 15:57:59,38.25,0.0,1.0,0,10,453.83,453.83,453.83,0.0,15,25.066666666666666,47173.12666666666,3,33.666666666666664,False,False,False,False,False,False,False,False,True,False,False,False,False,False,False,True,False,1
0.0,17,17,Tracxn Technologies Limited,TRACXN,5,1417.42,sell,2024-10-08 23:23:50,0.0,0.0,0.0,1,10,1417.42,1417.42,1417.42,0.0,15,26.666666666666668,64376.70666666667,6,31.5,True,False,False,False,False,False,False,False,False,False,False,False,False,True,False,False,False,0
0.0,5,5,Texmaco Infrastructure & Holdings Limited,TEXINFRA,36,3326.26,buy,2024-10-08 23:47:57,0.0,0.0,0.0,1,10,3326.26,3326.26,3326.26,0.0,15,18.8,37146.49866666667,3,32.0,True,False,False,False,False,False,False,False,False,False,False,False,False,True,False,False,False,1
0.0,6,6,Wockhardt Limited,WOCKPHARMA,43,562.75,sell,2024-10-09 09:02:36,26.04,2492.6998961066292,0.0,2,10,2325.355,2325.355,2325.355,-0.8623396510729068,15,20.533333333333335,37538.708,4,38.5,False,False,False,False,False,False,False,False,True,False,False,False,False,False,False,False,True,0
0.0,29,29,Gopal Snacks Limited,GOPAL,17,308.29,buy,2024-10-09 12:01:16,43.85,0.0,0.0,2,10,308.29,308.29,308.29,0.0,15,26.6,75370.31533333333,6,20.833333333333332,False,False,False,False,False,False,False,False,True,False,False,False,False,False,False,False,True,1
0.0,31,31,Expleo Solutions Limited,EXPLEOSOL,1,3093.31,buy,2024-10-10 05:28:08,0.0,0.0,0.0,3,10,3093.31,3093.31,3093.31,0.0,15,26.6,65326.33866666667,2,18.5,True,False,False,False,False,False,False,False,False,False,False,False,False,True,False,False,False,1
0.0,17,17,Munjal Auto Industries Limited,MUNJALAU,22,4674.53,buy,2024-10-11 15:40:34,0.0,0.0,0.0,4,10,4674.53,4674.53,4674.53,0.0,15,26.666666666666668,64376.70666666667,4,23.5,True,False,False,False,False,False,False,False,False,False,False,False,False,True,False,False,False,1
0.0,1,1,Gala Precision Engineering Limited,GALAPREC,15,4339.09,buy,2024-10-12 03:39:25,29.98,0.0,1.0,5,10,4339.09,4339.09,4339.09,0.0,15,20.466666666666665,35129.424666666666,5,21.8,False,False,False,False,False,False,False,False,True,False,False,False,False,False,False,False,True,1
0.0,12,12,Fertilizers and Chemicals Travancore Limited,FACT,11,3049.17,sell,2024-10-13 16:39:55,34.2,0.0,0.0,6,10,3049.17,3049.17,3049.17,0.0,15,22.533333333333335,56167.685333333335,4,15.75,False,False,False,False,False,False,False,False,True,False,False,False,False,False,True,False,False,0
0.0,37,37,Gopal Snacks Limited,GOPAL,46,1698.55,buy,2024-10-14 05:36:44,43.85,983.0622736124095,0.0,0,10,1003.42,1003.42,1003.42,4.509585130883258,15,34.4,98880.62999999999,6,20.833333333333332,False,False,False,False,False,False,False,False,True,False,False,False,False,False,False,False,True,1
0.0,4,4,Uniparts India Limited,UNIPARTS,5,2595.07,buy,2024-10-14 09:46:56,47.82,0.0,1.0,0,10,2595.07,2595.07,2595.07,0.0,15,19.4,45433.34666666667,2,11.5,False,False,False,False,False,True,False,False,False,False,False,False,False,False,False,True,False,1
0.0,26,26,Tamilnadu Telecommunication Limited,TNTELE,28,2888.33,sell,2024-10-14 14:36:01,0.0,0.0,0.0,0,10,2888.33,2888.33,2888.33,0.0,15,25.466666666666665,74108.90666666666,2,36.0,True,False,False,False,False,False,False,False,False,False,False,False,False,True,False,False,False,0
0.0,2,2,UCAL LIMITED,UCAL,41,3456.4,buy,2024-10-14 18:37:52,34.67,760.0478658939844,0.0,0,10,3993.835,3993.835,3993.835,-0.23721164265206007,15,31.8,80737.53866666667,4,28.0,False,False,True,False,False,False,False,False,False,False,False,False,False,False,True,False,False,1
0.0,23,23,Bal Pharma Limited,BALPHARMA,33,2988.65,buy,2024-10-15 00:30:30,33.13,0.0,0.0,1,10,2988.65,2988.65,2988.65,0.0,15,26.266666666666666,56400.181333333334,3,32.666666666666664,False,False,False,False,False,False,False,False,True,False,False,False,False,False,True,False,False,1
0.0,4,4,National Fertilizers Limited,NFL,37,2902.25,buy,2024-10-15 22:47:25,0.0,0.0,0.0,1,10,2902.25,2902.25,2902.25,0.0,15,19.4,45433.34666666667,2,41.0,True,False,False,False,False,False,False,False,False,False,False,False,False,True,False,False,False,1
0.0,23,23,Oriental Aromatics Limited,OAL,40,264.66,sell,2024-10-16 00:47:20,48.15,0.0,1.0,2,10,264.66,264.66,264.66,0.0,15,26.266666666666666,56400.181333333334,1,40.0,False,False,False,False,False,False,False,False,True,False,False,False,False,False,False,True,False,0
0.0,25,25,Prime Securities Limited,PRIMESECU,50,729.31,buy,2024-10-16 09:54:13,8.53,0.0,1.0,2,10,729.31,729.31,729.31,0.0,15,25.066666666666666,47173.12666666666,3,29.666666666666668,False,False,False,False,False,False,False,False,True,False,False,False,False,False,False,True,False,1
0.0,24,24,Ola Electric Mobility Limited,OLAELEC,24,4770.28,buy,2024-10-16 14:38:57,0.0,0.0,0.0,2,10,4770.28,4770.28,4770.28,0.0,15,29.266666666666666,65116.26266666667,2,27.0,True,False,False,False,False,False,False,False,False,False,False,False,False,True,False,False,False,1
0.0,33,33,Axis Bank Limited,AXISBANK,42,1863.33,buy,2024-10-17 05:13:16,0.0,0.0,0.0,3,10,1863.33,1863.33,1863.33,0.0,15,23.466666666666665,58744.238666666664,1,42.0,True,False,False,False,False,False,False,False,False,False,False,False,False,True,False,False,False,1
0.0,6,6,Bank of India,BANKINDIA,32,1293.05,sell,2024-10-17 14:43:47,0.0,0.0,0.0,3,10,1293.05,1293.05,1293.05,0.0,15,20.533333333333335,37538.708,3,32.666666666666664,True,False,False,False,False,False,False,False,False,False,False,False,False,True,False,False,False,0
0.0,4,4,IOL Chemicals and Pharmaceuticals Limited,IOLCP,15,383.63,buy,2024-10-18 01:59:49,6.77,0.0,1.0,4,10,383.63,383.63,383.63,0.0,15,19.4,45433.34666666667,1,15.0,False,False,False,False,False,False,False,False,True,False,False,False,False,False,False,False,True,1
0.0,1,1,WESTLIFE FOODWORLD LIMITED,WESTLIFE,23,3038.44,sell,2024-10-18 04:39:09,43.33,0.0,0.0,4,10,3038.44,3038.44,3038.44,0.0,15,20.466666666666665,35129.424666666666,2,30.0,False,False,False,False,False,False,False,False,True,False,False,False,False,False,False,True,False,0
0.0,40,40,CIE Automotive India Limited,CIEINDIA,17,3607.06,buy,2024-10-18 07:26:03,0.0,1433.8994151613285,0.0,4,10,2593.14,2593.14,2593.14,1.2840769493800734,15,25.666666666666668,65891.47333333334,3,10.666666666666666,True,False,False,False,False,False,False,False,False,False,False,False,False,True,False,False,False,1
0.0,35,35,ATLANTAA LIMITED,ATLANTAA,2,452.05,sell,2024-10-18 14:49:28,0.0,0.0,0.0,4,10,452.05,452.05,452.05,0.0,15,26.266666666666666,59660.19733333333,3,20.333333333333332,True,False,False,False,False,False,False,False,False,False,False,False,False,True,False,False,False,0
0.0,15,15,Silly Monks Entertainment Limited,SILLYMONKS,11,63.24,buy,2024-10-19 17:08:56,24.58,2630.3028757255315,0.0,5,10,1923.145,1923.145,1923.145,-0.9832833295885595,15,22.466666666666665,63069.69266666668,2,10.5,False,False,False,False,False,False,False,False,True,False,False,False,False,False,False,True,False,1
0.0,35,35,EPL Limited,EPL,39,761.16,sell,2024-10-19 22:58:33,37.35,0.0,0.0,5,10,761.16,761.16,761.16,0.0,15,26.266666666666666,59660.19733333333,3,20.333333333333332,False,False,False,False,False,False,False,False,True,False,False,False,False,False,True,False,False,0
0.0,24,24,GIC Housing Finance Limited,GICHSGFIN,23,562.82,buy,2024-10-20 19:47:22,0.0,1662.881804112968,0.0,6,10,1738.655,1738.655,1738.655,-0.806889026896644,15,29.266666666666666,65116.26266666667,6,26.833333333333332,True,False,False,False,False,False,False,False,False,False,False,False,False,True,False,False,False,1
0.0,12,12,Summit Securities Limited,SUMMITSEC,46,1031.73,buy,2024-10-20 23:19:56,0.0,0.0,0.0,6,10,1031.73,1031.73,1031.73,0.0,15,22.533333333333335,56167.685333333335,1,46.0,True,False,False,False,False,False,False,False,False,False,False,False,False,True,False,False,False,1
0.0,1,1,Bhartiya International Limited,BIL,9,3695.53,buy,2024-10-21 15:00:32,19.81,0.0,0.0,0,10,3695.53,3695.53,3695.53,0.0,15,20.466666666666665,35129.424666666666,2,8.5,False,False,False,False,False,False,False,False,True,False,False,False,False,False,True,False,False,1
0.0,14,14,Dabur India Limited,DABUR,46,2693.97,buy,2024-10-21 17:04:11,23.46,8.527707781110045,-1.0,0,10,2700.0,2700.0,2700.0,-0.00445671334020703,15,23.866666666666667,46645.700666666664,3,36.666666666666664,False,False,False,False,False,False,False,False,True,False,False,False,False,False,True,False,False,1
0.0,17,17,Sambhv Steel Tubes Limited,SAMBHV,43,4353.37,buy,2024-10-21 20:00:39,9.89,0.0,0.0,0,10,4353.37,4353.37,4353.37,0.0,15,26.666666666666668,64376.70666666667,4,33.75,False,False,False,False,False,False,False,False,False,False,False,True,False,False,False,True,False,1
0.0,38,38,Bikaji Foods International Limited,BIKAJI,47,3419.69,sell,2024-10-21 20:04:06,0.0,0.0,0.0,0,10,3419.69,3419.69,3419.69,0.0,15,33.93333333333333,80432.17599999998,4,40.75,True,False,False,False,False,False,False,False,False,False,False,False,False,True,False,False,False,0
0.0,13,13,NLC India Limited,NLCINDIA,16,1565.72,buy,2024-10-22 21:01:40,0.0,0.0,0.0,1,10,1565.72,1565.72,1565.72,0.0,15,25.133333333333333,64547.674666666666,3,22.666666666666668,True,False,False,False,False,False,False,False,False,False,False,False,False,True,False,False,False,1
0.0,35,35,Shyam Century Ferrous Limited,SHYAMCENT,20,2295.04,buy,2024-10-23 05:12:05,0.0,0.0,0.0,2,10,2295.04,2295.04,2295.04,0.0,15,26.266666666666666,59660.19733333333,1,20.0,True,False,False,False,False,False,False,False,False,False,False,False,False,True,False,False,False,1
0.0,30,30,Atam Valves Limited,ATAM,9,3806.26,buy,2024-10-24 22:45:09,0.0,0.0,0.0,3,10,3806.26,3806.26,3806.26,0.0,15,20.0,53206.38266666667,2,5.5,True,False,False,False,False,False,False,False,False,False,False,False,False,True,False,False,False,1
0.0,20,20,Apollo Pipes Limited,APOLLOPIPE,39,3738.6,sell,2024-10-25 09:10:09,0.0,0.0,0.0,4,10,3738.6,3738.6,3738.6,0.0,15,28.066666666666666,88216.58533333334,4,31.5,True,False,False,False,False,False,False,False,False,False,False,False,False,True,False,False,False,0
0.0,5,5,Prime Securities Limited,PRIMESECU,26,4517.09,buy,2024-10-26 20:47:32,8.53,2678.3649236427814,1.0,5,10,2623.2,2623.2,2623.2,5.193648791323306,15,18.8,37146.49866666667,3,29.666666666666668,False,False,False,False,False,False,False,False,True,False,False,False,False,False,False,True,False,1
0.0,18,18,Pennar Industries Limited,PENIND,25,4942.65,sell,2024-10-27 05:30:04,45.94,0.0,0.0,6,10,4942.65,4942.65,4942.65,0.0,15,27.733333333333334,76236.91133333334,3,25.666666666666668,False,False,False,False,False,False,False,False,True,False,False,False,False,False,True,False,False,0
0.0,39,39,Gayatri Projects Limited,GAYAPROJ,27,1684.95,buy,2024-10-27 21:12:24,38.35,725.7319738030011,1.0,6,10,2198.12,2198.12,2198.12,-0.37854305515086917,15,27.533333333333335,50215.706000000006,4,20.5,False,False,False,False,False,False,False,False,True,False,False,False,False,False,False,True,False,1
0.0,18,18,Punjab National Bank,PNB,10,2501.88,buy,2024-10-28 06:01:24,0.0,0.0,0.0,0,10,2501.88,2501.88,2501.88,0.0,15,27.733333333333334,76236.91133333334,2,14.0,True,False,False,False,False,False,False,False,False,False,False,False,False,True,False,False,False,1
0.0,37,37,Aaron Industries Limited,AARON,50,2913.45,buy,2024-10-29 04:39:21,0.0,610.0775886721293,0.0,1,10,2482.06,2482.06,2482.06,0.4207307855481377,15,34.4,98880.62999999999,4,28.0,True,False,False,False,False,False,False,False,False,False,False,False,False,True,False,False,False,1
0.0,32,32,Tracxn Technologies Limited,TRACXN,42,1693.03,buy,2024-10-29 05:12:08,0.0,194.88569996282436,0.0,1,10,1555.225,1555.225,1555.225,0.1944448363928828,15,24.666666666666668,62705.008666666676,6,31.5,True,False,False,False,False,False,False,False,False,False,False,False,False,True,False,False,False,1
0.0,22,22,Balu Forge Industries Limited,BALUFORGE,42,1825.44,buy,2024-10-29 18:33:50,0.0,0.0,0.0,1,10,1825.44,1825.44,1825.44,0.0,15,21.6,45329.002,3,33.333333333333336,True,False,False,False,False,False,False,False,False,False,False,False,False,True,False,False,False,1
0.0,33,33,Hitech Corporation Limited,HITECHCORP,8,1345.79,buy,2024-10-29 19:54:46,0.0,2287.2995183075614,0.0,1,10,2963.155,2963.155,2963.155,-0.70619274667505,15,23.466666666666665,58744.238666666664,5,26.2,True,False,False,False,False,False,False,False,False,False,False,False,False,True,False,False,False,1
0.0,35,35,Indogulf Cropsciences Limited,IGCL,41,2750.61,buy,2024-10-30 13:00:44,0.0,0.0,0.0,2,10,2750.61,2750.61,2750.61,0.0,15,26.266666666666666,59660.19733333333,2,34.5,True,False,False,False,False,False,False,False,False,False,False,False,False,True,False,False,False,1
0.0,12,12,Seshasayee Paper and Boards Limited,SESHAPAPER,13,4204.18,buy,2024-11-01 02:40:25,17.43,1386.4101237368402,-1.0,4,11,3223.84,3223.84,3223.84,0.8739380432360153,15,22.533333333333335,56167.685333333335,4,17.25,False,False,False,False,False,False,False,False,True,False,False,False,False,False,False,True,False,1
0.0,1,1,Sanofi Consumer Healthcare India Limited,SANOFICONR,22,1425.46,buy,2024-11-01 13:54:57,0.0,0.0,0.0,4,11,1425.46,1425.46,1425.46,0.0,15,20.466666666666665,35129.424666666666,3,20.666666666666668,True,False,False,False,False,False,False,False,False,False,False,False,False,True,False,False,False,1
0.0,11,11,Uniphos Enterprises Limited,UNIENTER,25,4274.57,sell,2024-11-01 14:46:38,0.0,0.0,0.0,4,11,4274.57,4274.57,4274.57,0.0,15,21.066666666666666,60868.77599999999,2,27.5,True,False,False,False,False,False,False,False,False,False,False,False,False,True,False,False,False,0
0.0,24,24,Reliance Industries Limited,RELIANCE,45,1373.87,buy,2024-11-01 19:55:19,0.0,0.0,0.0,4,11,1373.87,1373.87,1373.87,0.0,15,29.266666666666666,65116.26266666667,4,34.25,True,False,False,False,False,False,False,False,False,False,False,False,False,True,False,False,False,1
0.0,11,11,Atam Valves Limited,ATAM,2,4290.82,sell,2024-11-02 20:59:17,0.0,342.6356618917531,0.0,5,11,4048.54,4048.54,4048.54,0.12730606947502254,15,21.066666666666666,60868.77599999999,2,5.5,True,False,False,False,False,False,False,False,False,False,False,False,False,True,False,False,False,0
0.0,39,39,California Software Company Limited,CALSOFT,38,1234.45,buy,2024-11-04 21:39:44,0.0,705.4097249116999,0.0,0,11,735.65,735.65,735.65,4.211948490605869,15,27.533333333333335,50215.706000000006,2,36.0,True,False,False,False,False,False,False,False,False,False,False,False,False,True,False,False,False,1
0.0,38,38,Jubilant Foodworks Limited,JUBLFOOD,47,1403.61,buy,2024-11-05 06:36:53,0.0,2533.132261854876,0.0,1,11,3194.805,3194.805,3194.805,-0.7184897713598075,15,33.93333333333333,80432.17599999998,2,25.0,True,False,False,False,False,False,False,False,False,False,False,False,False,True,False,False,False,1
0.0,16,16,Indo Count Industries Limited,ICIL,45,2042.42,buy,2024-11-06 17:53:36,13.57,0.0,1.0,2,11,2042.42,2042.42,2042.42,0.0,15,29.066666666666666,74878.55466666668,5,34.0,False,False,False,False,False,False,False,False,True,False,False,False,False,False,False,False,True,1
0.0,12,12,Reliance Industries Limited,RELIANCE,41,1252.1,buy,2024-11-06 17:54:45,0.0,86.10439274508587,0.0,2,11,1312.985,1312.985,1312.985,-0.08863284007948347,15,22.533333333333335,56167.685333333335,4,34.25,True,False,False,False,False,False,False,False,False,False,False,False,False,True,False,False,False,1
0.0,28,28,STL Global Limited,SGL,39,4372.73,buy,2024-11-07 12:08:21,0.0,0.0,0.0,3,11,4372.73,4372.73,4372.73,0.0,15,30.466666666666665,75990.61333333336,4,17.75,True,False,False,False,False,False,False,False,False,False,False,False,False,True,False,False,False,1
0.0,35,35,Mangalam Global Enterprise Limited,MGEL,21,1246.6,buy,2024-11-07 18:12:28,47.72,0.0,0.0,3,11,1246.6,1246.6,1246.6,0.0,15,26.266666666666666,59660.19733333333,1,21.0,False,False,False,False,False,False,False,False,True,False,False,False,False,False,True,False,False,1
0.0,4,4,GIC Housing Finance Limited,GICHSGFIN,26,4975.99,buy,2024-11-07 18:30:08,0.0,2208.174339728033,0.0,3,11,2817.7666666666664,2817.7666666666664,2817.7666666666664,3.5171428857201508,15,19.4,45433.34666666667,6,26.833333333333332,True,False,False,False,False,False,False,False,False,False,False,False,False,True,False,False,False,1
0.0,29,29,Anuh Pharma Limited,ANUHPHR,37,4922.98,buy,2024-11-08 12:42:27,0.0,0.0,0.0,4,11,4922.98,4922.98,4922.98,0.0,15,26.6,75370.31533333333,4,39.5,True,False,False,False,False,False,False,False,False,False,False,False,False,True,False,False,False,1
0.0,34,34,Gopal Snacks Limited,GOPAL,16,3962.35,buy,2024-11-08 15:38:07,43.85,1844.350282674091,0.0,4,11,1989.7299999999998,1989.7299999999998,1989.7299999999998,2.9211844879637807,15,23.0,72386.19533333332,6,20.833333333333332,False,False,False,False,False,False,False,False,True,False,False,False,False,False,False,False,True,1
0.0,14,14,Ethos Limited,ETHOSLTD,1,2891.62,buy,2024-11-08 19:27:55,0.0,0.0,0.0,4,11,2891.62,2891.62,2891.62,0.0,15,23.866666666666667,46645.700666666664,2,22.0,True,False,False,False,False,False,False,False,False,False,False,False,False,True,False,False,False,1
0.0,3,3,Sagar Cements Limited,SAGCEM,6,473.98,buy,2024-11-09 09:27:39,0.0,1818.1412400580982,0.0,5,11,1759.6,1759.6,1759.6,-0.8443527889610603,15,29.333333333333332,81645.90333333334,4,16.0,True,False,False,False,False,False,False,False,False,False,False,False,False,True,False,False,False,1
0.0,12,12,Sumeet Industries Limited,SUMEETINDS,3,1768.66,buy,2024-11-09 12:28:07,0.0,0.0,0.0,5,11,1768.66,1768.66,1768.66,0.0,15,22.533333333333335,56167.685333333335,2,22.5,True,False,False,False,False,False,False,False,False,False,False,False,False,True,False,False,False,1
0.0,16,16,Dr. Lal Path Labs Ltd.,LALPATHLAB,6,1183.18,buy,2024-11-10 03:04:28,21.67,0.0,-1.0,6,11,1183.18,1183.18,1183.18,0.0,15,29.066666666666666,74878.55466666668,2,21.0,False,False,False,False,False,False,False,False,True,False,False,False,False,False,True,False,False,1
0.0,37,37,Prabha Energy Limited,PRABHA,44,1248.87,buy,2024-11-10 03:22:53,0.0,2443.456979864798,0.0,6,11,2976.6549999999997,2976.6549999999997,2976.6549999999997,-0.7345337595973166,15,34.4,98880.62999999999,3,28.666666666666668,True,False,False,False,False,False,False,False,False,False,False,False,False,True,False,False,False,1
0.0,7,7,Bharat Gears Limited,BHARATGEAR,3,1575.88,sell,2024-11-10 13:22:27,37.37,0.0,0.0,6,11,1575.88,1575.88,1575.88,0.0,15,22.8,62862.104666666666,4,30.5,False,False,False,False,False,False,False,False,True,False,False,False,False,False,False,True,False,0
0.0,8,8,Xchanging Solutions Limited,XCHANGING,21,2210.15,sell,2024-11-10 20:20:59,0.0,0.0,0.0,6,11,2210.15,2210.15,2210.15,0.0,15,25.733333333333334,63692.136000000006,5,17.2,True,False,False,False,False,False,False,False,False,False,False,False,False,True,False,False,False,0
0.0,27,27,Sumeet Industries Limited,SUMEETINDS,42,3194.73,buy,2024-11-11 07:51:27,0.0,1008.3837674466997,0.0,0,11,2481.695,2481.695,2481.695,0.8062996845069148,15,28.666666666666668,85157.99866666667,2,22.5,True,False,False,False,False,False,False,False,False,False,False,False,False,True,False,False,False,1
0.0,18,18,Aaron Industries Limited,AARON,10,420.4,sell,2024-11-11 12:25:23,0.0,1266.0613402596257,0.0,0,11,1794.84,1794.84,1794.84,-0.21748646670524263,15,27.733333333333334,76236.91133333334,4,28.0,True,False,False,False,False,False,False,False,False,False,False,False,False,True,False,False,False,0
0.0,26,26,BSE Limited,BSE,6,2009.05,buy,2024-11-11 23:27:36,0.0,0.0,0.0,0,11,2009.05,2009.05,2009.05,0.0,15,25.466666666666665,74108.90666666666,4,28.75,True,False,False,False,False,False,False,False,False,False,False,False,False,True,False,False,False,1
0.0,8,8,Escorts Kubota Limited,ESCORTS,23,3225.33,buy,2024-11-13 20:27:22,6.58,0.0,1.0,2,11,3225.33,3225.33,3225.33,0.0,15,25.733333333333334,63692.136000000006,4,36.75,False,True,False,False,False,False,False,False,False,False,False,False,False,False,True,False,False,1
0.0,15,15,Infibeam Avenues Limited,INFIBEAM,4,3067.67,sell,2024-11-16 18:29:04,0.0,0.0,0.0,5,11,3067.67,3067.67,3067.67,0.0,15,22.466666666666665,63069.69266666668,2,14.0,True,False,False,False,False,False,False,False,False,False,False,False,False,True,False,False,False,0
0.0,25,25,Prozone Realty Limited,PROZONER,12,4355.82,buy,2024-11-18 15:33:38,26.35,0.0,1.0,0,11,4355.82,4355.82,4355.82,0.0,15,25.066666666666666,47173.12666666666,1,12.0,False,False,False,False,False,False,False,False,True,False,False,False,False,False,False,True,False,1
0.0,30,30,Precision Camshafts Limited,PRECAM,8,1461.06,sell,2024-11-19 13:20:33,0.0,0.0,0.0,1,11,1461.06,1461.06,1461.06,0.0,15,20.0,53206.38266666667,2,11.0,True,False,False,False,False,False,False,False,False,False,False,False,False,True,False,False,False,0
0.0,28,28,Gujarat Mineral Development Corporation Limited,GMDCLTD,43,750.07,buy,2024-11-21 03:18:17,0.0,0.0,0.0,3,11,750.07,750.07,750.07,0.0,15,30.466666666666665,75990.61333333336,2,45.0,True,False,False,False,False,False,False,False,False,False,False,False,False,True,False,False,False,1
0.0,24,24,Agri-Tech (India) Limited,AGRITECH,15,4045.75,sell,2024-11-21 06:12:13,0.0,0.0,0.0,3,11,4045.75,4045.75,4045.75,0.0,15,29.266666666666666,65116.26266666667,3,17.0,True,False,False,False,False,False,False,False,False,False,False,False,False,True,False,False,False,0
0.0,23,23,Anjani Portland Cement Limited,APCL,48,364.61,buy,2024-11-21 08:04:38,16.74,0.0,0.0,3,11,364.61,364.61,364.61,0.0,15,26.266666666666666,56400.181333333334,2,36.5,False,False,False,False,True,False,False,False,False,False,False,False,False,False,True,False,False,1
0.0,24,24,Peninsula Land Limited,PENINLAND,36,1869.43,sell,2024-11-21 19:04:38,7.65,0.0,0.0,3,11,1869.43,1869.43,1869.43,0.0,15,29.266666666666666,65116.26266666667,2,32.5,False,False,False,False,False,False,False,False,True,False,False,False,False,False,False,False,True,0
0.0,6,6,Veedol Corporation Limited,VEEDOL,17,2009.14,buy,2024-11-22 01:35:16,19.37,0.0,0.0,4,11,2009.14,2009.14,2009.14,0.0,15,20.533333333333335,37538.708,2,13.0,False,False,False,False,False,False,False,False,True,False,False,False,False,False,True,False,False,1
0.0,2,2,Fortis Healthcare Limited,FORTIS,38,2027.03,buy,2024-11-24 14:37:46,0.0,0.0,0.0,6,11,2027.03,2027.03,2027.03,0.0,15,31.8,80737.53866666667,2,31.5,True,False,False,False,False,False,False,False,False,False,False,False,False,True,False,False,False,1
0.0,16,16,Allcargo Logistics Limited,ALLCARGO,19,2223.81,buy,2024-11-24 15:18:51,0.0,0.0,0.0,6,11,2223.81,2223.81,2223.81,0.0,15,29.066666666666666,74878.55466666668,2,14.0,True,False,False,False,False,False,False,False,False,False,False,False,False,True,False,False,False,1
0.0,19,19,AWL Agri Business Limited,AWL,25,3117.57,buy,2024-11-25 12:11:31,0.0,645.8571918001687,0.0,0,11,3574.26,3574.26,3574.26,-0.22659174636251989,15,24.066666666666666,70593.80066666666,3,29.333333333333332,True,False,False,False,False,False,False,False,False,False,False,False,False,True,False,False,False,1
0.0,36,36,Transindia Real Estate Limited,TREL,16,1114.96,buy,2024-11-26 10:59:34,0.0,192.29768914368154,0.0,1,11,1250.935,1250.935,1250.935,-0.19608337959925304,15,21.733333333333334,49811.59533333334,4,27.75,True,False,False,False,False,False,False,False,False,False,False,False,False,True,False,False,False,1
0.0,31,31,Piramal Pharma Limited,PPLPHARMA,50,3439.18,sell,2024-11-26 17:09:43,21.8,0.0,-1.0,1,11,3439.18,3439.18,3439.18,0.0,15,26.6,65326.33866666667,3,33.0,False,False,False,False,False,False,False,False,False,True,False,False,False,False,False,False,True,0
0.0,7,7,Sobha Limited,SOBHA,27,4870.49,sell,2024-11-28 18:04:31,0.0,683.991460509559,0.0,3,11,4386.835,4386.835,4386.835,0.2478261315132788,15,22.8,62862.104666666666,4,28.5,True,False,False,False,False,False,False,False,False,False,False,False,False,True,False,False,False,0
0.0,40,40,Sagar Cements Limited,SAGCEM,39,581.14,sell,2024-11-28 23:23:00,0.0,1454.5588477610659,0.0,3,11,1366.78,1366.78,1366.78,-0.3091336500609344,15,25.666666666666668,65891.47333333334,4,16.0,True,False,False,False,False,False,False,False,False,False,False,False,False,True,False,False,False,0
0.0,36,36,Vadilal Industries Limited,VADILALIND,21,989.68,buy,2024-11-29 04:32:20,0.0,1045.6553658830428,0.0,4,11,1729.07,1729.07,1729.07,-0.599069865422166,15,21.733333333333334,49811.59533333334,5,28.4,True,False,False,False,False,False,False,False,False,False,False,False,False,True,False,False,False,1
0.0,10,10,Vinati Organics Limited,VINATIORGA,45,2613.89,buy,2024-11-29 07:49:51,0.0,0.0,0.0,4,11,2613.89,2613.89,2613.89,0.0,15,27.733333333333334,73229.63066666666,3,32.666666666666664,True,False,False,False,False,False,False,False,False,False,False,False,False,True,False,False,False,1
0.0,19,19,HDFC Life Insurance Company Limited,HDFCLIFE,6,2198.16,buy,2024-11-29 15:25:50,0.0,0.0,0.0,4,11,2198.16,2198.16,2198.16,0.0,15,24.066666666666666,70593.80066666666,1,6.0,True,False,False,False,False,False,False,False,False,False,False,False,False,True,False,False,False,1
0.0,10,10,Vinyl Chemicals (India) Limited,VINYLINDIA,49,1273.84,buy,2024-11-29 23:09:04,19.08,0.0,-1.0,4,11,1273.84,1273.84,1273.84,0.0,15,27.733333333333334,73229.63066666666,1,49.0,False,False,False,False,False,False,False,False,True,False,False,False,False,False,False,False,True,1
0.0,33,33,Agri-Tech (India) Limited,AGRITECH,9,2670.83,buy,2024-11-30 04:04:13,0.0,972.215255589008,0.0,5,11,3358.29,3358.29,3358.29,-0.3398430451708583,15,23.466666666666665,58744.238666666664,3,17.0,True,False,False,False,False,False,False,False,False,False,False,False,False,True,False,False,False,1
0.0,26,26,IDBI Bank Limited,IDBI,42,4084.43,buy,2024-11-30 09:35:51,0.0,488.5259329861622,0.0,5,11,4429.87,4429.87,4429.87,-0.14467751831818254,15,25.466666666666665,74108.90666666666,3,38.0,True,False,False,False,False,False,False,False,False,False,False,False,False,True,False,False,False,1
0.0,22,22,Exxaro Tiles Limited,EXXARO,24,1125.48,buy,2024-11-30 14:09:36,0.0,0.0,0.0,5,11,1125.48,1125.48,1125.48,0.0,15,21.6,45329.002,3,18.666666666666668,True,False,False,False,False,False,False,False,False,False,False,False,False,True,False,False,False,1
0.0,4,4,Alldigi Tech Limited,ALLDIGI,34,2284.86,buy,2024-12-01 00:11:52,0.0,0.0,0.0,6,12,2284.86,2284.86,2284.86,0.0,15,19.4,45433.34666666667,3,30.0,True,False,False,False,False,False,False,False,False,False,False,False,False,True,False,False,False,1
0.0,28,28,R R Kabel Limited,RRKABEL,46,4693.11,buy,2024-12-01 22:26:51,0.0,0.0,0.0,6,12,4693.11,4693.11,4693.11,0.0,15,30.466666666666665,75990.61333333336,6,28.833333333333332,True,False,False,False,False,False,False,False,False,False,False,False,False,True,False,False,False,1
0.0,2,2,Network People Services Technologies Limited,NPST,50,3891.2,buy,2024-12-02 07:10:55,6.94,2689.084662445569,-1.0,0,12,1989.73,1989.73,1989.73,43.087922048493084,15,31.8,80737.53866666667,4,27.25,False,False,False,False,False,False,False,False,True,False,False,False,False,False,True,False,False,1
0.0,12,12,Sun Pharma Advanced Research Company Limited,SPARC,42,249.28,buy,2024-12-02 13:32:45,0.0,0.0,0.0,0,12,249.28,249.28,249.28,0.0,15,22.533333333333335,56167.685333333335,3,23.333333333333332,True,False,False,False,False,False,False,False,False,False,False,False,False,True,False,False,False,1
0.0,9,9,UNO Minda Limited,UNOMINDA,36,680.07,buy,2024-12-02 16:17:24,40.25,0.0,1.0,0,12,680.07,680.07,680.07,0.0,15,34.06666666666667,71315.24466666667,3,21.333333333333332,False,False,False,False,False,False,False,False,True,False,False,False,False,False,False,False,True,1
0.0,20,20,ATLANTAA LIMITED,ATLANTAA,31,4838.55,buy,2024-12-02 21:54:11,0.0,3101.7238956747906,0.0,0,12,2645.3,2645.3,2645.3,9.703572613648932,15,28.066666666666666,88216.58533333334,3,20.333333333333332,True,False,False,False,False,False,False,False,False,False,False,False,False,True,False,False,False,1
0.0,3,3,Sobha Limited,SOBHA,35,3766.85,sell,2024-12-02 23:59:01,0.0,601.7053202634436,0.0,0,12,4180.173333333333,4180.173333333333,4180.173333333333,0.010614403815027817,15,29.333333333333332,81645.90333333334,4,28.5,True,False,False,False,False,False,False,False,False,False,False,False,False,True,False,False,False,0
0.0,1,1,V2 Retail Limited,V2RETAIL,1,3806.1,buy,2024-12-04 01:48:11,0.0,0.0,0.0,2,12,3806.1,3806.1,3806.1,0.0,15,20.466666666666665,35129.424666666666,3,8.0,True,False,False,False,False,False,False,False,False,False,False,False,False,True,False,False,False,1
0.0,20,20,Vinati Organics Limited,VINATIORGA,23,1134.07,buy,2024-12-04 15:39:33,0.0,1046.3907569354767,0.0,2,12,1873.98,1873.98,1873.98,-0.5661370600905165,15,28.066666666666666,88216.58533333334,3,32.666666666666664,True,False,False,False,False,False,False,False,False,False,False,False,False,True,False,False,False,1
0.0,6,6,Fertilizers and Chemicals Travancore Limited,FACT,19,830.85,sell,2024-12-05 21:29:39,34.2,1568.589114841742,0.0,3,12,1940.01,1940.01,1940.01,-0.7275160125542361,15,20.533333333333335,37538.708,4,15.75,False,False,False,False,False,False,False,False,True,False,False,False,False,False,True,False,False,0
0.0,21,21,Energy Development Company Limited,ENERGYDEV,48,3378.09,buy,2024-12-06 07:13:13,0.0,1076.5064347462117,0.0,4,12,4139.295,4139.295,4139.295,-0.3106642179369452,15,28.933333333333334,89503.40600000002,2,28.0,True,False,False,False,False,False,False,False,False,False,False,False,False,True,False,False,False,1
0.0,9,9,Regency Ceramics Limited,REGENCERAM,43,3183.06,buy,2024-12-06 08:12:39,0.0,0.0,0.0,4,12,3183.06,3183.06,3183.06,0.0,15,34.06666666666667,71315.24466666667,3,36.666666666666664,True,False,False,False,False,False,False,False,False,False,False,False,False,True,False,False,False,1
0.0,20,20,Viji Finance Limited,VIJIFIN,35,4388.48,buy,2024-12-06 18:09:11,14.52,0.0,1.0,4,12,4388.48,4388.48,4388.48,0.0,15,28.066666666666666,88216.58533333334,4,32.25,False,False,False,False,False,False,False,False,True,False,False,False,False,False,False,False,True,1
0.0,2,2,Indus Towers Limited,INDUSTOWER,21,2035.77,buy,2024-12-07 17:53:06,45.53,0.0,0.0,5,12,2035.77,2035.77,2035.77,0.0,15,31.8,80737.53866666667,1,21.0,False,False,False,False,False,False,False,False,True,False,False,False,False,False,True,False,False,1
0.0,6,6,Cura Technologies Limited,CURAA,18,1444.69,buy,2024-12-07 19:05:47,44.37,0.0,0.0,5,12,1444.69,1444.69,1444.69,0.0,15,20.533333333333335,37538.708,4,24.75,False,False,False,False,False,False,False,False,True,False,False,False,False,False,False,False,True,1
0.0,30,30,Gayatri Projects Limited,GAYAPROJ,46,3267.31,sell,2024-12-08 17:35:15,38.35,802.7447919067014,1.0,6,12,2554.516666666667,2554.516666666667,2554.516666666667,0.2802854325717507,15,20.0,53206.38266666667,4,20.5,False,False,False,False,False,False,False,False,True,False,False,False,False,False,False,True,False,0
0.0,26,26,Dharmaj Crop Guard Limited,DHARMAJ,7,1254.42,buy,2024-12-09 04:32:41,0.0,0.0,0.0,0,12,1254.42,1254.42,1254.42,0.0,15,25.466666666666665,74108.90666666666,4,19.75,True,False,False,False,False,False,False,False,False,False,False,False,False,True,False,False,False,1
0.0,21,21,Diamines & Chemicals Limited,DIAMINESQ,24,3368.91,sell,2024-12-09 19:41:32,0.0,0.0,0.0,0,12,3368.91,3368.91,3368.91,0.0,15,28.933333333333334,89503.40600000002,6,20.166666666666668,True,False,False,False,False,False,False,False,False,False,False,False,False,True,False,False,False,0
0.0,31,31,Anmol India Limited,ANMOL,20,2601.15,sell,2024-12-10 02:02:33,49.92,0.0,1.0,1,12,2601.15,2601.15,2601.15,0.0,15,26.6,65326.33866666667,2,18.5,False,False,False,False,False,False,False,False,True,False,False,False,False,False,False,False,True,0
0.0,17,17,Bhartiya International Limited,BIL,8,2334.17,buy,2024-12-10 09:11:08,19.81,962.6268876361186,0.0,1,12,3014.8500000000004,3014.8500000000004,3014.8500000000004,-0.36838017821530333,15,26.666666666666668,64376.70666666667,2,8.5,False,False,False,False,False,False,False,False,True,False,False,False,False,False,True,False,False,1
0.0,17,17,TVS Supply Chain Solutions Limited,TVSSCS,46,1403.45,sell,2024-12-10 22:24:51,0.0,793.3313820844351,0.0,1,12,1964.42,1964.42,1964.42,-0.4442640542648858,15,26.666666666666668,64376.70666666667,5,30.4,True,False,False,False,False,False,False,False,False,False,False,False,False,True,False,False,False,0
0.0,22,22,R R Kabel Limited,RRKABEL,1,1422.51,sell,2024-12-11 18:13:36,0.0,2312.663438548722,0.0,2,12,3057.81,3057.81,3057.81,-0.6968939573118891,15,21.6,45329.002,6,28.833333333333332,True,False,False,False,False,False,False,False,False,False,False,False,False,True,False,False,False,0
0.0,33,33,HDB Financial Services Limited,HDBFS,20,4264.24,sell,2024-12-12 06:13:26,12.44,0.0,1.0,3,12,4264.24,4264.24,4264.24,0.0,15,23.466666666666665,58744.238666666664,2,11.5,False,False,False,False,False,False,False,False,True,False,False,False,False,False,True,False,False,0
0.0,8,8,Steel City Securities Limited,STEELCITY,3,586.59,buy,2024-12-12 11:07:53,29.7,1315.289323685097,0.0,3,12,1516.64,1516.64,1516.64,-0.7602516052299229,15,25.733333333333334,63692.136000000006,6,14.666666666666666,False,False,False,False,False,False,False,False,True,False,False,False,False,False,True,False,False,1
0.0,1,1,Balu Forge Industries Limited,BALUFORGE,27,1141.18,buy,2024-12-12 11:53:09,0.0,483.8448860947069,0.0,3,12,1483.31,1483.31,1483.31,-0.37484661232360417,15,20.466666666666665,35129.424666666666,3,33.333333333333336,True,False,False,False,False,False,False,False,False,False,False,False,False,True,False,False,False,1
0.0,30,30,Madras Fertilizers Limited,MADRASFERT,28,600.37,buy,2024-12-13 00:13:18,0.0,0.0,0.0,4,12,600.37,600.37,600.37,0.0,15,20.0,53206.38266666667,3,26.0,True,False,False,False,False,False,False,False,False,False,False,False,False,True,False,False,False,1
0.0,11,11,Sun TV Network Limited,SUNTV,35,3750.2,buy,2024-12-13 04:03:47,0.0,0.0,0.0,4,12,3750.2,3750.2,3750.2,0.0,15,21.066666666666666,60868.77599999999,4,25.0,True,False,False,False,False,False,False,False,False,False,False,False,False,True,False,False,False,1
0.0,20,20,Sampann Utpadan India Limited,SAMPANN,19,3889.92,buy,2024-12-13 15:58:34,0.0,626.5390345381521,0.0,4,12,3446.8900000000003,3446.8900000000003,3446.8900000000003,0.2949738003768485,15,28.066666666666666,88216.58533333334,4,33.75,True,False,False,False,False,False,False,False,False,False,False,False,False,True,False,False,False,1
0.0,24,24,Cura Technologies Limited,CURAA,43,2436.84,sell,2024-12-13 22:58:24,44.37,701.5559929542331,0.0,4,12,1940.765,1940.765,1940.765,0.686756328347258,15,29.266666666666666,65116.26266666667,4,24.75,False,False,False,False,False,False,False,False,True,False,False,False,False,False,False,False,True,0
0.0,40,40,Hind Rectifiers Limited,HIRECT,9,4262.75,buy,2024-12-14 07:06:50,0.0,0.0,0.0,5,12,4262.75,4262.75,4262.75,0.0,15,25.666666666666668,65891.47333333334,2,10.5,True,False,False,False,False,False,False,False,False,False,False,False,False,True,False,False,False,1
0.0,25,25,Sun TV Network Limited,SUNTV,30,1737.44,buy,2024-12-14 09:41:35,0.0,1423.2362449010352,0.0,5,12,2743.8199999999997,2743.8199999999997,2743.8199999999997,-0.5367073756066343,15,25.066666666666666,47173.12666666666,4,25.0,True,False,False,False,False,False,False,False,False,False,False,False,False,True,False,False,False,1
0.0,36,36,VIP Industries Limited,VIPIND,36,1434.62,sell,2024-12-14 21:56:52,0.0,0.0,0.0,5,12,1434.62,1434.62,1434.62,0.0,15,21.733333333333334,49811.59533333334,5,39.2,True,False,False,False,False,False,False,False,False,False,False,False,False,True,False,False,False,0
0.0,13,13,Western Carriers (India) Limited,WCIL,14,1806.38,buy,2024-12-15 00:40:39,0.0,0.0,0.0,6,12,1806.38,1806.38,1806.38,0.0,15,25.133333333333333,64547.674666666666,4,16.25,True,False,False,False,False,False,False,False,False,False,False,False,False,True,False,False,False,1
0.0,31,31,International Conveyors Limited,INTLCONV,23,2752.77,sell,2024-12-18 15:50:26,43.12,0.0,1.0,2,12,2752.77,2752.77,2752.77,0.0,15,26.6,65326.33866666667,4,28.25,False,False,False,False,False,False,True,False,False,False,False,False,False,False,True,False,False,0
0.0,37,37,Vadilal Industries Limited,VADILALIND,40,3884.3,buy,2024-12-19 02:55:42,0.0,1447.4240416685086,0.0,3,12,2447.48,2447.48,2447.48,1.1628670558104595,15,34.4,98880.62999999999,5,28.4,True,False,False,False,False,False,False,False,False,False,False,False,False,True,False,False,False,1
0.0,11,11,Allcargo Logistics Limited,ALLCARGO,9,4904.57,buy,2024-12-19 10:15:27,0.0,1895.5835747336491,0.0,3,12,3564.1899999999996,3564.1899999999996,3564.1899999999996,1.205480684051245,15,21.066666666666666,60868.77599999999,2,14.0,True,False,False,False,False,False,False,False,False,False,False,False,False,True,False,False,False,1
0.0,15,15,Apeejay Surrendra Park Hotels Limited,PARKHOTELS,39,3964.17,buy,2024-12-19 16:17:31,0.0,0.0,0.0,3,12,3964.17,3964.17,3964.17,0.0,15,22.466666666666665,63069.69266666668,3,20.666666666666668,True,False,False,False,False,False,False,False,False,False,False,False,False,True,False,False,False,1
0.0,36,36,Xchanging Solutions Limited,XCHANGING,24,3831.09,buy,2024-12-19 21:50:11,0.0,1146.1776658965225,0.0,3,12,3020.62,3020.62,3020.62,0.7334072348030676,15,21.733333333333334,49811.59533333334,5,17.2,True,False,False,False,False,False,False,False,False,False,False,False,False,True,False,False,False,1
0.0,35,35,Indo Count Industries Limited,ICIL,31,1262.15,sell,2024-12-20 02:19:45,13.57,551.7342081564275,1.0,4,12,1652.285,1652.285,1652.285,-0.3820320991764671,15,26.266666666666666,59660.19733333333,5,34.0,False,False,False,False,False,False,False,False,True,False,False,False,False,False,False,False,True,0
0.0,4,4,Restaurant Brands Asia Limited,RBA,7,1280.85,buy,2024-12-20 02:50:29,0.0,0.0,0.0,4,12,1280.85,1280.85,1280.85,0.0,15,19.4,45433.34666666667,6,17.833333333333332,True,False,False,False,False,False,False,False,False,False,False,False,False,True,False,False,False,1
0.0,11,11,Pennar Industries Limited,PENIND,31,79.19,buy,2024-12-20 06:11:25,45.94,3438.985546029526,0.0,4,12,2510.9199999999996,2510.9199999999996,2510.9199999999996,-0.9839782303015588,15,21.066666666666666,60868.77599999999,3,25.666666666666668,False,False,False,False,False,False,False,False,True,False,False,False,False,False,True,False,False,1
0.0,18,18,Steel City Securities Limited,STEELCITY,22,3135.13,buy,2024-12-20 07:50:06,29.7,1318.3940846853545,0.0,4,12,2056.1366666666668,2056.1366666666668,2056.1366666666668,1.7922092184389264,15,27.733333333333334,76236.91133333334,6,14.666666666666666,False,False,False,False,False,False,False,False,True,False,False,False,False,False,True,False,False,1
0.0,33,33,India Tourism Development Corporation Limited,ITDC,12,2520.27,buy,2024-12-20 09:10:31,0.0,0.0,0.0,4,12,2520.27,2520.27,2520.27,0.0,15,23.466666666666665,58744.238666666664,4,28.0,True,False,False,False,False,False,False,False,False,False,False,False,False,True,False,False,False,1
0.0,27,27,BALAXI PHARMACEUTICALS LIMITED,BALAXI,29,236.16,buy,2024-12-20 09:11:59,0.0,0.0,0.0,4,12,236.16,236.16,236.16,0.0,15,28.666666666666668,85157.99866666667,1,29.0,True,False,False,False,False,False,False,False,False,False,False,False,False,True,False,False,False,1
0.0,32,32,Balu Forge Industries Limited,BALUFORGE,31,1303.9,sell,2024-12-20 13:02:06,0.0,357.466436093423,0.0,4,12,1423.506666666667,1423.506666666667,1423.506666666667,-0.11612868129981707,15,24.666666666666668,62705.008666666676,3,33.333333333333336,True,False,False,False,False,False,False,False,False,False,False,False,False,True,False,False,False,0
0.0,14,14,VIP Industries Limited,VIPIND,45,966.49,buy,2024-12-21 00:19:09,0.0,331.0178974768583,0.0,5,12,1200.5549999999998,1200.5549999999998,1200.5549999999998,-0.3263094059751014,15,23.866666666666667,46645.700666666664,5,39.2,True,False,False,False,False,False,False,False,False,False,False,False,False,True,False,False,False,1
0.0,7,7,V2 Retail Limited,V2RETAIL,12,4413.01,buy,2024-12-21 01:44:31,0.0,429.1501765699276,0.0,5,12,4109.555,4109.555,4109.555,0.15945718714694834,15,22.8,62862.104666666666,3,8.0,True,False,False,False,False,False,False,False,False,False,False,False,False,True,False,False,False,1
0.0,9,9,Exxaro Tiles Limited,EXXARO,1,4468.67,sell,2024-12-21 08:51:15,0.0,2363.992319795054,0.0,5,12,2797.075,2797.075,2797.075,2.9704570494366846,15,34.06666666666667,71315.24466666667,3,18.666666666666668,True,False,False,False,False,False,False,False,False,False,False,False,False,True,False,False,False,0
0.0,8,8,Alkali Metals Limited,ALKALI,35,3449.94,sell,2024-12-22 05:25:27,0.0,1888.3569434299227,0.0,6,12,2114.67,2114.67,2114.67,3.4264049268668204,15,25.733333333333334,63692.136000000006,2,24.0,True,False,False,False,False,False,False,False,False,False,False,False,False,True,False,False,False,0
0.0,35,35,Utkarsh Small Finance Bank Limited,UTKARSHBNK,16,747.34,buy,2024-12-23 03:47:51,0.0,2763.726854267621,0.0,0,12,2701.59,2701.59,2701.59,-0.8394833155778549,15,26.266666666666666,59660.19733333333,3,23.0,True,False,False,False,False,False,False,False,False,False,False,False,False,True,False,False,False,1
0.0,1,1,Dr. Lal Path Labs Ltd.,LALPATHLAB,36,1034.25,buy,2024-12-24 04:47:14,21.67,105.30941292211266,-1.0,1,12,1108.7150000000001,1108.7150000000001,1108.7150000000001,-0.12587264828682032,15,20.466666666666665,35129.424666666666,2,21.0,False,False,False,False,False,False,False,False,True,False,False,False,False,False,True,False,False,1
0.0,37,37,Bank of India,BANKINDIA,33,2685.08,sell,2024-12-24 20:10:29,0.0,984.3138526151097,0.0,1,12,1989.065,1989.065,1989.065,1.076547697304822,15,34.4,98880.62999999999,3,32.666666666666664,True,False,False,False,False,False,False,False,False,False,False,False,False,True,False,False,False,0
0.0,4,4,Emami Limited,EMAMILTD,49,3663.16,buy,2024-12-25 07:16:37,0.0,673.7949807248492,0.0,2,12,4139.605,4139.605,4139.605,-0.20642973971252487,15,19.4,45433.34666666667,4,40.25,True,False,False,False,False,False,False,False,False,False,False,False,False,True,False,False,False,1
0.0,7,7,International Conveyors Limited,INTLCONV,1,1701.1,buy,2024-12-25 08:13:48,43.12,743.6429885704564,1.0,2,12,2226.935,2226.935,2226.935,-0.3820406354326733,15,22.8,62862.104666666666,4,28.25,False,False,False,False,False,False,True,False,False,False,False,False,False,False,True,False,False,1
0.0,3,3,Supreme Petrochem Limited,SPLPETRO,49,934.33,sell,2024-12-25 10:15:13,0.0,0.0,0.0,2,12,934.33,934.33,934.33,0.0,15,29.333333333333332,81645.90333333334,6,38.833333333333336,True,False,False,False,False,False,False,False,False,False,False,False,False,True,False,False,False,0
0.0,21,21,Mawana Sugars Limited,MAWANASUG,35,2124.68,sell,2024-12-25 12:55:28,0.0,401.69322025645386,0.0,2,12,1840.6399999999999,1840.6399999999999,1840.6399999999999,0.3649492483618142,15,28.933333333333334,89503.40600000002,8,28.375,True,False,False,False,False,False,False,False,False,False,False,False,False,True,False,False,False,0
0.0,25,25,Shekhawati Industries Limited,SHEKHAWATI,5,752.28,buy,2024-12-25 13:33:26,0.0,0.0,0.0,2,12,752.28,752.28,752.28,0.0,15,25.066666666666666,47173.12666666666,4,11.5,True,False,False,False,False,False,False,False,False,False,False,False,False,True,False,False,False,1
0.0,36,36,Mawana Sugars Limited,MAWANASUG,25,4327.61,buy,2024-12-26 19:29:13,0.0,1463.6775539373418,0.0,3,12,2669.6299999999997,2669.6299999999997,2669.6299999999997,0.7008891618995282,15,21.733333333333334,49811.59533333334,8,28.375,True,False,False,False,False,False,False,False,False,False,False,False,False,True,False,False,False,1
0.0,34,34,TVS Supply Chain Solutions Limited,TVSSCS,15,650.74,buy,2024-12-28 01:36:12,0.0,943.3658118849406,0.0,5,12,1526.5266666666666,1526.5266666666666,1526.5266666666666,-0.49029619400693075,15,23.0,72386.19533333332,5,30.4,True,False,False,False,False,False,False,False,False,False,False,False,False,True,False,False,False,1
0.0,27,27,Voltamp Transformers Limited,VOLTAMP,21,3044.78,buy,2024-12-28 04:02:37,16.03,0.0,-1.0,5,12,3044.78,3044.78,3044.78,0.0,15,28.666666666666668,85157.99866666667,5,21.2,False,False,False,False,False,False,False,False,True,False,False,False,False,False,False,True,False,1
0.0,6,6,Engineers India Limited,ENGINERSIN,34,88.72,sell,2024-12-29 18:37:10,0.0,3044.7523023145905,0.0,6,12,2241.685,2241.685,2241.685,-0.9798118166406881,15,20.533333333333335,37538.708,4,38.0,True,False,False,False,False,False,False,False,False,False,False,False,False,True,False,False,False,0
0.0,5,5,India Tourism Development Corporation Limited,ITDC,35,351.74,buy,2024-12-31 05:56:52,0.0,1533.3822682064638,0.0,1,12,1436.005,1436.005,1436.005,-0.8604355882504653,15,18.8,37146.49866666667,4,28.0,True,False,False,False,False,False,False,False,False,False,False,False,False,True,False,False,False,1
0.0,14,14,DJ Mediaprint & Logistics Limited,DJML,4,2789.13,buy,2024-12-31 08:56:52,0.0,0.0,0.0,1,12,2789.13,2789.13,2789.13,0.0,15,23.866666666666667,46645.700666666664,3,26.0,True,False,False,False,False,False,False,False,False,False,False,False,False,True,False,False,False,1
0.0,28,28,Transindia Real Estate Limited,TREL,42,3507.48,buy,2025-01-01 14:50:44,0.0,1309.8934993476887,0.0,2,1,2003.1166666666668,2003.1166666666668,2003.1166666666668,0.9748757242780084,15,30.466666666666665,75990.61333333336,4,27.75,True,False,False,False,False,False,False,False,False,False,False,False,False,True,False,False,False,1
0.0,15,15,Rane (Madras) Limited,RML,15,4623.36,sell,2025-01-02 07:02:07,0.0,0.0,0.0,3,1,4623.36,4623.36,4623.36,0.0,15,22.466666666666665,63069.69266666668,2,24.5,True,False,False,False,False,False,False,False,False,False,False,False,False,True,False,False,False,0
0.0,35,35,Supreme Petrochem Limited,SPLPETRO,42,884.75,sell,2025-01-02 15:44:25,0.0,35.058354211229016,0.0,3,1,909.54,909.54,909.54,-0.053064762985240765,15,26.266666666666666,59660.19733333333,6,38.833333333333336,True,False,False,False,False,False,False,False,False,False,False,False,False,True,False,False,False,0
0.0,32,32,NLC India Limited,NLCINDIA,32,1868.37,sell,2025-01-02 21:30:13,0.0,214.00586732610842,0.0,3,1,1717.045,1717.045,1717.045,0.1932976521983496,15,24.666666666666668,62705.008666666676,3,22.666666666666668,True,False,False,False,False,False,False,False,False,False,False,False,False,True,False,False,False,0
0.0,34,34,SecMark Consultancy Limited,SECMARK,9,4863.28,buy,2025-01-03 20:59:32,0.0,1799.4241235600903,0.0,4,1,3590.895,3590.895,3590.895,1.0975885374658723,15,23.0,72386.19533333332,4,16.25,True,False,False,False,False,False,False,False,False,False,False,False,False,True,False,False,False,1
0.0,17,17,GIC Housing Finance Limited,GICHSGFIN,36,117.69,buy,2025-01-05 19:34:03,0.0,2252.397118159155,0.0,6,1,2142.7475,2142.7475,2142.7475,2.019312448767597,15,26.666666666666668,64376.70666666667,6,26.833333333333332,True,False,False,False,False,False,False,False,False,False,False,False,False,True,False,False,False,1
0.0,39,39,Dishman Carbogen Amcis Limited,DCAL,11,2064.19,sell,2025-01-06 02:30:15,0.0,0.0,0.0,0,1,2064.19,2064.19,2064.19,0.0,15,27.533333333333335,50215.706000000006,3,25.0,True,False,False,False,False,False,False,False,False,False,False,False,False,True,False,False,False,0
0.0,19,19,Ola Electric Mobility Limited,OLAELEC,30,1313.87,buy,2025-01-07 10:44:05,0.0,2444.0509495609945,0.0,1,1,3042.075,3042.075,3042.075,-0.7245717232531423,15,24.066666666666666,70593.80066666666,2,27.0,True,False,False,False,False,False,False,False,False,False,False,False,False,True,False,False,False,1
0.0,29,29,UNO Minda Limited,UNOMINDA,7,2563.06,buy,2025-01-08 04:20:13,40.25,1331.474997906457,1.0,2,1,1621.565,1621.565,1621.565,2.7688179158027846,15,26.6,75370.31533333333,3,21.333333333333332,False,False,False,False,False,False,False,False,True,False,False,False,False,False,False,False,True,1
0.0,31,31,Lumax Auto Technologies Limited,LUMAXTECH,3,3965.99,sell,2025-01-08 09:44:03,21.72,0.0,1.0,2,1,3965.99,3965.99,3965.99,0.0,15,26.6,65326.33866666667,1,3.0,False,False,False,False,False,False,False,False,True,False,False,False,False,False,True,False,False,0
0.0,10,10,Orient Technologies Limited,ORIENTTECH,11,3731.09,buy,2025-01-08 14:20:19,0.0,0.0,0.0,2,1,3731.09,3731.09,3731.09,0.0,15,27.733333333333334,73229.63066666666,4,20.75,True,False,False,False,False,False,False,False,False,False,False,False,False,True,False,False,False,1
0.0,9,9,Munjal Auto Industries Limited,MUNJALAU,41,2899.57,sell,2025-01-08 21:33:49,0.0,1255.0862523348742,0.0,2,1,3787.05,3787.05,3787.05,-0.3797087621643245,15,34.06666666666667,71315.24466666667,4,23.5,True,False,False,False,False,False,False,False,False,False,False,False,False,True,False,False,False,0
0.0,32,32,BASF India Limited,BASF,12,2750.1,buy,2025-01-09 04:18:48,0.0,0.0,0.0,3,1,2750.1,2750.1,2750.1,0.0,15,24.666666666666668,62705.008666666676,4,23.75,True,False,False,False,False,False,False,False,False,False,False,False,False,True,False,False,False,1
0.0,31,31,Linc Limited,LINC,16,3678.06,buy,2025-01-09 06:06:32,39.51,0.0,0.0,3,1,3678.06,3678.06,3678.06,0.0,15,26.6,65326.33866666667,2,22.5,False,False,False,False,False,False,False,False,True,False,False,False,False,False,False,True,False,1
0.0,16,16,Prakash Pipes Limited,PPL,26,4077.15,buy,2025-01-12 06:40:54,0.0,0.0,0.0,6,1,4077.15,4077.15,4077.15,0.0,15,29.066666666666666,74878.55466666668,4,10.5,True,False,False,False,False,False,False,False,False,False,False,False,False,True,False,False,False,1
0.0,9,9,Balaji Telefilms Limited,BALAJITELE,37,1539.7,buy,2025-01-12 07:51:44,0.0,0.0,0.0,6,1,1539.7,1539.7,1539.7,0.0,15,34.06666666666667,71315.24466666667,4,28.25,True,False,False,False,False,False,False,False,False,False,False,False,False,True,False,False,False,1
0.0,21,21,Indo Count Industries Limited,ICIL,42,2071.06,buy,2025-01-14 17:08:42,13.57,458.9801939445027,1.0,1,1,1791.8766666666668,1791.8766666666668,1791.8766666666668,0.1294331838626241,15,28.933333333333334,89503.40600000002,5,34.0,False,False,False,False,False,False,False,False,True,False,False,False,False,False,False,False,True,1
0.0,37,37,Prudential Sugar Corporation Limited,PRUDMOULI,47,4366.89,buy,2025-01-15 22:18:02,0.0,0.0,0.0,2,1,4366.89,4366.89,4366.89,0.0,15,34.4,98880.62999999999,4,23.5,True,False,False,False,False,False,False,False,False,False,False,False,False,True,False,False,False,1
0.0,4,4,Premier Polyfilm Limited,PREMIERPOL,15,85.59,sell,2025-01-17 02:37:00,0.0,0.0,0.0,4,1,85.59,85.59,85.59,0.0,15,19.4,45433.34666666667,3,24.333333333333332,True,False,False,False,False,False,False,False,False,False,False,False,False,True,False,False,False,0
0.0,20,20,Garware Technical Fibres Limited,GARFIBRES,9,3159.83,sell,2025-01-17 16:30:51,0.0,1505.9031901929595,0.0,4,1,1431.243333333333,1431.243333333333,1431.243333333333,2.0681937075672665,15,28.066666666666666,88216.58533333334,5,33.8,True,False,False,False,False,False,False,False,False,False,False,False,False,True,False,False,False,0
0.0,24,24,Hitech Corporation Limited,HITECHCORP,22,3366.57,buy,2025-01-18 03:51:28,0.0,1634.0493966319789,0.0,5,1,3097.626666666667,3097.626666666667,3097.626666666667,0.397681979897378,15,29.266666666666666,65116.26266666667,5,26.2,True,False,False,False,False,False,False,False,False,False,False,False,False,True,False,False,False,1
0.0,14,14,Tirupati Forge Limited,TIRUPATIFL,19,1176.04,buy,2025-01-18 11:59:36,47.57,0.0,-1.0,5,1,1176.04,1176.04,1176.04,0.0,15,23.866666666666667,46645.700666666664,4,15.75,False,False,False,False,False,False,False,False,True,False,False,False,False,False,True,False,False,1
0.0,3,3,Madras Fertilizers Limited,MADRASFERT,39,2144.53,buy,2025-01-18 12:41:34,0.0,1091.8860072370194,0.0,5,1,1372.45,1372.45,1372.45,2.5720139247464067,15,29.333333333333332,81645.90333333334,3,26.0,True,False,False,False,False,False,False,False,False,False,False,False,False,True,False,False,False,1
0.0,36,36,Datamatics Global Services Limited,DATAMATICS,6,4728.9,buy,2025-01-19 13:12:15,44.18,0.0,-1.0,6,1,4728.9,4728.9,4728.9,0.0,15,21.733333333333334,49811.59533333334,2,24.5,False,False,False,False,False,False,False,False,True,False,False,False,False,False,True,False,False,1
0.0,4,4,Xchanging Solutions Limited,XCHANGING,4,3383.15,sell,2025-01-19 23:13:40,0.0,837.0609025234266,0.0,6,1,3141.463333333333,3141.463333333333,3141.463333333333,0.30824244838697135,15,19.4,45433.34666666667,5,17.2,True,False,False,False,False,False,False,False,False,False,False,False,False,True,False,False,False,0
0.0,33,33,Steel Authority of India Limited,SAIL,32,1040.88,buy,2025-01-21 22:19:35,0.0,0.0,0.0,1,1,1040.88,1040.88,1040.88,0.0,15,23.466666666666665,58744.238666666664,2,39.5,True,False,False,False,False,False,False,False,False,False,False,False,False,True,False,False,False,1
0.0,40,40,UCO Bank,UCOBANK,19,2860.52,sell,2025-01-23 17:51:07,17.07,0.0,0.0,3,1,2860.52,2860.52,2860.52,0.0,15,25.666666666666668,65891.47333333334,3,12.0,False,False,False,False,False,False,False,False,True,False,False,False,False,False,False,True,False,0
0.0,23,23,Shekhawati Industries Limited,SHEKHAWATI,28,3446.18,buy,2025-01-23 23:37:15,0.0,1904.8749578384404,0.0,3,1,2099.23,2099.23,2099.23,3.580980485989259,15,26.266666666666666,56400.181333333334,4,11.5,True,False,False,False,False,False,False,False,False,False,False,False,False,True,False,False,False,1
0.0,7,7,Seshasayee Paper and Boards Limited,SESHAPAPER,43,558.83,sell,2025-01-24 08:41:28,17.43,1824.4156915662982,-1.0,4,1,2335.5033333333336,2335.5033333333336,2335.5033333333336,0.00343025781626749,15,22.8,62862.104666666666,4,17.25,False,False,False,False,False,False,False,False,True,False,False,False,False,False,False,True,False,0
0.0,40,40,Dishman Carbogen Amcis Limited,DCAL,19,4389.88,buy,2025-01-25 08:21:07,0.0,1644.511169937742,0.0,5,1,3227.035,3227.035,3227.035,1.1266840746249134,15,25.666666666666668,65891.47333333334,3,25.0,True,False,False,False,False,False,False,False,False,False,False,False,False,True,False,False,False,1
0.0,4,4,Power Grid Corporation of India Limited,POWERGRID,27,992.53,buy,2025-01-25 19:15:31,0.0,347.16821635915926,0.0,5,1,747.045,747.045,747.045,0.9788858760666719,15,19.4,45433.34666666667,4,27.0,True,False,False,False,False,False,False,False,False,False,False,False,False,True,False,False,False,1
0.0,6,6,Gala Precision Engineering Limited,GALAPREC,27,3304.0,buy,2025-01-26 20:00:39,29.98,731.9191581383835,1.0,6,1,3821.545,3821.545,3821.545,-0.2385500185522771,15,20.533333333333335,37538.708,5,21.8,False,False,False,False,False,False,False,False,True,False,False,False,False,False,False,False,True,1
0.0,11,11,Shakti Pumps (India) Limited,SHAKTIPUMP,23,1159.9,buy,2025-01-26 23:22:47,9.32,0.0,1.0,6,1,1159.9,1159.9,1159.9,0.0,15,21.066666666666666,60868.77599999999,4,20.0,False,False,False,False,False,False,False,False,True,False,False,False,False,False,False,True,False,1
0.0,17,17,ShreeOswal Seeds And Chemicals Limited,OSWALSEEDS,41,2238.1,buy,2025-01-27 08:33:15,0.0,0.0,0.0,0,1,2238.1,2238.1,2238.1,0.0,15,26.666666666666668,64376.70666666667,1,41.0,True,False,False,False,False,False,False,False,False,False,False,False,False,True,False,False,False,1
0.0,39,39,Kritika Wires Limited,KRITIKA,31,2413.37,buy,2025-01-28 00:07:36,0.0,0.0,0.0,1,1,2413.37,2413.37,2413.37,0.0,15,27.533333333333335,50215.706000000006,3,32.666666666666664,True,False,False,False,False,False,False,False,False,False,False,False,False,True,False,False,False,1
0.0,7,7,Lypsa Gems & Jewellery Limited,LYPSAGEMS,24,2933.42,buy,2025-01-28 01:48:38,0.0,294.48169009294963,0.0,1,1,2725.19,2725.19,2725.19,0.16546150912211566,15,22.8,62862.104666666666,3,13.333333333333334,True,False,False,False,False,False,False,False,False,False,False,False,False,True,False,False,False,1
0.0,39,39,Linc Limited,LINC,29,3297.06,sell,2025-01-29 18:40:14,39.51,269.4076836320746,0.0,2,1,3487.56,3487.56,3487.56,-0.10358721717427122,15,27.533333333333335,50215.706000000006,2,22.5,False,False,False,False,False,False,False,False,True,False,False,False,False,False,False,True,False,0
0.0,33,33,Dishman Carbogen Amcis Limited,DCAL,45,3206.62,sell,2025-01-29 21:34:13,0.0,1162.9047330284627,0.0,2,1,3220.23,3220.23,3220.23,0.4285706995993529,15,23.466666666666665,58744.238666666664,3,25.0,True,False,False,False,False,False,False,False,False,False,False,False,False,True,False,False,False,0
0.0,7,7,Prudential Sugar Corporation Limited,PRUDMOULI,3,4499.68,buy,2025-01-30 03:39:54,0.0,93.89670947376194,0.0,3,1,4433.285,4433.285,4433.285,0.030408368426958265,15,22.8,62862.104666666666,4,23.5,True,False,False,False,False,False,False,False,False,False,False,False,False,True,False,False,False,1
0.0,19,19,Signatureglobal (India) Limited,SIGNATURE,30,4234.25,buy,2025-01-31 09:51:34,39.27,314.05440579619295,-1.0,4,1,4012.1800000000003,4012.1800000000003,4012.1800000000003,0.11718393397553095,15,24.066666666666666,70593.80066666666,4,33.75,False,False,False,False,False,False,False,False,True,False,False,False,False,False,True,False,False,1
0.0,16,16,Emami Limited,EMAMILTD,32,2216.91,buy,2025-01-31 14:27:28,0.0,1207.994974755,0.0,4,1,3498.7066666666665,3498.7066666666665,3498.7066666666665,-0.30061956962367636,15,29.066666666666666,74878.55466666668,4,40.25,True,False,False,False,False,False,False,False,False,False,False,False,False,True,False,False,False,1
0.0,5,5,Diamines & Chemicals Limited,DIAMINESQ,19,2143.89,sell,2025-02-02 09:31:28,0.0,866.2199490891443,0.0,6,2,2756.3999999999996,2756.3999999999996,2756.3999999999996,-0.3636250300542312,15,18.8,37146.49866666667,6,20.166666666666668,True,False,False,False,False,False,False,False,False,False,False,False,False,True,False,False,False,0
0.0,27,27,Tracxn Technologies Limited,TRACXN,41,1614.89,buy,2025-02-02 13:36:49,0.0,142.0452583979252,0.0,6,2,1575.1133333333335,1575.1133333333335,1575.1133333333335,0.07414544968436543,15,28.666666666666668,85157.99866666667,6,31.5,True,False,False,False,False,False,False,False,False,False,False,False,False,True,False,False,False,1
0.0,8,8,International Conveyors Limited,INTLCONV,46,2208.48,buy,2025-02-02 18:06:33,43.12,525.9429400926809,1.0,6,2,2220.7833333333333,2220.7833333333333,2220.7833333333333,-0.04188740371951105,15,25.733333333333334,63692.136000000006,4,28.25,False,False,False,False,False,False,True,False,False,False,False,False,False,False,True,False,False,1
0.0,4,4,Western Carriers (India) Limited,WCIL,14,2719.21,sell,2025-02-02 22:30:26,0.0,645.4682830705161,0.0,6,2,2262.795,2262.795,2262.795,0.5053366401310908,15,19.4,45433.34666666667,4,16.25,True,False,False,False,False,False,False,False,False,False,False,False,False,True,False,False,False,0
0.0,7,7,Shakti Pumps (India) Limited,SHAKTIPUMP,6,3189.71,sell,2025-02-03 00:21:41,9.32,1435.2924155202659,1.0,0,2,2174.8050000000003,2174.8050000000003,2174.8050000000003,1.7499870678506766,15,22.8,62862.104666666666,4,20.0,False,False,False,False,False,False,False,False,True,False,False,False,False,False,False,True,False,0
0.0,13,13,Zinka Logistics Solutions Limited,BLACKBUCK,38,1378.56,sell,2025-02-03 14:16:40,0.0,0.0,0.0,0,2,1378.56,1378.56,1378.56,0.0,15,25.133333333333333,64547.674666666666,1,38.0,True,False,False,False,False,False,False,False,False,False,False,False,False,True,False,False,False,0
0.0,13,13,Deccan Cements Limited,DECCANCE,50,2443.31,buy,2025-02-04 19:37:10,0.0,0.0,0.0,1,2,2443.31,2443.31,2443.31,0.0,15,25.133333333333333,64547.674666666666,1,50.0,True,False,False,False,False,False,False,False,False,False,False,False,False,True,False,False,False,1
0.0,27,27,BGR Energy Systems Limited,BGRENERGY,4,1792.11,buy,2025-02-07 00:19:22,0.0,0.0,0.0,4,2,1792.11,1792.11,1792.11,0.0,15,28.666666666666668,85157.99866666667,1,4.0,True,False,False,False,False,False,False,False,False,False,False,False,False,True,False,False,False,1
0.0,10,10,UCAL LIMITED,UCAL,22,1632.56,buy,2025-02-09 00:53:05,34.67,1465.3928669245438,0.0,6,2,3206.7433333333333,3206.7433333333333,3206.7433333333333,-0.3824410255847964,15,27.733333333333334,73229.63066666666,4,28.0,False,False,True,False,False,False,False,False,False,False,False,False,False,False,True,False,False,1
0.0,32,32,Voltamp Transformers Limited,VOLTAMP,19,1817.02,sell,2025-02-09 02:19:11,16.03,868.1574216695957,-1.0,6,2,2430.9,2430.9,2430.9,-0.40323438803460354,15,24.666666666666668,62705.008666666676,5,21.2,False,False,False,False,False,False,False,False,True,False,False,False,False,False,False,True,False,0
0.0,19,19,Vinati Organics Limited,VINATIORGA,30,4510.99,buy,2025-02-10 08:12:21,0.0,1692.7514253821596,0.0,0,2,2752.9833333333336,2752.9833333333336,2752.9833333333336,1.2057813645820576,15,24.066666666666666,70593.80066666666,3,32.666666666666664,True,False,False,False,False,False,False,False,False,False,False,False,False,True,False,False,False,1
0.0,11,11,Lypsa Gems & Jewellery Limited,LYPSAGEMS,6,2378.02,sell,2025-02-10 12:00:39,0.0,289.02491680360947,0.0,0,2,2609.4666666666667,2609.4666666666667,2609.4666666666667,-0.01193690298542377,15,21.066666666666666,60868.77599999999,3,13.333333333333334,True,False,False,False,False,False,False,False,False,False,False,False,False,True,False,False,False,0
0.0,27,27,Khaitan (India) Limited,KHAITANLTD,49,3294.77,buy,2025-02-11 03:17:41,0.0,723.1510340516702,0.0,1,2,2783.425,2783.425,2783.425,0.4501117918383155,15,28.666666666666668,85157.99866666667,2,43.5,True,False,False,False,False,False,False,False,False,False,False,False,False,True,False,False,False,1
0.0,9,9,Hubtown Limited,HUBTOWN,32,2028.28,buy,2025-02-11 04:27:18,12.06,0.0,-1.0,1,2,2028.28,2028.28,2028.28,0.0,15,34.06666666666667,71315.24466666667,4,24.25,False,False,False,False,False,False,False,False,True,False,False,False,False,False,False,True,False,1
0.0,24,24,CG Power and Industrial Solutions Limited,CGPOWER,7,3735.72,buy,2025-02-11 18:01:50,0.0,0.0,0.0,1,2,3735.72,3735.72,3735.72,0.0,15,29.266666666666666,65116.26266666667,3,12.333333333333334,True,False,False,False,False,False,False,False,False,False,False,False,False,True,False,False,False,1
0.0,30,30,Gopal Snacks Limited,GOPAL,3,1470.05,sell,2025-02-12 04:47:21,43.85,1528.1586312945394,0.0,2,2,1859.81,1859.81,1859.81,1.7377911855142,15,20.0,53206.38266666667,6,20.833333333333332,False,False,False,False,False,False,False,False,True,False,False,False,False,False,False,False,True,0
0.0,40,40,Orient Technologies Limited,ORIENTTECH,49,1371.62,buy,2025-02-13 05:02:24,0.0,1668.3972370062233,0.0,3,2,2551.355,2551.355,2551.355,-0.6323808860145428,15,25.666666666666668,65891.47333333334,4,20.75,True,False,False,False,False,False,False,False,False,False,False,False,False,True,False,False,False,1
0.0,26,26,UCO Bank,UCOBANK,15,1698.69,buy,2025-02-13 05:22:54,17.07,821.5378715859664,0.0,3,2,2279.605,2279.605,2279.605,-0.40616041838546835,15,25.466666666666665,74108.90666666666,3,12.0,False,False,False,False,False,False,False,False,True,False,False,False,False,False,False,True,False,1
0.0,23,23,Steel City Securities Limited,STEELCITY,4,677.45,buy,2025-02-13 11:24:07,29.7,1278.2681798302995,0.0,3,2,1711.4650000000001,1711.4650000000001,1711.4650000000001,0.9335006601543224,15,26.266666666666666,56400.181333333334,6,14.666666666666666,False,False,False,False,False,False,False,False,True,False,False,False,False,False,True,False,False,1
0.0,23,23,Apeejay Surrendra Park Hotels Limited,PARKHOTELS,10,375.13,buy,2025-02-15 01:04:45,0.0,2537.8345219497664,0.0,5,2,2169.65,2169.65,2169.65,-0.905369850435274,15,26.266666666666666,56400.181333333334,3,20.666666666666668,True,False,False,False,False,False,False,False,False,False,False,False,False,True,False,False,False,1
0.0,31,31,Munjal Auto Industries Limited,MUNJALAU,12,3338.64,buy,2025-02-18 04:47:15,0.0,924.4698984282829,0.0,1,2,3637.58,3637.58,3637.58,-0.11414143054122006,15,26.6,65326.33866666667,4,23.5,True,False,False,False,False,False,False,False,False,False,False,False,False,True,False,False,False,1
0.0,3,3,Restaurant Brands Asia Limited,RBA,1,3417.4,buy,2025-02-18 07:32:11,0.0,1510.7689933441181,0.0,1,2,2349.125,2349.125,2349.125,1.6680719834484914,15,29.333333333333332,81645.90333333334,6,17.833333333333332,True,False,False,False,False,False,False,False,False,False,False,False,False,True,False,False,False,1
0.0,25,25,Cupid Limited,CUPID,49,1579.47,buy,2025-02-19 05:33:00,0.0,0.0,0.0,2,2,1579.47,1579.47,1579.47,0.0,15,25.066666666666666,47173.12666666666,2,28.5,True,False,False,False,False,False,False,False,False,False,False,False,False,True,False,False,False,1
0.0,2,2,Punjab & Sind Bank,PSB,14,3367.37,sell,2025-02-19 05:55:29,43.75,1147.9737171207369,-1.0,2,2,4179.110000000001,4179.110000000001,4179.110000000001,-0.32529128304797783,15,31.8,80737.53866666667,2,27.0,False,False,False,False,False,False,False,False,True,False,False,False,False,False,False,False,True,0
0.0,12,12,Sun Pharma Advanced Research Company Limited,SPARC,24,3196.15,sell,2025-02-19 08:08:39,0.0,2083.7517602752014,0.0,2,2,1722.7150000000001,1722.7150000000001,1722.7150000000001,11.821525994865212,15,22.533333333333335,56167.685333333335,3,23.333333333333332,True,False,False,False,False,False,False,False,False,False,False,False,False,True,False,False,False,0
0.0,3,3,Manoj Vaibhav Gems N Jewellers Limited,MVGJL,31,4736.9,buy,2025-02-19 12:22:48,0.0,0.0,0.0,2,2,4736.9,4736.9,4736.9,0.0,15,29.333333333333332,81645.90333333334,1,31.0,True,False,False,False,False,False,False,False,False,False,False,False,False,True,False,False,False,1
0.0,27,27,Sun Pharma Advanced Research Company Limited,SPARC,4,2280.09,sell,2025-02-19 16:02:37,0.0,1508.166545655132,0.0,2,2,1908.506666666667,1908.506666666667,1908.506666666667,5.767456206449705,15,28.666666666666668,85157.99866666667,3,23.333333333333332,True,False,False,False,False,False,False,False,False,False,False,False,False,True,False,False,False,0
0.0,19,19,Harsha Engineers International Limited,HARSHA,44,4608.6,sell,2025-02-19 17:15:35,0.0,0.0,0.0,2,2,4608.6,4608.6,4608.6,0.0,15,24.066666666666666,70593.80066666666,2,41.5,True,False,False,False,False,False,False,False,False,False,False,False,False,True,False,False,False,0
0.0,37,37,Network People Services Technologies Limited,NPST,40,1626.72,buy,2025-02-19 21:20:26,6.94,1912.985515087172,-1.0,2,2,1868.7266666666667,1868.7266666666667,1868.7266666666667,21.252986517667594,15,34.4,98880.62999999999,4,27.25,False,False,False,False,False,False,False,False,True,False,False,False,False,False,True,False,False,1
0.0,23,23,Bajaj Consumer Care Limited,BAJAJCON,29,413.78,buy,2025-02-19 21:22:02,0.0,0.0,0.0,2,2,413.78,413.78,413.78,0.0,15,26.266666666666666,56400.181333333334,4,30.75,True,False,False,False,False,False,False,False,False,False,False,False,False,True,False,False,False,1
0.0,38,38,Precision Camshafts Limited,PRECAM,14,2826.39,sell,2025-02-21 11:39:33,0.0,965.4341015574289,0.0,4,2,2143.725,2143.725,2143.725,0.9344790768346269,15,33.93333333333333,80432.17599999998,2,11.0,True,False,False,False,False,False,False,False,False,False,False,False,False,True,False,False,False,0
0.0,11,11,VIP Clothing Limited,VIPCLOTHNG,4,1337.77,buy,2025-02-21 18:37:15,40.55,0.0,0.0,4,2,1337.77,1337.77,1337.77,0.0,15,21.066666666666666,60868.77599999999,1,4.0,False,False,False,False,False,False,False,False,False,False,False,False,True,False,True,False,False,1
0.0,39,39,Sampann Utpadan India Limited,SAMPANN,34,1167.07,buy,2025-02-22 07:13:51,0.0,1388.8131593918604,0.0,5,2,2686.9500000000003,2686.9500000000003,2686.9500000000003,-0.20250101730088144,15,27.533333333333335,50215.706000000006,4,33.75,True,False,False,False,False,False,False,False,False,False,False,False,False,True,False,False,False,1
0.0,23,23,STL Global Limited,SGL,2,351.09,buy,2025-02-22 19:00:59,0.0,2843.728915491067,0.0,5,2,2361.91,2361.91,2361.91,-0.9197091976865711,15,26.266666666666666,56400.181333333334,4,17.75,True,False,False,False,False,False,False,False,False,False,False,False,False,True,False,False,False,1
0.0,14,14,Bharat Gears Limited,BHARATGEAR,41,4348.88,buy,2025-02-24 05:38:03,37.37,1960.8071042302963,0.0,0,2,2962.38,2962.38,2962.38,1.759651750133259,15,23.866666666666667,46645.700666666664,4,30.5,False,False,False,False,False,False,False,False,True,False,False,False,False,False,False,True,False,1
0.0,20,20,Hubtown Limited,HUBTOWN,31,577.93,buy,2025-02-25 12:43:01,12.06,1025.5523200939092,-1.0,1,2,1303.105,1303.105,1303.105,-0.7150639951091565,15,28.066666666666666,88216.58533333334,4,24.25,False,False,False,False,False,False,False,False,True,False,False,False,False,False,False,True,False,1
0.0,34,34,Sadhana Nitrochem Limited,SADHNANIQ,37,1876.11,sell,2025-02-25 13:30:16,0.0,610.8483350636229,0.0,1,2,2308.045,2308.045,2308.045,-0.3152833232359361,15,23.0,72386.19533333332,5,25.6,True,False,False,False,False,False,False,False,False,False,False,False,False,True,False,False,False,0
0.0,38,38,Sun TV Network Limited,SUNTV,10,2094.15,buy,2025-02-26 23:32:01,0.0,1074.0070176834658,0.0,2,2,2527.2633333333333,2527.2633333333333,2527.2633333333333,-0.16569978320805057,15,33.93333333333333,80432.17599999998,4,25.0,True,False,False,False,False,False,False,False,False,False,False,False,False,True,False,False,False,1
0.0,25,25,Sanofi Consumer Healthcare India Limited,SANOFICONR,32,3055.03,buy,2025-02-27 11:36:22,0.0,1152.2799974181626,0.0,3,2,2240.245,2240.245,2240.245,1.1431888653487294,15,25.066666666666666,47173.12666666666,3,20.666666666666668,True,False,False,False,False,False,False,False,False,False,False,False,False,True,False,False,False,1
0.0,24,24,UTI Asset Management Company Limited,UTIAMC,36,179.96,sell,2025-03-01 14:42:34,0.0,0.0,0.0,5,3,179.96,179.96,179.96,0.0,15,29.266666666666666,65116.26266666667,1,36.0,True,False,False,False,False,False,False,False,False,False,False,False,False,True,False,False,False,0
0.0,3,3,EPL Limited,EPL,8,1502.83,buy,2025-03-01 20:15:36,37.35,524.4398864026267,0.0,5,3,1131.995,1131.995,1131.995,0.9743943454726995,15,29.333333333333332,81645.90333333334,3,20.333333333333332,False,False,False,False,False,False,False,False,True,False,False,False,False,False,True,False,False,1
0.0,20,20,Tracxn Technologies Limited,TRACXN,44,3902.64,sell,2025-03-02 17:29:03,0.0,1169.5282523165768,0.0,6,3,2156.995,2156.995,2156.995,0.5216502858773806,15,28.066666666666666,88216.58533333334,6,31.5,True,False,False,False,False,False,False,False,False,False,False,False,False,True,False,False,False,0
0.0,7,7,Steel City Securities Limited,STEELCITY,11,3719.09,buy,2025-03-03 11:25:07,29.7,1425.338129287223,0.0,0,3,2112.9900000000002,2112.9900000000002,2112.9900000000002,1.8225847171985523,15,22.8,62862.104666666666,6,14.666666666666666,False,False,False,False,False,False,False,False,True,False,False,False,False,False,True,False,False,1
0.0,14,14,Alldigi Tech Limited,ALLDIGI,22,962.6,buy,2025-03-03 14:20:23,0.0,934.9790124917245,0.0,0,3,1623.73,1623.73,1623.73,-0.5787050410090772,15,23.866666666666667,46645.700666666664,3,30.0,True,False,False,False,False,False,False,False,False,False,False,False,False,True,False,False,False,1
0.0,27,27,Shipping Corporation Of India Limited,SCI,29,4549.8,buy,2025-03-04 02:18:49,47.59,0.0,0.0,1,3,4549.8,4549.8,4549.8,0.0,15,28.666666666666668,85157.99866666667,1,29.0,False,False,False,False,False,False,False,False,False,False,True,False,False,False,False,True,False,1
0.0,32,32,Imagicaaworld Entertainment Limited,IMAGICAA,6,3649.05,buy,2025-03-04 22:58:12,30.04,0.0,0.0,1,3,3649.05,3649.05,3649.05,0.0,15,24.666666666666668,62705.008666666676,2,21.0,False,False,False,False,False,False,False,False,True,False,False,False,False,False,False,True,False,1
0.0,32,32,AXISCADES Technologies Limited,AXISCADES,33,4015.43,buy,2025-03-05 08:51:32,14.14,0.0,-1.0,2,3,4015.43,4015.43,4015.43,0.0,15,24.666666666666668,62705.008666666676,2,38.5,False,False,False,False,False,False,False,False,True,False,False,False,False,False,False,False,True,1
0.0,10,10,Sun TV Network Limited,SUNTV,25,4528.95,buy,2025-03-05 14:08:15,0.0,1330.6695409579843,0.0,2,3,3027.685,3027.685,3027.685,0.2770892880945684,15,27.733333333333334,73229.63066666666,4,25.0,True,False,False,False,False,False,False,False,False,False,False,False,False,True,False,False,False,1
0.0,5,5,Juniper Hotels Limited,JUNIPER,1,4846.53,sell,2025-03-05 19:28:42,0.0,0.0,0.0,2,3,4846.53,4846.53,4846.53,0.0,15,18.8,37146.49866666667,2,11.5,True,False,False,False,False,False,False,False,False,False,False,False,False,True,False,False,False,0
0.0,8,8,Anjani Portland Cement Limited,APCL,25,4502.55,buy,2025-03-06 21:54:20,16.74,2925.9654341430623,0.0,3,3,2433.58,2433.58,2433.58,11.348948191218014,15,25.733333333333334,63692.136000000006,2,36.5,False,False,False,False,True,False,False,False,False,False,False,False,False,False,True,False,False,1
0.0,25,25,Gujarat State Fertilizers & Chemicals Limited,GSFC,6,3743.25,buy,2025-03-07 01:20:04,40.74,0.0,0.0,4,3,3743.25,3743.25,3743.25,0.0,15,25.066666666666666,47173.12666666666,2,6.0,False,False,False,False,False,False,False,False,True,False,False,False,False,False,False,True,False,1
0.0,23,23,Nakoda Group of Industries Limited,NGIL,38,2764.36,buy,2025-03-08 18:18:49,0.0,0.0,0.0,5,3,2764.36,2764.36,2764.36,0.0,15,26.266666666666666,56400.181333333334,3,38.666666666666664,True,False,False,False,False,False,False,False,False,False,False,False,False,True,False,False,False,1
0.0,13,13,Uniphos Enterprises Limited,UNIENTER,30,2870.76,buy,2025-03-09 03:52:10,0.0,992.6435704974868,0.0,6,3,3572.665,3572.665,3572.665,-0.32840964120367655,15,25.133333333333333,64547.674666666666,2,27.5,True,False,False,False,False,False,False,False,False,False,False,False,False,True,False,False,False,1
0.0,22,22,AGI Greenpac Limited,AGI,22,3883.12,sell,2025-03-10 22:56:29,32.33,0.0,0.0,0,3,3883.12,3883.12,3883.12,0.0,15,21.6,45329.002,3,29.333333333333332,False,False,False,False,False,False,False,False,True,False,False,False,False,False,False,False,True,0
0.0,22,22,Prakash Pipes Limited,PPL,2,702.43,buy,2025-03-11 01:45:20,0.0,2386.287396605866,0.0,1,3,2389.79,2389.79,2389.79,-0.827715438480311,15,21.6,45329.002,4,10.5,True,False,False,False,False,False,False,False,False,False,False,False,False,True,False,False,False,1
0.0,18,18,Dharmaj Crop Guard Limited,DHARMAJ,29,543.57,sell,2025-03-11 23:16:52,0.0,502.64685540645735,0.0,1,3,898.9950000000001,898.9950000000001,898.9950000000001,-0.5666762328406754,15,27.733333333333334,76236.91133333334,4,19.75,True,False,False,False,False,False,False,False,False,False,False,False,False,True,False,False,False,0
0.0,29,29,V2 Retail Limited,V2RETAIL,11,3619.86,buy,2025-03-12 13:19:09,0.0,414.7513327686042,0.0,2,3,3946.3233333333337,3946.3233333333337,3946.3233333333337,-0.010136373875047344,15,26.6,75370.31533333333,3,8.0,True,False,False,False,False,False,False,False,False,False,False,False,False,True,False,False,False,1
0.0,26,26,Sampann Utpadan India Limited,SAMPANN,50,1779.41,sell,2025-03-14 07:54:50,0.0,1221.3824983872446,0.0,4,3,2460.065,2460.065,2460.065,0.03989314422080392,15,25.466666666666665,74108.90666666666,4,33.75,True,False,False,False,False,False,False,False,False,False,False,False,False,True,False,False,False,0
0.0,22,22,Balaji Telefilms Limited,BALAJITELE,27,4698.31,buy,2025-03-15 21:43:09,0.0,2233.474550123641,0.0,5,3,3119.005,3119.005,3119.005,2.0514450867052023,15,21.6,45329.002,4,28.25,True,False,False,False,False,False,False,False,False,False,False,False,False,True,False,False,False,1
0.0,26,26,TVS Supply Chain Solutions Limited,TVSSCS,41,614.43,buy,2025-03-15 23:49:54,0.0,895.1384170571984,0.0,5,3,1298.5025,1298.5025,1298.5025,-0.34546346752729723,15,25.466666666666665,74108.90666666666,5,30.4,True,False,False,False,False,False,False,False,False,False,False,False,False,True,False,False,False,1
0.0,18,18,Premier Polyfilm Limited,PREMIERPOL,38,4994.57,buy,2025-03-16 03:05:15,0.0,3471.173046709138,0.0,6,3,2540.08,2540.08,2540.08,57.35459749970791,15,27.733333333333334,76236.91133333334,3,24.333333333333332,True,False,False,False,False,False,False,False,False,False,False,False,False,True,False,False,False,1
0.0,28,28,Hubtown Limited,HUBTOWN,19,1297.38,sell,2025-03-16 09:26:04,12.06,725.1825327690493,-1.0,6,3,1301.1966666666667,1301.1966666666667,1301.1966666666667,0.26490497578129296,15,30.466666666666665,75990.61333333336,4,24.25,False,False,False,False,False,False,False,False,True,False,False,False,False,False,False,True,False,0
0.0,36,36,Sadhana Nitrochem Limited,SADHNANIQ,19,413.98,buy,2025-03-17 02:46:30,0.0,1175.7530575337664,0.0,0,3,1676.6899999999998,1676.6899999999998,1676.6899999999998,-0.5473123099275021,15,21.733333333333334,49811.59533333334,5,25.6,True,False,False,False,False,False,False,False,False,False,False,False,False,True,False,False,False,1
0.0,16,16,Diamines & Chemicals Limited,DIAMINESQ,6,1606.86,buy,2025-03-17 03:27:49,0.0,903.1330119644613,0.0,0,3,2373.22,2373.22,2373.22,-0.30705914615091395,15,29.066666666666666,74878.55466666668,6,20.166666666666668,True,False,False,False,False,False,False,False,False,False,False,False,False,True,False,False,False,1
0.0,12,12,Mawana Sugars Limited,MAWANASUG,14,2351.92,buy,2025-03-19 01:13:45,0.0,1205.5992558163762,0.0,2,3,2590.2025,2590.2025,2590.2025,0.31508229652980396,15,22.533333333333335,56167.685333333335,8,28.375,True,False,False,False,False,False,False,False,False,False,False,False,False,True,False,False,False,1
0.0,10,10,Adroit Infotech Limited,ADROITINFO,29,433.54,buy,2025-03-21 06:30:03,12.15,0.0,0.0,4,3,433.54,433.54,433.54,0.0,15,27.733333333333334,73229.63066666666,1,29.0,False,False,False,False,False,False,False,False,True,False,False,False,False,False,False,True,False,1
0.0,15,15,ETERNAL LIMITED,ETERNAL,25,2280.05,buy,2025-03-21 19:07:44,0.0,0.0,0.0,4,3,2280.05,2280.05,2280.05,0.0,15,22.466666666666665,63069.69266666668,1,25.0,True,False,False,False,False,False,False,False,False,False,False,False,False,True,False,False,False,1
0.0,29,29,AXISCADES Technologies Limited,AXISCADES,44,3611.95,sell,2025-03-22 16:14:00,14.14,285.30344407314806,-1.0,5,3,3813.6899999999996,3813.6899999999996,3813.6899999999996,-0.10048238918372376,15,26.6,75370.31533333333,2,38.5,False,False,False,False,False,False,False,False,True,False,False,False,False,False,False,False,True,0
0.0,2,2,Apollo Pipes Limited,APOLLOPIPE,37,4388.02,buy,2025-03-23 15:34:51,0.0,459.2092858381679,0.0,6,3,4063.3100000000004,4063.3100000000004,4063.3100000000004,0.17370673514149693,15,31.8,80737.53866666667,4,31.5,True,False,False,False,False,False,False,False,False,False,False,False,False,True,False,False,False,1
0.0,36,36,Shekhawati Industries Limited,SHEKHAWATI,4,2872.89,buy,2025-03-23 16:04:55,0.0,1419.0810058038735,0.0,6,3,2357.1166666666663,2357.1166666666663,2357.1166666666663,1.7073126376460985,15,21.733333333333334,49811.59533333334,4,11.5,True,False,False,False,False,False,False,False,False,False,False,False,False,True,False,False,False,1
0.0,33,33,Punjab National Bank,PNB,18,1285.58,buy,2025-03-23 20:30:55,0.0,860.0539779571978,0.0,6,3,1893.73,1893.73,1893.73,-0.4861544118822646,15,23.466666666666665,58744.238666666664,2,14.0,True,False,False,False,False,False,False,False,False,False,False,False,False,True,False,False,False,1
0.0,15,15,Bajaj Consumer Care Limited,BAJAJCON,18,4141.82,buy,2025-03-24 13:05:21,0.0,2636.1223645346963,0.0,0,3,2277.7999999999997,2277.7999999999997,2277.7999999999997,9.009715307651408,15,22.466666666666665,63069.69266666668,4,30.75,True,False,False,False,False,False,False,False,False,False,False,False,False,True,False,False,False,1
0.0,15,15,Mawana Sugars Limited,MAWANASUG,49,1078.55,buy,2025-03-24 13:15:52,0.0,1243.833119984349,0.0,0,3,2287.872,2287.872,2287.872,0.10095741612843226,15,22.466666666666665,63069.69266666668,8,28.375,True,False,False,False,False,False,False,False,False,False,False,False,False,True,False,False,False,1
0.0,29,29,Transindia Real Estate Limited,TREL,11,4093.61,sell,2025-03-24 14:37:58,0.0,1495.4668994219385,0.0,0,3,2525.7400000000002,2525.7400000000002,2525.7400000000002,0.705620009311648,15,26.6,75370.31533333333,4,27.75,True,False,False,False,False,False,False,False,False,False,False,False,False,True,False,False,False,0
0.0,12,12,Veedol Corporation Limited,VEEDOL,9,2394.13,buy,2025-03-25 06:27:27,19.37,272.22903968900886,0.0,1,3,2201.635,2201.635,2201.635,0.19161929979991443,15,22.533333333333335,56167.685333333335,2,13.0,False,False,False,False,False,False,False,False,True,False,False,False,False,False,True,False,False,1
0.0,21,21,Pilani Investment and Industries Corporation Limited,PILANIINVS,16,4441.93,buy,2025-03-27 01:36:38,42.7,0.0,1.0,3,3,4441.93,4441.93,4441.93,0.0,15,28.933333333333334,89503.40600000002,1,16.0,False,False,False,False,False,False,False,False,True,False,False,False,False,False,False,True,False,1
0.0,20,20,Datamatics Global Services Limited,DATAMATICS,43,2009.24,buy,2025-03-28 09:29:05,44.18,1923.0900285218056,-1.0,4,3,3369.0699999999997,3369.0699999999997,3369.0699999999997,-0.5751147201251876,15,28.066666666666666,88216.58533333334,2,24.5,False,False,False,False,False,False,False,False,True,False,False,False,False,False,True,False,False,1
0.0,31,31,Signatureglobal (India) Limited,SIGNATURE,48,130.4,sell,2025-03-30 10:00:59,39.27,2252.122052872209,-1.0,6,3,2718.2533333333336,2718.2533333333336,2718.2533333333336,-0.42600979247376847,15,26.6,65326.33866666667,4,33.75,False,False,False,False,False,False,False,False,True,False,False,False,False,False,True,False,False,0
0.0,18,18,Gala Precision Engineering Limited,GALAPREC,22,4269.09,sell,2025-04-01 07:36:16,29.98,578.4620437274458,1.0,1,4,3970.726666666667,3970.726666666667,3970.726666666667,0.026773719537420804,15,27.733333333333334,76236.91133333334,5,21.8,False,False,False,False,False,False,False,False,True,False,False,False,False,False,False,False,True,0
0.0,34,34,Emami Paper Mills Limited,EMAMIPAP,8,2614.61,buy,2025-04-01 19:24:46,37.77,0.0,-1.0,1,4,2614.61,2614.61,2614.61,0.0,15,23.0,72386.19533333332,1,8.0,False,False,False,False,False,False,False,False,True,False,False,False,False,False,False,False,True,1
0.0,13,13,UCO Bank,UCOBANK,2,2496.82,buy,2025-04-01 21:01:53,17.07,594.2976436937976,0.0,1,4,2352.01,2352.01,2352.01,0.0318449390097042,15,25.133333333333333,64547.674666666666,3,12.0,False,False,False,False,False,False,False,False,True,False,False,False,False,False,False,True,False,1
0.0,16,16,Netweb Technologies India Limited,NETWEB,18,948.37,buy,2025-04-02 08:34:58,0.0,0.0,0.0,2,4,948.37,948.37,948.37,0.0,15,29.066666666666666,74878.55466666668,2,31.0,True,False,False,False,False,False,False,False,False,False,False,False,False,True,False,False,False,1
0.0,29,29,Texmaco Infrastructure & Holdings Limited,TEXINFRA,31,4524.67,buy,2025-04-02 15:46:57,0.0,847.4038376417703,0.0,2,4,3925.465,3925.465,3925.465,0.36028753013895476,15,26.6,75370.31533333333,3,32.0,True,False,False,False,False,False,False,False,False,False,False,False,False,True,False,False,False,1
0.0,18,18,Hubtown Limited,HUBTOWN,15,4287.26,buy,2025-04-03 06:30:34,12.06,1606.1558750294653,-1.0,3,4,2047.7125,2047.7125,2047.7125,0.9447874010077406,15,27.733333333333334,76236.91133333334,4,24.25,False,False,False,False,False,False,False,False,True,False,False,False,False,False,False,True,False,1
0.0,8,8,Safari Industries (India) Limited,SAFARI,35,1689.19,buy,2025-04-03 19:52:22,0.0,0.0,0.0,3,4,1689.19,1689.19,1689.19,0.0,15,25.733333333333334,63692.136000000006,1,35.0,True,False,False,False,False,False,False,False,False,False,False,False,False,True,False,False,False,1
0.0,5,5,Star Cement Limited,STARCEMENT,16,873.24,buy,2025-04-04 15:20:11,0.0,0.0,0.0,4,4,873.24,873.24,873.24,0.0,15,18.8,37146.49866666667,4,25.75,True,False,False,False,False,False,False,False,False,False,False,False,False,True,False,False,False,1
0.0,24,24,DJ Mediaprint & Logistics Limited,DJML,50,4101.21,buy,2025-04-04 15:52:25,0.0,927.7806654592453,0.0,4,4,3445.17,3445.17,3445.17,0.4704262619526518,15,29.266666666666666,65116.26266666667,3,26.0,True,False,False,False,False,False,False,False,False,False,False,False,False,True,False,False,False,1
0.0,14,14,UCAL LIMITED,UCAL,20,1294.45,buy,2025-04-04 22:15:16,34.67,1531.6006717809967,0.0,4,4,2728.67,2728.67,2728.67,-0.3239954103692831,15,23.866666666666667,46645.700666666664,4,28.0,False,False,True,False,False,False,False,False,False,False,False,False,False,False,True,False,False,1
0.0,33,33,Mawana Sugars Limited,MAWANASUG,24,1891.47,sell,2025-04-05 04:26:39,0.0,1124.2267365749667,0.0,5,4,2354.846,2221.805,2221.805,0.23150906024964674,15,23.466666666666665,58744.238666666664,8,28.375,True,False,False,False,False,False,False,False,False,False,False,False,False,True,False,False,False,0
0.0,11,11,Tata Technologies Limited,TATATECH,26,3634.7,sell,2025-04-05 16:57:38,0.0,0.0,0.0,5,4,3634.7,3634.7,3634.7,0.0,15,21.066666666666666,60868.77599999999,1,26.0,True,False,False,False,False,False,False,False,False,False,False,False,False,True,False,False,False,0
0.0,22,22,Hatsun Agro Product Limited,HATSUN,24,541.81,buy,2025-04-05 19:21:10,35.54,0.0,-1.0,5,4,541.81,541.81,541.81,0.0,15,21.6,45329.002,1,24.0,False,False,False,False,False,False,False,False,True,False,False,False,False,False,False,False,True,1
0.0,19,19,NLC India Limited,NLCINDIA,20,4521.95,buy,2025-04-05 19:55:55,0.0,1626.467524616871,0.0,5,4,2652.0133333333333,2652.0133333333333,2652.0133333333333,0.8067811874622882,15,24.066666666666666,70593.80066666666,3,22.666666666666668,True,False,False,False,False,False,False,False,False,False,False,False,False,True,False,False,False,1
0.0,16,16,Restaurant Brands Asia Limited,RBA,37,2956.26,buy,2025-04-05 20:42:18,0.0,1124.3142109896742,0.0,5,4,2551.5033333333336,2551.5033333333336,2551.5033333333336,0.7665665705268442,15,29.066666666666666,74878.55466666668,6,17.833333333333332,True,False,False,False,False,False,False,False,False,False,False,False,False,True,False,False,False,1
0.0,26,26,Supreme Petrochem Limited,SPLPETRO,36,4175.1,sell,2025-04-06 07:58:23,0.0,1885.534914898157,0.0,6,4,1998.0600000000002,1998.0600000000002,1998.0600000000002,1.832947697625775,15,25.466666666666665,74108.90666666666,6,38.833333333333336,True,False,False,False,False,False,False,False,False,False,False,False,False,True,False,False,False,0
0.0,28,28,TVS Supply Chain Solutions Limited,TVSSCS,24,140.24,buy,2025-04-06 22:57:14,0.0,932.3459621031242,0.0,6,4,1066.85,1066.85,1066.85,-0.45203658474455666,15,30.466666666666665,75990.61333333336,5,30.4,True,False,False,False,False,False,False,False,False,False,False,False,False,True,False,False,False,1
0.0,34,34,GIC Housing Finance Limited,GICHSGFIN,26,4998.0,sell,2025-04-07 08:29:12,0.0,2331.4079332390547,0.0,0,4,2713.798,2713.798,2713.798,11.88135917725885,15,23.0,72386.19533333332,6,26.833333333333332,True,False,False,False,False,False,False,False,False,False,False,False,False,True,False,False,False,0
0.0,3,3,R R Kabel Limited,RRKABEL,30,2669.12,sell,2025-04-08 00:33:03,0.0,1650.6259606686588,0.0,1,4,2928.2466666666664,2928.2466666666664,2928.2466666666664,0.08972568796854308,15,29.333333333333332,81645.90333333334,6,28.833333333333332,True,False,False,False,False,False,False,False,False,False,False,False,False,True,False,False,False,0
0.0,1,1,International Conveyors Limited,INTLCONV,43,1178.1,buy,2025-04-08 04:30:46,43.12,675.4315540637705,1.0,1,4,1960.1125,1960.1125,1960.1125,-0.1834436636258017,15,20.466666666666665,35129.424666666666,4,28.25,False,False,False,False,False,False,True,False,False,False,False,False,False,False,True,False,False,1
0.0,38,38,Anuh Pharma Limited,ANUHPHR,35,1929.49,sell,2025-04-08 06:35:54,0.0,2116.7170784141176,0.0,1,4,3426.2349999999997,3426.2349999999997,3426.2349999999997,-0.6080646275223542,15,33.93333333333333,80432.17599999998,4,39.5,True,False,False,False,False,False,False,False,False,False,False,False,False,True,False,False,False,0
0.0,18,18,Dabur India Limited,DABUR,47,763.57,sell,2025-04-09 21:52:09,23.46,1118.0146432553256,-1.0,2,4,2054.523333333333,2054.523333333333,2054.523333333333,-0.3605100004894482,15,27.733333333333334,76236.91133333334,3,36.666666666666664,False,False,False,False,False,False,False,False,True,False,False,False,False,False,True,False,False,0
0.0,25,25,RattanIndia Enterprises Limited,RTNINDIA,4,88.05,buy,2025-04-10 02:43:55,0.0,0.0,0.0,3,4,88.05,88.05,88.05,0.0,15,25.066666666666666,47173.12666666666,2,12.5,True,False,False,False,False,False,False,False,False,False,False,False,False,True,False,False,False,1
0.0,38,38,Supreme Petrochem Limited,SPLPETRO,50,3076.82,buy,2025-04-10 15:21:45,0.0,1631.2854015366736,0.0,3,4,2267.75,2267.75,2267.75,1.1342802060401544,15,33.93333333333333,80432.17599999998,6,38.833333333333336,True,False,False,False,False,False,False,False,False,False,False,False,False,True,False,False,False,1
0.0,5,5,Voltamp Transformers Limited,VOLTAMP,19,1127.62,buy,2025-04-10 18:43:11,16.03,971.0964115541431,-1.0,3,4,1996.4733333333334,1996.4733333333334,1996.4733333333334,-0.39132341629333617,15,18.8,37146.49866666667,5,21.2,False,False,False,False,False,False,False,False,True,False,False,False,False,False,False,True,False,1
0.0,39,39,Hitech Corporation Limited,HITECHCORP,45,1394.53,buy,2025-04-10 23:14:07,0.0,1582.7864199226842,0.0,3,4,2671.8525,2671.8525,2671.8525,0.06986422839133322,15,27.533333333333335,50215.706000000006,5,26.2,True,False,False,False,False,False,False,False,False,False,False,False,False,True,False,False,False,1
0.0,35,35,Shekhawati Industries Limited,SHEKHAWATI,9,3815.29,buy,2025-04-11 05:44:47,0.0,1368.9757612414717,0.0,4,4,2721.66,2721.66,2721.66,1.2475524422137292,15,26.266666666666666,59660.19733333333,4,11.5,True,False,False,False,False,False,False,False,False,False,False,False,False,True,False,False,False,1
0.0,13,13,Escorts Kubota Limited,ESCORTS,39,3520.86,buy,2025-04-11 05:46:02,6.58,208.97126704406037,1.0,4,4,3373.0950000000003,3373.0950000000003,3373.0950000000003,0.0916278334309979,15,25.133333333333333,64547.674666666666,4,36.75,False,True,False,False,False,False,False,False,False,False,False,False,False,False,True,False,False,1
0.0,20,20,UNO Minda Limited,UNOMINDA,21,3750.03,buy,2025-04-11 12:15:04,40.25,1548.0742619245802,1.0,4,4,2331.0533333333333,2331.0533333333333,2331.0533333333333,1.6159622574729982,15,28.066666666666666,88216.58533333334,3,21.333333333333332,False,False,False,False,False,False,False,False,True,False,False,False,False,False,False,False,True,1
0.0,34,34,Bharat Gears Limited,BHARATGEAR,41,1548.98,buy,2025-04-11 18:35:46,37.37,1608.8138808865783,0.0,4,4,2491.2466666666664,2491.2466666666664,2491.2466666666664,0.5579154061642914,15,23.0,72386.19533333332,4,30.5,False,False,False,False,False,False,False,False,True,False,False,False,False,False,False,True,False,1
0.0,28,28,Clean Science and Technology Limited,CLEAN,19,1967.71,sell,2025-04-12 05:27:52,16.34,0.0,-1.0,5,4,1967.71,1967.71,1967.71,0.0,15,30.466666666666665,75990.61333333336,2,27.5,False,False,False,False,False,False,False,False,True,False,False,False,False,False,False,True,False,0
0.0,9,9,GIC Housing Finance Limited,GICHSGFIN,43,2071.54,buy,2025-04-12 16:28:34,0.0,2101.6944554406573,0.0,5,4,2545.2079999999996,2606.7549999999997,2606.7549999999997,9.38798209971024,15,34.06666666666667,71315.24466666667,6,26.833333333333332,True,False,False,False,False,False,False,False,False,False,False,False,False,True,False,False,False,1
0.0,40,40,ATLANTAA LIMITED,ATLANTAA,28,2600.64,buy,2025-04-13 19:49:15,0.0,2193.4015594581247,0.0,6,4,2630.4133333333334,2630.4133333333334,2630.4133333333334,4.620527975299526,15,25.666666666666668,65891.47333333334,3,20.333333333333332,True,False,False,False,False,False,False,False,False,False,False,False,False,True,False,False,False,1
0.0,38,38,Innovana Thinklabs Limited,INNOVANA,34,1915.28,sell,2025-04-14 05:21:33,0.0,0.0,0.0,0,4,1915.28,1915.28,1915.28,0.0,15,33.93333333333333,80432.17599999998,2,37.5,True,False,False,False,False,False,False,False,False,False,False,False,False,True,False,False,False,0
0.0,2,2,Hitech Corporation Limited,HITECHCORP,35,1350.57,buy,2025-04-14 08:30:41,0.0,1492.6711383556662,0.0,0,4,2407.596,2407.596,2407.596,0.04451737991575974,15,31.8,80737.53866666667,5,26.2,True,False,False,False,False,False,False,False,False,False,False,False,False,True,False,False,False,1
0.0,11,11,Western Carriers (India) Limited,WCIL,2,1974.84,buy,2025-04-14 09:39:30,0.0,485.7509782800236,0.0,0,4,2166.81,2166.81,2166.81,0.11579584607493781,15,21.066666666666666,60868.77599999999,4,16.25,True,False,False,False,False,False,False,False,False,False,False,False,False,True,False,False,False,1
0.0,33,33,Texmaco Infrastructure & Holdings Limited,TEXINFRA,29,222.25,buy,2025-04-15 00:48:33,0.0,2220.430981611453,0.0,1,4,2691.06,2691.06,2691.06,-0.29529643277920553,15,23.466666666666665,58744.238666666664,3,32.0,True,False,False,False,False,False,False,False,False,False,False,False,False,True,False,False,False,1
0.0,31,31,Aegis Vopak Terminals Limited,AEGISVOPAK,3,3196.57,sell,2025-04-15 21:37:30,0.0,14.9977348289667,0.0,1,4,3185.965,3185.965,3185.965,0.0066795575934697204,15,26.6,65326.33866666667,3,16.0,True,False,False,False,False,False,False,False,False,False,False,False,False,True,False,False,False,0
0.0,10,10,Vaishali Pharma Limited,VAISHALI,34,4940.07,buy,2025-04-16 15:49:46,0.0,0.0,0.0,2,4,4940.07,4940.07,4940.07,0.0,15,27.733333333333334,73229.63066666666,2,28.5,True,False,False,False,False,False,False,False,False,False,False,False,False,True,False,False,False,1
0.0,17,17,Voltamp Transformers Limited,VOLTAMP,39,2565.79,sell,2025-04-16 17:28:41,16.03,842.4463546274031,-1.0,2,4,2138.8025,2138.8025,2138.8025,0.16425207624276997,15,26.666666666666668,64376.70666666667,5,21.2,False,False,False,False,False,False,False,False,True,False,False,False,False,False,False,True,False,0
0.0,30,30,BirlaNu Limited,BIRLANU,10,2766.58,sell,2025-04-17 15:05:16,30.55,0.0,-1.0,3,4,2766.58,2766.58,2766.58,0.0,15,20.0,53206.38266666667,2,29.5,False,False,False,False,False,False,False,False,True,False,False,False,False,False,True,False,False,0
0.0,22,22,Bharat Gears Limited,BHARATGEAR,37,1065.77,sell,2025-04-18 03:50:08,37.37,1494.4956788244656,0.0,4,4,2134.8775,2134.8775,2134.8775,0.2679590465297009,15,21.6,45329.002,4,30.5,False,False,False,False,False,False,False,False,True,False,False,False,False,False,False,True,False,0
0.0,22,22,Sadhana Nitrochem Limited,SADHNANIQ,14,2952.6,sell,2025-04-20 04:00:36,0.0,1152.6419291747402,0.0,6,4,1995.6675,1995.6675,1995.6675,1.6792013300742588,15,21.6,45329.002,5,25.6,True,False,False,False,False,False,False,False,False,False,False,False,False,True,False,False,False,0
0.0,6,6,Anmol India Limited,ANMOL,17,1061.08,sell,2025-04-20 14:38:25,49.92,1088.9939405019663,1.0,6,4,1831.115,1831.115,1831.115,-0.5920727370586087,15,20.533333333333335,37538.708,2,18.5,False,False,False,False,False,False,False,False,True,False,False,False,False,False,False,False,True,0
0.0,30,30,Indo Count Industries Limited,ICIL,8,286.36,buy,2025-04-21 05:14:42,13.57,840.8846456906757,1.0,0,4,1415.4975,1415.4975,1415.4975,-0.200955423866514,15,20.0,53206.38266666667,5,34.0,False,False,False,False,False,False,False,False,True,False,False,False,False,False,False,False,True,1
0.0,28,28,Diffusion Engineers Limited,DIFFNKG,45,4153.35,sell,2025-04-21 07:40:47,0.0,0.0,0.0,0,4,4153.35,4153.35,4153.35,0.0,15,30.466666666666665,75990.61333333336,3,33.333333333333336,True,False,False,False,False,False,False,False,False,False,False,False,False,True,False,False,False,0
0.0,39,39,Prime Securities Limited,PRIMESECU,13,4148.36,buy,2025-04-22 14:42:39,8.53,2088.585727384283,1.0,1,4,3131.586666666666,3131.586666666666,3131.586666666666,2.5560094019378177,15,27.533333333333335,50215.706000000006,3,29.666666666666668,False,False,False,False,False,False,False,False,True,False,False,False,False,False,False,True,False,1
0.0,11,11,Escorts Kubota Limited,ESCORTS,49,4758.46,buy,2025-04-23 00:14:57,6.58,813.3756141127744,1.0,2,4,3834.883333333333,3834.883333333333,3834.883333333333,0.22156643172603607,15,21.066666666666666,60868.77599999999,4,36.75,False,True,False,False,False,False,False,False,False,False,False,False,False,False,True,False,False,1
0.0,31,31,Bank of India,BANKINDIA,33,2793.05,buy,2025-04-23 01:32:54,0.0,836.6007651801426,0.0,2,4,2257.06,2257.06,2257.06,0.5583793948558762,15,26.6,65326.33866666667,3,32.666666666666664,True,False,False,False,False,False,False,False,False,False,False,False,False,True,False,False,False,1
0.0,29,29,SHREE CEMENT LIMITED,SHREECEM,12,4165.16,sell,2025-04-23 06:15:29,41.33,361.89017954346343,1.0,2,4,4421.055,4421.055,4421.055,-0.10942815296293529,15,26.6,75370.31533333333,3,18.333333333333332,False,False,False,False,False,False,False,False,True,False,False,False,False,False,True,False,False,0
0.0,11,11,Orchid Pharma Limited,ORCHPHARMA,42,2171.63,sell,2025-04-23 10:03:52,7.83,0.0,0.0,2,4,2171.63,2171.63,2171.63,0.0,15,21.066666666666666,60868.77599999999,3,20.666666666666668,False,False,False,False,False,False,False,False,True,False,False,False,False,False,False,False,True,0
0.0,20,20,SMC Global Securities Limited,SMCGLOBAL,24,3675.18,buy,2025-04-24 20:45:46,0.0,0.0,0.0,3,4,3675.18,3675.18,3675.18,0.0,15,28.066666666666666,88216.58533333334,3,33.0,True,False,False,False,False,False,False,False,False,False,False,False,False,True,False,False,False,1
0.0,20,20,Supreme Petrochem Limited,SPLPETRO,18,4160.84,buy,2025-04-24 21:59:15,0.0,1646.9902839938068,0.0,3,4,2646.368,2646.368,2646.368,0.9387897301959006,15,28.066666666666666,88216.58533333334,6,38.833333333333336,True,False,False,False,False,False,False,False,False,False,False,False,False,True,False,False,False,1
0.0,3,3,Sambhv Steel Tubes Limited,SAMBHV,47,4385.47,buy,2025-04-25 05:40:57,9.89,22.698127676088433,0.0,4,4,4369.42,4369.42,4369.42,0.00737359792528558,15,29.333333333333332,81645.90333333334,4,33.75,False,False,False,False,False,False,False,False,False,False,False,True,False,False,False,True,False,1
0.0,2,2,Diamines & Chemicals Limited,DIAMINESQ,41,4178.85,buy,2025-04-25 17:07:02,0.0,1165.6933912590396,0.0,4,4,2824.6275,2824.6275,2824.6275,0.32883758403177327,15,31.8,80737.53866666667,6,20.166666666666668,True,False,False,False,False,False,False,False,False,False,False,False,False,True,False,False,False,1
0.0,30,30,Prudential Sugar Corporation Limited,PRUDMOULI,40,2312.71,buy,2025-04-27 06:38:54,0.0,1226.1135372522942,0.0,6,4,3726.4266666666667,3726.4266666666667,3726.4266666666667,-0.22780976344502102,15,20.0,53206.38266666667,4,23.5,True,False,False,False,False,False,False,False,False,False,False,False,False,True,False,False,False,1
0.0,30,30,Laxmi Cotspin Limited,LAXMICOT,6,4734.75,buy,2025-04-27 11:27:27,0.0,0.0,0.0,6,4,4734.75,4734.75,4734.75,0.0,15,20.0,53206.38266666667,1,6.0,True,False,False,False,False,False,False,False,False,False,False,False,False,True,False,False,False,1
0.0,13,13,Reliance Industries Limited,RELIANCE,6,1430.69,buy,2025-04-27 19:24:39,0.0,91.24219911860962,0.0,6,4,1352.22,1352.22,1352.22,0.026999768763069587,15,25.133333333333333,64547.674666666666,4,34.25,True,False,False,False,False,False,False,False,False,False,False,False,False,True,False,False,False,1
0.0,13,13,Agarwal Industrial Corporation Limited,AGARIND,10,2205.66,sell,2025-04-28 00:15:48,0.0,0.0,0.0,0,4,2205.66,2205.66,2205.66,0.0,15,25.133333333333333,64547.674666666666,1,10.0,True,False,False,False,False,False,False,False,False,False,False,False,False,True,False,False,False,0
0.0,16,16,SHREE CEMENT LIMITED,SHREECEM,22,2087.64,buy,2025-04-28 23:53:47,41.33,1371.2855665761238,1.0,0,4,3643.25,3643.25,3643.25,-0.3041066568385248,15,29.066666666666666,74878.55466666668,3,18.333333333333332,False,False,False,False,False,False,False,False,True,False,False,False,False,False,True,False,False,1
0.0,2,2,Engineers India Limited,ENGINERSIN,32,2008.38,sell,2025-04-30 04:32:58,0.0,2157.1745483927193,0.0,2,4,2163.9166666666665,2163.9166666666665,2163.9166666666665,10.328737013230604,15,31.8,80737.53866666667,4,38.0,True,False,False,False,False,False,False,False,False,False,False,False,False,True,False,False,False,0
0.0,4,4,Gayatri Projects Limited,GAYAPROJ,4,2042.98,buy,2025-04-30 20:27:46,38.35,703.5743795967843,1.0,2,4,2426.6325,2426.6325,2426.6325,0.06194992143302528,15,19.4,45433.34666666667,4,20.5,False,False,False,False,False,False,False,False,True,False,False,False,False,False,False,True,False,1
0.0,36,36,STL Global Limited,SGL,11,4076.72,sell,2025-05-01 06:45:03,0.0,2241.3362497477556,0.0,3,5,2933.513333333333,2933.513333333333,2933.513333333333,4.845950180558008,15,21.733333333333334,49811.59533333334,4,17.75,True,False,False,False,False,False,False,False,False,False,False,False,False,True,False,False,False,0
0.0,19,19,Western Carriers (India) Limited,WCIL,35,227.7,buy,2025-05-01 23:11:36,0.0,1047.539771699226,0.0,3,5,1682.0325,1682.0325,1682.0325,-0.2177026092704117,15,24.066666666666666,70593.80066666666,4,16.25,True,False,False,False,False,False,False,False,False,False,False,False,False,True,False,False,False,1
0.0,15,15,Banaras Beads Limited,BANARBEADS,20,2995.47,sell,2025-05-02 21:20:31,20.79,0.0,0.0,4,5,2995.47,2995.47,2995.47,0.0,15,22.466666666666665,63069.69266666668,1,20.0,False,False,False,False,False,False,False,False,True,False,False,False,False,False,False,True,False,0
0.0,8,8,T T Ltd-RE,TTL-RE,15,167.14,buy,2025-05-02 22:50:26,23.89,0.0,0.0,4,5,167.14,167.14,167.14,0.0,15,25.733333333333334,63692.136000000006,1,15.0,False,False,False,False,False,False,False,False,False,False,False,False,True,False,False,False,True,1
0.0,34,34,Utkarsh Small Finance Bank Limited,UTKARSHBNK,30,3416.54,buy,2025-05-03 22:34:41,0.0,1997.367658527927,0.0,5,5,2939.906666666667,2939.906666666667,2939.906666666667,1.3660586472930967,15,23.0,72386.19533333332,3,23.0,True,False,False,False,False,False,False,False,False,False,False,False,False,True,False,False,False,1
0.0,5,5,Star Cement Limited,STARCEMENT,12,389.18,buy,2025-05-06 14:21:00,0.0,342.2821085011602,0.0,1,5,631.21,631.21,631.21,-0.5543264165636022,15,18.8,37146.49866666667,4,25.75,True,False,False,False,False,False,False,False,False,False,False,False,False,True,False,False,False,1
0.0,31,31,Regency Ceramics Limited,REGENCERAM,37,1247.59,buy,2025-05-06 22:22:56,0.0,1368.583961783127,0.0,1,5,2215.325,2215.325,2215.325,-0.6080532569288672,15,26.6,65326.33866666667,3,36.666666666666664,True,False,False,False,False,False,False,False,False,False,False,False,False,True,False,False,False,1
0.0,40,40,Gujarat Mineral Development Corporation Limited,GMDCLTD,47,2885.74,buy,2025-05-07 10:18:46,0.0,1510.1467393766738,0.0,2,5,1817.905,1817.905,1817.905,2.8472942525364293,15,25.666666666666668,65891.47333333334,2,45.0,True,False,False,False,False,False,False,False,False,False,False,False,False,True,False,False,False,1
0.0,32,32,India Glycols Limited,INDIAGLYCO,2,756.76,buy,2025-05-07 14:57:07,0.0,696.3729002481358,0.0,2,5,1249.17,1249.17,1249.17,-0.565475028422467,15,24.666666666666668,62705.008666666676,3,21.666666666666668,True,False,False,False,False,False,False,False,False,False,False,False,False,True,False,False,False,1
0.0,15,15,Prataap Snacks Limited,DIAMONDYD,19,3529.79,buy,2025-05-09 05:32:54,0.0,0.0,0.0,4,5,3529.79,3529.79,3529.79,0.0,15,22.466666666666665,63069.69266666668,4,21.25,True,False,False,False,False,False,False,False,False,False,False,False,False,True,False,False,False,1
0.0,12,12,Indo Count Industries Limited,ICIL,44,3022.04,buy,2025-05-10 01:32:57,13.57,1022.991202982704,1.0,5,5,1736.806,1736.806,1736.806,2.237605823495561,15,22.533333333333335,56167.685333333335,5,34.0,False,False,False,False,False,False,False,False,True,False,False,False,False,False,False,False,True,1
0.0,5,5,Madras Fertilizers Limited,MADRASFERT,11,331.55,buy,2025-05-10 12:40:33,0.0,978.3992690784952,0.0,5,5,1025.4833333333333,1025.4833333333333,1025.4833333333333,0.8633082824759765,15,18.8,37146.49866666667,3,26.0,True,False,False,False,False,False,False,False,False,False,False,False,False,True,False,False,False,1
0.0,21,21,Dharmaj Crop Guard Limited,DHARMAJ,36,1860.59,sell,2025-05-11 11:38:03,0.0,659.2029874274943,0.0,6,5,1219.5266666666666,1219.5266666666666,1219.5266666666666,0.9281157901602313,15,28.933333333333334,89503.40600000002,4,19.75,True,False,False,False,False,False,False,False,False,False,False,False,False,True,False,False,False,0
0.0,36,36,Engineers India Limited,ENGINERSIN,44,2379.4,buy,2025-05-12 16:51:16,0.0,1764.6178873130011,0.0,0,5,2217.7875,2217.7875,2217.7875,6.947403327601378,15,21.733333333333334,49811.59533333334,4,38.0,True,False,False,False,False,False,False,False,False,False,False,False,False,True,False,False,False,1
0.0,37,37,Diamines & Chemicals Limited,DIAMINESQ,10,3050.99,buy,2025-05-12 17:17:16,0.0,1014.583071069097,0.0,0,5,2869.9,2869.9,2869.9,0.17915388289203527,15,34.4,98880.62999999999,6,20.166666666666668,True,False,False,False,False,False,False,False,False,False,False,False,False,True,False,False,False,1
0.0,8,8,Uniparts India Limited,UNIPARTS,18,4328.55,sell,2025-05-12 23:45:17,47.82,1225.7554630512564,1.0,0,5,3461.8100000000004,3461.8100000000004,3461.8100000000004,0.6679896881394336,15,25.733333333333334,63692.136000000006,2,11.5,False,False,False,False,False,True,False,False,False,False,False,False,False,False,False,True,False,0
0.0,7,7,Expleo Solutions Limited,EXPLEOSOL,36,97.87,buy,2025-05-13 06:20:12,0.0,2118.095936637432,0.0,1,5,1595.59,1595.59,1595.59,-0.968360752721195,15,22.8,62862.104666666666,2,18.5,True,False,False,False,False,False,False,False,False,False,False,False,False,True,False,False,False,1
0.0,37,37,Shakti Pumps (India) Limited,SHAKTIPUMP,38,2428.22,buy,2025-05-13 19:39:19,9.32,1025.396775123334,1.0,1,5,2259.2766666666666,2259.2766666666666,2259.2766666666666,0.7556268830385806,15,34.4,98880.62999999999,4,20.0,False,False,False,False,False,False,False,False,True,False,False,False,False,False,False,True,False,1
0.0,15,15,Sanofi Consumer Healthcare India Limited,SANOFICONR,8,2745.58,buy,2025-05-14 12:46:09,0.0,865.445405730483,0.0,2,5,2408.69,2408.69,2408.69,0.5209484488378721,15,22.466666666666665,63069.69266666668,3,20.666666666666668,True,False,False,False,False,False,False,False,False,False,False,False,False,True,False,False,False,1
0.0,1,1,Britannia Industries Limited,BRITANNIA,8,173.8,buy,2025-05-14 17:13:05,0.0,0.0,0.0,2,5,173.8,173.8,173.8,0.0,15,20.466666666666665,35129.424666666666,1,8.0,True,False,False,False,False,False,False,False,False,False,False,False,False,True,False,False,False,1
0.0,8,8,Mawana Sugars Limited,MAWANASUG,43,4607.82,buy,2025-05-14 22:33:30,0.0,1366.2113665029672,0.0,2,5,2851.4739999999997,2562.664285714286,2562.664285714286,0.43227509211988524,15,25.733333333333334,63692.136000000006,8,28.375,True,False,False,False,False,False,False,False,False,False,False,False,False,True,False,False,False,1
0.0,14,14,BSE Limited,BSE,39,1450.84,buy,2025-05-15 07:31:31,0.0,394.71407632614273,0.0,3,5,1729.945,1729.945,1729.945,-0.2778477389811105,15,23.866666666666667,46645.700666666664,4,28.75,True,False,False,False,False,False,False,False,False,False,False,False,False,True,False,False,False,1
0.0,10,10,Emami Limited,EMAMILTD,30,2108.08,buy,2025-05-16 01:08:31,0.0,1206.7705681694426,0.0,4,5,3151.05,3151.05,3151.05,-0.21677666364276535,15,27.733333333333334,73229.63066666666,4,40.25,True,False,False,False,False,False,False,False,False,False,False,False,False,True,False,False,False,1
0.0,32,32,Fortis Healthcare Limited,FORTIS,25,1728.23,buy,2025-05-17 01:49:54,0.0,211.28350621854045,0.0,5,5,1877.63,1877.63,1877.63,-0.1474077838019171,15,24.666666666666668,62705.008666666676,2,31.5,True,False,False,False,False,False,False,False,False,False,False,False,False,True,False,False,False,1
0.0,24,24,Xchanging Solutions Limited,XCHANGING,7,1597.11,buy,2025-05-17 08:09:36,0.0,1031.1987074435913,0.0,5,5,2755.375,2755.375,2755.375,0.02952089803100307,15,29.266666666666666,65116.26266666667,5,17.2,True,False,False,False,False,False,False,False,False,False,False,False,False,True,False,False,False,1
0.0,8,8,Oberoi Realty Limited,OBEROIRLTY,31,1151.05,sell,2025-05-18 01:27:21,0.0,0.0,0.0,6,5,1151.05,1151.05,1151.05,0.0,15,25.733333333333334,63692.136000000006,1,31.0,True,False,False,False,False,False,False,False,False,False,False,False,False,True,False,False,False,0
0.0,19,19,Premier Polyfilm Limited,PREMIERPOL,20,3212.75,buy,2025-05-18 18:37:51,0.0,2485.02504408574,0.0,6,5,2764.3033333333333,2764.3033333333333,2764.3033333333333,28.498923033826348,15,24.066666666666666,70593.80066666666,3,24.333333333333332,True,False,False,False,False,False,False,False,False,False,False,False,False,True,False,False,False,1
0.0,2,2,Restaurant Brands Asia Limited,RBA,8,806.56,buy,2025-05-18 18:41:25,0.0,1266.462963989999,0.0,6,5,2115.2675,2115.2675,2115.2675,0.2686547844879878,15,31.8,80737.53866666667,6,17.833333333333332,True,False,False,False,False,False,False,False,False,False,False,False,False,True,False,False,False,1
0.0,26,26,Piramal Pharma Limited,PPLPHARMA,9,1932.03,sell,2025-05-19 15:45:33,21.8,1065.715985265305,-1.0,0,5,2685.605,2685.605,2685.605,-0.4382294616740037,15,25.466666666666665,74108.90666666666,3,33.0,False,False,False,False,False,False,False,False,False,True,False,False,False,False,False,False,True,0
0.0,23,23,Zim Laboratories Limited,ZIMLAB,22,4145.73,buy,2025-05-20 03:58:29,0.0,0.0,0.0,1,5,4145.73,4145.73,4145.73,0.0,15,26.266666666666666,56400.181333333334,1,22.0,True,False,False,False,False,False,False,False,False,False,False,False,False,True,False,False,False,1
0.0,34,34,D. P. Abhushan Limited,DPABHUSHAN,9,2191.46,sell,2025-05-20 08:49:45,0.0,1055.5477897518424,0.0,1,5,1445.075,1445.075,1445.075,2.1365269289670668,15,23.0,72386.19533333332,3,33.0,True,False,False,False,False,False,False,False,False,False,False,False,False,True,False,False,False,0
0.0,10,10,D. P. Abhushan Limited,DPABHUSHAN,50,2630.43,buy,2025-05-20 22:27:34,0.0,1012.6431060513536,0.0,1,5,1840.1933333333334,1840.1933333333334,1840.1933333333334,1.168418155876486,15,27.733333333333334,73229.63066666666,3,33.0,True,False,False,False,False,False,False,False,False,False,False,False,False,True,False,False,False,1
0.0,31,31,DJ Mediaprint & Logistics Limited,DJML,24,385.01,buy,2025-05-21 16:29:25,0.0,1884.6524587131,0.0,2,5,2425.116666666667,2425.116666666667,2425.116666666667,-0.2178482826064948,15,26.6,65326.33866666667,3,26.0,True,False,False,False,False,False,False,False,False,False,False,False,False,True,False,False,False,1
0.0,23,23,Tracxn Technologies Limited,TRACXN,43,2631.18,buy,2025-05-22 07:29:33,0.0,1034.8031371086965,0.0,3,5,2251.832,2251.832,2251.832,0.309789002766685,15,26.266666666666666,56400.181333333334,6,31.5,True,False,False,False,False,False,False,False,False,False,False,False,False,True,False,False,False,1
0.0,18,18,Supreme Petrochem Limited,SPLPETRO,38,1693.37,buy,2025-05-22 14:39:06,0.0,1523.6236831284818,0.0,3,5,2798.1760000000004,2487.535,2487.535,0.6324273677408044,15,27.733333333333334,76236.91133333334,6,38.833333333333336,True,False,False,False,False,False,False,False,False,False,False,False,False,True,False,False,False,1
0.0,6,6,Viji Finance Limited,VIJIFIN,23,4410.28,sell,2025-05-23 04:44:57,14.52,15.414927829867185,1.0,4,5,4399.379999999999,4399.379999999999,4399.379999999999,0.00496755140732108,15,20.533333333333335,37538.708,4,32.25,False,False,False,False,False,False,False,False,True,False,False,False,False,False,False,False,True,0
0.0,28,28,Anuh Pharma Limited,ANUHPHR,39,309.21,buy,2025-05-23 10:24:57,0.0,2340.6965940149807,0.0,4,5,2387.2266666666665,2387.2266666666665,2387.2266666666665,-0.7239049225852705,15,30.466666666666665,75990.61333333336,4,39.5,True,False,False,False,False,False,False,False,False,False,False,False,False,True,False,False,False,1
0.0,35,35,BASF India Limited,BASF,22,4220.52,buy,2025-05-24 00:33:33,0.0,1039.7439531923235,0.0,5,5,3485.3100000000004,3485.3100000000004,3485.3100000000004,0.5346787389549472,15,26.266666666666666,59660.19733333333,4,23.75,True,False,False,False,False,False,False,False,False,False,False,False,False,True,False,False,False,1
0.0,40,40,Tirupati Forge Limited,TIRUPATIFL,8,1686.89,sell,2025-05-25 09:35:53,47.57,361.22549916914784,-1.0,6,5,1431.4650000000001,1431.4650000000001,1431.4650000000001,0.4343814836230062,15,25.666666666666668,65891.47333333334,4,15.75,False,False,False,False,False,False,False,False,True,False,False,False,False,False,True,False,False,0
0.0,34,34,Mawana Sugars Limited,MAWANASUG,34,4479.88,sell,2025-05-25 18:15:52,0.0,1435.0436813156346,0.0,6,5,2881.928,2802.31625,2802.31625,0.36655495873881166,15,23.0,72386.19533333332,8,28.375,True,False,False,False,False,False,False,False,False,False,False,False,False,True,False,False,False,0
0.0,22,22,Cura Technologies Limited,CURAA,27,3291.86,sell,2025-05-26 04:39:11,44.37,924.4329642002172,0.0,0,5,2391.13,2391.13,2391.13,0.5188143848528693,15,21.6,45329.002,4,24.75,False,False,False,False,False,False,False,False,True,False,False,False,False,False,False,False,True,0
0.0,31,31,Innovana Thinklabs Limited,INNOVANA,41,952.28,buy,2025-05-26 11:37:36,0.0,680.9438302826453,0.0,0,5,1433.78,1433.78,1433.78,-0.5027985464266321,15,26.6,65326.33866666667,2,37.5,True,False,False,False,False,False,False,False,False,False,False,False,False,True,False,False,False,1
0.0,7,7,Wonderla Holidays Limited,WONDERLA,16,4329.8,sell,2025-05-26 15:48:49,0.0,0.0,0.0,0,5,4329.8,4329.8,4329.8,0.0,15,22.8,62862.104666666666,1,16.0,True,False,False,False,False,False,False,False,False,False,False,False,False,True,False,False,False,0
0.0,19,19,Fine Organic Industries Limited,FINEORG,5,2236.56,buy,2025-05-27 05:54:16,47.07,0.0,-1.0,1,5,2236.56,2236.56,2236.56,0.0,15,24.066666666666666,70593.80066666666,2,17.0,False,False,False,False,False,False,False,False,True,False,False,False,False,False,False,True,False,1
0.0,32,32,Fertilizers and Chemicals Travancore Limited,FACT,28,4452.96,sell,2025-05-27 05:56:05,34.2,1826.2553143249165,0.0,1,5,2777.66,2777.66,2777.66,1.8160036835585922,15,24.666666666666668,62705.008666666676,4,15.75,False,False,False,False,False,False,False,False,True,False,False,False,False,False,True,False,False,0
0.0,23,23,Tracxn Technologies Limited,TRACXN,14,2178.85,sell,2025-05-27 21:32:26,0.0,926.0355040583847,0.0,1,5,2404.118,2239.6683333333335,2239.6683333333335,0.21344890985782686,15,26.266666666666666,56400.181333333334,6,31.5,True,False,False,False,False,False,False,False,False,False,False,False,False,True,False,False,False,0
0.0,30,30,TCI Finance Limited,TCIFINANCE,33,1901.11,buy,2025-05-28 14:45:55,0.0,0.0,0.0,2,5,1901.11,1901.11,1901.11,0.0,15,20.0,53206.38266666667,1,33.0,True,False,False,False,False,False,False,False,False,False,False,False,False,True,False,False,False,1
0.0,1,1,Xchanging Solutions Limited,XCHANGING,30,2704.33,sell,2025-05-29 04:37:28,0.0,893.3359945059866,0.0,3,5,2745.166,2745.166,2745.166,0.1954568508685823,15,20.466666666666665,35129.424666666666,5,17.2,True,False,False,False,False,False,False,False,False,False,False,False,False,True,False,False,False,0
0.0,13,13,Exxaro Tiles Limited,EXXARO,31,3247.22,buy,2025-05-30 14:01:45,0.0,1691.677673504422,0.0,4,5,2947.123333333333,2947.123333333333,2947.123333333333,1.3485603438054532,15,25.133333333333333,64547.674666666666,3,18.666666666666668,True,False,False,False,False,False,False,False,False,False,False,False,False,True,False,False,False,1
0.0,12,12,Star Cement Limited,STARCEMENT,27,4120.54,buy,2025-05-30 15:52:22,0.0,2029.0522756203202,0.0,4,5,1794.32,1794.32,1794.32,4.516711091528055,15,22.533333333333335,56167.685333333335,4,25.75,True,False,False,False,False,False,False,False,False,False,False,False,False,True,False,False,False,1
0.0,13,13,Power Grid Corporation of India Limited,POWERGRID,36,2678.06,buy,2025-05-31 03:19:46,0.0,1141.5789629427013,0.0,5,5,1390.7166666666665,1390.7166666666665,1390.7166666666665,1.3385507735647555,15,25.133333333333333,64547.674666666666,4,27.0,True,False,False,False,False,False,False,False,False,False,False,False,False,True,False,False,False,1
0.0,40,40,Amines & Plasticizers Limited,AMNPLST,30,4946.04,buy,2025-05-31 06:39:02,9.48,2125.400349687089,0.0,5,5,3443.1549999999997,3443.1549999999997,3443.1549999999997,1.5491503759786007,15,25.666666666666668,65891.47333333334,2,40.0,False,False,False,False,False,False,False,False,True,False,False,False,False,False,False,True,False,1
0.0,7,7,GAIL (India) Limited,GAIL,45,585.07,sell,2025-05-31 20:27:15,0.0,0.0,0.0,5,5,585.07,585.07,585.07,0.0,15,22.8,62862.104666666666,2,30.5,True,False,False,False,False,False,False,False,False,False,False,False,False,True,False,False,False,0
0.0,9,9,Muthoot Capital Services Limited,MUTHOOTCAP,25,3402.72,sell,2025-06-01 06:23:44,0.0,1971.4066348802826,0.0,6,6,2008.725,2008.725,2008.725,4.535308184080815,15,34.06666666666667,71315.24466666667,3,26.666666666666668,True,False,False,False,False,False,False,False,False,False,False,False,False,True,False,False,False,0
0.0,36,36,The New India Assurance Company Limited,NIACL,19,2499.73,sell,2025-06-02 09:15:57,38.25,1446.6697636295576,1.0,0,6,1476.78,1476.78,1476.78,4.508075711169381,15,21.733333333333334,49811.59533333334,3,33.666666666666664,False,False,False,False,False,False,False,False,True,False,False,False,False,False,False,True,False,0
0.0,8,8,Prakash Pipes Limited,PPL,8,3612.78,buy,2025-06-02 15:27:45,0.0,1829.1396747196027,0.0,0,6,2797.4533333333334,2797.4533333333334,2797.4533333333334,1.657772194060814,15,25.733333333333334,63692.136000000006,4,10.5,True,False,False,False,False,False,False,False,False,False,False,False,False,True,False,False,False,1
0.0,19,19,Ruchira Papers Limited,RUCHIRA,12,891.42,buy,2025-06-03 07:21:38,0.0,332.31897395424176,0.0,1,6,656.435,656.435,656.435,1.1151263495076522,15,24.066666666666666,70593.80066666666,3,6.0,True,False,False,False,False,False,False,False,False,False,False,False,False,True,False,False,False,1
0.0,38,38,Wockhardt Limited,WOCKPHARMA,50,1480.57,buy,2025-06-03 18:05:52,26.04,1828.8421523193301,0.0,1,6,2043.76,2043.76,2043.76,0.3843077399899792,15,33.93333333333333,80432.17599999998,4,38.5,False,False,False,False,False,False,False,False,True,False,False,False,False,False,False,False,True,1
0.0,27,27,Juniper Hotels Limited,JUNIPER,22,4912.81,buy,2025-06-05 22:01:54,0.0,46.86703745704483,0.0,3,6,4879.67,4879.67,4879.67,0.013675763897056381,15,28.666666666666668,85157.99866666667,2,11.5,True,False,False,False,False,False,False,False,False,False,False,False,False,True,False,False,False,1
0.0,3,3,Le Travenues Technology Limited,IXIGO,49,2686.9,buy,2025-06-06 12:27:32,37.58,0.0,1.0,4,6,2686.9,2686.9,2686.9,0.0,15,29.333333333333332,81645.90333333334,1,49.0,False,False,False,False,False,False,False,False,True,False,False,False,False,False,False,True,False,1
0.0,2,2,Garware Technical Fibres Limited,GARFIBRES,28,3002.22,buy,2025-06-07 18:09:03,0.0,1459.048160260083,0.0,5,6,1823.9875,1823.9875,1823.9875,1.362169383159279,15,31.8,80737.53866666667,5,33.8,True,False,False,False,False,False,False,False,False,False,False,False,False,True,False,False,False,1
0.0,7,7,India Tourism Development Corporation Limited,ITDC,22,3922.81,buy,2025-06-07 22:46:03,0.0,1799.174892249222,0.0,5,6,2264.94,2264.94,2264.94,4.6460743534837965,15,22.8,62862.104666666666,4,28.0,True,False,False,False,False,False,False,False,False,False,False,False,False,True,False,False,False,1
0.0,34,34,BSE Limited,BSE,27,3857.36,sell,2025-06-08 14:47:44,0.0,1259.5757732003794,0.0,6,6,2439.0833333333335,2439.0833333333335,2439.0833333333335,0.6904301598993157,15,23.0,72386.19533333332,4,28.75,True,False,False,False,False,False,False,False,False,False,False,False,False,True,False,False,False,0
0.0,6,6,Wockhardt Limited,WOCKPHARMA,30,1615.08,sell,2025-06-09 00:24:49,26.04,1508.5481036413787,0.0,0,6,1936.59,1936.59,1936.59,0.28648854184400313,15,20.533333333333335,37538.708,4,38.5,False,False,False,False,False,False,False,False,True,False,False,False,False,False,False,False,True,0
0.0,38,38,Star Cement Limited,STARCEMENT,48,3650.64,sell,2025-06-09 10:37:32,0.0,1898.995280949025,0.0,0,6,2258.4,2258.4,2258.4,2.9731279105950534,15,33.93333333333333,80432.17599999998,4,25.75,True,False,False,False,False,False,False,False,False,False,False,False,False,True,False,False,False,0
0.0,21,21,Anuh Pharma Limited,ANUHPHR,47,3388.31,buy,2025-06-10 06:53:02,0.0,1975.630445425375,0.0,1,6,2637.4975,2637.4975,2637.4975,2.8367158433586854,15,28.933333333333334,89503.40600000002,4,39.5,True,False,False,False,False,False,False,False,False,False,False,False,False,True,False,False,False,1
0.0,19,19,Apollo Pipes Limited,APOLLOPIPE,38,758.43,buy,2025-06-12 06:29:39,0.0,1935.5052369428852,0.0,3,6,2961.683333333334,2961.683333333334,2961.683333333334,-0.326726105631288,15,24.066666666666666,70593.80066666666,4,31.5,True,False,False,False,False,False,False,False,False,False,False,False,False,True,False,False,False,1
0.0,2,2,Gopal Snacks Limited,GOPAL,33,2492.9,sell,2025-06-13 11:06:53,43.85,1353.3706777597924,0.0,4,6,1986.4279999999999,1986.4279999999999,1986.4279999999999,1.4772915541640503,15,31.8,80737.53866666667,6,20.833333333333332,False,False,False,False,False,False,False,False,True,False,False,False,False,False,False,False,True,0
0.0,31,31,Borosil Scientific Limited,BOROSCI,50,4720.85,buy,2025-06-13 12:43:11,0.0,0.0,0.0,4,6,4720.85,4720.85,4720.85,0.0,15,26.6,65326.33866666667,2,29.0,True,False,False,False,False,False,False,False,False,False,False,False,False,True,False,False,False,1
0.0,36,36,Regency Ceramics Limited,REGENCERAM,30,2518.86,buy,2025-06-14 01:57:31,0.0,983.4745526109627,0.0,5,6,2316.5033333333336,2316.5033333333336,2316.5033333333336,0.20546366882874778,15,21.733333333333334,49811.59533333334,3,36.666666666666664,True,False,False,False,False,False,False,False,False,False,False,False,False,True,False,False,False,1
0.0,10,10,Vadilal Industries Limited,VADILALIND,33,2162.37,sell,2025-06-14 04:46:27,0.0,1190.3834811906906,0.0,5,6,2376.2025,2376.2025,2376.2025,0.6274763372009659,15,27.733333333333334,73229.63066666666,5,28.4,True,False,False,False,False,False,False,False,False,False,False,False,False,True,False,False,False,0
0.0,28,28,S. P. Apparels Limited,SPAL,5,1681.97,buy,2025-06-14 09:22:43,15.07,0.0,1.0,5,6,1681.97,1681.97,1681.97,0.0,15,30.466666666666665,75990.61333333336,1,5.0,False,False,False,False,False,False,False,False,True,False,False,False,False,False,False,True,False,1
0.0,15,15,Orchid Pharma Limited,ORCHPHARMA,16,636.34,sell,2025-06-14 21:14:18,7.83,1085.6139700878946,0.0,5,6,1403.9850000000001,1403.9850000000001,1403.9850000000001,-0.7069758660545304,15,22.466666666666665,63069.69266666668,3,20.666666666666668,False,False,False,False,False,False,False,False,True,False,False,False,False,False,False,False,True,0
0.0,13,13,Ruchira Papers Limited,RUCHIRA,2,510.61,buy,2025-06-15 06:56:33,0.0,249.61222012019627,0.0,6,6,607.8266666666667,607.8266666666667,607.8266666666667,0.34396576836850834,15,25.133333333333333,64547.674666666666,3,6.0,True,False,False,False,False,False,False,False,False,False,False,False,False,True,False,False,False,1
0.0,14,14,Tara Chand InfraLogistic Solutions Limited,TARACHAND,5,2906.25,buy,2025-06-15 19:42:50,0.0,0.0,0.0,6,6,2906.25,2906.25,2906.25,0.0,15,23.866666666666667,46645.700666666664,1,5.0,True,False,False,False,False,False,False,False,False,False,False,False,False,True,False,False,False,1
0.0,22,22,Voltamp Transformers Limited,VOLTAMP,8,4747.6,sell,2025-06-16 07:27:46,16.03,1376.027534070449,-1.0,0,6,2660.5620000000004,2660.5620000000004,2660.5620000000004,0.335775628959191,15,21.6,45329.002,5,21.2,False,False,False,False,False,False,False,False,True,False,False,False,False,False,False,True,False,0
0.0,24,24,Viji Finance Limited,VIJIFIN,36,346.91,sell,2025-06-18 04:46:15,14.52,2339.720035310492,1.0,2,6,3048.556666666667,3048.556666666667,3048.556666666667,-0.45818652187381753,15,29.266666666666666,65116.26266666667,4,32.25,False,False,False,False,False,False,False,False,True,False,False,False,False,False,False,False,True,0
0.0,23,23,CG Power and Industrial Solutions Limited,CGPOWER,7,3975.83,buy,2025-06-18 12:48:28,0.0,169.78340923070218,0.0,2,6,3855.7749999999996,3855.7749999999996,3855.7749999999996,0.06427408906449106,15,26.266666666666666,56400.181333333334,3,12.333333333333334,True,False,False,False,False,False,False,False,False,False,False,False,False,True,False,False,False,1
0.0,8,8,Kritika Wires Limited,KRITIKA,17,933.91,sell,2025-06-18 13:16:57,0.0,1046.1361984942496,0.0,2,6,1673.6399999999999,1673.6399999999999,1673.6399999999999,-0.6130265976621903,15,25.733333333333334,63692.136000000006,3,32.666666666666664,True,False,False,False,False,False,False,False,False,False,False,False,False,True,False,False,False,0
0.0,5,5,MMP Industries Limited,MMP,7,300.41,sell,2025-06-18 18:55:17,0.0,0.0,0.0,2,6,300.41,300.41,300.41,0.0,15,18.8,37146.49866666667,1,7.0,True,False,False,False,False,False,False,False,False,False,False,False,False,True,False,False,False,0
0.0,19,19,Northern Arc Capital Limited,NORTHARC,16,2679.27,buy,2025-06-18 20:46:44,37.88,0.0,0.0,2,6,2679.27,2679.27,2679.27,0.0,15,24.066666666666666,70593.80066666666,2,16.5,False,False,False,False,False,False,False,False,True,False,False,False,False,False,False,True,False,1
0.0,28,28,CIE Automotive India Limited,CIEINDIA,12,243.75,sell,2025-06-19 02:07:52,0.0,1693.4909380035076,0.0,3,6,1810.0100000000002,1810.0100000000002,1810.0100000000002,0.17582637952111801,15,30.466666666666665,75990.61333333336,3,10.666666666666666,True,False,False,False,False,False,False,False,False,False,False,False,False,True,False,False,False,0
0.0,17,17,Prabha Energy Limited,PRABHA,1,1450.05,buy,2025-06-19 15:12:05,0.0,1939.6087100839006,0.0,3,6,2467.7866666666664,2467.7866666666664,2467.7866666666664,-0.2867220672881488,15,26.666666666666668,64376.70666666667,3,28.666666666666668,True,False,False,False,False,False,False,False,False,False,False,False,False,True,False,False,False,1
0.0,28,28,Rane (Madras) Limited,RML,34,512.59,buy,2025-06-21 02:53:45,0.0,2906.7533428982238,0.0,5,6,2567.975,2567.975,2567.975,-0.8891304159745294,15,30.466666666666665,75990.61333333336,2,24.5,True,False,False,False,False,False,False,False,False,False,False,False,False,True,False,False,False,1
0.0,1,1,VIP Industries Limited,VIPIND,22,555.94,buy,2025-06-21 09:44:15,0.0,439.6543228871214,0.0,5,6,985.6833333333334,985.6833333333334,985.6833333333334,-0.3755469677807715,15,20.466666666666665,35129.424666666666,5,39.2,True,False,False,False,False,False,False,False,False,False,False,False,False,True,False,False,False,1
0.0,1,1,CRISIL Limited,CRISIL,6,2782.6,sell,2025-06-23 00:51:07,47.42,838.7205663687997,1.0,0,6,3375.665,3375.665,3375.665,-0.2988689076858341,15,20.466666666666665,35129.424666666666,2,24.0,False,False,False,False,False,False,False,False,True,False,False,False,False,False,False,False,True,0
0.0,38,38,Cupid Limited,CUPID,8,994.38,buy,2025-06-23 06:06:04,0.0,413.72110660443707,0.0,0,6,1286.925,1286.925,1286.925,-0.3704343862181618,15,33.93333333333333,80432.17599999998,2,28.5,True,False,False,False,False,False,False,False,False,False,False,False,False,True,False,False,False,1
0.0,1,1,Gujarat State Fertilizers & Chemicals Limited,GSFC,6,1132.26,buy,2025-06-23 09:04:47,40.74,1846.2487346102637,0.0,0,6,2437.755,2437.755,2437.755,-0.6975195351632939,15,20.466666666666665,35129.424666666666,2,6.0,False,False,False,False,False,False,False,False,True,False,False,False,False,False,False,True,False,1
0.0,35,35,JK Tyre & Industries Limited,JKTYRE,47,4940.72,buy,2025-06-23 17:09:12,47.05,0.0,-1.0,0,6,4940.72,4940.72,4940.72,0.0,15,26.266666666666666,59660.19733333333,2,47.5,False,False,False,True,False,False,False,False,False,False,False,False,False,False,True,False,False,1
0.0,11,11,BASF India Limited,BASF,15,2466.74,buy,2025-06-24 17:07:44,0.0,941.4680163092818,0.0,1,6,3145.786666666667,3145.786666666667,3145.786666666667,0.05957113238820494,15,21.066666666666666,60868.77599999999,4,23.75,True,False,False,False,False,False,False,False,False,False,False,False,False,True,False,False,False,1
0.0,11,11,Bajaj Consumer Care Limited,BAJAJCON,26,2979.87,buy,2025-06-25 12:00:06,0.0,1907.5825859011536,0.0,2,6,2511.8233333333333,2511.8233333333333,2511.8233333333333,4.364587193013791,15,21.066666666666666,60868.77599999999,4,30.75,True,False,False,False,False,False,False,False,False,False,False,False,False,True,False,False,False,1
0.0,29,29,Tirupati Forge Limited,TIRUPATIFL,15,4999.88,buy,2025-06-25 20:57:57,47.57,2075.998667637659,-1.0,2,6,2620.936666666667,2620.936666666667,2620.936666666667,1.1991723766543203,15,26.6,75370.31533333333,4,15.75,False,False,False,False,False,False,False,False,True,False,False,False,False,False,True,False,False,1
0.0,40,40,Bal Pharma Limited,BALPHARMA,45,1219.7,buy,2025-06-26 10:57:57,33.13,1250.8365405799434,0.0,3,6,2104.175,2104.175,2104.175,-0.5918893145734696,15,25.666666666666668,65891.47333333334,3,32.666666666666664,False,False,False,False,False,False,False,False,True,False,False,False,False,False,True,False,False,1
0.0,14,14,Tirupati Forge Limited,TIRUPATIFL,21,641.8,buy,2025-06-27 00:01:00,47.57,1962.7597403549762,-1.0,4,6,2126.1525,2126.1525,2126.1525,0.5089026113408592,15,23.866666666666667,46645.700666666664,4,15.75,False,False,False,False,False,False,False,False,True,False,False,False,False,False,True,False,False,1
0.0,32,32,BASF India Limited,BASF,46,2159.27,buy,2025-06-27 09:12:47,0.0,913.3519587532146,0.0,4,6,2899.1575000000003,2899.1575000000003,2899.1575000000003,-0.0018346765076495686,15,24.666666666666668,62705.008666666676,4,23.75,True,False,False,False,False,False,False,False,False,False,False,False,False,True,False,False,False,1
0.0,26,26,Network People Services Technologies Limited,NPST,11,4016.54,buy,2025-06-28 01:04:04,6.94,1895.5081770684433,-1.0,5,6,2405.6800000000003,2405.6800000000003,2405.6800000000003,14.658358835784165,15,25.466666666666665,74108.90666666666,4,27.25,False,False,False,False,False,False,False,False,True,False,False,False,False,False,True,False,False,1
0.0,19,19,Prudential Sugar Corporation Limited,PRUDMOULI,4,1502.17,buy,2025-06-28 16:54:36,0.0,1496.3507946417512,0.0,5,6,3170.3625,3170.3625,3170.3625,-0.2686971613437438,15,24.066666666666666,70593.80066666666,4,23.5,True,False,False,False,False,False,False,False,False,False,False,False,False,True,False,False,False,1
0.0,12,12,Borosil Scientific Limited,BOROSCI,8,3900.07,buy,2025-06-28 21:43:43,0.0,580.3791038622944,0.0,5,6,4310.46,4310.46,4310.46,-0.1738627577660803,15,22.533333333333335,56167.685333333335,2,29.0,True,False,False,False,False,False,False,False,False,False,False,False,False,True,False,False,False,1
0.0,3,3,RattanIndia Enterprises Limited,RTNINDIA,21,2468.6,buy,2025-06-30 01:55:32,0.0,1683.3030479536358,0.0,0,6,1278.325,1278.325,1278.325,27.03634298693924,15,29.333333333333332,81645.90333333334,2,12.5,True,False,False,False,False,False,False,False,False,False,False,False,False,True,False,False,False,1
0.0,18,18,TruCap Finance Limited,TRU,13,4904.83,buy,2025-06-30 18:39:15,48.09,0.0,0.0,0,6,4904.83,4904.83,4904.83,0.0,15,27.733333333333334,76236.91133333334,2,14.5,False,False,False,False,False,False,False,False,True,False,False,False,False,False,False,False,True,1
0.0,15,15,Restaurant Brands Asia Limited,RBA,38,4950.65,buy,2025-07-01 07:19:50,0.0,1676.55155412233,0.0,1,7,2682.344,2682.344,2682.344,1.4859863522025312,15,22.466666666666665,63069.69266666668,6,17.833333333333332,True,False,False,False,False,False,False,False,False,False,False,False,False,True,False,False,False,1
0.0,16,16,Indogulf Cropsciences Limited,IGCL,28,3685.94,buy,2025-07-01 12:26:38,0.0,661.3781856472134,0.0,1,7,3218.275,3218.275,3218.275,0.340044571931317,15,29.066666666666666,74878.55466666668,2,34.5,True,False,False,False,False,False,False,False,False,False,False,False,False,True,False,False,False,1
0.0,4,4,Pokarna Limited,POKARNA,22,154.12,buy,2025-07-01 21:36:33,8.82,0.0,0.0,1,7,154.12,154.12,154.12,0.0,15,19.4,45433.34666666667,2,31.5,False,False,False,False,False,False,False,False,True,False,False,False,False,False,False,True,False,1
0.0,18,18,JK Tyre & Industries Limited,JKTYRE,48,2391.23,sell,2025-07-02 19:25:21,47.05,1802.7616675672914,-1.0,2,7,3665.9750000000004,3665.9750000000004,3665.9750000000004,-0.5160158843245519,15,27.733333333333334,76236.91133333334,2,47.5,False,False,False,True,False,False,False,False,False,False,False,False,False,False,True,False,False,0
0.0,9,9,SMC Global Securities Limited,SMCGLOBAL,39,3290.79,buy,2025-07-03 18:31:47,0.0,271.80477562029677,0.0,3,7,3482.9849999999997,3482.9849999999997,3482.9849999999997,-0.10459079555287087,15,34.06666666666667,71315.24466666667,3,33.0,True,False,False,False,False,False,False,False,False,False,False,False,False,True,False,False,False,1
0.0,14,14,Mtar Technologies Limited,MTARTECH,18,3636.7,sell,2025-07-03 21:11:15,0.0,0.0,0.0,3,7,3636.7,3636.7,3636.7,0.0,15,23.866666666666667,46645.700666666664,1,18.0,True,False,False,False,False,False,False,False,False,False,False,False,False,True,False,False,False,0
0.0,37,37,R R Kabel Limited,RRKABEL,31,1364.38,buy,2025-07-04 20:40:49,0.0,1558.1389900989789,0.0,4,7,2537.2799999999997,2537.2799999999997,2537.2799999999997,-0.10312546750224849,15,34.4,98880.62999999999,6,28.833333333333332,True,False,False,False,False,False,False,False,False,False,False,False,False,True,False,False,False,1
0.0,6,6,Prataap Snacks Limited,DIAMONDYD,20,3077.8,sell,2025-07-05 14:50:51,0.0,319.60519402850747,0.0,5,7,3303.795,3303.795,3303.795,-0.12805011062981075,15,20.533333333333335,37538.708,4,21.25,True,False,False,False,False,False,False,False,False,False,False,False,False,True,False,False,False,0
0.0,9,9,Netweb Technologies India Limited,NETWEB,44,1107.82,buy,2025-07-06 18:10:18,0.0,112.74817626019492,0.0,6,7,1028.095,1028.095,1028.095,0.16813058194586494,15,34.06666666666667,71315.24466666667,2,31.0,True,False,False,False,False,False,False,False,False,False,False,False,False,True,False,False,False,1
0.0,16,16,VIP Industries Limited,VIPIND,44,4116.04,buy,2025-07-07 18:39:11,0.0,1605.8166658199186,0.0,0,7,1768.2725,1768.2725,1768.2725,1.8842182234677096,15,29.066666666666666,74878.55466666668,5,39.2,True,False,False,False,False,False,False,False,False,False,False,False,False,True,False,False,False,1
0.0,40,40,Piramal Pharma Limited,PPLPHARMA,40,4287.93,sell,2025-07-08 08:32:19,21.8,1193.1849881025714,-1.0,1,7,3219.713333333333,3219.713333333333,3219.713333333333,0.3905807707856439,15,25.666666666666668,65891.47333333334,3,33.0,False,False,False,False,False,False,False,False,False,True,False,False,False,False,False,False,True,0
0.0,28,28,Alldigi Tech Limited,ALLDIGI,34,2637.6,buy,2025-07-09 14:47:13,0.0,883.0271810841008,0.0,2,7,1961.6866666666665,1961.6866666666665,1961.6866666666665,0.5806869559134957,15,30.466666666666665,75990.61333333336,3,30.0,True,False,False,False,False,False,False,False,False,False,False,False,False,True,False,False,False,1
0.0,27,27,Davangere Sugar Company Limited,DAVANGERE,40,2990.7,buy,2025-07-09 21:23:45,44.72,0.0,1.0,2,7,2990.7,2990.7,2990.7,0.0,15,28.666666666666668,85157.99866666667,2,41.5,False,False,False,False,False,False,False,False,True,False,False,False,False,False,False,True,False,1
0.0,22,22,Viji Finance Limited,VIJIFIN,35,1290.74,buy,2025-07-10 02:30:41,14.52,2102.85672855404,1.0,3,7,2609.1025,2609.1025,2609.1025,0.6014345962867487,15,21.6,45329.002,4,32.25,False,False,False,False,False,False,False,False,True,False,False,False,False,False,False,False,True,1
0.0,27,27,SMC Global Securities Limited,SMCGLOBAL,36,4773.45,sell,2025-07-10 07:15:51,0.0,769.4406345521401,0.0,3,7,3913.14,3913.14,3913.14,0.17297877650998206,15,28.666666666666668,85157.99866666667,3,33.0,True,False,False,False,False,False,False,False,False,False,False,False,False,True,False,False,False,0
0.0,12,12,Fertilizers and Chemicals Travancore Limited,FACT,5,2554.51,buy,2025-07-13 00:02:35,34.2,1495.2997345097738,0.0,6,7,2721.8725000000004,2721.8725000000004,2721.8725000000004,1.0685576579382505,15,22.533333333333335,56167.685333333335,4,15.75,False,False,False,False,False,False,False,False,True,False,False,False,False,False,True,False,False,1
0.0,39,39,Lloyds Metals And Energy Limited,LLOYDSME,48,3629.43,sell,2025-07-14 13:43:33,0.0,1674.1601572728937,0.0,0,7,2445.62,2445.62,2445.62,1.8763680744327593,15,27.533333333333335,50215.706000000006,2,47.5,True,False,False,False,False,False,False,False,False,False,False,False,False,True,False,False,False,0
0.0,24,24,Ethos Limited,ETHOSLTD,43,4708.59,buy,2025-07-16 07:23:28,0.0,1284.7918082125213,0.0,2,7,3800.105,3800.105,3800.105,0.628357114696952,15,29.266666666666666,65116.26266666667,2,22.0,True,False,False,False,False,False,False,False,False,False,False,False,False,True,False,False,False,1
0.0,9,9,Power Grid Corporation of India Limited,POWERGRID,40,4256.2,buy,2025-07-18 00:53:56,0.0,1709.25433132648,0.0,4,7,2107.0875,2107.0875,2107.0875,1.0887954426345512,15,34.06666666666667,71315.24466666667,4,27.0,True,False,False,False,False,False,False,False,False,False,False,False,False,True,False,False,False,1
0.0,3,3,Bal Pharma Limited,BALPHARMA,20,1235.29,buy,2025-07-18 08:06:29,33.13,1016.8331918428576,0.0,4,7,1814.5466666666669,1814.5466666666669,1814.5466666666669,-0.2895537414877679,15,29.333333333333332,81645.90333333334,3,32.666666666666664,False,False,False,False,False,False,False,False,True,False,False,False,False,False,True,False,False,1
0.0,17,17,Harsha Engineers International Limited,HARSHA,39,4006.6,sell,2025-07-18 17:00:52,0.0,425.6782822743021,0.0,4,7,4307.6,4307.6,4307.6,-0.13062535260165786,15,26.666666666666668,64376.70666666667,2,41.5,True,False,False,False,False,False,False,False,False,False,False,False,False,True,False,False,False,0
0.0,34,34,Kritika Wires Limited,KRITIKA,50,2778.95,buy,2025-07-18 20:02:42,0.0,976.953020842524,0.0,4,7,2042.0766666666666,2042.0766666666666,2042.0766666666666,0.6812906651483032,15,23.0,72386.19533333332,3,32.666666666666664,True,False,False,False,False,False,False,False,False,False,False,False,False,True,False,False,False,1
0.0,4,4,Orient Technologies Limited,ORIENTTECH,9,2138.31,buy,2025-07-18 20:18:32,0.0,1203.596026178773,0.0,4,7,2413.6733333333336,2413.6733333333336,2413.6733333333336,-0.03670705839637334,15,19.4,45433.34666666667,4,20.75,True,False,False,False,False,False,False,False,False,False,False,False,False,True,False,False,False,1
0.0,22,22,GAIL (India) Limited,GAIL,16,2964.82,buy,2025-07-18 23:44:45,0.0,1682.7373625286864,0.0,4,7,1774.9450000000002,1774.9450000000002,1774.9450000000002,4.067462013092451,15,21.6,45329.002,2,30.5,True,False,False,False,False,False,False,False,False,False,False,False,False,True,False,False,False,1
0.0,25,25,BirlaNu Limited,BIRLANU,49,2586.11,buy,2025-07-19 04:38:29,30.55,127.61156080073624,-1.0,5,7,2676.3450000000003,2676.3450000000003,2676.3450000000003,-0.06523216389911002,15,25.066666666666666,47173.12666666666,2,29.5,False,False,False,False,False,False,False,False,True,False,False,False,False,False,True,False,False,1
0.0,3,3,AWL Agri Business Limited,AWL,41,1527.3,buy,2025-07-19 17:46:01,0.0,1266.9836239273181,0.0,5,7,2891.94,2891.94,2891.94,-0.3683454791243503,15,29.333333333333332,81645.90333333334,3,29.333333333333332,True,False,False,False,False,False,False,False,False,False,False,False,False,True,False,False,False,1
0.0,18,18,Kirloskar Electric Company Limited,KECL,29,2715.97,buy,2025-07-22 07:12:58,49.72,0.0,1.0,1,7,2715.97,2715.97,2715.97,0.0,15,27.733333333333334,76236.91133333334,2,19.5,False,False,False,False,False,False,False,False,True,False,False,False,False,False,True,False,False,1
0.0,34,34,Signatureglobal (India) Limited,SIGNATURE,13,3193.53,buy,2025-07-22 17:17:27,39.27,1854.1416176113232,-1.0,1,7,2837.0725,2837.0725,2837.0725,7.546080383749594,15,23.0,72386.19533333332,4,33.75,False,False,False,False,False,False,False,False,True,False,False,False,False,False,True,False,False,1
0.0,9,9,IDBI Bank Limited,IDBI,49,1212.6,buy,2025-07-24 13:05:01,0.0,1889.3396230517512,0.0,3,7,3357.4466666666667,3357.4466666666667,3357.4466666666667,-0.4238969937230329,15,34.06666666666667,71315.24466666667,3,38.0,True,False,False,False,False,False,False,False,False,False,False,False,False,True,False,False,False,1
0.0,37,37,Balaji Telefilms Limited,BALAJITELE,48,4220.88,buy,2025-07-27 11:24:46,0.0,1702.619683967425,0.0,6,7,3486.2966666666666,3486.2966666666666,3486.2966666666666,0.9749138483111925,15,34.4,98880.62999999999,4,28.25,True,False,False,False,False,False,False,False,False,False,False,False,False,True,False,False,False,1
0.0,5,5,The New India Assurance Company Limited,NIACL,38,2410.1,sell,2025-07-27 11:56:24,38.25,1156.195821058584,1.0,6,7,1787.8866666666665,1787.8866666666665,1787.8866666666665,2.236109919367579,15,18.8,37146.49866666667,3,33.666666666666664,False,False,False,False,False,False,False,False,True,False,False,False,False,False,False,True,False,0
0.0,17,17,National Fertilizers Limited,NFL,45,2449.32,buy,2025-07-28 09:00:46,0.0,320.26987440282267,0.0,0,7,2675.785,2675.785,2675.785,-0.15606167628564038,15,26.666666666666668,64376.70666666667,2,41.0,True,False,False,False,False,False,False,False,False,False,False,False,False,True,False,False,False,1
0.0,34,34,Sadhana Nitrochem Limited,SADHNANIQ,9,3079.14,buy,2025-07-29 04:23:40,0.0,1109.6035753006565,0.0,1,7,2212.362,2212.362,2212.362,1.2701152832699798,15,23.0,72386.19533333332,5,25.6,True,False,False,False,False,False,False,False,False,False,False,False,False,True,False,False,False,1
0.0,7,7,Sobha Limited,SOBHA,45,4524.45,buy,2025-07-29 07:48:03,0.0,520.5744910753245,0.0,1,7,4266.2425,4266.2425,4266.2425,0.07411725394085023,15,22.8,62862.104666666666,4,28.5,True,False,False,False,False,False,False,False,False,False,False,False,False,True,False,False,False,1
0.0,39,39,HDB Financial Services Limited,HDBFS,3,1473.77,sell,2025-07-29 12:19:03,12.44,1973.1602596976252,1.0,1,7,2869.005,2869.005,2869.005,-0.6543885897604262,15,27.533333333333335,50215.706000000006,2,11.5,False,False,False,False,False,False,False,False,True,False,False,False,False,False,True,False,False,0
0.0,26,26,SecMark Consultancy Limited,SECMARK,26,4315.73,buy,2025-07-30 01:40:12,0.0,1339.4372626716536,0.0,2,7,3832.5066666666667,3832.5066666666667,3832.5066666666667,0.4924999570749604,15,25.466666666666665,74108.90666666666,4,16.25,True,False,False,False,False,False,False,False,False,False,False,False,False,True,False,False,False,1
0.0,15,15,Sigma Solve Limited,SIGMA,38,3322.86,sell,2025-08-01 06:15:18,0.0,0.0,0.0,4,8,3322.86,3322.86,3322.86,0.0,15,22.466666666666665,63069.69266666668,1,38.0,True,False,False,False,False,False,False,False,False,False,False,False,False,True,False,False,False,0
0.0,9,9,Sambhv Steel Tubes Limited,SAMBHV,20,1470.22,buy,2025-08-01 17:16:39,9.89,1673.9308475860046,0.0,4,8,3403.02,3403.02,3403.02,-0.32868920634579624,15,34.06666666666667,71315.24466666667,4,33.75,False,False,False,False,False,False,False,False,False,False,False,True,False,False,False,True,False,1
0.0,37,37,Muthoot Capital Services Limited,MUTHOOTCAP,24,3787.08,buy,2025-08-02 23:35:11,0.0,1731.3013107775319,0.0,5,8,2601.5099999999998,2601.5099999999998,2601.5099999999998,2.324132438774785,15,34.4,98880.62999999999,3,26.666666666666668,True,False,False,False,False,False,False,False,False,False,False,False,False,True,False,False,False,1
0.0,4,4,CG Power and Industrial Solutions Limited,CGPOWER,23,2146.71,buy,2025-08-03 12:32:54,0.0,994.0058321928162,0.0,6,8,3286.0866666666666,3286.0866666666666,3286.0866666666666,-0.19789291147694,15,19.4,45433.34666666667,3,12.333333333333334,True,False,False,False,False,False,False,False,False,False,False,False,False,True,False,False,False,1
0.0,26,26,Reliance Industries Limited,RELIANCE,45,4602.86,buy,2025-08-03 23:44:45,0.0,1627.0264887210653,0.0,6,8,2164.88,2164.88,2164.88,0.7570767947268502,15,25.466666666666665,74108.90666666666,4,34.25,True,False,False,False,False,False,False,False,False,False,False,False,False,True,False,False,False,1
0.0,29,29,Clean Science and Technology Limited,CLEAN,36,4674.75,sell,2025-08-05 00:24:57,16.34,1914.1663409432315,-1.0,1,8,3321.23,3321.23,3321.23,1.3757311798994771,15,26.6,75370.31533333333,2,27.5,False,False,False,False,False,False,False,False,True,False,False,False,False,False,False,True,False,0
0.0,29,29,AGI Greenpac Limited,AGI,35,1233.88,sell,2025-08-05 13:15:13,32.33,1873.295568990649,0.0,1,8,2558.5,2558.5,2558.5,-0.682245204886792,15,26.6,75370.31533333333,3,29.333333333333332,False,False,False,False,False,False,False,False,True,False,False,False,False,False,False,False,True,0
0.0,36,36,Dharmaj Crop Guard Limited,DHARMAJ,7,2183.09,sell,2025-08-05 15:03:07,0.0,722.3659922493122,0.0,1,8,1460.4175,1460.4175,1460.4175,0.6765212318007459,15,21.733333333333334,49811.59533333334,4,19.75,True,False,False,False,False,False,False,False,False,False,False,False,False,True,False,False,False,0
0.0,6,6,Steel City Securities Limited,STEELCITY,8,4454.08,sell,2025-08-06 13:28:02,29.7,1593.336569672794,0.0,2,8,2514.468,2503.1716666666666,2503.1716666666666,1.4975930339703454,15,20.533333333333335,37538.708,6,14.666666666666666,False,False,False,False,False,False,False,False,True,False,False,False,False,False,True,False,False,0
0.0,25,25,BSE Limited,BSE,43,1576.68,buy,2025-08-06 19:31:04,0.0,1115.1781455407324,0.0,2,8,2223.4825,2223.4825,2223.4825,0.263202065936154,15,25.066666666666666,47173.12666666666,4,28.75,True,False,False,False,False,False,False,False,False,False,False,False,False,True,False,False,False,1
0.0,21,21,Pokarna Limited,POKARNA,41,4128.08,sell,2025-08-08 05:42:39,8.82,2810.0140641640924,0.0,4,8,2141.1,2141.1,2141.1,25.784842979496496,15,28.933333333333334,89503.40600000002,2,31.5,False,False,False,False,False,False,False,False,True,False,False,False,False,False,False,True,False,0
0.0,39,39,Apollo Pipes Limited,APOLLOPIPE,12,2118.53,sell,2025-08-08 15:39:28,0.0,1635.597923502799,0.0,4,8,2750.8950000000004,2750.8950000000004,2750.8950000000004,0.37995255084500207,15,27.533333333333335,50215.706000000006,4,31.5,True,False,False,False,False,False,False,False,False,False,False,False,False,True,False,False,False,0
0.0,13,13,Brightcom Group Limited,BCG,34,4742.91,buy,2025-08-08 16:22:35,14.76,0.0,1.0,4,8,4742.91,4742.91,4742.91,0.0,15,25.133333333333333,64547.674666666666,1,34.0,False,False,False,False,False,False,False,False,True,False,False,False,False,False,False,True,False,1
0.0,12,12,Tamilnadu Telecommunication Limited,TNTELE,44,4544.73,buy,2025-08-08 19:23:21,0.0,1171.251672357397,0.0,4,8,3716.5299999999997,3716.5299999999997,3716.5299999999997,0.5734801771265747,15,22.533333333333335,56167.685333333335,2,36.0,True,False,False,False,False,False,False,False,False,False,False,False,False,True,False,False,False,1
0.0,25,25,Shree Vasu Logistics Limited,SVLL,19,3407.18,buy,2025-08-08 21:41:01,12.01,0.0,1.0,4,8,3407.18,3407.18,3407.18,0.0,15,25.066666666666666,47173.12666666666,1,19.0,False,False,False,False,False,False,False,True,False,False,False,False,False,False,False,True,False,1
0.0,24,24,Steel Authority of India Limited,SAIL,47,304.66,buy,2025-08-09 00:41:54,0.0,520.5861544451601,0.0,5,8,672.7700000000001,672.7700000000001,672.7700000000001,-0.7073053570056107,15,29.266666666666666,65116.26266666667,2,39.5,True,False,False,False,False,False,False,False,False,False,False,False,False,True,False,False,False,1
0.0,5,5,Sagar Cements Limited,SAGCEM,16,2915.65,buy,2025-08-09 01:01:07,0.0,1417.8306893367064,0.0,5,8,1753.9975,1753.9975,1753.9975,1.1329514065498716,15,18.8,37146.49866666667,4,16.0,True,False,False,False,False,False,False,False,False,False,False,False,False,True,False,False,False,1
0.0,30,30,Gala Precision Engineering Limited,GALAPREC,24,1161.47,buy,2025-08-09 02:03:55,29.98,1481.9108088854966,1.0,5,8,3268.4125,3268.4125,3268.4125,-0.22479585136566846,15,20.0,53206.38266666667,5,21.8,False,False,False,False,False,False,False,False,True,False,False,False,False,False,False,False,True,1
0.0,23,23,R R Kabel Limited,RRKABEL,34,1509.74,buy,2025-08-09 20:52:13,0.0,1425.4878198953504,0.0,5,8,2331.772,2331.772,2331.772,-0.05070929214224659,15,26.266666666666666,56400.181333333334,6,28.833333333333332,True,False,False,False,False,False,False,False,False,False,False,False,False,True,False,False,False,1
0.0,26,26,Northern Arc Capital Limited,NORTHARC,17,1026.5,buy,2025-08-10 04:27:14,37.88,1168.6848747416902,0.0,6,8,1852.885,1852.885,1852.885,-0.616873252789006,15,25.466666666666665,74108.90666666666,2,16.5,False,False,False,False,False,False,False,False,True,False,False,False,False,False,False,True,False,1
0.0,6,6,EPL Limited,EPL,14,3453.11,sell,2025-08-10 21:32:29,37.35,1390.459232879555,0.0,6,8,1905.7,1905.7,1905.7,1.1360663063043517,15,20.533333333333335,37538.708,3,20.333333333333332,False,False,False,False,False,False,False,False,True,False,False,False,False,False,True,False,False,0
0.0,3,3,Apeejay Surrendra Park Hotels Limited,PARKHOTELS,13,806.55,sell,2025-08-11 23:47:40,0.0,1959.5022923521508,0.0,0,8,1715.2833333333335,1715.2833333333335,1715.2833333333335,0.1223423986434245,15,29.333333333333332,81645.90333333334,3,20.666666666666668,True,False,False,False,False,False,False,False,False,False,False,False,False,True,False,False,False,0
0.0,15,15,R R Kabel Limited,RRKABEL,31,1491.73,buy,2025-08-12 11:08:58,0.0,1320.312152496522,0.0,1,8,1691.4959999999999,2191.765,2191.765,-0.04295327498447965,15,22.466666666666665,63069.69266666668,6,28.833333333333332,True,False,False,False,False,False,False,False,False,False,False,False,False,True,False,False,False,1
0.0,18,18,Pennar Industries Limited,PENIND,21,3152.66,sell,2025-08-13 04:59:37,45.94,2459.794205911001,0.0,2,8,2724.8333333333335,2724.8333333333335,2724.8333333333335,18.913680792665865,15,27.733333333333334,76236.91133333334,3,25.666666666666668,False,False,False,False,False,False,False,False,True,False,False,False,False,False,True,False,False,0
0.0,25,25,Vadilal Industries Limited,VADILALIND,21,3895.34,buy,2025-08-14 00:07:41,0.0,1234.6316750351098,0.0,3,8,2680.0299999999997,2680.0299999999997,2680.0299999999997,0.6709626499881794,15,25.066666666666666,47173.12666666666,5,28.4,True,False,False,False,False,False,False,False,False,False,False,False,False,True,False,False,False,1
0.0,40,40,TruCap Finance Limited,TRU,16,83.81,buy,2025-08-14 02:14:30,48.09,3408.9759342359694,0.0,3,8,2494.32,2494.32,2494.32,-0.9829127615024373,15,25.666666666666668,65891.47333333334,2,14.5,False,False,False,False,False,False,False,False,True,False,False,False,False,False,False,False,True,1
0.0,14,14,Kirloskar Electric Company Limited,KECL,10,4065.15,sell,2025-08-14 12:52:09,49.72,954.0143270412664,1.0,3,8,3390.56,3390.56,3390.56,0.49675806433797143,15,23.866666666666667,46645.700666666664,2,19.5,False,False,False,False,False,False,False,False,True,False,False,False,False,False,True,False,False,0
0.0,10,10,India Glycols Limited,INDIAGLYCO,49,4462.56,buy,2025-08-14 17:39:59,0.0,1919.4858787706673,0.0,3,8,2320.3,2320.3,2320.3,2.1657269923694527,15,27.733333333333334,73229.63066666666,3,21.666666666666668,True,False,False,False,False,False,False,False,False,False,False,False,False,True,False,False,False,1
0.0,17,17,Aegis Vopak Terminals Limited,AEGISVOPAK,16,2311.09,buy,2025-08-15 08:58:15,0.0,505.22063289220483,0.0,4,8,2894.34,2894.34,2894.34,-0.13516493093901316,15,26.666666666666668,64376.70666666667,3,16.0,True,False,False,False,False,False,False,False,False,False,False,False,False,True,False,False,False,1
0.0,35,35,Agri-Tech (India) Limited,AGRITECH,27,3109.64,buy,2025-08-15 10:03:53,0.0,702.2892512585776,0.0,4,8,3275.4066666666663,3275.4066666666663,3275.4066666666663,-0.08777290211913213,15,26.266666666666666,59660.19733333333,3,17.0,True,False,False,False,False,False,False,False,False,False,False,False,False,True,False,False,False,1
0.0,17,17,Imagicaaworld Entertainment Limited,IMAGICAA,36,698.52,buy,2025-08-15 15:36:35,30.04,2086.339771094344,0.0,4,8,2173.785,2173.785,2173.785,-0.8085748345459778,15,26.666666666666668,64376.70666666667,2,21.0,False,False,False,False,False,False,False,False,True,False,False,False,False,False,False,True,False,1
0.0,33,33,Vaishali Pharma Limited,VAISHALI,23,3562.23,buy,2025-08-15 20:43:15,0.0,974.2800073900722,0.0,4,8,4251.15,4251.15,4251.15,-0.2789110275765323,15,23.466666666666665,58744.238666666664,2,28.5,True,False,False,False,False,False,False,False,False,False,False,False,False,True,False,False,False,1
0.0,33,33,SecMark Consultancy Limited,SECMARK,29,904.65,sell,2025-08-16 11:34:39,0.0,1827.3334722736477,0.0,5,8,3100.5425,3100.5425,3100.5425,0.06487227572115943,15,23.466666666666665,58744.238666666664,4,16.25,True,False,False,False,False,False,False,False,False,False,False,False,False,True,False,False,False,0
0.0,22,22,Aaron Industries Limited,AARON,2,300.36,buy,2025-08-17 01:44:04,0.0,1275.5293655838218,0.0,6,8,1421.22,1421.22,1421.22,-0.24017017222150963,15,21.6,45329.002,4,28.0,True,False,False,False,False,False,False,False,False,False,False,False,False,True,False,False,False,1
0.0,38,38,Escorts Kubota Limited,ESCORTS,36,1527.57,sell,2025-08-17 08:28:35,6.58,1331.15625089619,1.0,6,8,3258.055,3258.055,3258.055,-0.07861506976191546,15,33.93333333333333,80432.17599999998,4,36.75,False,True,False,False,False,False,False,False,False,False,False,False,False,False,True,False,False,0
0.0,40,40,Diffusion Engineers Limited,DIFFNKG,7,964.67,buy,2025-08-17 18:03:39,0.0,2254.7372510339205,0.0,6,8,2559.01,2559.01,2559.01,-0.7677368870911433,15,25.666666666666668,65891.47333333334,3,33.333333333333336,True,False,False,False,False,False,False,False,False,False,False,False,False,True,False,False,False,1
0.0,10,10,Gopal Snacks Limited,GOPAL,10,1194.74,buy,2025-08-17 23:10:22,43.85,1252.8972030298416,0.0,6,8,2163.718,1854.4800000000002,1854.4800000000002,1.0776846613584374,15,27.733333333333334,73229.63066666666,6,20.833333333333332,False,False,False,False,False,False,False,False,True,False,False,False,False,False,False,False,True,1
0.0,14,14,Gujarat Ambuja Exports Limited,GAEL,36,1687.42,sell,2025-08-18 00:09:15,0.0,0.0,0.0,0,8,1687.42,1687.42,1687.42,0.0,15,23.866666666666667,46645.700666666664,1,36.0,True,False,False,False,False,False,False,False,False,False,False,False,False,True,False,False,False,0
0.0,5,5,Restaurant Brands Asia Limited,RBA,16,2048.69,sell,2025-08-18 06:20:12,0.0,1521.7028803909125,0.0,0,8,2835.912,2576.735,2576.735,1.0715535672336298,15,18.8,37146.49866666667,6,17.833333333333332,True,False,False,False,False,False,False,False,False,False,False,False,False,True,False,False,False,0
0.0,35,35,Fine Organic Industries Limited,FINEORG,29,2107.33,buy,2025-08-19 22:03:06,47.07,91.37940933273738,-1.0,1,8,2171.9449999999997,2171.9449999999997,2171.9449999999997,-0.05778069893050042,15,26.266666666666666,59660.19733333333,2,17.0,False,False,False,False,False,False,False,False,True,False,False,False,False,False,False,True,False,1
0.0,30,30,Balaji Telefilms Limited,BALAJITELE,1,4533.99,buy,2025-08-20 03:24:27,0.0,1485.6057762183525,0.0,2,8,3748.2200000000003,3748.2200000000003,3748.2200000000003,0.6746696366728813,15,20.0,53206.38266666667,4,28.25,True,False,False,False,False,False,False,False,False,False,False,False,False,True,False,False,False,1
0.0,1,1,Infibeam Avenues Limited,INFIBEAM,24,2907.89,sell,2025-08-20 21:02:40,0.0,112.98152149798655,0.0,2,8,2987.7799999999997,2987.7799999999997,2987.7799999999997,-0.052085133016263274,15,20.466666666666665,35129.424666666666,2,14.0,True,False,False,False,False,False,False,False,False,False,False,False,False,True,False,False,False,0
0.0,11,11,Diamines & Chemicals Limited,DIAMINESQ,21,1720.63,sell,2025-08-23 01:38:38,0.0,1021.5869853468182,0.0,5,8,2540.244,2678.355,2678.355,0.056114691995652756,15,21.066666666666666,60868.77599999999,6,20.166666666666668,True,False,False,False,False,False,False,False,False,False,False,False,False,True,False,False,False,0
0.0,40,40,Hind Rectifiers Limited,HIRECT,12,4686.21,sell,2025-08-23 11:54:47,0.0,299.4314375612558,0.0,5,8,4474.48,4474.48,4474.48,0.09933962817430064,15,25.666666666666668,65891.47333333334,2,10.5,True,False,False,False,False,False,False,False,False,False,False,False,False,True,False,False,False,0
0.0,39,39,STL Global Limited,SGL,19,1639.78,buy,2025-08-23 12:26:35,0.0,1941.003676984324,0.0,5,8,2610.08,2610.08,2610.08,3.03137686180466,15,27.533333333333335,50215.706000000006,4,17.75,True,False,False,False,False,False,False,False,False,False,False,False,False,True,False,False,False,1
0.0,20,20,WESTLIFE FOODWORLD LIMITED,WESTLIFE,37,1514.57,buy,2025-08-23 18:20:21,43.33,1077.5388106467444,0.0,5,8,2276.505,2276.505,2276.505,-0.5015303905951738,15,28.066666666666666,88216.58533333334,2,30.0,False,False,False,False,False,False,False,False,True,False,False,False,False,False,False,True,False,1
0.0,27,27,Bikaji Foods International Limited,BIKAJI,41,2495.88,sell,2025-08-24 20:42:19,0.0,653.2323155279443,0.0,6,8,2957.785,2957.785,2957.785,-0.27014436981129863,15,28.666666666666668,85157.99866666667,4,40.75,True,False,False,False,False,False,False,False,False,False,False,False,False,True,False,False,False,0
0.0,38,38,Prataap Snacks Limited,DIAMONDYD,32,1619.35,buy,2025-08-25 10:33:11,0.0,998.4281276252856,0.0,0,8,2742.3133333333335,2742.3133333333335,2742.3133333333335,-0.3009556550939684,15,33.93333333333333,80432.17599999998,4,21.25,True,False,False,False,False,False,False,False,False,False,False,False,False,True,False,False,False,1
0.0,36,36,Garware Technical Fibres Limited,GARFIBRES,40,638.11,sell,2025-08-25 23:40:33,0.0,1370.3566103281291,0.0,0,8,1586.812,1586.812,1586.812,0.8247635496836798,15,21.733333333333334,49811.59533333334,5,33.8,True,False,False,False,False,False,False,False,False,False,False,False,False,True,False,False,False,0
0.0,21,21,AGI Greenpac Limited,AGI,31,173.87,sell,2025-08-26 00:27:16,32.33,1910.5247682334123,0.0,1,8,1763.6233333333332,1763.6233333333332,1763.6233333333332,-0.7706659940211831,15,28.933333333333334,89503.40600000002,3,29.333333333333332,False,False,False,False,False,False,False,False,True,False,False,False,False,False,False,False,True,0
0.0,36,36,BEML Land Assets Limited,BLAL,24,3984.74,buy,2025-08-27 01:59:02,0.0,0.0,0.0,2,8,3984.74,3984.74,3984.74,0.0,15,21.733333333333334,49811.59533333334,1,24.0,True,False,False,False,False,False,False,False,False,False,False,False,False,True,False,False,False,1
0.0,15,15,Prakash Pipes Limited,PPL,6,827.43,buy,2025-08-28 19:38:10,0.0,1789.0638007698328,0.0,3,8,2304.9475,2304.9475,2304.9475,0.84819100106825,15,22.466666666666665,63069.69266666668,4,10.5,True,False,False,False,False,False,False,False,False,False,False,False,False,True,False,False,False,1
0.0,10,10,Seshasayee Paper and Boards Limited,SESHAPAPER,8,2309.49,sell,2025-08-29 00:22:25,17.43,1489.6859569945161,-1.0,4,8,2329.0,2329.0,2329.0,1.0465280806631292,15,27.733333333333334,73229.63066666666,4,17.25,False,False,False,False,False,False,False,False,True,False,False,False,False,False,False,True,False,0
0.0,10,10,Prataap Snacks Limited,DIAMONDYD,14,367.93,buy,2025-08-29 13:31:46,0.0,1440.1376800240319,0.0,4,8,2148.7175,2148.7175,2148.7175,-0.45823428745130973,15,27.733333333333334,73229.63066666666,4,21.25,True,False,False,False,False,False,False,False,False,False,False,False,False,True,False,False,False,1
0.0,16,16,Nakoda Group of Industries Limited,NGIL,32,4846.82,buy,2025-08-31 02:18:29,0.0,1472.5215875497374,0.0,6,8,3805.59,3805.59,3805.59,0.7533244584641652,15,29.066666666666666,74878.55466666668,3,38.666666666666664,True,False,False,False,False,False,False,False,False,False,False,False,False,True,False,False,False,1
0.0,29,29,Ausom Enterprise Limited,AUSOMENT,19,3774.34,sell,2025-08-31 10:38:14,0.0,0.0,0.0,6,8,3774.34,3774.34,3774.34,0.0,15,26.6,75370.31533333333,1,19.0,True,False,False,False,False,False,False,False,False,False,False,False,False,True,False,False,False,0
0.0,5,5,Sambhv Steel Tubes Limited,SAMBHV,25,1362.76,sell,2025-09-01 13:44:39,9.89,1705.4896282006525,0.0,0,9,2892.955,2892.955,2892.955,-0.2434898382345121,15,18.8,37146.49866666667,4,33.75,False,False,False,False,False,False,False,False,False,False,False,True,False,False,False,True,False,0
0.0,16,16,VIP Industries Limited,VIPIND,49,917.19,buy,2025-09-01 15:02:13,0.0,1441.8230326673242,0.0,0,9,1598.056,1598.056,1598.056,1.2188719454600838,15,29.066666666666666,74878.55466666668,5,39.2,True,False,False,False,False,False,False,False,False,False,False,False,False,True,False,False,False,1
0.0,25,25,Orchid Pharma Limited,ORCHPHARMA,4,820.12,sell,2025-09-01 22:47:14,7.83,838.3982498987777,0.0,0,9,1209.3633333333335,1209.3633333333335,1209.3633333333335,-0.20908399802396516,15,25.066666666666666,47173.12666666666,3,20.666666666666668,False,False,False,False,False,False,False,False,True,False,False,False,False,False,False,False,True,0
0.0,8,8,India Tourism Development Corporation Limited,ITDC,43,1025.32,buy,2025-09-02 18:35:57,0.0,1594.4229775585482,0.0,1,9,1955.0349999999999,1955.0349999999999,1955.0349999999999,2.8511741896905147,15,25.733333333333334,63692.136000000006,4,28.0,True,False,False,False,False,False,False,False,False,False,False,False,False,True,False,False,False,1
0.0,26,26,Munjal Auto Industries Limited,MUNJALAU,19,620.11,buy,2025-09-03 03:41:39,0.0,1687.0223360381647,0.0,2,9,2883.2125,2883.2125,2883.2125,-0.34751518495797473,15,25.466666666666665,74108.90666666666,4,23.5,True,False,False,False,False,False,False,False,False,False,False,False,False,True,False,False,False,1
0.0,27,27,Prajay Engineers Syndicate Limited,PRAENG,5,3241.1,sell,2025-09-03 05:06:09,26.87,0.0,-1.0,2,9,3241.1,3241.1,3241.1,0.0,15,28.666666666666668,85157.99866666667,1,5.0,False,False,False,False,False,False,False,False,True,False,False,False,False,False,False,True,False,0
0.0,19,19,Nakoda Group of Industries Limited,NGIL,46,4369.27,buy,2025-09-04 03:25:46,0.0,1090.904041166469,0.0,3,9,3993.4833333333336,3993.4833333333336,3993.4833333333336,0.32739796936685145,15,24.066666666666666,70593.80066666666,3,38.666666666666664,True,False,False,False,False,False,False,False,False,False,False,False,False,True,False,False,False,1
0.0,32,32,Gala Precision Engineering Limited,GALAPREC,21,3321.55,buy,2025-09-04 04:24:24,29.98,1283.5924013876058,1.0,3,9,3279.04,3279.04,3279.04,0.2963483963302864,15,24.666666666666668,62705.008666666676,5,21.8,False,False,False,False,False,False,False,False,True,False,False,False,False,False,False,False,True,1
0.0,17,17,Shakti Pumps (India) Limited,SHAKTIPUMP,13,2616.27,buy,2025-09-04 05:09:18,9.32,856.0491171461288,1.0,3,9,2348.525,2348.525,2348.525,0.5295657751856483,15,26.666666666666668,64376.70666666667,4,20.0,False,False,False,False,False,False,False,False,True,False,False,False,False,False,False,True,False,1
0.0,35,35,Cura Technologies Limited,CURAA,11,3310.73,sell,2025-09-05 05:55:26,44.37,883.8176151597493,0.0,4,9,2621.03,2621.03,2621.03,0.3477870304167991,15,26.266666666666666,59660.19733333333,4,24.75,False,False,False,False,False,False,False,False,True,False,False,False,False,False,False,False,True,0
0.0,39,39,Bajaj Consumer Care Limited,BAJAJCON,50,492.83,buy,2025-09-05 18:20:20,0.0,1856.070509086333,0.0,4,9,2007.0749999999998,2007.0749999999998,2007.0749999999998,2.6315202651672736,15,27.533333333333335,50215.706000000006,4,30.75,True,False,False,False,False,False,False,False,False,False,False,False,False,True,False,False,False,1
0.0,33,33,Orient Technologies Limited,ORIENTTECH,14,4982.01,buy,2025-09-05 19:56:10,0.0,1617.0499593884952,0.0,4,9,3055.7575,3055.7575,3055.7575,0.4188226309438921,15,23.466666666666665,58744.238666666664,4,20.75,True,False,False,False,False,False,False,False,False,False,False,False,False,True,False,False,False,1
0.0,31,31,Bikaji Foods International Limited,BIKAJI,38,3689.18,buy,2025-09-06 09:25:19,0.0,625.8347314054512,0.0,5,9,3201.5833333333335,3201.5833333333335,3201.5833333333335,0.10398177602195935,15,26.6,65326.33866666667,4,40.75,True,False,False,False,False,False,False,False,False,False,False,False,False,True,False,False,False,1
0.0,22,22,Davangere Sugar Company Limited,DAVANGERE,43,1099.92,buy,2025-09-06 16:57:10,44.72,1336.9833597319002,1.0,5,9,2045.31,2045.31,2045.31,-0.6322198816330624,15,21.6,45329.002,2,41.5,False,False,False,False,False,False,False,False,True,False,False,False,False,False,False,True,False,1
0.0,32,32,Peninsula Land Limited,PENINLAND,29,259.66,sell,2025-09-06 19:00:14,7.65,1138.2792831506686,0.0,5,9,1064.545,1064.545,1064.545,-0.8611020471480612,15,24.666666666666668,62705.008666666676,2,32.5,False,False,False,False,False,False,False,False,True,False,False,False,False,False,False,False,True,0
0.0,7,7,Diffusion Engineers Limited,DIFFNKG,48,4063.21,buy,2025-09-07 03:34:54,0.0,1815.523592686143,0.0,6,9,3060.41,3060.41,3060.41,1.222141901961182,15,22.8,62862.104666666666,3,33.333333333333336,True,False,False,False,False,False,False,False,False,False,False,False,False,True,False,False,False,1
0.0,35,35,Bikaji Foods International Limited,BIKAJI,37,1360.05,buy,2025-09-08 00:47:24,0.0,1053.0546021614136,0.0,0,9,2741.2,2741.2,2741.2,-0.1411257626419797,15,26.266666666666666,59660.19733333333,4,40.75,True,False,False,False,False,False,False,False,False,False,False,False,False,True,False,False,False,1
