Date,Close,High,Low,Open,Volume
,LODHA.NS,LODHA.NS,LODHA.NS,LODHA.NS,LODHA.NS
2021-04-19,231.1429443359375,237.47732916190893,209.95380910725797,216.61112032341484,22102730
2021-04-20,249.94737243652344,255.28811303144863,227.2181095658366,232.50918084112413,11705072
2021-04-22,260.20660400390625,269.64607985321265,244.23402027015825,247.41363015550417,4728296
2021-04-23,263.6594543457031,266.73971023008556,257.200866013964,259.73460776869405,2300838
2021-04-26,288.20208740234375,291.1333051637996,264.30532141150405,264.30532141150405,4139576
2021-04-27,300.2746887207031,304.4230775668544,283.7059073495719,286.1651451301642,4373976
2021-04-28,305.8638610839844,308.02499204406547,296.20081293022986,300.4734055293227,1970340
2021-04-29,298.908447265625,307.52816645792404,288.7237503150798,307.40396283657594,3749610
2021-04-30,294.958740234375,308.96891356123587,292.1765611657174,294.1141496184763,689580
2021-05-03,297.74090576171875,300.5727543049238,283.2836168161464,293.1205372560414,848474
2021-05-04,296.946044921875,302.06322841760874,289.49382711551954,298.70973040474877,587900
2021-05-05,301.0695495605469,304.0504361898592,291.8784824535005,293.617332987266,582008
2021-05-06,299.0574951171875,304.1746784158622,295.87787017966014,301.06958778278886,281584
2021-05-07,313.8625793457031,316.9676701583832,299.5791616073747,299.5791616073747,2697842
2021-05-10,343.67144775390625,376.6350793665633,312.91861651952536,312.99315082755464,3202552
2021-05-11,343.6465759277344,349.1115351130664,335.42430249079644,340.2185439458575,938596
2021-05-12,321.2651062011719,352.86249604047833,315.4523705291168,347.77014745277694,1409480
2021-05-14,321.8861083984375,333.5860831443327,305.2924929115756,330.33195441877405,1291314
2021-05-17,321.6377258300781,326.40713299573247,311.80077427579533,321.9358024067498,2173164
2021-05-18,314.4090576171875,321.8612754353067,305.2925232822825,321.8612754353067,1331362
2021-05-19,315.12945556640625,318.95493357579323,309.7638646176123,309.7638646176123,676842
2021-05-20,312.27276611328125,320.51990548791144,306.0625845012792,315.1294496548022,415756
2021-05-21,320.1224060058594,326.3574521431655,312.24790843163277,316.42116229649463,1315414
2021-05-24,320.04791259765625,323.92305970123095,316.96765657881184,322.4077815141913,601734
2021-05-25,314.3096923828125,322.9294114673347,311.99949292536337,319.4517101130711,872216
2021-05-26,310.5587158203125,312.8440805964576,307.0313451813079,308.02497413011474,481392
2021-05-27,305.51605224609375,310.5090314064804,303.0568146527249,308.0994934520252,207686
2021-05-28,315.5517272949219,319.45170881133714,305.54090345096785,306.0377179281239,832566
2021-05-31,313.5644836425781,318.7065015856665,308.9937841803048,315.4026730331098,471108
2021-06-01,311.1549377441406,316.3714903706648,307.0562178233002,315.9740448066078,327116
2021-06-02,307.0313720703125,316.8186241378315,306.53455755239935,312.99314628527003,279100
2021-06-03,309.36639404296875,315.94918614303776,307.67721262010593,308.29823074275396,580872
2021-06-04,311.8504333496094,314.9803582900705,308.5217705017883,311.9994716185557,380764
2021-06-07,332.89056396484375,342.3052052090257,313.7632048929316,314.83136824309133,2295650
2021-06-08,343.1745910644531,352.7382694980264,329.3879896861852,329.3879896861852,2462672
2021-06-09,330.97784423828125,349.0867398277234,323.69949928217557,345.78291109105515,1648102
2021-06-10,344.9134521484375,347.9688733244569,331.0274813916235,332.7414974093137,1125198
2021-06-11,334.3065185546875,347.34790032563035,328.6179859652075,344.78929329654596,998786
2021-06-14,340.3675842285156,350.25420439677646,323.8236682982339,332.9899014140985,1202520
2021-06-15,352.1669616699219,355.22238310843704,342.8020200626875,343.67144547589,1744190
2021-06-16,338.72808837890625,356.7376123207927,334.85294170569546,352.7382620341896,975476
2021-06-17,333.1886291503906,344.2924201828734,328.8911719495847,337.287348438282,533454
2021-06-18,338.3306579589844,340.9140992973098,314.03641796747166,335.74721662065895,1099232
2021-06-21,349.7822265625,351.7446498118144,331.2758872892089,335.34977206634846,656338
2021-06-22,347.6707763671875,354.2784030638366,345.7828873571663,351.7446612771175,691016
2021-06-23,338.8523254394531,350.03065174814293,337.833861773736,349.11155704757766,402636
2021-06-24,341.808349609375,346.2796797641488,335.8962453865814,338.33064837788424,314878
2021-06-25,335.9708251953125,341.6841922781163,334.38101263807573,341.3115813814117,227050
2021-06-28,341.4357604980469,344.2924438343346,333.8841741357518,334.85296846225333,755846
2021-06-29,335.6727294921875,342.5535981969042,334.3561589362096,341.80837644593197,288388
2021-06-30,339.6472473144531,349.95614825805404,337.8338622481256,344.09371286052175,1182746
2021-07-01,338.6039123535156,345.21153905971875,336.8402269642767,342.67779726933605,279824
2021-07-02,335.9459533691406,341.6841544789668,332.1204758548735,341.6841544789668,289698
2021-07-05,333.3376770019531,341.8083577090371,330.5554977569437,340.2682449707124,700086
2021-07-06,323.3516845703125,336.2191914288013,320.4453320599584,334.35613717263874,982870
2021-07-07,330.0090026855469,334.08288729292616,325.41346896354264,325.41346896354264,812308
2021-07-08,341.7338562011719,348.76379380382895,331.8969347482584,333.8096888483386,958542
2021-07-09,383.8637390136719,391.9866440326159,336.3682541917483,339.94532468861524,4419464
2021-07-12,392.70703125,405.3012668131289,385.3541826460952,392.48345865828594,1616146
2021-07-13,386.6955261230469,396.45794247490255,382.37326454255356,396.45794247490255,650124
2021-07-14,393.0299072265625,410.8407238137092,385.05604120718135,385.05604120718135,1570018
2021-07-15,412.082763671875,416.82733574353944,383.5407666198003,392.55796128034126,2022148
2021-07-16,423.58404541015625,433.47066643577443,409.99618048839295,415.8834203903803,1764134
2021-07-19,413.2502746582031,421.1496369479497,407.88468438740784,409.37512781391484,1110652
2021-07-20,394.0732421875,415.11332278366103,391.48980088858013,413.1012302523533,769106
2021-07-22,425.39739990234375,430.7381555799498,398.42037961404253,400.38280288114163,1395546
2021-07-23,419.73370361328125,424.25473360010125,412.9025044756119,421.79549584591035,716396
2021-07-26,419.0381774902344,424.67700968568937,413.44901461331455,418.29295577331175,580478
2021-07-27,435.706298828125,439.680814666922,415.3120704949276,421.14964063316074,1263070
2021-07-28,423.8572998046875,436.69994240954185,405.4254637912364,436.69994240954185,820236
2021-07-29,425.1738586425781,439.85472159185053,422.78915501967094,427.2604856838038,449450
2021-07-30,424.1802062988281,429.7445346619715,418.04455946499525,425.27320424352325,350354
2021-08-02,456.4980163574219,461.09355073572283,423.68342288834674,427.2604935501412,3402276
2021-08-03,457.78973388671875,469.4400401493282,453.88972180992243,459.55341932327514,841332
2021-08-04,438.68719482421875,461.7642339574614,435.2094933929962,457.5164761310981,403084
2021-08-05,431.2349853515625,440.45088824807465,414.93947584069576,439.5317935537169,463746
2021-08-06,434.2655029296875,439.6311233015071,428.25406015422953,434.2158336134531,514600
2021-08-09,426.49041748046875,439.53179822444423,422.4413671392693,436.7744837889196,526400
2021-08-10,399.7120666503906,430.4897284290163,390.9929789655347,424.9751000671479,659950
2021-08-11,415.1878967285156,420.25541085198483,378.249719301814,402.5687959037151,1117712
2021-08-12,423.3605041503906,432.1789618554603,410.0955504392612,417.324195620195,789418
2021-08-13,433.02349853515625,435.90504684353135,417.0509308320053,426.01842633632054,520180
2021-08-16,432.2534484863281,438.68720230848356,424.77639634626667,432.2286138260257,242652
2021-08-17,422.7146301269531,432.25347515417315,418.49170662789004,432.25347515417315,139248
2021-08-18,427.93115234375,435.70631130531126,416.18150775272494,422.2177856618673,480416
2021-08-20,423.708251953125,438.3146109945299,419.80827009393914,420.32991927617104,465826
2021-08-23,402.22100830078125,432.0795780359828,397.94841571697543,423.7827697959801,303248
2021-08-24,417.1751403808594,420.35473497680334,400.4573203800485,401.4012800562907,225588
2021-08-25,422.9630432128906,426.76368654361704,419.3860028112103,421.7707065200481,424412
2021-08-26,430.5643005371094,437.19676201339314,421.22416363557534,424.1802159888188,368752
2021-08-27,442.8107604980469,450.58591959993805,433.19741199341536,433.19741199341536,620758
2021-08-30,463.9253845214844,470.63238042308274,442.1649149942622,442.1649149942622,706930
2021-08-31,476.1966857910156,483.524699474289,458.1871606372083,466.4094343324545,800842
2021-09-01,494.0323486328125,509.2348601328852,479.4259902714481,481.3635789417017,2093950
2021-09-02,515.6934204101562,521.6551940565164,490.00810621912467,491.77179152487645,1464952
2021-09-03,540.8074340820312,546.4959356996578,517.6806954536759,521.1583968626737,2532386
2021-09-06,541.1055297851562,547.4895840396614,519.8667097146521,541.2794027324965,1292892
2021-09-07,510.77496337890625,539.0437198972477,504.7635201987131,538.5469054088632,703248
2021-09-08,522.8724365234375,524.6361523927499,509.4833089761033,516.6871197807385,606406
2021-09-09,514.6253051757812,526.7227265324285,509.7813636362493,519.1711701344487,688002
2021-09-13,527.9896240234375,533.280710719482,516.8858317801515,518.6494869146311,343822
2021-09-14,520.9596557617188,531.5418285288002,519.1711357486865,531.5418285288002,266326
2021-09-15,507.5705261230469,525.6297203596405,500.78899633508286,521.6552045157113,290150
2021-09-16,504.217041015625,516.6374033391634,496.31767844859445,512.6628873956311,414828
2021-09-17,499.4476013183594,518.0284450722697,491.846345677071,499.2985630358145,936826
2021-09-20,488.24444580078125,508.73804375476976,482.4317101346562,494.85207253101294,430956
2021-09-21,505.8316955566406,509.23486275407834,465.09290653631433,483.45017806195307,677092
2021-09-22,524.0399780273438,533.8271997768294,504.88775409325535,511.0730705859871,1049552
2021-09-23,549.7003173828125,572.330239568722,524.9093251407515,533.5787129312564,3459764
2021-09-24,527.6170043945312,557.4258746993071,513.209383747223,554.2959190587849,1250308
2021-09-27,547.4398803710938,549.9736220561851,525.6297128594796,532.0883010137076,753626
2021-09-28,523.22021484375,548.4583556367081,518.1775354234558,548.4583556367081,427030
2021-09-29,531.3927612304688,538.5469019464714,516.6870645980906,520.6615804796144,456410
2021-09-30,525.3812866210938,536.0627974129173,522.9220793252155,534.0258702748986,280948
2021-10-01,524.2138061523438,533.5787468898188,521.9284716934347,527.1201587058639,303420
2021-10-04,526.1762084960938,546.3965944065359,521.9284810406605,540.4348205915003,706526
2021-10-05,537.7271728515625,546.3468924721216,515.6934614589497,526.6233806806231,2286168
2021-10-06,522.99658203125,546.4959313372724,521.6552071855782,544.0863932238179,646294
2021-10-07,557.947509765625,568.8525630253654,532.908048573939,544.0118397491485,2913302
2021-10-08,578.1430053710938,587.3092692201326,554.2462402165313,568.3557840476742,1872180
2021-10-11,591.0850830078125,601.145577171215,581.2729961077038,586.2411413735816,815064
2021-10-12,592.9977416992188,597.1709953936252,577.6958923481259,593.2958182531839,1093142
2021-10-13,586.5391845703125,593.6933254751732,579.8818581637574,589.7188094887284,464342
2021-10-14,594.7366333007812,608.597770154374,585.5455649351845,591.1099237929486,601920
2021-10-18,588.278076171875,604.772355048973,584.2787555705321,598.5621733888394,295274
2021-10-19,549.501708984375,597.667851114509,542.1239650483388,593.6933350638722,619186
2021-10-20,522.5494995117188,562.8908114298102,512.2405989493458,553.004191050371,685170
2021-10-21,510.30303955078125,541.5029546034624,497.31132789655084,526.1265696727746,818354
2021-10-22,522.7730102539062,538.0500547445764,511.84309224432116,526.126507825029,1183770
2021-10-25,480.4444580078125,526.6233720250134,471.9737768148705,525.0832591983515,929288
2021-10-26,525.9526977539062,531.5915303626041,474.48269587257073,476.941933783271,1214192
2021-10-27,532.0634765625,550.2469361912181,521.0838879931803,528.1138254565997,737406
2021-10-28,519.9909057617188,537.1558102567561,514.2030047385416,535.3176208751485,282240
2021-10-29,528.7099609375,545.2787728507886,501.88200855008364,519.1711468989299,841916
2021-11-01,571.361572265625,576.2055139143092,519.9164036254366,521.5559158265901,1199966
2021-11-02,585.297119140625,591.209223504934,557.9226537781856,570.3430156165246,647448
2021-11-03,587.18505859375,595.481836328594,546.6698126251198,587.1105242908969,546436
2021-11-04,581.2481079101562,593.0971824131144,573.4232794288906,593.0971824131144,138674
2021-11-08,572.9513549804688,584.725835047147,567.8590060634517,581.2729983326672,214294
2021-11-09,588.079345703125,606.1137377318661,576.6278069640894,579.1864139698416,922452
2021-11-10,612.870361328125,616.0499862898491,579.2111786094658,585.2474869753567,847110
2021-11-11,614.236572265625,628.9671337759729,603.629595211538,622.5085455144504,1290202
2021-11-12,622.806640625,633.4384829783677,605.1945909842394,613.5659031202227,826108
2021-11-15,638.2078857421875,649.1874739110427,624.9180980510297,632.9416642442972,971626
2021-11-16,703.712890625,724.6784994001476,638.4066473404106,640.8907198981553,4838454
2021-11-17,709.8485717773438,726.3427886845745,691.8638507449797,700.4587657314363,1156958
2021-11-18,683.939697265625,695.5403037743149,670.202764136822,694.546674768923,1148046
2021-11-22,683.1448364257812,736.179786935839,675.6677535707596,692.5097780868209,1063008
2021-11-23,674.500244140625,685.9269780825551,661.8066089161769,684.0639236355013,546854
2021-11-24,691.1185913085938,694.1740124028038,670.6995288915979,677.8784736645483,1670310
2021-11-25,702.619873046875,715.8599909683916,691.1434707745913,698.4218149810202,488030
2021-11-26,675.3944702148438,699.5148392500629,661.2601214785751,699.5148392500629,486842
2021-11-29,698.4218139648438,735.2854237909803,578.2920495220953,652.3670756950216,532176
2021-11-30,704.3836059570312,754.164393439371,673.1836318249985,715.4128633416958,1579478
2021-12-01,740.4523315429688,764.5975037424165,691.3919004223945,702.6447608036142,1657866
2021-12-02,712.6803588867188,748.9229502997132,707.9606214106478,748.9229502997132,733008
2021-12-03,710.1217651367188,727.3363990047172,697.9498103719541,719.6854438804625,357996
2021-12-06,711.7860717773438,722.8401938104266,702.4459960652591,714.2701441443287,428438
2021-12-07,710.4447021484375,726.0694931924135,708.45744424033,720.3809916889751,358724
2021-12-08,715.9842529296875,729.8205250916469,707.9606863550694,715.4129041061753,499964
2021-12-09,714.0963134765625,725.3491740943413,709.4511100046022,723.2377124574227,365538
2021-12-10,699.9122924804688,720.4058906236795,695.5403006180633,719.8842111396955,417044
2021-12-13,681.1575317382812,709.252354799814,675.7919109801576,707.3147661568083,416282
2021-12-14,648.8148803710938,685.5046801855794,626.6818304988732,685.1072043219407,1238144
2021-12-15,635.0034790039062,650.3301945303066,627.1786504600924,649.8085150355313,1066986
2021-12-16,627.4270629882812,665.9053229082627,622.2105105818994,628.6442342912491,1241892
2021-12-17,588.3029174804688,637.5372235712856,577.4972018267181,633.4136388563907,5157754
2021-12-20,534.0755615234375,569.2748550071411,527.7411769565316,561.4003576944041,2037696
2021-12-21,564.7787475585938,572.1812350876216,544.7570989607058,546.2475424599143,2229748
2021-12-22,602.3130493164062,605.5175392417997,561.4252521932552,568.8774697225866,1216016
2021-12-23,633.4881591796875,636.8665220507881,604.0767649286875,604.4990451259997,1196650
2021-12-24,619.130126953125,644.517393193571,615.1059421438391,639.3008416065687,560720
2021-12-27,611.0321044921875,632.4447951687193,590.2404318784686,625.8868686839326,655276
2021-12-28,603.4308471679688,623.5021640194481,596.1773679867232,612.0754311330359,419708
2021-12-29,620.2728881835938,630.8301960521571,606.6104897654529,606.6104897654529,1027698
2021-12-30,616.397705078125,623.5021764467551,609.1690907349879,620.9932390479516,270284
2021-12-31,612.8455200195312,626.8059946406137,606.2129982598924,619.5276504511223,173134
2022-01-03,616.8200073242188,664.5886683813172,611.0817761433786,612.6715581317376,687116
2022-01-04,612.5225830078125,625.762700996358,607.6041075387055,624.84354569359,506730
2022-01-05,615.826416015625,631.9480217135557,612.1747810523634,623.5021755114091,412058
2022-01-06,596.2022705078125,619.0805420570173,591.8551435925328,613.5659131851801,418062
2022-01-07,598.9844360351562,615.2054421846777,587.7564400523834,615.2054421846777,772460
2022-01-10,608.4984130859375,613.5162273178441,601.6920181686542,607.1073082520445,279504
2022-01-11,619.6022338867188,624.4958447252735,609.7156129189276,610.6595726257364,470536
2022-01-12,616.8448486328125,637.9346597784447,612.0754417355615,624.4958037837669,654450
2022-01-13,605.6168823242188,620.1983759342659,602.1640457688319,618.6085937748724,219734
2022-01-14,598.0155639648438,608.2996600653616,592.6003346621313,605.6168497501701,444188
2022-01-17,617.31689453125,622.0117673988626,592.6997112674466,604.9462010855106,572394
2022-01-18,616.0250854492188,634.4817553676171,611.3550778904054,625.3403568771151,635700
2022-01-19,615.2799072265625,621.9372338068708,601.9156453903819,614.9072963431083,561364
2022-01-20,633.736572265625,638.4066407552742,614.65888308967,618.4098568716946,438652
2022-01-21,634.1091918945312,645.8091979407754,619.0308835457708,625.9862867316783,474180
2022-01-24,602.0646362304688,655.9938741535916,579.2857036658365,635.9225563398549,652578
2022-01-25,637.95947265625,645.3620206653512,574.3920831009657,586.1914272047395,438828
2022-01-27,629.5385131835938,653.311075157991,609.5913986455171,635.4257529483426,670708
2022-01-28,637.4130249023438,659.347397943092,626.9799200520326,645.8340067015736,565806
2022-01-31,642.9524536132812,660.7632400987127,636.1957890016816,650.1562633737559,287734
2022-02-01,644.4677124023438,660.7632514330464,637.9097855940088,650.8020969555553,242314
2022-02-02,681.778564453125,691.5657858710846,645.8588517474209,645.8588517474209,493516
2022-02-03,661.9307861328125,681.6294931628804,653.3110666976587,678.002723058814,237370
2022-02-04,650.3550415039062,665.7065609429271,645.8588460478986,663.2473534414959,187602
2022-02-07,655.3728637695312,664.7129400382618,637.4626766776469,637.4626766776469,331554
2022-02-08,642.2320556640625,665.6072012657843,630.9543911980192,665.6072012657843,311824
2022-02-09,643.946044921875,650.8269127480055,637.9842716753284,645.8587683758833,277774
2022-02-10,645.0390625,665.3091173703526,640.1703170251327,656.7887369814621,1001048
2022-02-11,639.4996337890625,643.3251420281242,626.5327867860658,643.3251420281242,363374
2022-02-14,607.6289672851562,625.6881613036569,604.5238768195853,611.0818036243518,205274
2022-02-15,612.0258178710938,630.9544389091062,581.9685394821166,615.9506646990804,1020658
2022-02-16,639.32568359375,643.3747336218652,617.3416434680609,621.4900321308805,314104
2022-02-17,628.2467651367188,650.1314062513596,617.8384655553942,639.3256914800173,188246
2022-02-18,631.1531372070312,633.4384717208426,621.7136619421716,625.9613894235786,119448
2022-02-21,629.9856567382812,636.9410598018171,617.7639714095982,618.5340581501532,517192
2022-02-22,588.7997436523438,631.2028510315799,586.2411367314162,623.5022259304469,1086082
2022-02-23,592.376708984375,602.2881938446793,585.3219679140776,588.799669132508,843200
2022-02-24,523.6921997070312,575.708718951527,509.2349085781234,546.9928139946477,2256080
2022-02-25,583.65771484375,586.241126055984,542.1985072954836,546.5456342895428,1043360
2022-02-28,560.1583251953125,573.5226468126024,549.5264832131218,566.3685061841741,1024496
2022-03-02,546.1233520507812,558.3201725729791,542.5463118246395,553.4513660992225,743440
2022-03-03,537.9508056640625,561.4004275842818,527.6170390216879,558.7672862760279,811090
2022-03-04,518.1526489257812,534.32398485998,514.2029979824075,524.164152781553,632932
2022-03-07,493.9577941894531,504.2666945962232,486.1578008290984,489.61066751189946,884690
2022-03-08,511.94244384765625,517.8297438053833,481.98456784104155,490.90236327538094,747400
2022-03-09,535.78955078125,548.8806608239025,512.7374074657096,521.5558644706294,461218
2022-03-10,541.52783203125,548.4087010704596,524.834876127254,544.0119046552466,642334
2022-03-11,544.9061279296875,550.4704256634345,527.9399018686535,540.5341363915314,982412
2022-03-14,530.1506958007812,542.8194644749599,512.215706003066,541.5277590139107,843020
2022-03-15,514.6998291015625,535.0443588987453,507.7444260055954,535.0443588987453,838446
2022-03-16,525.058349609375,540.0373176987231,516.910580340963,525.4806297708645,460234
2022-03-17,551.76220703125,555.4386466967867,527.7661015268552,533.5788072919042,2051924
2022-03-21,550.644287109375,562.8411061947155,537.0812889239446,558.916259884931,347298
2022-03-22,528.8093872070312,558.3698511464595,523.8163770226064,555.2895647347368,816958
2022-03-23,532.4857788085938,538.0749416549162,529.1074161185196,534.9698511847371,427146
2022-03-24,540.4595947265625,544.3347717483069,527.5176145140789,534.39848261183,525926
2022-03-25,535.2679443359375,544.6328853550865,529.6042470134752,542.0246092792696,279930
2022-03-28,535.3673095703125,539.0437491128775,527.6915495672724,539.0437491128775,667086
2022-03-29,532.7093505859375,543.9870155401012,529.1074454409172,537.0564774851,534052
2022-03-30,555.215087890625,558.4195172676699,536.758416449537,540.0373801334139,1622862
2022-03-31,559.512451171875,560.90355599442,549.9736372770797,557.4258545843572,1967048
2022-04-01,586.4895629882812,592.1035915346204,561.8972433204118,561.8972433204118,1046568
2022-04-04,596.8977661132812,606.6105139988933,588.4519194810281,592.202893273285,732002
2022-04-05,588.2034912109375,599.5805551618544,582.5149895586292,597.667831504504,345362
2022-04-06,577.34814453125,596.6742415878784,557.0781483988114,576.8513300086955,1514968
2022-04-07,578.043701171875,607.0576816281126,574.218253579066,595.6806168500887,1281558
2022-04-08,580.7264404296875,590.7123990497125,577.2487391737178,586.1417302289569,352462
2022-04-11,577.1990966796875,586.1914267873212,572.4793590415388,584.7009833226427,242484
2022-04-12,565.3500366210938,579.2360382987249,559.5373312233979,571.3366756110167,266472
2022-04-13,564.8035278320312,576.8016096187349,562.4933283774252,570.3430213973365,165306
2022-04-18,543.4157104492188,564.8035377389939,541.6519947608424,564.8035377389939,202330
2022-04-19,517.7552490234375,546.49595603665,507.54568667714113,546.49595603665,391534
2022-04-20,499.0749816894531,525.1329073277246,493.63485704843856,519.1711335453853,813002
2022-04-21,507.9928283691406,517.6807111595546,486.878212031059,509.1106609988038,732252
2022-04-22,508.6883850097656,520.1896529571565,500.8138568928787,507.74442531875803,293028
2022-04-25,489.7845764160156,508.24124773730034,487.87185266669496,508.24124773730034,511596
2022-04-26,502.7762756347656,506.6514226827354,493.1877618182189,501.7826466315349,145858
2022-04-27,503.14886474609375,519.1711317301091,492.49218808279323,519.1711317301091,752950
2022-04-28,516.5380249023438,522.0775188514981,504.3164000119282,511.7189483848137,502314
2022-04-29,501.33551025390625,526.1514314331249,479.67440973238286,524.1393084077306,239760
2022-05-02,510.8494873046875,516.6621924421951,498.40429068807987,501.33547791611846,156000
2022-05-04,507.3221435546875,520.6616008753343,501.78264969855695,512.7125688009017,366616
2022-05-05,511.6940612792969,516.786409817345,503.9437673408935,509.2348538048084,222192
2022-05-06,491.5234069824219,505.2603398560475,477.4138935618462,505.2603398560475,508016
2022-05-09,467.17950439453125,493.3368000299091,458.2617083503964,487.87184051296146,360746
2022-05-10,441.1712341308594,471.92406089153764,435.8553134207341,467.1794586083013,789232
2022-05-11,445.46875,454.5604496210157,415.3369373333386,442.1897559850563,879468
2022-05-12,436.9731750488281,451.10755323861054,427.26045791322144,450.61073875266493,206032
2022-05-13,427.65789794921875,453.0948053678322,423.1617329737402,447.1330316129923,274756
2022-05-16,457.44195556640625,462.43493527798285,421.32353498135495,439.65600234862825,616590
2022-05-17,458.3362121582031,465.49035310694074,448.6234947213901,465.49035310694074,317736
2022-05-18,452.1011962890625,464.22348225288664,436.1037632788194,464.22348225288664,343098
2022-05-19,447.9279479980469,452.5980164995308,430.24136365378007,438.1903957767137,345510
2022-05-20,491.2998962402344,492.71580550819897,457.86425442617764,460.54706499228683,1003496
2022-05-23,464.62091064453125,498.1558882526828,456.5476752944207,495.8208541175594,455496
2022-05-24,449.36871337890625,466.95595873493625,447.20758244216506,462.0374830761557,222748
2022-05-25,422.93817138671875,454.3616880363109,410.7662163208688,451.1075591751729,364456
2022-05-26,436.7496337890625,439.03499878220777,404.50638953260767,424.77641594831806,560162
2022-05-27,438.5381774902344,444.0031371432101,422.2923368208491,443.65536091884496,265742
2022-05-30,465.2419128417969,470.33426111929805,441.5686914029833,442.1152055095799,606194
2022-05-31,481.0406494140625,486.2323671093428,453.3432404754268,453.3432404754268,577054
2022-06-01,496.9138488769531,504.2666971150851,481.1896584583412,485.8845613581805,1337190
2022-06-02,514.1781616210938,516.6870991978354,497.23679867088697,497.808147496376,592016
2022-06-03,542.09912109375,547.489545964229,510.2533256946002,520.6615645830418,2189472
2022-06-06,532.560302734375,552.4577486040403,522.6488772764842,542.0991779469754,949510
2022-06-07,519.9163818359375,530.1010792345393,514.2278799864589,530.1010792345393,500042
2022-06-08,546.2971801757812,552.2341494919386,526.5240006179973,526.5240006179973,983694
2022-06-09,549.302978515625,553.9481820836579,534.0756015604774,536.6590127699696,394386
2022-06-10,545.3781127929688,548.8806792470622,535.1188813249021,535.1188813249021,1264388
2022-06-13,548.9551391601562,550.9921270590831,532.0634467249918,533.3054829334598,1173048
2022-06-14,545.05517578125,553.6748952263653,540.2857687108558,549.9736514601539,775654
2022-06-15,524.7603149414062,544.7074292196818,516.687079326923,544.7074292196818,570946
2022-06-16,515.5195922851562,529.0329227996706,506.750803988834,526.5240458931939,469188
2022-06-17,520.6119384765625,530.4488294116901,492.9145294739267,506.8004708050679,3711084
2022-06-20,503.9189147949219,526.6233423160058,489.51129505231415,526.6233423160058,1193512
2022-06-21,512.6629028320312,526.6233783747815,504.2667255192483,511.66927381622975,529278
2022-06-22,502.0062255859375,515.6934592143272,496.21832443948347,515.6934592143272,861338
2022-06-23,507.8934631347656,512.8864428526396,503.59603585416266,506.7259611755798,575322
2022-06-24,502.0062255859375,510.303033932725,499.7953949610917,507.7444270877095,300700
2022-06-27,510.4519958496094,518.8978417222438,504.98706707870025,510.725268062831,327940
2022-06-28,510.8494873046875,524.1392745990229,491.87116816926834,508.7380257719426,597992
2022-06-29,523.0960083007812,528.5609678960768,512.8864458892308,520.5622664358592,308768
2022-06-30,531.0946655273438,542.9685434247075,514.6004494720106,526.1265208544968,399786
2022-07-01,530.0513916015625,532.0634538986291,519.1711421394284,526.6482244737364,78134
2022-07-04,526.0520629882812,536.4603639779561,522.6240305366788,535.5660735483881,111336
2022-07-05,516.786376953125,530.9455890609233,512.7870569385246,529.306137730956,108884
2022-07-06,543.6143798828125,544.5086702055382,520.6615751600402,524.1144115383167,220544
2022-07-07,547.9366455078125,561.2761007883048,541.5277272487295,561.2761007883048,195872
2022-07-08,540.7080078125,553.1035650323145,535.6653288918511,553.1035650323145,124582
2022-07-11,541.5028686523438,551.3398187144622,535.8143676355463,540.0372903290114,112546
2022-07-12,544.6577758789062,551.4641104612126,523.0711488609085,543.0182637244193,623986
2022-07-13,547.315673828125,565.8716821812806,537.6525959843096,544.657728538886,739236
2022-07-14,553.426513671875,566.3685562553545,531.5915396431836,543.0431386575701,621118
2022-07-15,546.3468017578125,555.4385300411534,545.9245216236229,550.9672001928793,84612
2022-07-18,552.3831787109375,560.4067448556395,548.9800115828739,548.9800115828739,756464
2022-07-19,559.338623046875,566.3685607325975,550.8182417802772,553.4017137082437,931658
2022-07-20,562.4436645507812,571.3366559332632,558.9162938477575,567.8589545493217,694184
2022-07-21,555.4136962890625,573.8206961245636,548.4831588930894,568.2315334999737,279534
2022-07-22,560.506103515625,567.8589824905591,553.3520231193999,555.9105693178668,404198
2022-07-25,574.4666137695312,576.304803107129,556.2334857662071,561.4003685440136,497346
2022-07-26,562.8411254882812,581.2480652236836,558.9162790439575,574.4665962216551,493786
2022-07-27,568.8277587890625,575.5099504517387,558.1214423014567,571.7341722397953,431770
2022-07-28,581.8193969726562,590.7123878594291,568.8525518074401,568.8525518074401,669050
2022-07-29,568.6041870117188,586.1168978829841,565.6729693749278,580.8506763885445,132550
2022-08-01,561.6239013671875,571.833463129894,557.326504657403,568.8525762673577,397022
2022-08-02,546.8189086914062,566.3436827655263,539.1430880380675,565.3500537343862,487922
2022-08-03,548.9054565429688,553.2774481493773,541.527773772665,545.9991040148245,480728
2022-08-04,515.32080078125,537.2799757461888,504.2666790002109,535.0691756484996,16209528
2022-08-05,529.8278198242188,532.436096050422,515.8425396236198,516.687100047869,3445942
2022-08-08,531.3182373046875,538.7456503911167,526.126550091577,531.5915095353989,892294
2022-08-10,524.2634887695312,537.7271492729691,516.9851443868018,534.075574913287,492098
2022-08-11,535.6156616210938,543.8627695959582,527.3436886645054,530.5978476629043,1484990
2022-08-12,545.3035888671875,549.9736573460895,531.7405892607968,535.4915023878873,1043578
2022-08-16,551.6876220703125,555.9354101868282,543.5150480289456,543.5150480289456,1370832
2022-08-17,566.6666259765625,568.2067388500443,549.998535318535,558.9163316404095,1186200
2022-08-18,555.215087890625,573.3239527819316,552.4826080463437,565.8717350248007,839214
2022-08-19,544.6080932617188,559.1647840439996,536.5597216948197,557.9227476511876,297980
2022-08-22,525.1329345703125,545.0055148757169,522.1520475245018,545.0055148757169,900684
2022-08-23,524.685791015625,529.0081136332715,519.1711620929887,521.6552346388881,512156
2022-08-24,540.8571166992188,544.5086911391858,523.5679478680307,523.617617188692,376946
2022-08-25,531.6163940429688,552.7061458672006,529.2565251055582,548.9800370186576,406866
2022-08-26,525.3565063476562,539.8635271731912,522.1520768519491,532.0883675627379,183220
2022-08-29,518.3265991210938,523.3444135097208,508.7132202221415,514.2030144567842,123078
2022-08-30,545.0054931640625,548.9800090668086,521.9036194793506,530.5978730166078,940872
2022-09-01,538.7208251953125,545.0055411491282,528.6106616068117,539.5405813016894,777560
2022-09-02,540.8818969726562,548.48318273098,537.3297219783485,541.5277800514205,607770
2022-09-05,548.3341674804688,552.3832179921459,537.5781815215232,540.8819495987211,575984
2022-09-06,545.949462890625,553.9481641631829,541.5278017379995,553.4264846828049,321098
2022-09-07,550.3462524414062,551.4640850462297,539.1927913762436,544.0118676807401,258674
2022-09-08,549.501708984375,554.9418035701633,547.0176364527271,551.4641020258562,159332
2022-09-09,548.6571044921875,552.457747709558,542.074312084677,549.9736751029503,330842
2022-09-12,548.40869140625,550.6940260507932,545.5023386166514,548.6570986642722,146692
2022-09-13,547.2908325195312,556.3576970028649,544.011869000024,556.3576970028649,284182
2022-09-14,527.3189086914062,539.5405329437449,526.1265417932099,535.9386279125828,732624
2022-09-15,516.9603271484375,533.3552048528893,514.6997970246074,529.1322818078032,390462
2022-09-16,514.8736572265625,526.6233314200523,509.85584327342326,515.7182782024671,467240
2022-09-19,512.0419311523438,518.9476655679497,502.18014408190925,510.8246991097718,227474
2022-09-20,525.5303955078125,529.0329012993737,516.7616075678603,516.7616075678603,133990
2022-09-21,534.42333984375,536.0379869882443,519.7176425954635,525.5304087034237,532996
2022-09-22,538.671142578125,540.1864511205877,530.0017534744253,534.0756082743687,266334
2022-09-23,514.5756225585938,538.6711260044946,510.2284956482508,538.5469223784849,479030
2022-09-26,498.3297424316406,514.501047182577,489.90873119577145,506.75075366750985,372108
2022-09-27,489.3374328613281,507.9679760410593,486.8781950969737,507.9679760410593,306278
2022-09-28,478.40753173828125,491.3495434770663,474.4578503747202,491.3495434770663,269006
2022-09-29,470.3094787597656,485.88460187464614,461.0438758074352,484.3941583106135,586014
2022-09-30,459.15594482421875,465.49032939377594,457.06931796020535,462.5342771966861,420064
2022-10-03,460.1247253417969,464.5215211938915,451.1075307423032,462.0374488880418,745730
2022-10-04,483.02789306640625,485.3877619191349,460.89481336491815,462.53429513481535,455752
2022-10-06,494.777587890625,500.3667511874574,481.9349144769015,496.81451527398775,878236
2022-10-07,499.9692687988281,505.7571699555763,491.846363709254,499.2737466804027,869040
2022-10-10,501.53424072265625,505.682629692984,495.82087393879243,499.7953899623499,290698
2022-10-11,486.8782043457031,516.0411908985021,482.50624286110644,504.2418769836825,525942
2022-10-12,493.8832702636719,503.322745533228,473.4642069414184,490.3558995290451,601200
2022-10-13,491.7469787597656,495.8208636641209,486.6297955501066,493.8832750135281,321578
2022-10-14,486.75396728515625,500.2921613229419,484.4686328979453,496.81446010222635,343578
2022-10-17,502.1055908203125,504.763536288635,479.42599657335904,483.201774676179,533104
2022-10-18,501.55908203125,504.26672717281804,485.1145338950718,499.29858207751937,822806
2022-10-19,511.5450439453125,517.6806906738473,487.87182172909604,503.2730706838842,1154652
2022-10-20,501.2361755371094,506.2539900015838,498.3049577738847,500.962903295761,214342
2022-10-21,499.52215576171875,512.2406254273341,495.8457162539128,503.7450791019398,733992
2022-10-24,512.8118896484375,516.6373975892919,499.5221324333088,501.18644883688,179616
2022-10-25,500.863525390625,516.6870542992808,499.14950938625236,516.6870542992808,776906
2022-10-27,504.09283447265625,510.6010921632341,502.055876869504,505.6329472625945,710196
2022-10-28,491.6724548339844,502.9004497831129,489.8590698801179,502.9004497831129,477780
2022-10-31,491.9208679199219,497.5100308019549,482.90367300764893,491.8463336189017,448370
2022-11-01,497.8826599121094,502.72660125410687,487.3750211794393,496.3176821185115,696388
2022-11-02,489.5858459472656,501.53422838451536,486.87820090819713,489.31260404199816,489744
2022-11-03,475.30242919921875,489.58584580329466,473.4642095194555,489.58584580329466,678700
2022-11-04,471.1540222167969,478.50690112636585,467.99926224915475,475.3024415144883,549138
2022-11-07,461.76422119140625,473.46419604692875,458.55976175374104,472.9673815704891,716486
2022-11-09,474.482666015625,476.7431658490791,460.5470258294292,467.00561410966924,2832778
2022-11-10,477.11578369140625,479.27694491837786,464.52154848994945,474.9546527875847,1502460
2022-11-11,474.7310791015625,481.91005453530084,464.7699546574989,481.91005453530084,1316984
2022-11-14,469.762939453125,482.87885424397757,465.9871614222297,477.1157879109028,645278
2022-11-15,489.0641784667969,493.65971233374347,464.52153141568203,471.45209936613935,2955738
2022-11-16,489.9833068847656,503.74507477520876,487.6731073009915,489.9584722240785,1403528
2022-11-17,503.3476257324219,506.7507929479591,480.54382792050336,489.8590998496938,1718704
2022-11-18,513.8055419921875,516.6870904087574,491.37438505919806,503.27309863853,1732978
2022-11-21,494.9266052246094,513.8055256825063,484.4189665422138,513.8055256825063,975760
2022-11-22,479.4259948730469,489.83426476419555,476.24636992804824,487.8718414148519,680394
2022-11-23,491.00177001953125,498.0317074058906,477.4387400757656,477.4387400757656,1038100
2022-11-24,505.185791015625,508.9367645918844,485.4125808092548,494.3304067750015,1281648
2022-11-25,511.71893310546875,514.203005596272,493.3616313338026,501.8323124628116,1179848
2022-11-28,496.5909118652344,512.8616165540517,492.36798874742755,511.79345328322887,1126786
2022-11-29,495.47308349609375,506.70110913415533,488.5922149571335,498.5285047307367,918208
2022-11-30,489.5113220214844,494.23105978340266,487.4246950515851,491.6973179562647,217330
2022-12-01,497.0877380371094,500.2921976017707,490.3559076791933,490.3559076791933,395778
2022-12-02,521.133544921875,523.1456679030997,500.2922009291751,501.2858299280414,2424890
2022-12-05,540.236083984375,544.0118619471684,521.7048794056457,524.5367583624654,2147106
2022-12-06,524.4622802734375,535.7648110367397,522.6985644013009,531.6412261041335,365676
2022-12-07,529.8526611328125,534.0755843579685,514.2526737953289,522.6488509251934,1281882
2022-12-08,540.1864013671875,550.9175818669605,535.7647404231876,535.7647404231876,1667570
2022-12-09,524.8348388671875,543.4653822245069,522.2265627971627,542.9933720716749,484890
2022-12-12,538.1742553710938,542.7449240730317,515.8176050210368,518.1774736690984,545820
2022-12-13,510.1539306640625,540.7328858072572,499.47241946957797,539.0437044658465,1321308
2022-12-14,517.3577270507812,521.5309806541966,508.0673208846907,516.5628360421061,720310
2022-12-15,520.2890014648438,525.704291814173,509.6074893793874,521.6055720604513,1171144
2022-12-16,513.2342529296875,523.8908998923044,502.40367237182824,520.6616055828687,3118380
2022-12-19,516.7367553710938,518.9972856310823,508.26607411154254,514.6998280265041,281278
2022-12-20,511.7438049316406,518.6246736939124,507.4960166570477,516.6870849959174,809214
2022-12-21,515.1221313476562,534.4730936055514,509.88077446381686,515.6934801842505,867856
2022-12-22,510.2036437988281,520.1399341354044,507.04888374622584,516.1902829851366,535492
2022-12-23,510.97369384765625,516.3889838212908,502.45331336692607,510.2036071433769,1473180
2022-12-26,508.5890197753906,516.1406063894041,505.7571710047417,510.973723357934,205548
2022-12-27,511.5946960449219,521.5309853587344,499.34820733638855,510.10425264785,492428
2022-12-28,538.5469360351562,545.9991537847202,509.40875250510044,510.62598445864455,1321834
2022-12-29,543.9125366210938,551.4392277480911,522.1520373520867,535.5660287969073,597444
2022-12-30,541.9500122070312,553.4512784623247,536.6589263653635,553.4512784623247,378300
2023-01-02,547.0176391601562,548.98003221135,529.6788006741752,534.5724114564821,392352
2023-01-03,542.2233276367188,548.9799923362125,539.0685678643177,544.4093234458691,147356
2023-01-04,532.287109375,546.4463237407864,528.1635244415293,546.4463237407864,188614
2023-01-05,535.0195922851562,543.8628547429244,531.8896364127585,537.5781993051249,286350
2023-01-06,525.679443359375,539.938056793301,522.6488868481666,537.056508253677,216584
2023-01-09,523.2698364257812,531.4921400983487,517.2087241978111,529.1074064025227,1023108
2023-01-10,513.2093505859375,526.5984763741666,509.55777633881115,524.5615491642177,428906
2023-01-11,514.2030029296875,519.0718092449333,507.0488620640143,513.2590432588173,448646
2023-01-12,507.94317626953125,517.6310593884037,504.78838588052014,517.1839141921182,1068172
2023-01-13,506.7011413574219,510.72532684238615,502.27947999771635,506.7508106801886,432864
2023-01-16,510.0545959472656,512.6876762927797,502.40364085711633,506.75076753943995,319988
2023-01-17,539.6895751953125,546.4959090771179,505.60808485352317,506.7507520533275,1683238
2023-01-18,549.9239501953125,555.9353931664227,514.7246570467873,539.6895842198104,1201778
2023-01-19,551.0914916992188,557.6742839146929,531.8150645757624,545.5023284974011,876634
2023-01-20,557.4010009765625,567.3621559057575,546.7194892848166,550.9672774951708,593000
2023-01-23,543.788330078125,561.1271074467033,531.5915099602366,561.1271074467033,441118
2023-01-24,535.4417724609375,539.8385682057489,529.7284062968913,536.5596049712943,611710
2023-01-25,530.001708984375,537.6526034226963,525.5055137033875,529.9519790195741,342258
2023-01-27,502.5527038574219,533.0819610957064,496.8145024191113,531.318245353598,270398
2023-01-30,510.97369384765625,515.1220826358762,496.8144811353002,500.91320060466643,633954
2023-01-31,507.91827392578125,517.7303599526674,502.3788106412011,516.190247186568,877548
2023-02-01,515.7680053710938,523.8412413101968,505.5584427403528,516.6871001025925,418686
2023-02-02,504.24188232421875,512.4641562261842,492.24380003222234,512.4641562261842,495830
2023-02-03,484.2202453613281,508.76289281779685,471.9737562924793,503.76988303218315,1034844
2023-02-06,496.6157531738281,502.9004686154972,480.966096704193,485.36292314431387,303758
2023-02-07,493.6596984863281,499.9195485299659,491.89598290131886,499.9195485299659,112474
2023-02-08,490.75335693359375,497.46035268220277,487.3998590592892,492.71578027281686,237806
2023-02-09,493.7093811035156,498.0068384116888,488.41829485224105,492.81512111935416,296156
2023-02-10,496.3922119140625,501.4845604581192,483.0030552872542,490.8775528578281,409464
2023-02-13,494.8272399902344,498.8017559740917,491.8463530023414,498.7769213138227,498502
2023-02-14,484.3941650390625,491.8463829627404,482.4069069260817,484.3941650390625,104938
2023-02-15,483.4998474121094,485.31320203050774,478.4323337624567,484.39410739189543,114746
2023-02-16,464.7451171875,486.3565473375292,462.90689752390205,483.62406766338756,1066408
2023-02-17,447.3317565917969,461.56547282577503,444.6489463504787,461.56547282577503,610610
2023-02-20,437.4700012207031,445.6426057974492,424.9751347592915,445.6426057974492,932204
2023-02-21,434.21588134765625,449.1451512950364,432.725437819003,439.656006291871,249982
2023-02-22,421.7955017089844,435.1846582695592,420.0814856550776,434.21586395012054,240504
2023-02-23,400.35797119140625,425.1738626774765,397.94843288435106,425.1738626774765,668412
2023-02-24,357.5076904296875,401.52547189028485,353.23509799807056,401.3764336097679,3334292
2023-02-27,401.3019104003906,418.3178069416638,355.2223657521254,355.71918024968085,10271222
2023-02-28,407.4872741699219,413.8464939425845,393.7255059417746,397.45161483081347,2861756
2023-03-01,419.68402099609375,432.2782556052196,399.7866076574757,402.34518396862336,3205428
2023-03-02,495.4979248046875,503.62085999749485,414.8401036144245,419.78341390775336,13669366
2023-03-03,510.97369384765625,540.360282536069,480.07182705641065,497.3112956164355,13142818
2023-03-06,492.3680114746094,520.6616037345473,485.2387354229626,496.8641767017708,3480972
2023-03-08,463.15533447265625,486.2075402404595,457.7400440964104,484.39415512023584,1460710
2023-03-09,461.7890625,475.4514607988166,457.69034301035504,465.01835664335664,803264
2023-03-10,448.9712829589844,458.8330389456394,446.16426882191905,458.559797027209,392770
2023-03-13,436.12860107421875,450.6107560238715,432.2782886605638,449.5922923532768,404536
2023-03-14,422.34197998046875,443.6553334360518,419.8082382457601,434.71267273969244,667636
2023-03-15,429.42156982421875,435.20947045901175,422.0935564803027,429.6451423976459,487046
2023-03-16,425.29803466796875,432.0795645310059,420.25538582904994,430.4897521112047,701570
2023-03-17,443.3324279785156,455.52924879068314,420.30508694030243,431.73182098241466,1896546
2023-03-20,428.35345458984375,443.6801693070265,412.8528366092005,443.6553346474321,597480
2023-03-21,423.23626708984375,431.4585406585014,420.30504953240296,431.2349680781628,304126
2023-03-22,426.9623718261719,434.2158510299061,422.7891181080665,424.6770070479145,232610
2023-03-23,420.67767333984375,425.2980420754033,417.3241755009965,425.2980420754033,215906
2023-03-24,410.4184875488281,421.17453468357394,407.8847454735644,420.3051092212369,421898
2023-03-27,395.166259765625,413.6974342854008,390.2974534768856,410.8655856113575,836800
2023-03-28,391.4401550292969,412.3560332618739,386.0248648728627,397.4515983246977,968898
2023-03-29,430.4897766113281,430.5643109177286,391.4898372414617,391.4898372414617,1578236
2023-03-31,462.1864929199219,469.24126442105666,418.16874324112877,432.2285866027732,2512550
2023-04-03,455.0075378417969,472.470579267866,449.89035466724806,457.04449544157353,1388838
2023-04-05,448.62347412109375,465.3412934532049,444.8228312310075,452.5979899494091,538886
2023-04-06,454.3616943359375,466.83175646406244,442.1649044409876,449.61712193156603,872360
2023-04-10,468.3966979980469,471.4769539196865,452.1011886901103,457.5661481138369,1165336
2023-04-11,453.6910095214844,483.77312156823456,452.39927362173773,471.973777139741,1380028
2023-04-12,454.6598205566406,461.66489316630356,451.13241926726306,456.498010023936,480110
2023-04-13,454.53558349609375,459.4291940337519,451.23175504855925,454.6597871170815,407128
2023-04-17,468.7444763183594,470.43365773164965,452.2005596894003,458.4107408806875,946646
2023-04-18,463.8011779785156,479.922814831213,462.28589979341996,468.96806099208726,902004
2023-04-19,473.2158203125,480.4196307004593,465.0183809055118,466.6330280614337,977042
2023-04-20,467.9495849609375,476.3705663925085,464.67059110010916,475.89861688078764,417850
2023-04-21,451.0081787109375,475.426622523078,447.6546809721899,471.05466116534063,1418682
2023-04-24,450.9336853027344,468.9928799380375,448.92156235380213,457.06933214300267,1472038
2023-04-25,444.0279235839844,458.06293207768795,437.2463940763515,458.06293207768795,1203452
2023-04-26,450.5859069824219,455.82729377812893,444.0279496612564,448.1018345367645,692336
2023-04-27,467.2540283203125,480.51898128143625,449.61711390737145,452.10118635989835,2924156
2023-04-28,461.4909973144531,473.06676900288045,455.10691284902697,472.47058554324315,1404372
2023-05-02,454.83367919921875,463.9999128785137,452.5980139273493,462.03748951968697,668564
2023-05-03,452.17572021484375,458.882715830023,449.6667827817567,455.5292180224334,740748
2023-05-04,450.1884460449219,455.305629043175,447.6298393842208,452.2502079103494,552406
2023-05-05,445.1954650878906,451.57954966080183,442.6617232457109,449.09547713978213,799420
2023-05-08,459.926025390625,493.33680066204766,448.747699091636,450.2381425981679,7539090
2023-05-09,476.76800537109375,486.3813529763518,461.7393680600267,463.5030533162,3071052
2023-05-10,484.5928649902344,488.7164191867752,474.88011746594435,480.2705728687144,927050
2023-05-11,488.468017578125,495.79603137981746,483.40050366418893,487.8718341194589,1397966
2023-05-12,484.2699279785156,492.7406090357463,470.0113459374984,490.85272002336336,2183476
2023-05-15,499.7457275390625,505.5087637235049,472.99224799233565,481.9100745079113,2475144
2023-05-16,495.96990966796875,504.26671788899915,493.11322629076506,503.6953690842982,1188290
2023-05-17,492.04510498046875,497.80814119235725,481.0406514066865,496.81451216802117,871678
2023-05-18,491.5979309082031,496.81448297948776,477.0909419405722,496.81448297948776,974782
2023-05-19,479.599853515625,491.57310086167917,476.4450936483604,491.57310086167917,576354
2023-05-22,477.8609924316406,483.5495242562355,474.95463987131126,479.42597016298674,372768
2023-05-23,491.54827880859375,492.4425388446537,477.1654929578642,481.2393779256382,791644
2023-05-24,487.00238037109375,497.3112805421727,484.64251165723226,490.3558780171074,850926
2023-05-25,480.91644287109375,493.8087853949232,478.68077758915166,489.511327779263,817900
2023-05-26,506.875,514.2030139671649,473.961038961039,481.88523640033225,1948786
2023-05-29,526.7724609375,529.1074649279562,496.8145210591139,506.7508114802962,2495412
2023-05-30,522.1520385742188,537.4539494056088,509.43359952602896,527.1201835654102,10026412
2023-05-31,541.9749755859375,551.1163749437278,526.474326071518,533.5787980130816,991117
2023-06-01,555.48828125,561.6984625103888,545.3035839829623,546.4959509142172,1081287
2023-06-02,553.9481811523438,573.0755398737475,547.8373383932184,555.3392860451488,823692
2023-06-05,552.8054809570312,560.8539124059181,532.9826305272767,551.4144367169674,1114988
2023-06-06,570.2933349609375,578.2920356965531,546.5952486567285,554.4449414410251,3227475
2023-06-07,589.91748046875,595.6805158657992,559.5124002352796,570.243640697854,2524710
2023-06-08,576.453857421875,589.2219651225889,572.3302730364439,588.2283361763451,2534420
2023-06-09,595.4321899414062,607.1073309206495,568.2564605163269,578.2424200331426,1703170
2023-06-12,609.8397827148438,619.0308507231733,597.171013297957,597.171013297957,1313871
2023-06-13,675.270263671875,688.4855782711338,601.7914455137368,610.0882236451785,3350853
2023-06-14,645.6104125976562,704.4829280980966,638.7046792409187,679.6422042582484,4595541
2023-06-15,643.9212646484375,659.4715828373199,632.9913455919532,648.8397403531158,2152185
2023-06-16,620.2232055664062,661.657545100871,617.0435807825504,645.8588204648273,1809974
2023-06-19,625.7378540039062,633.2397407197902,617.4907455484383,620.5213018268192,1131328
2023-06-20,634.4320678710938,640.8906558760461,617.0435617039142,625.9862220184636,1456048
2023-06-21,639.2511596679688,647.8460743297896,633.1403780233424,633.1403780233424,744743
2023-06-22,642.4805297851562,647.3493364668365,626.5327954059097,640.8907475381574,722144
2023-06-23,647.4486083984375,659.6702931672885,633.9352787525148,642.4804635806278,1318194
2023-06-26,641.6358642578125,653.3606731866133,636.5186511476835,646.852415999746,433081
2023-06-27,661.6575927734375,669.1098104695809,645.3620524860162,645.8091976770454,1086206
2023-06-28,664.0919189453125,668.8613866699221,644.3684075225342,663.7441730532812,790158
2023-06-30,675.468994140625,681.6295061799668,654.7518533789531,659.3225226021053,937027
2023-07-03,686.498291015625,692.4103349681241,656.7887600614363,656.7887600614363,1203748
2023-07-04,694.8943481445312,717.8968814773764,687.4421313817903,690.1249415456361,3209164
2023-07-05,697.2294921875,705.1785243101534,671.2957384995618,700.5084558088341,1068883
2023-07-06,723.4612426757812,735.2854519041109,698.5708486290982,700.5084372870245,3435011
2023-07-07,696.1861572265625,729.6217354457547,687.8893189972315,720.3809982185558,1116960
2023-07-10,671.4447631835938,699.1173051916866,666.029473275051,698.5211520800095,683955
2023-07-11,657.5836181640625,676.6613058775345,654.1059168856905,671.2460160433814,488916
2023-07-12,678.9467163085938,691.1186721455083,658.2295749181628,659.272873289209,1321922
2023-07-13,693.5530395507812,721.3249821319674,667.7186856420129,675.5683789728129,2344967
2023-07-14,705.0791015625,715.3135285969535,691.1186264908224,693.5530296266517,756698
2023-07-17,700.16064453125,708.9045669204041,691.8141373233367,705.3771963746217,624851
2023-07-18,694.546630859375,710.1466173870497,692.6090422920958,702.3963237642304,338894
2023-07-19,693.5033569335938,699.5148001178466,685.6039944336848,697.6766107681023,385382
2023-07-20,680.6358032226562,701.0548651900767,674.6740297637716,694.3478700488316,504856
2023-07-21,701.651123046875,715.313521415975,675.667701162758,676.7606687737662,961926
2023-07-24,716.803955078125,729.7708008601431,697.6765976227917,699.4651176192255,2387794
2023-07-25,723.01416015625,734.2918249548852,717.4498014142782,723.9580591814382,792562
2023-07-26,722.5670166015625,731.6586855093286,709.8485776069978,725.349165655639,787213
2023-07-27,722.7657470703125,729.7708192768006,715.9096828236135,724.0574526199847,372354
2023-07-28,742.1414794921875,747.2089628273112,690.7211818508134,699.5147737106743,1795663
2023-07-31,754.5121459960938,760.7720571227397,733.2981914109503,734.2918203966019,1027930
2023-08-01,755.952880859375,768.0751659834575,742.6382895315281,755.1579898414329,994590
2023-08-02,726.839599609375,756.549130400117,709.5007617614772,756.549130400117,956794
2023-08-03,705.5759887695312,730.5161151826695,703.986206492573,728.1313811209258,439527
2023-08-04,698.5211791992188,717.1517227411609,697.5275502103152,712.3823157236839,579831
2023-08-07,722.119873046875,739.7567877308544,702.098224513302,702.098224513302,885078
2023-08-08,713.4752807617188,728.2803769011324,711.5874220774388,725.8459737579,363322
2023-08-09,706.0230712890625,718.6918409936345,700.5084424880972,716.903320929308,297136
2023-08-10,688.2371215820312,710.9911883180641,683.6663919903422,708.457446606026,833794
2023-08-11,692.1619262695312,702.4956919657369,690.671482792942,692.4103335156295,606185
2023-08-14,681.8778686523438,692.7581178114659,669.2090995079832,692.5097105733412,556188
2023-08-16,708.705810546875,711.4382900127059,679.3937580952341,682.5237133782493,1015281
2023-08-17,711.9351806640625,725.3491722048369,702.1976285637236,710.444737159532,1215747
2023-08-18,691.5657958984375,712.034529392083,685.6040217958647,711.8358521057057,639879
2023-08-21,699.465087890625,720.281625820297,685.7530209723569,691.6153951918553,685085
2023-08-22,691.2676391601562,703.986076974832,690.5720867995883,699.465077600583,1280561
2023-08-23,689.6778564453125,701.3529970565646,685.7033404925459,691.2676992141995,828452
2023-08-24,677.5059204101562,700.4091177496854,671.6932149241413,691.5161259257932,745083
2023-08-25,650.6282348632812,675.6676969378863,647.5976786459814,674.6740679718012,1076909
2023-08-28,640.8410034179688,668.2651381788593,636.9658262545328,655.8447763041265,844704
2023-08-29,668.4639282226562,687.3428797443663,643.8219404709479,643.8219404709479,2105735
2023-08-30,665.2345581054688,693.1555063380089,662.7504858197874,673.7797425096943,639179
2023-08-31,666.0792236328125,678.9964015586532,662.1047073479384,668.116211745855,601210
2023-09-01,676.4129028320312,680.8345637568876,658.9250576967291,669.6065688321597,941318
2023-09-04,697.2791137695312,705.3772139485658,673.7797649073078,679.0460468450495,1749402
2023-09-05,730.267578125,734.3414323896228,700.707118109525,705.2281175120445,2138692
2023-09-06,717.4000854492188,731.4599590278295,706.8179131158604,731.2612211131271,1713408
2023-09-07,738.266357421875,741.2472444639552,716.4065191132864,719.0893295804192,1486084
2023-09-08,765.3294677734375,775.7766327293556,741.1517553067764,742.4452016795216,2715416
2023-09-11,793.7357788085938,794.9794888976076,772.6921798112679,778.0152954290659,1818016
2023-09-12,781.19921875,813.8838961565149,746.2260661581738,813.8838961565149,2446554
2023-09-13,789.4574584960938,793.9845512479533,726.3267198132907,779.0600296079542,2252565
2023-09-14,796.471923828125,817.0677746036401,789.457411222965,801.29749457822,2582053
2023-09-15,792.2432861328125,805.924096411401,781.0498959048763,803.8346878600644,1965261
2023-09-18,772.4932250976562,797.4668990808408,769.6575296934261,792.9895428165066,436734
2023-09-20,771.050537109375,788.6116875434635,751.2506477342479,772.4932529922517,1140802
2023-09-21,759.2103881835938,787.8157207430125,748.5642174854382,774.9806688314321,530653
2023-09-22,736.8733520507812,770.2047834678172,730.8040709197882,766.1254385408262,655291
2023-09-25,756.1260375976562,764.5335303868185,712.2977039031912,739.211579498196,1490197
2023-09-26,788.263427734375,791.9945578751184,760.8520704459866,760.8520704459866,1079566
2023-09-27,786.0247802734375,819.8536948674843,775.1298676923955,784.0348441208465,2018797
2023-09-28,791.4971313476562,800.9493283907773,782.641890879203,793.8850791023951,2433918
2023-09-29,795.9247436523438,802.3423000422388,788.6116916813346,790.9499031528954,1006883
2023-10-03,784.383056640625,798.0638676545309,780.0052335529941,793.9845228434153,546229
2023-10-04,746.3255004882812,787.2187232581708,740.9029732674144,785.9252769552854,1438598
2023-10-05,745.33056640625,770.3540379755849,743.0421519618095,755.1807747154911,1256107
2023-10-06,775.1298828125,778.4630623699279,744.2361355865012,752.6933643999841,1152789
2023-10-09,773.2891845703125,804.3819362922271,750.4546555601322,765.2299068871738,931789
2023-10-10,796.3226928710938,809.7050259335906,760.2550993218546,781.9454524387203,2420207
2023-10-11,809.854248046875,825.2265164056079,799.3075503894005,805.5758976218373,2342479
2023-10-12,802.9392700195312,813.0879569534891,788.0147482719564,812.3914671263287,1196326
2023-10-13,805.8743896484375,817.8637425857489,786.0247647721918,796.969413395602,889265
2023-10-16,812.5904541015625,815.0778743352956,799.9046109095233,810.8989961970173,817011
2023-10-17,813.58544921875,817.3663159540014,789.507208410834,817.3663159540014,1252181
2023-10-18,810.4512329101562,815.3763370243662,801.098569447001,815.3763370243662,947806
2023-10-19,812.888916015625,818.2617679035138,793.8352531176813,808.9090437217908,646069
2023-10-20,810.94873046875,815.5256201244226,773.1896792676072,810.8989942098038,1830050
2023-10-23,779.5575561523438,806.919180650352,773.2892688674984,804.9292443232241,1023226
2023-10-25,754.8325805664062,780.00526159125,747.2210502374872,773.5877051393426,1419305
2023-10-26,722.5955810546875,745.2808415397823,698.1691263983766,745.231105280497,2148132
2023-10-27,733.6895141601562,769.9560534618118,724.8342736228975,733.2915026219292,1142622
2023-10-30,756.3250122070312,774.0354319300054,738.4653229804684,741.3506939829122,1300281
2023-10-31,783.7363891601562,790.0046760816964,764.0360328090154,764.9314676675018,1090566
2023-11-01,799.9046020507812,815.8738276288865,781.9454403077275,790.004657484556,1249290
2023-11-02,845.9716186523438,864.1297862976307,799.6558662013416,800.6508342914943,3886302
2023-11-03,845.1756591796875,860.6474008881983,831.3953146477214,852.1901720933431,1805841
2023-11-06,857.1152954101562,875.571941810672,853.9313852943287,863.6323244223447,1601646
2023-11-07,835.8229370117188,855.8715684400312,817.7643025037075,855.6725626751977,1837594
2023-11-08,840.5987548828125,850.6479688892093,821.8436309377344,836.7681520806714,1018713
2023-11-09,845.0761108398438,856.6675132134452,827.4652244816444,835.4249690875766,1092609
2023-11-10,849.80224609375,870.5971040707685,833.3355358709327,843.732964859442,1541176
2023-11-13,845.9716186523438,866.9156848044519,842.6384998415454,857.7122299705392,743166
2023-11-15,848.458984375,867.0151623555622,834.7781740142187,860.149858683304,2894755
2023-11-16,864.6272583007812,873.2337564519501,847.7128010037579,850.6977052326445,2208645
2023-11-17,865.1744995117188,871.592055904568,853.6826300983097,869.6021197038726,1596502
2023-11-20,854.5283203125,887.312531043066,845.8223495198325,872.587015447932,2171092
2023-11-21,857.364013671875,878.855300083885,851.7424196828281,862.3388541124359,1906436
2023-11-22,859.7021484375,865.3237423222484,838.9570884764613,858.6574441099714,2107463
2023-11-23,873.2835083007812,881.3427255714421,861.7418419728824,864.87601576038,1913168
2023-11-24,886.9146118164062,890.4964727788278,868.3086957144147,879.3528176219103,1773089
2023-11-28,865.124755859375,912.3857402220206,857.4634894065606,895.4712826606527,2749645
2023-11-29,846.4193725585938,883.4321979255042,840.7480422581099,875.5719256652505,2327814
2023-11-30,877.2633666992188,898.2074325998339,840.0018000248239,854.6775791783521,33598797
2023-12-01,914.773681640625,927.3102552204176,879.0543030978959,879.9000016789332,2360793
2023-12-04,908.45556640625,942.9312336489127,902.4360218460473,933.2800314130016,1345166
2023-12-05,909.2018432617188,920.1464924294585,894.3270579290474,914.4254258190491,832271
2023-12-06,897.2125244140625,916.9626177936207,891.4914575824786,911.7390350343483,586426
2023-12-07,891.7401733398438,897.8094545519751,882.2879762444703,887.5115588498082,446220
2023-12-08,913.0822143554688,920.3454691556311,892.386890546008,892.386890546008,849971
2023-12-11,920.395263671875,930.2952087880069,908.1074314619857,917.6093650318069,869134
2023-12-12,890.2974243164062,938.2548978360281,881.5417173729808,929.797669170486,642453
2023-12-13,896.814453125,902.3365745422401,878.1090653977215,894.3768299154806,482246
2023-12-14,936.11572265625,942.1353283083826,905.7194590201223,909.4008531753009,932009
2023-12-15,930.1458740234375,940.2448242042514,917.4102948993989,940.2448242042514,553971
2023-12-18,925.3203735351562,942.035826201797,914.3757239557082,940.2448956889491,543487
2023-12-19,916.2661743164062,939.249913805822,898.0084727118555,920.3455193542217,1081968
2023-12-20,914.0772094726562,931.4891512961278,889.1532706080936,920.3454963834993,775169
2023-12-21,918.7037963867188,923.3304224715672,872.8357899926534,898.4562192799841,1059896
2023-12-22,932.484130859375,946.1649424602225,916.9128555461057,923.2806757824412,764884
2023-12-26,948.0055541992188,950.1944960740007,917.3605501363651,932.6830825318074,472142
2023-12-27,963.1788330078125,967.1089690502796,948.0055698617047,955.1693521484243,900980
2023-12-28,982.7797241210938,990.9384745484446,945.2196789825756,962.1341363959481,826653
2023-12-29,1018.3995971679688,1024.8171536251114,970.6411278728178,992.9781740950109,937259
2024-01-01,1047.1043701171875,1055.661070810871,991.9831174349089,1009.8925418218982,407624
2024-01-02,1009.3951416015625,1057.94963366369,997.1570460668349,1049.6913498172976,914756
2024-01-03,998.9977416992188,1007.4052345678862,975.1682427704997,1006.9574867624711,460650
2024-01-04,1091.5794677734375,1119.289304802068,1006.9077075648769,1009.8926118363142,3271539
2024-01-05,1085.0625,1192.8672683465331,1073.620366955846,1098.44477223878,4672353
2024-01-08,1118.1451416015625,1131.2288742758328,1085.5599380098408,1085.5599380098408,1225361
2024-01-09,1126.204345703125,1136.253498588572,1105.0612749106494,1129.189249815004,680667
2024-01-10,1131.22900390625,1137.2486098725194,1110.38446948183,1123.3190555958656,285426
2024-01-11,1126.701904296875,1146.1037823082759,1107.1507567787883,1133.2686694864433,425621
2024-01-12,1201.97119140625,1218.8358511313165,1151.6257113293657,1157.1478325434457,2588785
2024-01-15,1201.97119140625,1201.97119140625,1201.97119140625,1201.97119140625,0
2024-01-16,1175.007568359375,1211.821389289005,1162.1725766055229,1211.821389289005,382939
2024-01-17,1123.8662109375,1154.4614785152244,1110.2350757609422,1152.1730034147913,549154
2024-01-18,1121.7767333984375,1133.0199214871693,1077.5504500290708,1109.3894291619704,759062
2024-01-19,1126.3536376953125,1148.193137967645,1103.121036395676,1139.238425453166,700082
2024-01-23,1067.6505126953125,1137.3977485823898,1023.8221215900116,1137.3977485823898,729495
2024-01-24,1055.8104248046875,1100.4347198491282,1025.8619092519057,1067.650569499341,1124885
2024-01-25,1050.736083984375,1111.876823598957,1005.1664975757013,1065.0138515666702,977716
2024-01-29,1029.0457763671875,1063.6209184786303,1020.4392778525497,1044.716524230647,971097
2024-01-30,1030.18994140625,1052.676195004549,1021.3347014859826,1048.6465258268804,412872
2024-01-31,1064.71533203125,1069.5906999781776,1018.3498431885255,1027.8020400720536,778825
2024-02-01,1066.8544921875,1074.366549551473,1021.8321879007345,1059.6907708060633,716667
2024-02-02,1109.1905517578125,1132.7214515431665,1077.1028286438852,1082.5253565256696,734225
2024-02-05,1131.5274658203125,1201.0757599385997,1114.3642661848758,1124.313947132955,789294
2024-02-06,1105.7081298828125,1129.4380954584337,1089.7886398253968,1129.1893534262867,319201
2024-02-07,1125.607421875,1129.2887551375165,1114.3642341445097,1114.3642341445097,642341
2024-02-08,1103.2703857421875,1130.2837947404466,1095.459910219394,1129.2390296223869,413134
2024-02-09,1083.3212890625,1094.4648829243956,1057.4521191024687,1094.4648829243956,406648
2024-02-12,1027.404052734375,1108.8421687729544,1016.1111889041086,1092.474991840109,371633
2024-02-13,1037.3040771484375,1063.0239791326358,1005.7137781517617,1014.8674971342662,518413
2024-02-14,1089.987548828125,1099.4397457371776,1037.304036743779,1039.7416599957924,628612
2024-02-15,1054.516845703125,1084.5649531796087,1040.2390787178176,1084.515156195525,559097
2024-02-16,1067.8494873046875,1078.6448666354229,1056.6560964524372,1074.5655218160377,237936
2024-02-19,1087.5001220703125,1096.2558898423258,1063.1732008589427,1078.5454092627801,239671
2024-02-20,1111.9266357421875,1151.1780782460237,1099.439737650697,1099.439737650697,1069807
2024-02-21,1130.482666015625,1173.365886749544,1103.8672702970034,1119.2892752928403,4372635
2024-02-22,1129.7364501953125,1139.9348729461794,1117.299349279621,1136.203742671472,762120
2024-02-23,1104.5638427734375,1139.2384562105544,1094.3156229255367,1139.2384562105544,879892
2024-02-26,1109.7874755859375,1127.24909337952,1104.3151508754113,1113.369336559795,653463
2024-02-27,1141.4771728515625,1155.4067264971688,1102.4246742379876,1104.4146104730742,1669533
2024-02-28,1145.8551025390625,1168.0926165614321,1109.4392922764882,1154.163062360529,695676
2024-02-29,1159.386474609375,1188.9369759483416,1102.673297992568,1152.1729565309215,7182898
2024-03-01,1167.3961181640625,1178.0422282320437,1144.2631098816344,1158.1428662686646,361887
2024-03-04,1179.0372314453125,1187.892472073964,1159.5358804316083,1169.585034231194,432929
2024-03-05,1200.4788818359375,1215.7516187982483,1173.9629560850185,1181.0272057286593,1561747
2024-03-06,1190.628662109375,1199.9813870193927,1120.3341379544968,1199.9813870193927,1010212
2024-03-07,1166.7989501953125,1227.740741510343,1143.019311647028,1190.9767216994537,1223851
2024-03-11,1174.9578857421875,1271.4697940839137,1158.1429001007139,1186.0518046520638,1888131
2024-03-12,1115.4090576171875,1191.325052170826,1099.6885127654148,1187.942136277348,6300023
2024-03-13,1007.504638671875,1115.3592012459226,981.5359964577186,1112.7225115815595,2717829
2024-03-14,1019.7925415039062,1044.7165418709708,972.4320825636364,977.0587086831364,1117683
2024-03-15,998.8982543945312,1073.5705995184915,989.3465240231624,1034.7668429093892,2154943
2024-03-18,1075.90869140625,1143.2183052077353,1004.9177443514469,1004.9177443514469,1967825
2024-03-19,1075.95849609375,1120.234575245972,1041.2340861303453,1119.5878217087156,1837325
2024-03-20,1096.6041259765625,1112.2250767104354,1071.8791927512123,1076.605291270475,740931
2024-03-21,1124.8114013671875,1133.2686299488958,1100.9321677247174,1118.4933784238299,496251
2024-03-22,1152.3720703125,1164.1127431420027,1125.1100399883926,1125.209512512831,641678
2024-03-26,1152.6705322265625,1162.1227290812474,1102.6235887188052,1130.283750202309,659912
2024-03-27,1142.2730712890625,1175.504905624067,1135.2584982433486,1162.918657475346,609014
2024-03-28,1130.1343994140625,1160.8789354739872,1117.5978266733714,1151.42673929914,2245991
2024-04-01,1165.505615234375,1171.176884620514,1129.6867649066016,1130.1344519532736,628432
2024-04-02,1161.32666015625,1189.6335740713664,1154.3122082726834,1169.087459533878,428175
2024-04-03,1109.8370361328125,1150.3819831964602,1104.414508972981,1150.3819831964602,1242461
2024-04-04,1132.5224609375,1143.3178407325343,1112.3743565368989,1114.3642927739952,915243
2024-04-05,1153.8643798828125,1159.0879620587566,1130.6319005914913,1144.213238540158,1256137
2024-04-08,1188.389892578125,1205.05560782746,1164.0628502808304,1170.579939751802,1246762
2024-04-09,1194.011474609375,1212.1696417899025,1191.0265704153157,1197.2947963492027,982122
2024-04-10,1220.9254150390625,1241.6704770570614,1200.727634096063,1200.7773096308333,1055016
2024-04-12,1192.270263671875,1247.6401385254924,1174.8085258006083,1220.9750676418084,820102
2024-04-15,1188.3402099609375,1212.8661996511692,1131.3286066737853,1134.4626592455134,459087
2024-04-16,1153.4168701171875,1193.56381214836,1146.4520928121883,1187.892542068149,490464
2024-04-18,1175.5050048828125,1184.7582567300633,1151.178083591588,1156.3021935617091,683284
2024-04-19,1165.107666015625,1179.0372196656838,1152.4716195012136,1175.5050342648483,1087676
2024-04-22,1189.285400390625,1199.8817133293096,1175.0075112083316,1188.8873888654764,2026181
2024-04-23,1228.934814453125,1258.634586531854,1186.7979417169663,1202.9163755865704,2063669
2024-04-24,1244.15771484375,1270.2756254278893,1231.422197032547,1242.6155872828924,499197
2024-04-25,1207.19482421875,1302.8609082765408,1186.8476540387871,1273.4596742845627,1227018
2024-04-26,1191.524169921875,1221.1741482493621,1166.0528878325533,1221.1741482493621,780758
2024-04-29,1220.5272216796875,1227.5417948038466,1154.2127003045725,1154.3121728153717,734557
2024-04-30,1232.3675537109375,1255.5503607040332,1222.069657420591,1230.2283478496395,869441
2024-05-02,1237.0438232421875,1249.6798688753017,1209.8811469365978,1231.8699165165197,612996
2024-05-03,1204.9063720703125,1272.5144060495518,1199.185305481209,1246.8939774113928,610761
2024-05-06,1160.6302490234375,1213.8112435702903,1147.4967191342728,1213.7615680406266,1064709
2024-05-07,1112.623046875,1170.9779486079465,1104.4145602783367,1169.9829805356235,1030053
2024-05-08,1106.8521728515625,1123.1199978427828,1088.4950606757898,1109.3893899940635,1139273
2024-05-09,1117.9959716796875,1138.2435489809222,1094.5644234657022,1109.8869570701213,1122432
2024-05-10,1119.6376953125,1139.7360031363162,1097.4996542214628,1119.3391562883944,1673210
2024-05-13,1136.80078125,1148.4916557052484,1082.5252261540613,1121.8264636844708,1322700
2024-05-14,1158.44140625,1186.6487275654822,1137.5967517022764,1137.5967517022764,1328849
2024-05-15,1183.4647216796875,1198.9365237427767,1138.2434715035158,1138.2434715035158,900246
2024-05-16,1188.041748046875,1198.8371280010351,1174.0126002036977,1196.2999106789105,1155816
2024-05-17,1193.8125,1210.9757004367407,1182.0719488067712,1193.9617695124034,640004
2024-05-21,1236.4468994140625,1243.4116766217355,1196.8472390212232,1212.8662023076565,1604150
2024-05-22,1305.9951171875,1325.0985777774226,1246.3468275620583,1250.0779579753944,2573288
2024-05-23,1325.993896484375,1372.9066652116194,1307.0398276505598,1343.206892654146,2478906
2024-05-24,1329.078369140625,1344.2018349110115,1312.9101383358109,1332.2622183166873,718310
2024-05-27,1342.6595458984375,1367.086059369893,1329.3767471237188,1342.8586123760558,824184
2024-05-28,1337.93359375,1365.6932288250875,1329.8247006679542,1352.0622140476926,817834
2024-05-29,1288.2847900390625,1324.3523849400533,1279.1808073107707,1309.7760774681628,1556064
2024-05-30,1312.5618896484375,1328.282434458918,1270.524486760131,1273.559188095442,941563
2024-05-31,1371.0162353515625,1391.9603622944596,1324.5512739846313,1371.0660323386455,13974208
2024-06-03,1426.4857177734375,1451.907201335562,1389.4231560124304,1392.9553413532888,1397491
2024-06-04,1297.239501953125,1479.3683460448958,1289.0806903790378,1437.7289539198164,1466624
2024-06-05,1290.3243408203125,1341.4159278553723,1170.7789007384144,1308.184090876164,1797849
2024-06-06,1382.2593994140625,1424.794284657864,1303.2092343679494,1303.2092343679494,1008523
2024-06-07,1426.137451171875,1460.71259141839,1404.944704268512,1412.7053822991281,1023720
2024-06-10,1467.478515625,1497.1782899413618,1436.0872226181493,1450.663529978073,791057
2024-06-11,1470.76171875,1489.516963604076,1459.916664200653,1487.825445050244,871745
2024-06-12,1459.5684814453125,1498.372239358726,1455.638405828819,1476.2839949750582,520809
2024-06-13,1531.0072021484375,1544.6880138654421,1467.7769292303258,1480.5623667998007,1859278
2024-06-14,1549.264892578125,1580.9049285450803,1515.7345142782112,1537.225802172712,1136761
2024-06-18,1584.188232421875,1641.6476428150406,1530.7584915997497,1537.225784544435,1903465
2024-06-19,1537.72314453125,1592.7946026404288,1507.3766185472946,1592.6453331394591,1114503
2024-06-20,1575.8304443359375,1594.93378229125,1519.3162105793754,1549.1652520445891,1250154
2024-06-21,1586.775146484375,1606.6745081335089,1567.124526855855,1589.1132971869351,3109702
2024-06-24,1541.1558837890625,1581.7008363337789,1532.2509673340637,1577.2234796110495,1602379
2024-06-25,1472.851318359375,1542.499084950192,1458.1755389705957,1542.1010734213169,776003
2024-06-26,1427.6298828125,1487.2284933221408,1423.1028510568567,1472.8512535764132,994548
2024-06-27,1530.7584228515625,1542.200556009049,1431.311409773922,1437.131948871517,2981561
2024-06-28,1495.9842529296875,1551.1551824531168,1477.5773440936498,1494.4918008619006,1148196
2024-07-01,1513.893798828125,1527.2760715238703,1488.0743031166692,1502.401868404589,417929
2024-07-02,1485.537109375,1524.6392812280285,1479.8160430345845,1522.3011305801147,601588
2024-07-03,1486.233642578125,1506.5806922321638,1460.6132132583682,1506.5806922321638,380036
2024-07-04,1502.0535888671875,1517.3263246304516,1479.2189985179625,1492.4521225873293,358693
2024-07-05,1526.181640625,1531.0072117697457,1499.4169736065032,1512.3017623221533,350222
2024-07-08,1531.902587890625,1549.0657868138153,1522.400594397101,1540.2105468462903,1202449
2024-07-09,1553.7421875,1569.4627323339012,1534.1910397061624,1540.6086569356269,267303
2024-07-10,1517.4755859375,1586.9740817793843,1493.4470826024174,1563.1943204633894,1069175
2024-07-11,1464.8916015625,1529.6640014368795,1461.4588886985164,1518.5700826841241,510491
2024-07-12,1388.7764892578125,1472.4034831836914,1380.9162171650983,1472.4034831836914,1699752
2024-07-15,1456.334716796875,1515.0876299660652,1363.1062571357802,1409.272799916847,3531368
2024-07-16,1452.6036376953125,1474.5427330138773,1437.7289130938277,1456.334768092615,614567
2024-07-18,1469.1697998046875,1492.4520764891301,1406.8848241037533,1450.165934321938,1056179
2024-07-19,1441.3604736328125,1472.552697356552,1393.1541992815248,1469.3190512306,659954
2024-07-22,1430.61474609375,1442.6538348683368,1391.015091693106,1399.9200069072858,601764
2024-07-23,1363.0068359375,1456.6831076310773,1354.151595481857,1442.703757126152,1185573
2024-07-24,1393.2041015625,1404.696031861083,1364.1012842293787,1376.040901596813,728296
2024-07-25,1388.279052734375,1418.277244091832,1370.1208847233572,1383.055470155863,718930
2024-07-26,1395.9403076171875,1417.8296068100442,1386.9855943110188,1397.9302439074472,503216
2024-07-29,1354.151611328125,1407.680944766874,1348.281275128876,1407.680944766874,878846
2024-07-30,1321.4171142578125,1366.2404759127744,1318.2829404398847,1359.126429679971,885589
2024-07-31,1302.21435546875,1367.3349719120772,1290.4736827869488,1343.206994419723,2487920
2024-08-01,1267.1912841796875,1312.3628579405752,1249.6798707910255,1312.3628579405752,2029007
2024-08-02,1224.9549560546875,1270.1265304430137,1211.3736176924265,1261.5697079293714,1778456
2024-08-05,1169.385986328125,1210.2791484925826,1154.2623992421736,1195.7028424112111,2066196
2024-08-06,1184.2608642578125,1200.5783665358606,1142.1239865525408,1178.9874843747593,3006216
2024-08-07,1209.333984375,1235.7006402418574,1202.5184768666684,1235.7006402418574,1254444
2024-08-08,1182.1214599609375,1221.8207075680823,1174.1617159376926,1219.7312990531914,568868
2024-08-09,1238.0885009765625,1268.5842967946426,1178.6391584404998,1193.96169110084,1480085
2024-08-12,1291.4686279296875,1311.3679904555686,1228.7856359731618,1235.9991548887938,2731445
2024-08-13,1303.209228515625,1329.2773434041494,1291.4685566905582,1304.403141618892,1256792
2024-08-14,1277.5888671875,1313.3579226343952,1270.0768092748526,1313.3579226343952,909029
2024-08-16,1291.94140625,1317.9557544520596,1264.2328135775003,1285.5625301928208,692107
2024-08-19,1283.718505859375,1323.1386165104996,1272.8544141778616,1293.1375317242268,387206
2024-08-20,1255.11279296875,1285.8614124014948,1249.8800415984217,1277.9873431484828,550733
2024-08-21,1235.776611328125,1250.8269779274458,1224.0652144099267,1247.4880082463233,745626
2024-08-22,1218.8323974609375,1240.9096496990744,1211.1577438774907,1240.9096496990744,482889
2024-08-23,1157.434814453125,1214.6960188233813,1152.4013571197686,1214.6960188233813,1679184
2024-08-26,1211.05810546875,1219.7793580896373,1140.2414855194404,1157.9331694075263,2271552
2024-08-27,1233.2349853515625,1284.3166070318728,1207.7688794364067,1214.9451756681808,2194264
2024-08-28,1247.637451171875,1255.7606991742314,1212.5531473081223,1233.035558525926,686481
2024-08-29,1250.32861328125,1273.0537554101834,1238.517569303018,1254.7640663662507,1240117
2024-08-30,1249.7803955078125,1277.788049960139,1240.1121913950158,1250.3285155074116,3070120
2024-09-02,1250.079345703125,1264.8307697788075,1233.13519827504,1249.7804043383012,632858
2024-09-03,1225.5601806640625,1255.312085509772,1217.4369327853733,1253.866898086675,590533
2024-09-04,1214.1976318359375,1235.5273478154777,1202.6357672403503,1214.995052153947,748066
2024-09-05,1203.732177734375,1218.184539482185,1197.1041229578589,1214.995101419339,597083
2024-09-06,1182.95068359375,1211.7058751032741,1177.9671106572896,1205.0778204331907,376467
2024-09-09,1189.3795166015625,1207.4697882789787,1177.867414925701,1186.339488568069,735162
2024-09-10,1183.8975830078125,1208.4167364351727,1180.1599034710425,1195.010852828404,477252
2024-09-11,1193.86474609375,1201.0410422427672,1161.77046432853,1176.1231782958218,655344
2024-09-12,1193.1173095703125,1205.8254212419288,1184.1468778021128,1205.0280008614927,439179
2024-09-13,1226.158203125,1243.600707926148,1209.3635871217461,1215.991763280034,1173646
2024-09-16,1271.807861328125,1293.237225762729,1244.7969193281285,1270.8111467032597,1934106
2024-09-17,1279.1834716796875,1285.7617633443422,1234.281432749456,1267.8209015302352,786870
2024-09-18,1284.1671142578125,1302.606334347531,1272.3560705882508,1285.7618332830707,645143
2024-09-19,1299.217529296875,1316.6101510443814,1256.9070416249942,1298.7191719783875,1434772
2024-09-20,1391.2640380859375,1405.3675738882428,1302.7059709730022,1302.7059709730022,3434814
2024-09-23,1420.168701171875,1435.2689509269367,1376.313261004663,1414.3379453925857,1452231
2024-09-24,1383.53955078125,1429.6874867249662,1366.1966919203433,1424.2055562710127,1178499
2024-09-25,1384.8353271484375,1390.4169047260293,1306.8921703120568,1324.5340922122907,1075320
2024-09-26,1380.798583984375,1403.37419461657,1347.558175512502,1372.476041183961,765030
2024-09-27,1296.127685546875,1379.2537072239804,1276.6418665187314,1347.906960164326,3315577
2024-09-30,1230.344482421875,1284.7151888991775,1219.9786266200101,1275.7946422170041,1979310
2024-10-01,1217.0384521484375,1247.88672139378,1210.4102755004717,1245.8932921263777,1338808
2024-10-03,1171.98681640625,1213.0016457717434,1167.1527750194834,1213.0016457717434,1615291
2024-10-04,1169.3953857421875,1181.1067821048302,1119.3104778934385,1160.1757758396814,3151171
2024-10-07,1184.196533203125,1217.985180801435,1174.329034818591,1200.9911490464456,3443411
2024-10-08,1163.0662841796875,1187.6353232579052,1147.3181449253307,1177.1199356225309,1353926
2024-10-09,1205.0279541015625,1220.9753877373153,1143.9791847146967,1167.4518622650255,1022086
2024-10-10,1179.9107666015625,1220.8258270441565,1177.668158800117,1213.0016419374099,648210
2024-10-11,1166.006591796875,1186.987483538097,1163.5148052085715,1186.0904160324544,443244
2024-10-14,1206.5728759765625,1211.0082071622514,1167.252413038751,1175.126482505592,664476
2024-10-15,1218.2843017578125,1229.945813886274,1194.1637354855518,1214.9452105192267,640122
2024-10-16,1219.08154296875,1223.9654686023991,1187.186677337417,1214.9950376435868,789916
2024-10-17,1165.7076416015625,1213.948532251271,1161.1725413774036,1206.2239938858847,963471
2024-10-18,1157.1856689453125,1181.0569353260478,1137.3510237570135,1163.1659566401202,1210372
2024-10-21,1133.4637451171875,1178.0667215257997,1126.4867432208682,1164.013070611351,509391
2024-10-22,1079.3919677734375,1140.44073365092,1074.8569895955209,1140.44073365092,1053565
2024-10-23,1084.07666015625,1096.1867668927525,1040.071686186431,1059.5076209067333,1588467
2024-10-24,1061.5509033203125,1080.33894866413,1046.5503003476263,1076.4517375004154,967869
2024-10-25,1078.7940673828125,1084.3258823082251,1040.2710221732264,1066.4347815002116,898227
2024-10-28,1104.55908203125,1133.2146270660767,1039.623222531219,1107.3499316066952,1786769
2024-10-29,1183.6982421875,1194.7617499843202,1093.7946333609093,1114.3269299182152,2928166
2024-10-30,1175.3258056640625,1197.2037640986105,1156.8865855952552,1156.8865855952552,1004100
2024-10-31,1202.2869873046875,1217.9852422684587,1172.1363706282384,1172.5848435309267,1440322
2024-11-01,1203.4830322265625,1217.9353943723797,1188.5821971646162,1207.0713022326613,99911
2024-11-04,1191.0240478515625,1281.22671803441,1181.106786372092,1208.7656161795396,1854459
2024-11-05,1157.88330078125,1189.0805163920145,1148.265102238049,1189.0805163920145,773396
2024-11-06,1214.546630859375,1220.6763283460716,1162.268876813992,1176.123234160412,1145914
2024-11-07,1213.30078125,1256.8571623973312,1208.1177921148421,1225.9590085239631,969102
2024-11-08,1166.455078125,1222.968744034952,1160.6242007141232,1222.968744034952,765837
2024-11-11,1183.5986328125,1204.97811313328,1157.9332308799342,1166.4053053042762,809247
2024-11-12,1236.8729248046875,1286.7585388233679,1183.5985785071643,1191.0739379503675,4639217
2024-11-13,1198.150634765625,1235.9760280507098,1175.1265511008112,1228.4507839115772,1154288
2024-11-14,1218.134765625,1243.251924730921,1191.173587184415,1193.0673692472312,917068
2024-11-18,1232.1883544921875,1263.4852154942325,1214.2474927078724,1258.8504685327666,2147088
2024-11-19,1256.0098876953125,1289.7486515015912,1235.9759492044486,1251.8734979026265,1893843
2024-11-21,1228.6500244140625,1267.2727147133394,1220.427129060023,1260.8439542860674,1549344
2024-11-22,1240.7601318359375,1280.2798896253323,1159.2289514538024,1171.1396421251582,1824580
2024-11-25,1223.218017578125,1320.5969872989974,1208.1676511477249,1320.5969872989974,3951255
2024-11-26,1271.857666015625,1305.2476038559569,1241.0591617036764,1245.8932029974549,3038757
2024-11-27,1277.73828125,1304.848992399508,1262.88733048231,1285.6123512224117,1796183
2024-11-28,1268.618408203125,1322.0422871306632,1261.691168640621,1286.6589183661224,1811936
2024-11-29,1249.0826416015625,1300.7125046292626,1237.9194871644017,1290.7453589999195,1409079
2024-12-02,1285.3133544921875,1312.4738272026036,1241.9063852175607,1250.3285748765722,3061815
2024-12-03,1292.0411376953125,1311.676365934069,1280.7782144568987,1292.738789222255,770876
2024-12-04,1366.5953369140625,1376.9113084878145,1286.6588762300908,1295.7289545782867,3131476
2024-12-05,1365.199951171875,1384.0378816143414,1345.0164803412176,1370.4825872668637,1585598
2024-12-06,1366.7947998046875,1392.8090269144832,1352.2925534931087,1360.515449064377,1145369
2024-12-09,1371.9776611328125,1377.4595914896818,1349.6014667983884,1351.5450116208456,731021
2024-12-10,1396.9951171875,1402.4272845963694,1372.4759630956773,1372.4759630956773,2483381
2024-12-11,1406.3642578125,1417.3281180789334,1378.9546071464165,1395.4003975460666,1723949
2024-12-12,1431.5811767578125,1437.3620482267183,1401.3806768047716,1406.3642496241343,1343959
2024-12-13,1413.3912353515625,1430.036321070951,1367.4924777900992,1425.252042160247,1488375
2024-12-16,1462.728515625,1479.6227789159527,1412.7930183409978,1423.3084057204314,2613659
2024-12-17,1485.852294921875,1517.9963408794335,1459.7881837108082,1464.1737522993353,3153493
2024-12-18,1474.58935546875,1503.643610179146,1462.0806603322067,1493.626701524296,1952964
2024-12-19,1471.39990234375,1478.1277257752963,1419.1222711618827,1430.434957338853,1206964
2024-12-20,1396.0980224609375,1490.0882532571693,1387.426654537779,1475.137534997064,1023456
2024-12-23,1435.26904296875,1460.9843286563125,1397.6929507198433,1399.7361426752889,2486998
2024-12-24,1398.4404296875,1437.2624136207164,1386.6791490636767,1434.272269903059,1021001
2024-12-26,1409.404296875,1412.64361925163,1379.702153800042,1393.5066263635213,614519
2024-12-27,1403.7230224609375,1425.102624239966,1393.4569347907989,1401.380767418238,383153
2024-12-30,1415.783203125,1456.3993230240128,1368.9376169838074,1390.466749652191,4052271
2024-12-31,1384.8353271484375,1396.9454342008721,1346.7607553938067,1390.4169047260293,1478192
2025-01-01,1360.316162109375,1389.07135456391,1354.1364584635176,1377.4596049064965,367445
2025-01-02,1368.3895263671875,1378.2071410420228,1342.175883188973,1369.485888115523,456627
2025-01-03,1394.951904296875,1407.5104833576343,1362.1100867038583,1365.399293403483,908087
2025-01-06,1341.7274169921875,1443.24277723082,1336.7438438663905,1416.331482351516,878096
2025-01-07,1336.3450927734375,1360.4655372961986,1315.663264934505,1351.5449903418096,519362
2025-01-08,1345.91357421875,1354.5351800888568,1322.341248921614,1354.5351800888568,987831
2025-01-09,1304.9984130859375,1351.196108289843,1298.2705898522836,1345.863709764428,459750
2025-01-10,1279.482421875,1323.537278079785,1272.6549515269028,1311.676350575833,789698
2025-01-13,1161.4715576171875,1255.7607332718542,1156.487984679105,1252.7705895090048,2072547
2025-01-14,1140.3909912109375,1175.0268222636655,1133.0651635091763,1161.4715285452264,2127808
2025-01-15,1121.2540283203125,1158.1823525135123,1106.3531938812382,1158.1823525135123,3165699
2025-01-16,1124.7425537109375,1162.3685302626623,1122.1013573281482,1131.171435951135,1364331
2025-01-17,1173.0831298828125,1194.313198265138,1127.632971165639,1131.2710035726532,4892113
2025-01-20,1204.77880859375,1218.4836347514865,1167.202715723517,1176.5717359068474,2096285
2025-01-21,1143.7799072265625,1205.4266819444854,1132.8658091705663,1198.1506165738213,1534096
2025-01-22,1073.660888671875,1144.8263334717924,1058.7600544828886,1143.7798561723764,3308966
2025-01-23,1078.7442626953125,1091.0536636993893,1049.7397704340929,1057.2650143488722,1582475
2025-01-24,1095.9376220703125,1105.3565266731753,1072.4649438235676,1073.461658455374,2566066
2025-01-27,1099.87451171875,1133.2644493196365,1083.827431713071,1096.3860107753737,5455401
2025-01-28,1127.2841796875,1146.2217565345932,1095.2397818992245,1116.3702038038525,2243789
2025-01-29,1131.7694091796875,1146.2217706355268,1098.3794706437832,1104.6588211854037,2018443
2025-01-30,1156.7869873046875,1170.2925193497013,1129.2776875637317,1138.0985877973442,1861163
2025-01-31,1200.542724609375,1231.3412297987106,1154.394790387985,1163.614400352814,3559155
2025-02-01,1275.9442138671875,1287.7552574909728,1165.8570137836814,1214.3472031925614,1269754
2025-02-03,1293.187255859375,1300.762383842903,1233.1352036818294,1245.743667186568,2093414
2025-02-04,1282.2733154296875,1293.536238923941,1266.425529171753,1275.7946706179557,1170642
2025-02-05,1264.2327880859375,1299.466623889768,1261.242644368454,1282.123765994511,751453
2025-02-06,1194.76171875,1262.9869047737818,1190.1768560144258,1248.185717590029,2114481
2025-02-07,1234.7301025390625,1238.9162552164166,1198.0509563717883,1198.0509563717883,1983603
2025-02-10,1172.7843017578125,1240.8598384516215,1166.604598007917,1231.9392911197156,1288374
2025-02-11,1166.6044921875,1180.857558868983,1143.8794735307183,1179.1133084127512,1144470
2025-02-12,1168.79736328125,1197.751848499472,1146.2217539670899,1164.1626162030966,2380787
2025-02-13,1169.345458984375,1190.2764644912738,1161.1724483589076,1174.6280947561995,1182683
2025-02-14,1149.7601318359375,1181.8542920694672,1131.470322285077,1170.8405474900055,2535663
2025-02-17,1163.96337890625,1168.0000001052958,1119.9085198141418,1140.2415223436328,820581
2025-02-18,1158.7305908203125,1177.2195733922201,1144.7765866139243,1158.1823491302143,1108216
2025-02-19,1177.867431640625,1195.260052050247,1146.1718599552178,1155.1921753936826,626677
2025-02-20,1188.5821533203125,1196.954580243591,1165.607833261385,1175.375684950087,498434
2025-02-21,1211.5565185546875,1218.3341050449062,1178.9141143847244,1184.0969817989662,2045038
2025-02-24,1191.073974609375,1211.0082670714567,1181.1068283783343,1193.0674038555833,731706
2025-02-25,1192.668701171875,1210.360385843216,1179.312700804446,1197.0043854757869,1486433
2025-02-27,1191.0240478515625,1211.0082240017653,1170.6911675987935,1190.077217660994,2220279
2025-02-28,1127.1845703125,1190.9743049863291,1116.37024118993,1181.0071589435433,4466895
2025-03-03,1117.16748046875,1161.8701037598232,1097.6318995975062,1127.5333361359171,1050459
2025-03-04,1114.2769775390625,1131.619834965626,1083.4785954167196,1117.1674740550325,1162488
2025-03-05,1148.713623046875,1156.0893357195978,1108.2470329809862,1111.3368240323346,734447
2025-03-06,1134.4107666015625,1168.8970680441562,1128.2809473681389,1154.1955274313646,779868
2025-03-07,1109.3433837890625,1146.122177989777,1099.9742419281497,1134.4107810809526,1292906
2025-03-10,1072.1658935546875,1124.2941180876278,1068.5279824406164,1114.326971650681,1119938
2025-03-11,1128.6297607421875,1146.1719134890416,1061.501056304131,1072.1658539298098,2683783
2025-03-12,1078.1461181640625,1133.7129562900411,1072.116067925042,1118.4134117407764,1175851
2025-03-13,1051.7830810546875,1086.8673862871246,1046.699860931417,1082.880527889381,1369790
2025-03-17,1060.5042724609375,1071.46813242059,1031.7490822642453,1045.5535543341384,862374
2025-03-18,1060.5042724609375,1060.5042724609375,1060.5042724609375,1060.5042724609375,0
2025-03-19,1173.58154296875,1186.4890698848612,1109.8416937340796,1109.8416937340796,1890436
2025-03-20,1189.8280029296875,1234.0322692177683,1174.2293957720876,1176.1231777650523,2406145
2025-03-21,1176.8707275390625,1220.3773428168736,1160.7240001863274,1175.1264770430275,2261969
2025-03-24,1212.75244140625,1235.9260549363057,1184.5453706783069,1186.0903269146804,1577877
2025-03-25,1205.8253173828125,1246.8899083837016,1194.8614572771205,1225.61007696696,672554
2025-03-26,1193.4161376953125,1248.8334421365241,1186.0903101137553,1206.2737796766155,1534225
2025-03-27,1237.221923828125,1250.8768656459558,1186.0904144372012,1189.0805583391436,1158000
2025-03-28,1191.871337890625,1244.2486158245638,1187.0870592611632,1237.6703239609988,965367
2025-04-01,1153.3980712890625,1201.0410772104253,1143.2316311704215,1201.0410772104253,1191228
2025-04-02,1214.4468994140625,1218.981999675,1159.8270103696782,1159.8270103696782,1919618
2025-04-03,1213.7491455078125,1227.703149233626,1171.289129933117,1185.0936021423026,732130
2025-04-04,1176.970458984375,1218.2344694378667,1157.2853448330984,1207.0214297314433,456039
2025-04-07,1102.96435546875,1141.1883361642033,1072.464912947407,1112.881738771262,1482723
2025-04-08,1128.978515625,1146.0224316673925,1107.3498586820804,1116.320289580495,1767581
2025-04-09,1107.59912109375,1130.3242630896339,1091.7015715779282,1130.3242630896339,958219
2025-04-11,1118.9117431640625,1145.2250319393402,1098.8778047981918,1098.8778047981918,1777845
2025-04-15,1210.011474609375,1212.9019711642868,1141.2381700393198,1153.1987447471556,3463329
2025-04-16,1236.7235107421875,1250.777162113727,1221.1746658178342,1235.926090403255,2739797
2025-04-17,1232.0389404296875,1258.2525840923633,1220.97543227517,1236.3248620433399,872152
2025-04-21,1289.150634765625,1303.7026429911548,1234.9293384296948,1245.893198577174,1108203
2025-04-22,1309.0849609375,1335.4978974534104,1280.778242375276,1295.7289611578667,1250475
2025-04-23,1361.910888671875,1365.2997427325645,1325.6304519683615,1327.3248181640733,2431953
2025-04-24,1315.862548828125,1375.7651928303262,1303.0050279937898,1375.3664826617533,2388212
2025-04-25,1300.8121337890625,1385.4332233475213,1288.7519120779461,1351.046571401126,4799027
2025-04-28,1305.8953857421875,1328.4212324423208,1268.4189421064075,1310.3806013236594,1240596
2025-04-29,1283.7684326171875,1315.7629476366044,1279.7815741307986,1310.6797274003118,778686
2025-04-30,1324.9327392578125,1358.222908879231,1298.818744272159,1316.5603124557765,5035119
2025-05-02,1333.803466796875,1377.9579734940844,1310.6797360902142,1315.5636621022743,2216584
2025-05-05,1329.218505859375,1354.5350798834695,1313.7694302609984,1354.5350798834695,663064
2025-05-06,1291.7420654296875,1341.4781461408086,1283.7683489764179,1320.7464346946044,638709
2025-05-07,1297.722412109375,1302.6063379941768,1264.232825808147,1265.8275448378697,702143
2025-05-08,1283.569091796875,1313.0718191920362,1266.1265865516814,1300.7125339987324,1782078
2025-05-09,1230.244873046875,1266.8242500088515,1220.9753786473982,1245.8932435177533,1098567
2025-05-12,1301.1112060546875,1307.4902035485002,1276.9906407920298,1295.728923117119,1038362
2025-05-13,1269.6151123046875,1311.5767728343276,1258.2525414757324,1301.609626785992,1624657
2025-05-14,1312.1748046875,1323.6370228826434,1245.8932820808013,1245.8932820808013,1570410
2025-05-15,1366.4957275390625,1374.2701501490033,1301.7092780204343,1313.370790266082,2246902
2025-05-16,1390.217529296875,1407.1616769672908,1348.8538746896836,1373.4726758725253,1948465
2025-05-19,1417.328125,1427.295270745429,1374.7684613347221,1390.217537240137,1320018
2025-05-20,1375.6654052734375,1429.2886979797106,1370.4825381604617,1425.3018396868802,1204564
2025-05-21,1404.370849609375,1419.3215683773954,1375.067416490203,1379.3533378714064,944200
2025-05-22,1405.0684814453125,1416.1321105138932,1377.4595365086107,1395.4003987786214,529470
2025-05-23,1408.158447265625,1420.3183168191076,1400.483671780202,1403.7728786552782,407529
2025-05-26,1434.3719482421875,1465.0708064125968,1406.563586728937,1415.334723825986,2067043
2025-05-27,1448.625,1465.1704377523306,1418.8232096193487,1437.262429414191,2006076
2025-05-28,1462.977783203125,1478.6261542330653,1447.728000689941,1455.2033604181163,1396273
2025-05-29,1452.213134765625,1469.1572825288479,1427.3949175315233,1469.1572825288479,991951
2025-05-30,1420.816650390625,1457.1967329856848,1413.9392953744189,1455.0040095517695,2215653
2025-06-02,1429.1890869140625,1440.2525946219425,1407.4606600022341,1415.3347296630855,1479490
2025-06-03,1441.8472900390625,1470.1540085027298,1433.773926258425,1454.2065751901578,1650498
2025-06-04,1440.0533447265625,1467.9613543401063,1429.488072323165,1467.9613543401063,1331886
2025-06-05,1456.897705078125,1475.0379840851392,1446.232907358008,1454.1069771557675,1528240
2025-06-06,1511.019287109375,1524.8736439569604,1460.1868440733735,1460.1868440733735,2235584
2025-06-09,1506.7333984375,1525.9700387101068,1496.0686009822798,1524.973324119179,1365885
2025-06-10,1462.5789794921875,1512.4147078265999,1457.2963436210364,1510.0225685326964,977125
2025-06-11,1470.951416015625,1486.1014288628205,1456.2996387858443,1462.5789892656446,987368
2025-06-12,1444.339111328125,1473.0445406507645,1440.4519000305834,1473.0445406507645,737676
2025-06-13,1447.82763671875,1453.2099200156238,1415.3347643499217,1428.4913487029332,948683
2025-06-16,1465.7684326171875,1469.954706842186,1432.2788471635006,1451.1167770028433,405280
2025-06-17,1441.249267578125,1499.058712612379,1438.3587709925605,1470.8516416262378,1293255
2025-06-18,1438.45849609375,1464.672139361807,1428.7904129126575,1445.236204201851,576064
2025-06-19,1420.717041015625,1463.675416723153,1410.5504789091453,1435.1694029785026,773708
2025-06-20,1478.3270263671875,1492.0817363317376,1423.3084298475092,1425.3018590209651,3387202
2025-06-23,1468.459716796875,1490.088375655404,1456.49914120633,1472.9449326433294,823714
2025-06-24,1465.6688232421875,1504.83975579525,1462.479385181314,1491.085045610549,887932
2025-06-25,1451.814453125,1490.7859694122112,1442.4453116085901,1476.1343135497461,1049577
2025-06-26,1436.6644287109375,1462.4793608242865,1415.5340064844647,1456.5987204325565,907176
2025-06-27,1417.5274658203125,1448.2263243925538,1411.2482367959428,1445.1365334438071,859030
2025-06-30,1379.65234375,1425.3019225237108,1377.4596202292087,1422.5110728888249,1730108
2025-07-01,1386.9283447265625,1391.7126234012287,1359.1199834772442,1388.6227108529904,1279409
2025-07-02,1394.2044677734375,1402.3774790404373,1375.466184133478,1385.4333303953147,941661
2025-07-03,1364.402587890625,1401.6797368333037,1361.4124442054251,1394.403671864947,668346
2025-07-04,1363.605224609375,1377.4595819308095,1349.8506360836932,1366.4957212931547,425688
2025-07-07,1372.7750244140625,1379.8516735194028,1354.5350991354837,1361.5121011177857,442561
2025-07-08,1370.3829345703125,1384.7356492143003,1347.5581457849253,1380.449727745652,964835
2025-07-09,1385.532958984375,1392.7093771984298,1356.2295250328284,1365.4990196000088,1057621
2025-07-10,1407.1617431640625,1409.2548195232557,1378.4563135631543,1381.4464574103629,657475
2025-07-11,1395.5001220703125,1417.3281966907532,1388.4234725669614,1407.1617561838846,1140138
2025-07-14,1415.03564453125,1418.5241455710445,1382.443126341445,1395.5000630422526,534480
2025-07-15,1429.2886962890625,1435.1693365978833,1411.6468970318592,1422.0126312455498,732457
2025-07-16,1435.46826171875,1444.7377558013914,1426.4978306720354,1429.2886801098275,694775
2025-07-17,1435.667724609375,1450.2197333385764,1428.491306535627,1442.0467223407304,1043937
2025-07-18,1440.1529541015625,1453.9075426203829,1436.3653899427386,1442.2460304338545,802788
2025-07-21,1443.9404296875,1446.2329219944809,1426.2986294790503,1438.6579151724704,319633
2025-07-22,1437.5615234375,1456.6983951855057,1429.2887435484197,1456.6983951855057,371182
2025-07-23,1329.6173095703125,1399.3873333108836,1325.7300981994847,1395.4004748114223,17783631
2025-07-24,1321.7431640625,1332.607377185674,1300.0148594854109,1331.6106626178464,1321225
2025-07-25,1275.1966552734375,1315.1648855125707,1270.9107339208497,1313.271103480747,2664662
2025-07-28,1199.2469482421875,1279.7815359311016,1186.6883687187722,1275.7946775637151,7197953
2025-07-29,1242.40478515625,1251.873574132571,1207.1210629527368,1207.1210629527368,4143162
2025-07-30,1234.1319580078125,1251.3751691012048,1228.45073350636,1242.5043849067386,1198616
2025-07-31,1227.5537109375,1248.1857767290214,1212.104634210717,1213.9984163368856,1649835
2025-08-01,1203.931640625,1238.2186486499004,1193.6654311428224,1232.9360123786307,857479
2025-08-04,1239.9129638671875,1242.5043974964015,1199.0476652188315,1210.310588879864,630565
2025-08-05,1229.94580078125,1243.002737541591,1217.985225733134,1241.9063758293657,538727
2025-08-06,1223.4671630859375,1242.3050932302374,1204.6292329416376,1232.8363045953563,1176641
2025-08-07,1218.3839111328125,1230.9424903441727,1197.5525523469826,1206.024626167165,967280
2025-08-08,1198.64892578125,1227.7530644267115,1192.0706339079177,1217.7859186582507,587784
2025-08-11,1220.875732421875,1223.8658762085222,1194.1637325934557,1205.0279460187928,642421
2025-08-12,1210.2108154296875,1229.4474558261684,1206.9217302600034,1220.975381748728,673722
2025-08-13,1221.7728271484375,1226.6566314401716,1210.2108402467206,1210.2108402467206,964805
2025-08-14,1227.5537109375,1235.8264910137418,1224.1648568700298,1225.859344738398,1514599
2025-08-18,1242.903076171875,1265.727864294288,1233.9326449885975,1243.8997907477947,2175568
2025-08-19,1253.6676025390625,1255.860325868909,1222.071678481918,1250.777106026624,1106601
2025-08-20,1295.72900390625,1298.1211433242377,1249.8801314603365,1255.2624147334925,1941354
2025-08-21,1289.3499755859375,1323.2382718114113,1286.2601846757025,1308.6862630602072,1535305
2025-08-22,1261.0,1301.0,1260.0,1293.5999755859375,789131
2025-08-25,1264.4000244140625,1284.9000244140625,1262.0,1266.800048828125,881356
2025-08-26,1236.800048828125,1268.9000244140625,1229.0999755859375,1265.199951171875,1154640
2025-08-28,1208.199951171875,1247.699951171875,1205.0999755859375,1239.0,1036875
2025-08-29,1192.300048828125,1216.199951171875,1182.5999755859375,1200.0,1005139
2025-09-01,1207.199951171875,1210.699951171875,1180.0,1180.0,356624
2025-09-02,1194.5999755859375,1216.699951171875,1188.5999755859375,1213.5,927690
2025-09-03,1201.4000244140625,1205.0,1191.5999755859375,1194.5999755859375,731127
2025-09-04,1192.0,1226.4000244140625,1183.5,1220.0,1118956
2025-09-05,1174.9000244140625,1207.300048828125,1168.0,1192.0,638996
2025-09-08,1181.5999755859375,1192.0,1177.199951171875,1187.9000244140625,308691
2025-09-09,1172.4000244140625,1186.0,1170.4000244140625,1186.0,382723
2025-09-10,1181.5999755859375,1193.0,1172.4000244140625,1176.9000244140625,881354
2025-09-11,1179.5999755859375,1187.5999755859375,1173.0,1186.4000244140625,375287
2025-09-12,1168.300048828125,1217.199951171875,1161.0999755859375,1214.5,3504642
2025-09-15,1187.800048828125,1201.0,1159.5999755859375,1174.0999755859375,1819935
2025-09-16,1200.699951171875,1211.4000244140625,1182.699951171875,1187.800048828125,1037458
2025-09-17,1204.5999755859375,1210.300048828125,1194.199951171875,1206.0,1316331
2025-09-18,1204.699951171875,1216.9000244140625,1198.0,1200.0,1586089
2025-09-19,1216.0999755859375,1223.0,1199.0999755859375,1212.0999755859375,1146560
2025-09-22,1212.300048828125,1229.0,1206.199951171875,1220.0,1037077
2025-09-23,1205.4000244140625,1217.699951171875,1194.4000244140625,1212.300048828125,916013
2025-09-24,1179.4000244140625,1207.199951171875,1175.0,1205.4000244140625,647426
2025-09-25,1149.4000244140625,1181.4000244140625,1145.0,1179.4000244140625,985809
2025-09-26,1141.0999755859375,1157.9000244140625,1136.0999755859375,1149.4000244140625,1187515
2025-09-29,1155.300048828125,1157.0,1139.5,1152.800048828125,1010427
2025-09-30,1135.800048828125,1165.0,1128.300048828125,1165.0,1130788
2025-10-01,1139.800048828125,1159.800048828125,1135.800048828125,1141.5,1098688
2025-10-03,1113.0,1147.0,1108.0,1144.699951171875,1665979
2025-10-06,1115.0999755859375,1122.199951171875,1105.300048828125,1122.0,1415808
2025-10-07,1145.0,1152.199951171875,1098.800048828125,1118.0,6502049
2025-10-08,1128.699951171875,1160.0,1125.0,1150.0,1724214
2025-10-09,1128.699951171875,1141.699951171875,1115.0999755859375,1137.5,682554
2025-10-10,1155.9000244140625,1161.300048828125,1120.5999755859375,1130.300048828125,1061874
2025-10-13,1154.300048828125,1157.9000244140625,1139.800048828125,1155.0,547636
2025-10-14,1142.0,1168.0,1136.5,1165.0999755859375,479321
2025-10-15,1172.0,1187.4000244140625,1144.199951171875,1148.0,1575396
2025-10-16,1194.800048828125,1197.0,1175.0,1177.0,2296704
2025-10-17,1186.9000244140625,1197.5,1178.4000244140625,1194.800048828125,774211
2025-10-20,1185.5999755859375,1194.9000244140625,1174.0,1194.9000244140625,750454
2025-10-21,1184.800048828125,1196.9000244140625,1179.0,1196.0,68509
2025-10-23,1175.300048828125,1196.0,1172.0,1196.0,1679963
2025-10-24,1172.9000244140625,1199.5,1168.199951171875,1184.0999755859375,938533
2025-10-27,1177.0,1189.5,1174.0,1184.0,575452
2025-10-28,1169.0,1181.9000244140625,1163.199951171875,1177.0,1135709
2025-10-29,1179.199951171875,1190.4000244140625,1167.699951171875,1172.0,896789
2025-10-30,1171.4000244140625,1189.9000244140625,1166.5999755859375,1187.800048828125,870241
2025-10-31,1197.9000244140625,1214.0,1184.199951171875,1199.0,5984715
