Date,Close,High,Low,Open,Volume
,HDFCBANK.NS,HDFCBANK.NS,HDFCBANK.NS,HDFCBANK.NS,HDFCBANK.NS
2017-10-31,421.95635986328125,422.65631511879127,419.7981644921254,422.65631511879127,4682460
2017-11-01,424.91949462890625,425.80611601640027,422.7729765598451,423.4962579647732,4190612
2017-11-02,425.1295166015625,426.92608564777805,423.9279209597358,425.33950889024413,4737944
2017-11-03,427.1360168457031,429.30588952766453,425.0128249361374,425.96942475459537,3810488
2017-11-06,426.64605712890625,429.30589281323876,425.24614660886306,425.8061165131308,6148244
2017-11-07,425.5028076171875,430.4608242339314,424.8145296440704,428.8392725447213,7446376
2017-11-08,426.02783203125,427.81272395231144,424.40628012147465,425.8528431856804,3283144
2017-11-09,426.4710998535156,428.1393323761915,424.8962004019956,426.27278487809366,3113308
2017-11-10,425.106201171875,428.09268862090835,422.85467251112965,425.036194246798,7744360
2017-11-13,423.1346130371094,425.3744640725667,418.80654514740314,425.1061422053307,3335872
2017-11-14,420.5214538574219,424.40621129532565,419.97316125980547,423.6829298805177,4712468
2017-11-15,420.0314636230469,420.82475190578134,417.1733131276255,419.5064972055205,6148368
2017-11-16,421.76971435546875,423.70626871622164,418.8532339815961,420.9064475573039,4012972
2017-11-17,425.9344787597656,428.90928879451275,423.04132448070186,426.6694090421704,6358772
2017-11-20,428.8742980957031,429.23592459056357,426.73942866392724,426.73942866392724,2392424
2017-11-21,430.7641906738281,431.6391348661243,428.3960026970952,428.71097691007054,2275532
2017-11-22,432.8639831542969,433.9722456094824,430.36748754248487,431.5690545773164,5660796
2017-11-23,429.9708557128906,433.9722724155535,428.8392670428964,433.7389539895236,3232580
2017-11-24,431.96575927734375,433.45900296804155,429.53924184011663,430.0058787133813,5203684
2017-11-27,433.40069580078125,434.4389515050552,430.61252324989806,431.40581167177606,3870472
2017-11-28,435.2204895019531,436.53874421199157,433.0039646115128,433.038968069191,5090540
2017-11-29,437.075439453125,437.5887286220567,432.99236680535853,435.13888503339683,3274584
2017-11-30,432.5023193359375,437.2270170741103,429.305868554958,436.0020954382877,5796312
2017-12-01,431.2190856933594,433.9722543987122,430.2624858826019,432.78233617161135,3858148
2017-12-04,427.9293212890625,432.78235596344297,426.99604758100884,432.78235596344297,3641932
2017-12-05,424.7444763183594,426.63437817197354,421.6063551833466,426.0394048504653,3893360
2017-12-06,420.7431640625,424.9545449140192,419.7398833545866,424.6278933941459,6395120
2017-12-07,422.2247314453125,423.84628325229966,420.6964842317087,421.5247761074034,4231304
2017-12-08,429.39923095703125,432.33903738764764,423.2396188997263,423.2396188997263,8956400
2017-12-11,430.7991638183594,432.0474117485997,429.3059201390163,431.1724676178816,3198232
2017-12-12,424.6162109375,431.615763746576,423.6945860622197,431.42909761249933,2410588
2017-12-13,424.95452880859375,430.47251553047926,423.49628857983197,424.651231929764,2907460
2017-12-14,428.8509521484375,429.30591169496057,422.77299564742856,425.57281681065655,3683092
2017-12-15,437.1103820800781,440.50517647987897,432.92232783814376,433.0389870480166,12450124
2017-12-18,438.3936767578125,443.0717229290015,422.14306999989674,432.8057114446013,12297988
2017-12-19,439.6885986328125,441.8234680475513,437.7403953619189,438.59201336117314,4952112
2017-12-20,435.8738098144531,444.0282771597041,434.8238769297641,443.04835119316186,9343504
2017-12-21,435.9088134765625,439.80521968016706,435.1855035928824,438.6153014398823,6854544
2017-12-22,437.85699462890625,438.63860559688453,434.38054466489353,438.40528718965214,4470904
2017-12-26,435.92047119140625,439.2919395023736,433.2023058592517,438.8719549472435,6785696
2017-12-27,433.2140197753906,436.37549607590756,431.9074421886245,436.3288152984752,3489384
2017-12-28,438.18365478515625,438.8486065627054,433.50560923487353,433.7156015017973,8700520
2017-12-29,436.8654479980469,438.45199628402827,435.873844638838,437.8920548191258,6345872
2018-01-01,432.68902587890625,438.81363463022535,431.7557521644195,436.93540988731945,6580516
2018-01-02,436.8537292480469,437.47202874492336,433.63395220523535,433.63395220523535,4776316
2018-01-03,432.2574157714844,438.2303621697606,431.91908694300224,437.4720772358851,4531288
2018-01-04,433.9489440917969,435.25552157475755,432.3390412640181,432.3390412640181,2373776
2018-01-05,434.81219482421875,435.8504788652752,432.93399866217055,434.67220947072013,2870868
2018-01-08,434.1122741699219,436.4687846655706,433.4473223268743,435.1388809794755,4570308
2018-01-09,434.8355407714844,436.2704547930066,432.805681850187,434.4389108383009,5305528
2018-01-10,434.95220947265625,435.81550475967117,433.34233507711565,435.1855279046191,4615888
2018-01-11,436.9004211425781,437.7053583034603,433.0973194833679,434.9521895399674,4059096
2018-01-12,435.20892333984375,438.2070597754336,433.97232414199027,437.00546404190743,4336708
2018-01-15,442.7800598144531,444.3316331027293,433.9372854358322,436.29379593198075,12576444
2018-01-16,443.34002685546875,445.63820772786687,439.86357650207384,444.109960596822,6445384
2018-01-17,441.0885009765625,443.89999950832237,440.2718864547862,442.60507080271833,2905496
2018-01-18,451.307861328125,455.9042231164803,447.5164367500069,448.9046700491853,16649540
2018-01-19,455.4842529296875,457.28082202913674,447.7964216270681,451.50619056618507,11455988
2018-01-22,458.0857238769531,463.83702874756364,455.70588733523647,457.30411284971063,8849768
2018-01-23,455.27423095703125,458.8673117344211,453.407683651893,458.47068182457986,5047796
2018-01-24,456.755859375,459.4040180284814,455.11095294587983,455.5659410022083,4790568
2018-01-25,460.792236328125,461.97050582892786,455.08761192895145,455.8809003119793,8723668
2018-01-29,466.5552062988281,468.2584137565709,461.50385657084894,461.50385657084894,8235892
2018-01-30,465.5869140625,467.0801576690488,462.93875565220617,466.12355782901454,6397560
2018-01-31,467.966796875,469.78669215067845,463.6037533168106,464.16372328480827,6943348
2018-02-01,464.5720520019531,470.13669151293925,463.20714472284436,468.03682539700054,6521420
2018-02-02,454.50433349609375,464.28038209454525,452.98776359479774,463.3704344575165,7346124
2018-02-05,446.5364685058594,451.5294885699681,444.6699210786227,447.50474567998907,7926784
2018-02-06,442.55841064453125,446.10483939787053,428.4426455903622,433.9722810042046,10749804
2018-02-07,436.9587707519531,444.93824973220535,434.53225336340296,444.93824973220535,8364972
2018-02-08,438.8602294921875,442.9783049147007,435.48879003230763,439.57186199885757,5171444
2018-02-09,431.5224304199219,435.06885911521874,430.2625052187955,431.1491266332464,6408952
2018-02-12,437.85699462890625,440.03851604027886,432.8406488734099,433.9722374522368,4381108
2018-02-14,439.3736267089844,442.8150737046766,437.3904199657041,440.9252000338017,3577188
2018-02-15,439.0819396972656,442.08007569393885,437.472036905204,440.90180628203984,4915224
2018-02-16,438.3119812011719,442.103405552861,437.6237032498279,439.5485802283777,3583520
2018-02-19,438.21868896484375,440.41188802887194,433.7506635591105,439.24529581196924,3654552
2018-02-20,434.7188720703125,440.0035400199082,433.69229379947717,439.7468954521994,4084068
2018-02-21,433.3656311035156,435.9671371353378,432.15235825288346,435.82712330088845,2753072
2018-02-22,432.38568115234375,433.972257788372,429.66754436571404,431.6390736067141,13253596
2018-02-23,438.7669982910156,439.770250481816,431.7324417160376,433.24901155722256,4076748
2018-02-26,445.9998474121094,446.758132294568,439.4669315016969,440.528513248387,4788884
2018-02-27,443.8999938964844,448.3796963953793,443.3050205027817,446.74646737247434,4787328
2018-02-28,439.6185607910156,442.2433930471798,438.1719979623418,440.86683713783816,4066364
2018-03-01,437.3203430175781,441.7417438436917,435.8387768546061,438.47528620131243,3909840
2018-03-05,436.2937316894531,438.1719562062665,433.56391779568406,437.2736860604536,3781464
2018-03-06,430.7641906738281,438.61536225561724,429.18929112769496,436.30550389170406,4576828
2018-03-07,427.579345703125,432.43238040082497,426.622745844024,429.30590776757134,5628164
2018-03-08,432.3040466308594,433.62230145448046,427.43936306946904,429.2592582130304,5518724
2018-03-09,431.8840637207031,435.1971738230623,430.23915750152895,432.7939827547125,4108108
2018-03-12,435.663818359375,436.1771074892415,432.4323639489031,434.01891211110564,6557116
2018-03-13,434.0306091308594,439.74691066221595,432.8056873741401,435.7104904332872,5124200
2018-03-14,435.0221862792969,435.8154745893041,431.1724324184181,433.0389797449048,3680392
2018-03-15,438.8252868652344,440.3885088551599,435.1854968017479,435.1854968017479,5870924
2018-03-16,432.3390197753906,438.89526149181626,430.83412740234826,438.6386169334778,7896336
2018-03-19,430.9974670410156,433.9722770043519,430.04086718042873,432.3390480048731,7838740
2018-03-20,429.1892395019531,433.0156673389115,428.1976362032941,430.49581697570034,3657372
2018-03-21,433.7156066894531,434.7188587836978,430.07584511716084,431.1724302735159,5921140
2018-03-22,435.780517578125,438.6386684764422,432.82903360728517,433.7156550743672,6673224
2018-03-23,429.66754150390625,432.362352127021,428.6642609199748,430.8574597323759,7190152
2018-03-26,441.77679443359375,443.30504162749594,427.7893651705336,429.2826089017404,10501768
2018-03-27,441.5784606933594,443.07170436112744,437.7053804009874,441.8584599017713,6136836
2018-03-28,440.0618591308594,443.2349838951618,437.7170261366285,439.32690042352505,8837508
2018-04-02,450.5845031738281,451.64611333459544,441.0884552545797,441.0884552545797,4596368
2018-04-03,447.0147705078125,449.30127395518144,445.8715045435017,448.8929667165885,4079884
2018-04-04,439.3969421386719,449.1263094729365,438.27700225963594,446.3264882566009,3714108
2018-04-05,445.3815612792969,446.57147958821844,441.01848950491245,443.60834688940844,4858892
2018-04-06,448.7646484375,449.4762525197797,444.6582499992771,446.15146508135666,3720008
2018-04-09,452.4161071777344,453.1043851447475,447.13143911097467,447.69140903191504,4003536
2018-04-10,448.1696472167969,453.3376555223209,446.4547626566964,453.3376555223209,6067236
2018-04-11,447.7030334472656,447.9713553198794,444.56491216838486,447.0147555177905,2870812
2018-04-12,450.0245666503906,450.9811664480004,444.681569293312,447.0380795697414,4712516
2018-04-13,449.137939453125,452.6377156047078,447.7613551372522,449.83789468344156,3297172
2018-04-16,453.12774658203125,454.970967994774,447.9364111779883,447.97141464100827,2847744
2018-04-17,454.62091064453125,455.2042066551093,451.26111992735156,453.4543186233751,2667832
2018-04-18,450.91119384765625,455.78755474957177,450.31624893763126,455.2042586723391,2712720
2018-04-19,452.4044494628906,453.75770779035105,451.0045388405197,452.63776789995245,3169032
2018-04-20,456.3475036621094,457.5374219086095,450.806191183614,452.87105350566594,9361380
2018-04-23,451.64617919921875,461.7372019296158,434.0423139441264,461.7372019296158,15304620
2018-04-24,451.47119140625,454.5160085082362,449.3713253997093,451.47119140625,5037416
2018-04-25,448.1463928222656,452.1711359050115,446.10485647594527,449.8146253615098,4020592
2018-04-26,450.3628845214844,452.45107300799754,445.929834498996,447.22476313490813,7847480
2018-04-27,448.7646484375,451.58779558370003,446.2214719988769,451.00449954187144,5777008
2018-04-30,453.6410217285156,456.0908651727002,450.0245861680526,450.3045568834583,4609552
2018-05-02,459.5206604003906,461.5038671094047,454.03767714605743,454.97095089147587,7100048
2018-05-03,459.1473388671875,460.7805678585979,454.0376596120957,459.1823423275398,4152772
2018-05-04,463.95367431640625,464.30365194349935,458.7740168279294,459.63728358225814,6881436
2018-05-07,461.36383056640625,463.6736885263434,460.80386068501974,462.35543381091827,5264128
2018-05-08,458.9490051269531,461.94714109943897,456.0441737365857,461.7954784316182,7100564
2018-05-09,461.59716796875,462.0871309546529,456.4058331221249,456.4058331221249,4327332
2018-05-10,464.93359375,466.40351115564755,462.4370981042989,463.97699394563097,7171672
2018-05-11,469.3783874511719,470.6033093023555,463.370437419176,464.93365962723186,6057068
2018-05-14,471.7115783691406,473.0298333137092,469.5300565482649,470.6499680244533,4742916
2018-05-15,475.4562683105469,481.8025176836616,472.8664111689896,472.9480953976658,9826684
2018-05-16,472.0848083496094,478.06943137863766,470.6382455720039,473.76471802299983,6841604
2018-05-17,473.1114196777344,477.00782584588853,469.55331382144766,472.2014721559418,6615476
2018-05-18,469.4716796875,472.39980886447876,467.45346959295676,472.39980886447876,5217460
2018-05-21,465.0152893066406,471.53652776622573,463.3820603633632,470.39326180968106,4848108
2018-05-22,464.2803649902344,469.89165632955354,463.2537581678497,466.33355015374906,3960372
2018-05-23,459.0540466308594,465.23698550543,458.09744668991283,463.79042251973095,5726292
2018-05-24,463.37042236328125,464.3620257344011,456.4525249132179,458.9606981460504,4520744
2018-05-25,468.666748046875,470.36998408412626,464.2803783792882,464.3037045274857,4759588
2018-05-28,476.4829406738281,478.76947294100034,468.0368239374497,468.45680855183053,5103940
2018-05-29,474.2430419921875,478.93273680687713,473.3564490340955,475.502967228691,3351244
2018-05-30,477.9178466796875,479.00275463460133,470.4399793271082,471.23323923365706,4866996
2018-05-31,502.3614501953125,507.1867803345974,488.4020847666494,493.0982586586364,39639192
2018-06-01,495.5871887207031,502.0209231779506,493.33300261780835,496.85513257462276,21151356
2018-06-04,480.4654541015625,506.482264308303,478.528282715126,504.83860373799325,88796324
2018-06-05,484.5511779785156,485.33775260065056,475.0179233679337,481.357757243828,17105460
2018-06-06,483.0836486816406,484.83296183874955,480.18373862542194,483.75281900715044,9782000
2018-06-07,484.222412109375,488.3550674979211,482.10913414789127,486.8053073956329,10563896
2018-06-08,481.20513916015625,483.99933921892875,477.83561203663794,483.47101974616095,6180888
2018-06-11,479.54974365234375,484.39851961015336,478.7279133322856,481.8038724201316,7091188
2018-06-12,479.9136962890625,481.99174729390575,478.6340004979173,481.80388889191755,5234256
2018-06-13,477.0020446777344,482.48484986278504,475.2762067456696,481.8273741443,7897960
2018-06-14,478.3991394042969,480.1836793749646,475.4875064715419,476.66154969739756,16927576
2018-06-15,476.5676574707031,478.75138950543726,474.85357142590306,475.7223520151556,10880816
2018-06-18,474.11395263671875,478.7279489379905,471.7541139340562,476.68509622115016,7487404
2018-06-19,475.13531494140625,479.17401235530576,474.14913005245774,475.47577602699977,10981152
2018-06-20,482.80181884765625,483.2362378131534,475.4875517840795,475.7223604516272,9051712
2018-06-21,483.142333984375,486.2417969096168,480.6650910933606,483.70585185211553,13510704
2018-06-22,489.1886291503906,490.4683248413383,481.3225392910942,482.98964632816126,7848980
2018-06-25,491.9123840332031,492.581611635528,486.77009738049225,489.11818394818346,6992336
2018-06-26,491.6189270019531,493.80265921410205,488.3668611456805,489.8226635116669,9161932
2018-06-27,496.0567626953125,497.6769194033197,490.7500644269583,491.4544903567578,19126804
2018-06-28,500.3420715332031,502.4905479079767,495.7280468260043,496.62033122680873,37533540
2018-06-29,495.0823059082031,502.49053056948236,494.29573129586834,498.1935206418693,19458120
2018-07-02,486.8170471191406,495.07054846510016,484.46896055399344,495.05885389334014,9864876
2018-07-03,486.10089111328125,489.5760708512574,485.02080564053733,486.8170690131268,6863100
2018-07-04,493.9317932128906,494.9884322363815,485.81914213393213,487.5215050051119,6097992
2018-07-05,498.6748962402344,499.90764171651983,491.3488774464333,494.27223382492923,9735968
2018-07-06,496.6555480957031,501.44567948175904,495.7633209879999,496.22118644091853,8121344
2018-07-09,499.1210021972656,500.14244279265694,494.91795013907165,498.22877515569695,6182296
2018-07-10,503.9933166503906,504.74475027080535,498.96843394030293,500.11897351626595,10950736
2018-07-11,504.4277038574219,506.17701690919836,501.2695388456107,503.67632761066994,5857920
2018-07-12,508.58380126953125,511.8476760111438,505.30823195608616,505.5195368177281,8020668
2018-07-13,512.0941772460938,514.418817346762,507.9146290115367,509.15906903287544,7161188
2018-07-16,509.2647399902344,514.2426716753322,508.067192999946,511.74192527239535,9017336
2018-07-17,511.1197814941406,512.1177183593526,507.94986439287914,507.94986439287914,6361924
2018-07-18,510.9906005859375,521.2752314831695,510.3918270304536,513.526545609771,17460272
2018-07-19,513.315185546875,515.0527465344452,509.7695521888673,512.5872558398422,5304776
2018-07-20,514.0078735351562,517.2482442871284,509.7930698412642,513.3151995007275,10006964
2018-07-23,506.3531188964844,511.4132569398286,502.0326625213733,504.8386145181963,16880132
2018-07-24,507.1280517578125,509.3000320697744,504.13424105754063,504.13424105754063,5208792
2018-07-25,509.6169738769531,511.13147819651647,507.1866814312297,508.2785187176676,7038616
2018-07-26,514.841552734375,517.3891926058208,508.3608100088076,508.3608100088076,21281092
2018-07-27,517.0839233398438,519.3850599207711,512.9865232471259,517.0369730680573,10554596
2018-07-30,509.51129150390625,516.3442464820189,507.04580055890347,516.3442464820189,7169120
2018-07-31,511.76544189453125,513.2681942923431,504.85033876296575,507.18667331598414,8860944
2018-08-01,506.8815002441406,510.7088933005807,505.23783943811577,507.84423878963383,6071560
2018-08-02,500.18939208984375,505.70739555597135,498.11136986116543,505.66044528961123,8905704
2018-08-03,498.1817321777344,504.1459060780445,496.38546899765464,500.97598941226005,13604008
2018-08-06,496.4560241699219,501.8800705069737,494.53060437937086,498.0292309258718,5744632
2018-08-07,500.353759765625,501.19909388753604,494.97666428434104,498.9684115769567,7428456
2018-08-08,501.6335144042969,505.26129681328734,500.85863434452847,501.5161100717966,9945380
2018-08-09,497.4421081542969,502.9601112421543,491.84189911119523,502.9601112421543,8944408
2018-08-10,496.49114990234375,498.6866337606767,492.62855898661405,498.61617969879643,5442940
2018-08-13,491.13751220703125,494.0256701988162,488.4020142404964,489.34124888326653,10054252
2018-08-14,490.5387878417969,494.2722225543108,490.09261699808627,492.62856195674306,4935964
2018-08-16,487.392333984375,489.97522929677376,485.20860193680744,489.10644870241555,10625160
2018-08-17,487.7797546386719,491.46623884713364,486.4412995202685,489.0828967387038,6065328
2018-08-20,492.20587158203125,494.8827245384335,487.22793975915545,487.22793975915545,7811136
2018-08-21,492.1706848144531,495.91587133583783,491.3723010045723,492.6285502190283,7776320
2018-08-23,488.3785705566406,494.7419089751822,487.66244991445024,494.2722915959936,12574552
2018-08-24,486.0187072753906,491.5954127145241,485.1264229398632,486.2887142924375,9714628
2018-08-27,488.5076904296875,490.39791170545453,486.11265343941454,487.69761197616907,12574788
2018-08-28,491.888916015625,492.6872424831356,488.12022577430554,490.28045385668395,9973532
2018-08-29,488.0497741699219,491.7010601063653,486.69962444585303,491.25488928000544,9873692
2018-08-30,485.1382141113281,490.2569972361471,484.14027726774924,489.24736582018244,21827460
2018-08-31,483.9875793457031,488.1084826306532,483.2949052914213,485.86604855125705,15771500
2018-09-03,487.2397155761719,488.15544640869643,484.52766412031195,485.913012267225,7661608
2018-09-04,481.7803955078125,487.92061872345096,481.1229198280426,487.67405817774596,7130536
2018-09-05,480.38330078125,483.752799385921,477.9647887335589,482.2500468628833,5641508
2018-09-06,481.87432861328125,483.47103899314413,477.2720845332553,481.1229523540322,10402412
2018-09-07,482.9896545410156,483.70583240863465,479.18576577083553,481.59255450005327,5919300
2018-09-10,479.27972412109375,482.5318184789387,475.51103348960424,482.5318184789387,8598592
2018-09-11,469.71124267578125,480.8881290039828,468.24368857115485,480.4889657527908,18186536
2018-09-12,472.3997802734375,474.63046246498146,467.1635645375021,470.0634456538761,12246008
2018-09-14,476.5676574707031,478.3991765103619,474.0669394730345,474.2782730027131,10334672
2018-09-17,467.78582763671875,475.0061943430665,466.7996426738019,474.6187829625287,9338220
2018-09-18,467.0813903808594,471.93019510209257,465.14421887209676,468.41981698481396,9325736
2018-09-19,460.54193115234375,469.14767374317864,459.4031149542187,468.4080207771668,16712264
2018-09-21,462.6317443847656,469.58207471800694,448.53147343450763,463.4888016930893,22610148
2018-09-24,452.1710510253906,463.08965434149155,449.6586096845873,461.92736287310936,13390792
2018-09-25,458.44049072265625,460.6946484073057,449.6586400101888,452.1710815204346,16682552
2018-09-26,462.150390625,464.4515269457104,459.12138185806106,460.9176451667265,14726724
2018-09-27,464.0171203613281,466.3299798358366,459.08613870143256,462.4321619706474,18352208
2018-09-28,471.03790283203125,473.2450812069738,464.25192712831097,465.07375740162604,14460716
2018-10-01,477.9412841796875,479.4792923957831,469.1007609012587,471.91846487224274,12449588
2018-10-03,476.9316101074219,481.87431514672244,471.2609752998059,476.7672268493777,15332148
2018-10-04,459.6966552734375,473.79692680723684,456.23322752970967,471.4957904681714,17970584
2018-10-05,461.469482421875,467.26924500262055,455.5640387436054,458.8043811341655,15729180
2018-10-08,456.7028503417969,462.3382582637522,453.1807203905748,461.39902361009297,20128020
2018-10-09,455.669677734375,461.39901474423954,453.1807116826373,456.56196210347264,12459364
2018-10-10,461.90380859375,465.44941322291123,454.472109619344,456.70279163504216,15939932
2018-10-11,454.9535217285156,457.4777147740267,450.2690718554584,452.00666163802475,14359904
2018-10-12,465.3555603027344,468.936392546365,455.9984404675856,456.7028664827261,9600320
2018-10-15,471.5075378417969,472.1532616522276,462.6435109895203,467.2692300935213,12585968
2018-10-16,467.91497802734375,473.89084722487723,466.68223250751254,470.3217668993951,9406004
2018-10-17,463.6531982421875,472.6698569843588,461.0468277142516,471.0496714140739,7940796
2018-10-19,462.0447082519531,465.12069574920235,459.7553239778042,459.9666574895893,9867348
2018-10-22,469.3590393066406,474.3134963327304,466.94049862740013,472.90464436342523,20331160
2018-10-23,466.0599670410156,469.35904020740315,463.27749012893133,463.27749012893133,19428564
2018-10-24,467.797607421875,471.6837026631911,463.18361098233186,470.5566094985255,18072336
2018-10-25,462.2913513183594,470.46267637304175,460.80029323541254,463.41841581046924,29847056
2018-10-26,460.5067138671875,464.26365227495785,457.6420597965287,462.2912825414107,15155712
2018-10-29,452.3119201660156,461.38725168249755,445.00934812029163,461.18767005989235,17044280
2018-10-30,449.1302490234375,453.65031557353615,445.97208411993347,452.0066550098639,13828704
2018-10-31,448.89544677734375,450.33952574009624,442.61431524796285,446.6178142861617,23449404
2018-11-01,449.0011291503906,453.1807349588011,445.19724014605544,453.1807349588011,19629052
2018-11-02,457.74774169921875,460.2249845866228,448.95416863756265,452.24148995603855,30092868
2018-11-05,459.28570556640625,460.1427628457249,455.05914999370924,457.8533785771807,5705296
2018-11-06,457.0667724609375,463.98187548608945,456.2214384212209,459.0508940158426,8485588
2018-11-07,459.7436218261719,461.38728250853865,457.876904373608,460.459799731613,958760
2018-11-09,456.7967834472656,460.20150909590456,454.66003032454637,459.8023171667845,10101620
2018-11-12,451.0791931152344,460.6945963911593,450.16343359772566,458.22910543187936,7907764
2018-11-13,452.6523742675781,454.98870886583813,448.0618537026201,450.5977985835728,13350420
2018-11-14,459.6966552734375,460.2249747597689,454.7304463692893,455.18834045534317,26110636
2018-11-15,463.7823181152344,464.287162453352,453.46246058661814,460.6711034535279,10392524
2018-11-16,470.6269836425781,472.66980741053203,464.9211220431463,465.1559306906428,15813216
2018-11-19,472.8811340332031,474.5482696734954,470.0634303043155,472.2001832327557,12286428
2018-11-20,472.5406799316406,474.21956759599294,469.394266794337,472.6698361608857,5705168
2018-11-21,474.0199890136719,475.24098259750536,470.5565612301664,472.61113703394085,6545604
2018-11-22,470.90875244140625,477.8356076879889,469.65253188355746,472.7285194977119,12974552
2018-11-26,481.31085205078125,481.82741969044474,472.4468242275287,472.88121456040517,18184436
2018-11-27,484.6450500488281,485.560780846586,479.1857489763304,479.25620303608025,12895440
2018-11-28,490.57403564453125,492.76951973733827,483.7293855397485,484.879925143452,13021108
2018-11-29,500.38897705078125,501.87997755865445,491.6893052420493,493.33296576578107,31908636
2018-11-30,499.77850341796875,501.9152852507264,495.4462949111455,500.1424683226256,13040924
2018-12-03,496.2211608886719,502.9601580773831,494.7183510439008,500.37726277446467,10799856
2018-12-04,489.7052001953125,495.6810689789875,488.0732915140113,494.36611758503363,8157420
2018-12-05,492.910400390625,494.3427563586621,487.4510982394963,487.93246752884255,11798844
2018-12-06,492.405517578125,493.48560303074004,489.5760617273358,490.67965097675415,11730252
2018-12-07,494.8827819824219,497.3247692502835,488.4724937463649,494.67141978098977,9903920
2018-12-10,490.45660400390625,494.22529458072927,485.09120302358696,485.09120302358696,10915056
2018-12-11,483.6001892089844,486.3591909756269,477.1311991334196,482.7666069972002,18905780
2018-12-12,489.64654541015625,490.70318445621774,483.72937821747945,485.33778325845964,11370488
2018-12-13,493.4034423828125,498.9683960880337,491.0553558129864,491.9241363785556,7064236
2018-12-14,492.08856201171875,497.32480728360844,490.29229845702383,494.24879050254566,6158284
2018-12-17,500.18939208984375,500.7529672651627,492.8633734213578,494.0374167120233,8437324
2018-12-18,501.42218017578125,502.25576244829114,493.70874949611556,498.7336322768445,7413968
2018-12-19,498.60443115234375,507.0457909047198,496.27984837899174,500.87036908778845,9009896
2018-12-20,501.89178466796875,502.5962106842029,493.7204314143853,496.0450716637596,7980476
2018-12-21,495.7162780761719,504.6273125563341,495.2232142875157,501.0816788709038,10220308
2018-12-24,488.5545654296875,494.0373700093237,487.77974279216045,494.0373700093237,5601488
2018-12-26,498.3462219238281,499.4380593487099,485.8191559908231,487.6976254194972,7601916
2018-12-27,494.2840270996094,502.0679119709213,492.7342668691588,500.8469182908011,11639868
2018-12-28,498.4752502441406,501.96218155784817,496.73768919921775,497.1721081236132,9415612
2018-12-31,498.19354248046875,501.7861265881309,497.01949913328076,501.7861265881309,5866528
2019-01-01,504.3924560546875,505.07337817143554,494.413088982495,499.59057356712356,6373440
2019-01-02,499.7902526855469,504.25161740296545,497.72392493010705,503.1480281223448,8134232
2019-01-03,495.86895751953125,499.7315486504346,493.8026297718144,498.78056207790377,12771664
2019-01-04,497.1955871582031,499.7902343243313,495.5284800629517,496.67901956990454,7287120
2019-01-07,497.9468994140625,501.3986321439914,497.3246794736744,499.6023117246012,5387012
2019-01-08,493.8026123046875,498.6161898378525,492.3115543821739,498.26397684762094,8343460
2019-01-09,497.0429992675781,498.1113901709123,493.70872765140484,497.32475820355967,8568628
2019-01-10,495.09405517578125,498.68663910687155,491.3723150175811,497.0899287679056,7691540
2019-01-11,495.8923645019531,498.7335720946062,494.9766336984133,496.33853533229933,6408040
2019-01-14,493.485595703125,495.422767141627,492.73421945891204,495.422767141627,4855160
2019-01-15,498.24053955078125,499.32068246219035,493.5678695205851,494.28404749491017,5087556
2019-01-16,497.84130859375,498.96840162504026,495.035356576937,497.806110225345,5252452
2019-01-17,500.6825256347656,501.52780242923404,496.232912917923,499.0271130885557,8240228
2019-01-18,500.2010803222656,502.25565581942317,496.5145963240595,501.31642130643684,5207976
2019-01-21,504.4041748046875,508.7129364305813,499.3205905006375,502.47875535431507,17561512
2019-01-22,501.51605224609375,504.08719536612466,499.91934204292727,503.89933699051784,8796976
2019-01-23,494.36614990234375,501.5161197506644,493.43866712295903,501.0817007814959,7624288
2019-01-24,493.6265563964844,498.1818219397706,492.6051156896022,495.44632369917093,10111572
2019-01-25,492.158935546875,495.446256681253,490.7500836321416,491.4545095895083,11262236
2019-01-28,489.37646484375,493.57957441703826,487.6389036226973,490.75011848871424,15360436
2019-01-29,483.142333984375,489.106451168911,482.0621911904821,487.9911100056597,14762788
2019-01-30,477.7651672363281,483.0601139646413,476.1919606855232,483.0601139646413,18514160
2019-01-31,488.3902587890625,490.6913951123749,474.7831084661907,476.8963863970491,16579404
2019-02-01,490.85577392578125,497.0899555946563,487.6037082342014,488.3902828848063,15654188
2019-02-04,494.2486572265625,496.1506300403518,489.0241652632886,491.9240747442201,7938288
2019-02-05,496.39727783203125,497.5595692775353,492.39377856299734,494.9766739202663,8690288
2019-02-06,498.41656494140625,499.4380055136804,496.2915924903421,496.91381249098555,10875684
2019-02-07,497.14862060546875,500.142430931467,494.4718248915794,498.9801395642869,7217308
2019-02-08,498.41656494140625,503.6528093746815,494.65962648902314,495.91587571457126,12235644
2019-02-11,502.4083557128906,503.1714839023567,496.221181557175,496.221181557175,7036364
2019-02-12,500.072021484375,504.36903168325665,498.9214819124664,502.02094494357664,9772388
2019-02-14,495.4931945800781,502.4905037138832,494.4131092015377,502.4905037138832,7441388
2019-02-15,493.2507629394531,495.00013322616223,487.97932026301004,494.82402674035905,8416524
2019-02-18,490.7265930175781,497.3247392593423,489.81086217893676,494.6948937464669,7138744
2019-02-19,489.3529968261719,495.01185110732234,487.97934324169034,490.6796428178283,5268636
2019-02-20,495.0588684082031,495.6810884356774,488.8481334002276,490.39789350919574,4892500
2019-02-21,496.8315734863281,497.78255993410147,491.5953867276558,493.4973022968749,5261544
2019-02-22,491.090576171875,499.69634823145043,490.5388101990573,497.6534669631564,8890708
2019-02-25,499.06231689453125,500.1307077924715,491.959354732252,491.959354732252,8140596
2019-02-26,495.59881591796875,498.9683427157799,493.356439344707,495.739724027619,9607428
2019-02-27,491.2784118652344,498.8392391439328,490.3156734424575,496.87862125674746,7030092
2019-02-28,487.82672119140625,494.4718174369422,486.8052806356382,491.47800715607855,11645376
2019-03-01,489.1886291503906,493.30947514098693,487.69757127637956,489.86955131215547,9352928
2019-03-05,494.76531982421875,495.70455440614404,486.05389614633003,490.49175661539516,11837276
2019-03-06,494.09613037109375,495.5167342511141,490.8792631451005,495.4462801867686,8458044
2019-03-07,499.3206481933594,500.1424785571857,491.9241749189221,495.35240450998964,10204852
2019-03-08,499.71978759765625,500.142454658409,495.3171251446773,496.6320765945006,7053460
2019-03-11,499.77850341796875,503.3593356442223,498.31094922688123,500.6120856637736,9224108
2019-03-12,509.7695617675781,510.7087963355516,501.786067939804,504.1341543597376,15097292
2019-03-13,522.8132934570312,524.5626067097525,510.02797191632516,510.7088941780267,57166348
2019-03-14,522.3905639648438,527.7324609556068,519.0680443714517,527.1102409399631,15379864
2019-03-15,529.0239868164062,530.644143872125,523.1655213748528,523.858195555882,12763088
2019-03-18,531.0081176757812,538.0993288774123,527.6151434610266,531.1137701244236,14358720
2019-03-19,532.4873046875,534.4009722136778,528.5542598838331,532.8982198162413,11957992
2019-03-20,539.8250732421875,540.059881886486,530.9140966563264,532.7808139132334,11711992
2019-03-22,534.4597778320312,541.7036488628794,533.2035857339403,540.0599880297455,30403880
2019-03-25,535.6690063476562,537.2070145325475,529.0239098189734,530.6675704353661,9199260
2019-03-26,542.72509765625,543.5821264585747,533.6262607662846,534.4010835951958,11786848
2019-03-27,539.9307250976562,546.6462752480446,535.1406516895488,544.4155931295608,13885300
2019-03-28,540.7174072265625,545.9301481435697,537.2070291370998,539.7781725630897,19554328
2019-04-01,542.8307495117188,547.5738736587605,541.1401383825003,545.9889149764292,9647076
2019-04-02,538.8506469726562,544.7560615193709,536.6434112931161,544.7560615193709,10910496
2019-04-03,538.3574829101562,543.8167835219373,537.3008440820696,538.2048802321849,7659452
2019-04-04,536.291259765625,543.1124632137542,535.3637769681624,538.3575875630502,9211552
2019-04-05,541.3748779296875,543.2885456082115,535.8333705361161,537.1952722507735,8351180
2019-04-08,537.5709228515625,545.4487648536463,535.3872481763427,544.5212821126408,6398132
2019-04-09,537.066162109375,540.7643988798297,532.3112862616474,539.2616462337995,10777600
2019-04-10,525.34912109375,536.302920957737,523.8580633348123,528.3194273883136,108128700
2019-04-11,530.08056640625,531.3720140763428,525.255236828182,527.1219542678673,8793300
2019-04-12,531.9002685546875,533.5321771275877,528.8125578878257,528.8125578878257,9170444
2019-04-15,537.4300537109375,538.3927347875293,531.6889936396315,533.0156395917834,10219780
2019-04-16,541.24560546875,542.384392847286,535.4340922904735,537.9347810912033,8273776
2019-04-18,538.5689086914062,543.5938488647731,537.2422625731922,543.1124796030566,10614856
2019-04-22,532.7103881835938,545.9301270258738,530.9023729916132,545.9301270258738,20980420
2019-04-23,527.2158813476562,537.7118166974003,526.3471007946778,534.7884604256,15282400
2019-04-24,535.3050537109375,536.2794867395662,527.6268218353347,528.3194959314001,12354128
2019-04-25,531.4776611328125,539.7781703680324,530.1862134757891,536.9839128597633,18086636
2019-04-26,535.5868530273438,536.5378396569926,529.9396927464303,532.0529708894993,11707568
2019-04-30,544.1573486328125,544.7561222151697,534.9880584725012,536.5378186472684,12536836
2019-05-02,553.1622924804688,554.0662714906894,544.1691086903511,545.5779607516854,17169300
2019-05-03,556.0150756835938,558.3749138453034,553.3265283752975,555.134543334174,12351520
2019-05-06,546.740234375,552.2464862028912,544.0634384764508,551.3307553234757,13748092
2019-05-07,545.3080444335938,553.678952226927,544.2866035886416,552.2465961290497,9924204
2019-05-08,541.76220703125,545.6483012904763,537.2421409415971,545.3547905054339,12064208
2019-05-09,537.9231567382812,540.0599385561462,533.3913952888565,540.0599385561462,9027724
2019-05-10,539.2380981445312,545.9066412872851,538.0288564526202,538.0288564526202,10594200
2019-05-13,537.0542602539062,543.194540017598,535.3636496675889,539.1323394561714,11071632
2019-05-14,537.21875,542.6428533775367,534.3188972304139,539.28507782603,10494744
2019-05-15,536.93701171875,541.7505897898885,535.8803726299635,539.12074396751,8956348
2019-05-16,542.5606079101562,544.5212831539,535.3637454035756,535.4929016319878,8050136
2019-05-17,554.6416015625,556.3322125798328,542.783763316484,543.1124725353436,14758780
2019-05-20,571.1369018554688,572.6279025414492,558.8446448255158,565.4192877058159,17699632
2019-05-21,564.4096069335938,575.14035203563,563.4116700537023,572.4635560412795,10325176
2019-05-22,564.8909301757812,569.645805510317,562.1906306030819,566.3232859231374,11386660
2019-05-23,547.5972900390625,572.9096173156408,544.5447775085488,565.6540527697989,33081996
2019-05-24,557.2830810546875,560.2885856366674,549.487388731992,554.0779088817442,13692800
2019-05-27,565.50146484375,568.6830763572027,557.0248492032421,558.5863038771777,12049024
2019-05-28,567.3446655273438,568.2369498891303,560.5000161069395,567.415119589704,7364840
2019-05-29,567.509033203125,570.7729080061649,565.9358266303697,565.9358266303697,7475216
2019-05-30,572.8275146484375,574.7881326891829,566.6050847599932,567.297758886081,9359200
2019-05-31,569.4932861328125,578.8034278737546,553.3971387727183,576.8780080576577,19785080
2019-06-03,576.9484252929688,577.5823972579152,569.3992919040638,569.8806611589381,8480860
2019-06-04,575.8212890625,578.9794540779587,573.1796916343841,576.4552609799813,6442988
2019-06-06,569.0236206054688,579.9774222696217,566.6755338756323,576.032625098229,15634924
2019-06-07,574.7293701171875,576.2791301400797,565.6540387113995,569.5635798093208,7970932
2019-06-10,572.9801025390625,579.9656604407216,571.0781867162606,579.9656604407216,7077140
2019-06-11,574.905517578125,577.6058172496859,573.0153536691001,575.6334473766449,7103292
2019-06-12,569.8922729492188,574.9054025931778,569.0938892449864,574.1070762152686,7308620
2019-06-13,574.0367431640625,575.7508579175834,567.285993912378,571.9821673048542,11107948
2019-06-14,571.7825927734375,577.3827449370204,569.4110023691194,573.6258063646881,11956920
2019-06-17,568.70654296875,572.9095948190358,567.6029537932426,571.7590553793998,12810020
2019-06-18,567.5912475585938,571.0546753800807,564.4800327359021,567.7673540579914,12419652
2019-06-19,570.1976318359375,574.0836692937438,567.462076554043,569.8806172147409,10744276
2019-06-20,573.2691040039062,575.7853360926836,570.492953942729,573.7416401845322,11171492
2019-06-21,570.3984985351562,574.0606544899699,568.3783945203262,573.1864739598666,13250260
2019-06-24,571.284423828125,574.2732498136112,569.4061040256472,569.8668152703848,6915000
2019-06-25,573.8242797851562,576.8485227742788,567.7522016082703,571.7333418669679,8899800
2019-06-26,583.0859985351562,583.5821845991668,572.2413162344866,572.879228543472,10533636
2019-06-27,581.762939453125,589.3707605441867,580.30985606529,583.2868571230551,19879236
2019-06-28,577.3802490234375,584.7636281669597,575.7972640715963,582.16467870844,12756844
2019-07-01,587.2561645507812,588.0712779274111,578.8686473284337,580.2744309319894,8524160
2019-07-02,589.4888916015625,590.0795618336282,582.9206270844641,587.8350149517786,7246828
2019-07-03,588.224853515625,591.4499476980156,586.6536937198789,590.4339833290284,7463256
2019-07-04,586.8427124023438,590.1740579691856,584.0547373139126,589.4416614761516,7993964
2019-07-05,584.1492309570312,589.4770881813038,581.2195295720825,587.1498819915861,7583060
2019-07-08,569.3115844726562,584.6690095602119,566.3464085538394,584.6571846197711,14607140
2019-07-09,562.1171875,569.5951069485533,560.6641618602692,567.9530553055912,16482688
2019-07-10,564.3853759765625,566.5708557160846,559.0693441777252,562.0226951770793,11569148
2019-07-11,568.732666015625,570.3511253806663,566.0155831896608,567.7521765906135,9097596
2019-07-12,565.6021118164062,571.296195397767,563.5111739986626,571.296195397767,8976272
2019-07-15,565.8029174804688,567.7521289093085,561.6918764490588,566.0982525454444,8233184
2019-07-16,564.9642944335938,571.2962913331199,562.7906393529743,571.2962913331199,12770568
2019-07-17,566.44091796875,569.7841460349224,564.9878922956555,565.377711569128,7759736
2019-07-18,569.85498046875,573.895187861456,567.4922995800656,567.7522175508764,10802584
2019-07-19,561.2903442382812,571.9342347331489,559.24664804409,570.5875179664035,8939228
2019-07-22,542.7667846679688,555.1945073268452,538.9864958205696,554.0485841969253,22171296
2019-07-23,534.7928466796875,542.117157811594,529.7249074491386,542.117157811594,27802864
2019-07-24,538.9038696289062,541.762736623964,531.8394767294125,533.1980182625952,17363740
2019-07-25,540.1206665039062,547.0669251202459,538.7503000762736,539.8725734784717,19462008
2019-07-26,538.0532836914062,541.9162320000765,537.0019023235773,538.2659018799078,12829828
2019-07-29,530.2564697265625,537.1673111479672,525.2357729674223,537.1673111479672,9976492
2019-07-30,532.1348876953125,536.6121571541547,529.2169532611534,532.7846250429258,10394136
2019-07-31,531.9931030273438,535.6198418358152,527.8820607065153,529.2406024315069,13891840
2019-08-01,526.108642578125,530.4182795371635,520.2361429210483,527.8372494263176,18241676
2019-08-02,524.3446044921875,526.6296425415806,516.6842985727197,523.5513217893141,27825536
2019-08-05,516.0331420898438,520.9466158530028,512.066843991872,520.24808536213,19822440
2019-08-06,518.3656005859375,523.3737689389926,513.1324317569491,513.1324317569491,24890940
2019-08-07,517.1578979492188,521.4201883169321,512.658813672188,518.5786614051232,18750136
2019-08-08,528.7962646484375,531.1287076436796,516.9210739126851,520.4729823454337,19711600
2019-08-09,540.3636474609375,542.0212046617379,530.3709570411706,532.0758614569354,30436112
2019-08-13,525.7653198242188,538.3035443330222,521.5622284123144,538.3035443330222,15440068
2019-08-14,527.9201049804688,529.3290170063403,521.6687696636742,529.3290170063403,14254052
2019-08-16,527.5056762695312,528.7606953037916,521.9173757975252,524.2616119133877,15247560
2019-08-19,522.5686645507812,530.8919473810793,521.3491412250062,530.0631686942667,8498200
2019-08-20,525.8245849609375,527.5294895678886,522.5686686656784,523.1369509309908,10270592
2019-08-21,527.0676879882812,530.7024394084053,524.3090045626948,526.8426875504603,10472712
2019-08-22,514.813720703125,525.8838372395332,513.144311887837,525.8838372395332,13992044
2019-08-23,512.1141357421875,515.5002999406553,506.6442315548242,511.71159769028765,20099616
2019-08-26,534.2424926757812,536.6104314910203,513.1323412623266,519.7388674324413,25280244
2019-08-27,535.142333984375,538.2088032623816,530.4420100085757,534.2070096918413,20660832
2019-08-28,532.1942749023438,534.526717874484,527.1861071861758,532.7862596352718,13662588
2019-08-29,527.3281860351562,533.6624231243272,525.7535296588891,531.8391215804882,14783716
2019-08-30,527.56494140625,535.1541972255666,526.1560293076145,528.879159072258,19233320
2019-09-03,523.53955078125,525.9193414436381,520.0349889023571,525.6825475033213,11428676
2019-09-04,532.2534790039062,538.46931876538,520.7097765897407,522.6041277551423,15060704
2019-09-05,529.2698974609375,538.0904708192375,526.8664623414039,532.5495163172213,17296252
2019-09-06,531.8153686523438,534.3491094966399,525.9902737081954,527.5767811917681,12870004
2019-09-09,532.6915893554688,535.3673142208179,524.7589935745563,531.8391081769959,10643404
2019-09-11,533.0941162109375,538.4693261543216,530.6906234502475,538.4693261543216,15209116
2019-09-12,537.7235107421875,541.9739501576969,532.3482423655698,532.9520784399274,18132300
2019-09-13,534.5503540039062,536.9182928976408,529.9447244177942,533.0230449796491,15371340
2019-09-16,531.4010620117188,535.781749610595,530.6551842746951,533.2362149247615,11030184
2019-09-17,523.6342163085938,532.431086609831,520.4966971190984,532.2889871447702,10656556
2019-09-18,518.0458984375,526.6651740003866,516.2107455576505,525.043170335129,12959884
2019-09-19,521.4439086914062,524.2854357005357,513.369212982724,520.8992711191202,10623310
2019-09-20,568.115966796875,572.9939447204633,523.504014961774,524.7353317954808,46150034
2019-09-23,595.4183349609375,607.4711228325581,582.0394779614176,596.5076101596419,41920410
2019-09-24,593.784423828125,597.6441182602333,581.3527437208729,591.9847670120035,23379048
2019-09-25,587.1068115234375,591.9374420908302,582.560379903726,591.9374420908302,15608976
2019-09-26,588.432861328125,603.8244653467681,585.5202846977793,587.1541973494428,30671560
2019-09-27,589.2379760742188,593.6423661754355,586.1123078464277,591.1560299788491,14873170
2019-09-30,581.3052978515625,587.2488476192086,576.119534781264,581.9446876038255,18218458
2019-10-01,591.41650390625,594.3527253212801,578.2980863579686,583.2234113411605,18768352
2019-10-03,579.4584350585938,589.0485889890971,576.0485678633604,587.225229523867,16298876
2019-10-04,563.4273681640625,587.0594103434742,561.3436281460217,585.6623494935137,18403632
2019-10-07,562.1014404296875,577.7061372321348,559.3783102451832,568.8737121149742,22513220
2019-10-09,581.6368408203125,582.4656194313956,563.5694555364996,566.9319171964065,17427270
2019-10-10,568.56591796875,580.5950031422398,566.979352418176,578.6296598082755,11556858
2019-10-11,567.7371215820312,579.6715119387164,563.0722351431893,574.6514924334763,17186318
2019-10-14,570.3892211914062,577.7298329061626,567.0741062234517,572.5677137510015,12267802
2019-10-15,579.2215576171875,580.1450306640453,571.5494008924131,571.6204506216349,8400374
2019-10-16,578.2981567382812,584.8810399239208,573.0886899859224,583.2945320660884,10586816
2019-10-17,577.7771606445312,582.441989272778,574.5093930098304,581.3290694189853,12243614
2019-10-18,582.0394287109375,584.3363180675698,577.9428825202974,580.3581688315088,11233806
2019-10-22,586.9174194335938,595.2999008800527,583.744346293607,595.2999008800527,20006228
2019-10-23,588.0066528320312,591.8664053050052,583.933808954648,590.4929890015461,10190214
2019-10-24,585.4019165039062,593.950200126325,580.7844350714618,591.0376233528876,13107494
2019-10-25,582.0394287109375,590.4929597056838,577.7771383460893,587.2488947124186,12993542
2019-10-27,586.15966796875,588.1487716564039,584.8810038782007,587.2252406478804,1750082
2019-10-29,588.432861328125,595.4656288329024,586.1596166871203,586.3017161563129,14232568
2019-10-30,591.2033081054688,597.9992813530005,588.6696249825086,590.516628932025,12011366
2019-10-31,582.6786499023438,598.5675413098636,581.1394897854991,595.631262708051,13217706
2019-11-01,587.2725830078125,589.0248347687501,581.3763801259324,586.7752926862162,11512260
2019-11-04,585.757080078125,591.9847714358326,582.0631297909731,590.3035115605496,9935176
2019-11-05,587.0120849609375,589.5221234546789,582.0631155174988,587.7224666692404,12367810
2019-11-06,595.1340942382812,596.2470139570956,581.5894953166282,588.4091130876647,12130336
2019-11-07,598.4729614257812,601.3144886136432,591.9848308045706,597.1942973156508,16963034
2019-11-08,594.6368408203125,600.0357533996864,592.6714398527363,596.2470509314959,13251496
2019-11-11,598.97021484375,600.7461692265641,592.2215881890567,593.1924663760677,14286610
2019-11-13,595.5603637695312,601.4565087824031,593.6896572642707,597.6441038503623,9293496
2019-11-14,603.3035278320312,604.7716384932658,595.3945766514241,598.520302472713,11055218
2019-11-15,605.1979370117188,608.5603992508233,601.9775164438053,608.0157616503795,9279012
2019-11-18,597.6915283203125,605.9319100976571,596.1049628825585,604.7716430689543,9130292
2019-11-19,602.3563842773438,603.82449501675,597.2416124892662,599.2307161006366,10570578
2019-11-20,603.0430297851562,607.5894612252192,600.0357587364853,602.8772856129011,11054258
2019-11-21,607.7789916992188,609.5075990162085,600.6751735288667,601.5750020593154,12019526
2019-11-22,598.97021484375,607.9210364953358,597.6678482963531,607.9210364953358,7688010
2019-11-25,601.9774780273438,605.9556273541223,598.6860657393921,598.6860657393921,7893556
2019-11-26,603.8480834960938,606.0739227957121,600.0119764739786,605.4582355965813,8716002
2019-11-27,605.4347534179688,608.9156127511338,602.0248860175257,604.2981309511543,9580666
2019-11-28,599.230712890625,607.6368969919056,597.6678499051358,606.2871254085217,12366040
2019-11-29,603.80078125,606.1450756971117,592.9319636666191,600.3672694795663,15567626
2019-12-02,599.4437255859375,603.3271222125159,596.05756143599,603.3271222125159,8946204
2019-12-03,594.5421142578125,600.9828965435161,593.7843853673195,600.6040031927653,6991906
2019-12-04,592.7662353515625,595.2525715277253,584.5020928032309,593.1687734559762,11395614
2019-12-05,589.9009399414062,596.12863094506,587.6040507210195,594.636817843651,12772494
2019-12-06,590.1141357421875,596.7206628132138,586.3964250464844,591.4874941935019,13774650
2019-12-09,588.6459350585938,591.913702452859,586.088607177962,591.7479582844493,8265350
2019-12-10,591.7479248046875,593.713325632947,589.6641270326895,592.4583064671181,9788900
2019-12-11,591.392822265625,593.8791584553303,588.4328982302615,592.0321542950602,11054642
2019-12-12,598.4256591796875,601.1961368338806,593.4056389993596,593.4056389993596,12913148
2019-12-13,598.5439453125,602.5694417190632,596.365452937033,599.0885828591198,11775186
2019-12-16,595.4656372070312,601.4565347253566,591.1322970678702,601.1013438583927,11327576
2019-12-17,601.9774780273438,603.7297876816821,594.5184697187642,596.7206646863573,12427354
2019-12-18,612.0411987304688,615.1905692499555,603.1851297494278,607.6131642399483,17447172
2019-12-19,610.3599853515625,618.2688785595552,609.0812635932508,618.0320846573876,13018376
2019-12-20,614.101318359375,615.4747346337728,606.2161272088615,610.33631822104,15026044
2019-12-23,616.8007202148438,617.5584490809625,610.3599381363234,615.190510242462,10195782
2019-12-24,610.5257568359375,616.1851082265389,609.4838289331773,615.0011386627299,7179208
2019-12-26,601.6696166992188,611.8044075067481,598.9228420576536,610.7861821418609,14949758
2019-12-27,603.824462890625,605.7188141467524,601.4565238204657,602.4036994485294,7092992
2019-12-30,607.2105712890625,610.3362390110301,603.374521911602,607.1395215613118,9334190
2019-12-31,602.4510498046875,607.1158782349886,600.8171949621751,607.1158782349886,8357056
2020-01-01,605.529296875,606.19233129956,601.7405948043777,604.3453274779305,3673698
2020-01-02,609.3892211914062,609.9812060575335,605.7189150214173,605.7189150214173,6137166
2020-01-03,600.6988525390625,608.5603994443895,598.4256076891043,607.234330313411,10855550
2020-01-06,587.69873046875,597.5730818969894,585.3544940901224,596.720600771484,10890186
2020-01-07,597.0047607421875,602.1431767378965,593.050314229868,596.1996846178865,14724494
2020-01-08,595.4420166015625,597.73890607202,587.2726263307592,590.5403361902679,11332110
2020-01-09,602.1194458007812,604.2032433553127,598.1886445544833,599.0884727951902,9546316
2020-01-10,607.4710693359375,609.4601728526172,603.871813491343,608.1341038414974,9214580
2020-01-13,609.0338745117188,614.0065461154303,604.2979967938983,607.4710117404351,7451568
2020-01-14,610.6915283203125,612.1359943771557,605.0084741599063,610.4547343969623,7886290
2020-01-15,608.2052001953125,609.9574521269482,603.3982719253166,609.2234256414325,11787448
2020-01-16,609.8153686523438,611.4018762888768,605.8845666176381,607.163288419645,7150400
2020-01-17,605.3162841796875,608.513001967246,602.3563603023184,607.0211887708494,16918814
2020-01-20,594.3053588867188,617.9610470531414,593.1687365718038,617.9610470531414,22178450
2020-01-21,589.3089599609375,591.9847425595085,586.4911357107582,591.9847425595085,14984804
2020-01-22,587.6514282226562,594.3527073618872,584.5968099426914,591.0612951746068,18368310
2020-01-23,589.5457763671875,590.4929519914465,582.9865967313965,587.248887040562,11508920
2020-01-24,589.4037475585938,593.8791293563715,586.8226592396154,590.0904267767455,11831756
2020-01-27,574.5567016601562,584.8809389292223,573.8700224675994,584.8809389292223,18888552
2020-01-28,579.2926025390625,581.4711527758164,574.5804268199824,577.2088623646235,13412158
2020-01-29,585.283447265625,588.1960236793792,578.8426650097595,580.2871308654205,13788350
2020-01-30,580.6423950195312,586.7516319136959,576.4510963819321,586.7516319136959,12111984
2020-01-31,580.7608032226562,586.2070634943107,577.8955736075096,583.1997343998446,11178268
2020-02-03,564.8955688476562,567.3344998460584,557.744346592457,566.8846145462204,13077010
2020-02-04,582.4183349609375,584.4073807174176,567.3582188812532,567.3582188812532,20897704
2020-02-05,589.4511108398438,591.0376185260882,581.2343734585951,584.8336294451086,18020682
2020-02-06,587.1541748046875,591.3690599560683,585.9228002816666,589.4510640616896,11827550
2020-02-07,588.290771484375,590.5640161625739,583.270752115284,590.0904283388669,6815448
2020-02-10,587.3910522460938,588.6460138398753,580.6424251679804,588.6460138398753,9219834
2020-02-11,587.5330200195312,594.3526959818439,586.3254058019519,588.8117417811588,11613520
2020-02-12,591.51123046875,593.3582346641225,589.1669937125963,589.7115734966399,6297930
2020-02-13,587.9119262695312,596.6733008644125,584.2179181807978,596.6733008644125,9112140
2020-02-14,577.4692993164062,591.2270486728398,575.4092038524705,588.7643573113077,14688858
2020-02-17,576.427490234375,583.9338464468528,575.1487682927701,580.1451434690955,10152690
2020-02-18,574.5805053710938,577.0668417841975,569.9630234610438,576.3091127252655,10529116
2020-02-19,581.1869506835938,582.513019706518,574.8882673522369,578.9611110497709,10012268
2020-02-20,576.4037475585938,582.5130422467998,574.9829840409186,582.5130422467998,11123414
2020-02-24,573.0175170898438,575.2907615812694,568.3053417555244,572.5439293050475,16568084
2020-02-25,568.4474487304688,572.5676393882633,567.3581736866331,570.1997004329769,13886680
2020-02-26,567.9501953125,570.5312258169903,561.5094124980089,567.1214166243225,13814786
2020-02-27,568.044921875,569.4893879376268,559.3072491927961,565.937479073151,20655098
2020-02-28,557.720703125,561.201562010712,554.1450919894718,556.7024777583055,24313056
2020-03-02,558.6441650390625,568.8500053945262,552.2744321654279,568.4000622917009,14664898
2020-03-03,559.68603515625,561.3672370094275,553.1505009757981,556.4656152795914,22369550
2020-03-04,544.081298828125,558.833569448218,536.6222914393035,558.0521380643305,34288870
2020-03-05,545.265380859375,551.7298668268896,541.1925367522988,546.0468124046383,19549708
2020-03-06,537.474853515625,540.3163805679825,521.4202141076019,532.7863223170319,23053566
2020-03-09,524.4038696289062,529.66068340419,504.371079677857,525.6825337487523,34420590
2020-03-11,527.4821166992188,530.4183379455845,517.1578794969449,523.3145209195276,35538240
2020-03-12,483.6752014160156,511.4748103132144,475.2216709744296,509.10687137657914,59000770
2020-03-13,506.644287109375,512.1615391176439,435.32194208226394,464.1397501718514,66342364
2020-03-16,473.3510437011719,491.1105876119212,471.219898431882,490.1634119366812,31986322
2020-03-17,461.7954406738281,478.32366604285744,452.1342671386415,477.3764904665349,42676838
2020-03-18,415.2891845703125,470.2727207173597,409.6534777648702,466.4840180328291,61181406
2020-03-19,424.1215515136719,435.67710547774163,376.502303667405,401.12886944187676,67220048
2020-03-20,418.1070251464844,433.143439503964,390.49685905227716,414.3893720565236,88637464
2020-03-23,365.39666748046875,397.2217739590976,362.294673119177,376.31286067374276,50276954
2020-03-24,363.5733642578125,383.6061226600706,349.86299150015697,376.62070252521124,61057272
2020-03-25,405.746337890625,410.8137330098405,357.6771773468276,364.8757175147829,47228042
2020-03-26,426.7499694824219,444.0833008932357,398.2873532998881,412.0687471848041,57043156
2020-03-27,428.3365173339844,468.2126182809355,413.0159337363424,447.51682439119236,55235936
2020-03-30,393.85931396484375,420.0723877005265,392.13070689519276,416.75727302870723,39268444
2020-03-31,408.18536376953125,413.7263182768991,396.8666030278932,404.3492849888451,35211092
2020-04-01,392.9121398925781,409.10881994288405,388.3420059433593,409.10881994288405,29103504
2020-04-03,385.4294128417969,399.70809632853104,383.60611140534377,399.2345085366726,34996280
2020-04-07,424.3820495605469,429.686239120886,400.3474668108766,413.91576991550437,60412638
2020-04-08,420.97222900390625,447.5404944115309,410.1744034746511,416.73361219107665,56219352
2020-04-09,438.0924072265625,440.86291331760424,421.4931599122434,432.3856797751441,44457146
2020-04-13,424.0268249511719,448.3455758120512,419.6935139266889,442.33100497402285,34158056
2020-04-15,408.8483581542969,440.6734653560616,399.23453121457277,440.6734653560616,57978752
2020-04-16,416.638916015625,421.82470881618804,405.50960140764863,409.6534951446611,53854396
2020-04-17,431.10699462890625,435.70080234780517,420.1908009598806,433.3328632046106,55883462
2020-04-20,447.4694519042969,455.0942333496393,442.8046233171163,450.38202863591187,66232986
2020-04-21,436.4822082519531,442.3310060307355,430.0177232076101,438.0687158227306,33178006
2020-04-22,439.77362060546875,441.85741849282465,429.6862062216211,435.29823900880433,38289354
2020-04-23,452.2526550292969,453.9338858625016,432.172521651164,442.8045730635775,40901222
2020-04-24,444.2490234375,453.88655236824343,438.54229631301587,441.8574108639782,33284568
2020-04-27,440.2945861816406,453.4129741043949,438.684376089416,447.61152351828474,27421072
2020-04-28,441.0997314453125,446.972203393988,436.6479941295112,446.972203393988,29441436
2020-04-29,462.74261474609375,470.1306015606987,442.3783399213504,442.804580491512,55877778
2020-04-30,474.4402770996094,482.5859934672033,469.84646941798604,474.2508593129951,43793134
2020-05-04,437.12152099609375,454.64426885834234,434.5167882057595,453.46029940819045,26722324
2020-05-05,431.651611328125,447.06688862405014,430.04140122638694,444.22536178957523,29672858
2020-05-06,448.20355224609375,449.908456941775,428.90484738253866,435.2272336099908,33785846
2020-05-07,438.0687255859375,446.7353767542662,436.34011851196357,445.4093366633235,21831730
2020-05-08,439.98675537109375,447.04322540288103,438.1634538388063,446.119723379116,20807484
2020-05-11,433.7117004394531,451.8027601380309,432.8592481825579,443.75176755695486,28550784
2020-05-12,426.9631042480469,430.680786073331,412.5423489795209,426.7026367214937,49568418
2020-05-13,439.32373046875,454.64428410530485,436.69529507686207,450.3819939418176,44346966
2020-05-14,423.2454833984375,431.4385477334595,421.49320250579467,425.28190544966697,39554890
2020-05-15,420.61700439453125,422.62975248836386,414.3893134361181,421.7299241312722,24349628
2020-05-18,396.2272644042969,420.5459875978959,393.6935522032802,420.5459875978959,46649964
2020-05-19,393.3857116699219,410.7426869335507,391.2308640881771,407.68803988874686,47460692
2020-05-20,405.912109375,409.1798768985452,394.11978998824173,396.13253822530055,40014306
2020-05-21,407.0723876953125,418.6516151860271,403.6388761454271,407.9722160774846,48478908
2020-05-22,397.2691345214844,412.16347736443464,394.52233092393,402.54965032024086,42047432
2020-05-26,403.686279296875,412.8501922779216,401.9576721489945,405.8647717604575,38005152
2020-05-27,427.9576416015625,430.87018932741387,405.93580815185277,407.23817464619043,56025754
2020-05-28,447.65887451171875,449.9084165946922,432.83558193554217,435.7007823864388,75488806
2020-05-29,450.68988037109375,452.2763880759633,437.334697476126,447.0669218258737,53025166
2020-06-01,467.739013671875,471.21987252480557,457.53317320786255,461.7481162931512,39190230
2020-06-02,474.0613708496094,475.9557219818755,461.84281182759344,467.28907133285867,41623594
2020-06-03,484.1251220703125,495.49122911818483,480.90473085451634,483.05954953457444,50546088
2020-06-04,474.3929443359375,492.03406244167826,469.3728958968145,486.8720012429039,54275882
2020-06-05,489.3819580078125,493.667950866198,474.91385601288056,475.0559265765521,35195984
2020-06-08,481.1178894042969,505.152471843992,476.6188050067185,502.0031012034842,49812664
2020-06-09,467.5732421875,486.25628719919104,463.9029366352295,483.05956946011673,61844146
2020-06-10,469.7280578613281,473.5167603419333,463.2636015970991,468.8519319748906,36497730
2020-06-11,458.7171630859375,468.09422529565535,457.012258450811,466.4840151026413,30897714
2020-06-12,465.4184265136719,467.2654305596224,439.4894935687484,439.4894935687484,42644876
2020-06-15,449.8373107910156,461.27446646526596,446.59324628002645,458.43293997780023,32009936
2020-06-16,469.0413818359375,470.72261279198466,450.85559824373564,461.748117949204,45399970
2020-06-17,463.7608642578125,473.0668763129085,460.9193373897534,468.37834541840857,36957838
2020-06-18,483.035888671875,485.38015409345786,460.32734758550146,464.11605003476484,40870126
2020-06-19,489.3819580078125,493.9520919935411,479.34191943493755,482.088722986111,47877752
2020-06-22,487.2034606933594,495.34914792027973,484.85919524719657,492.2708271479766,29694474
2020-06-23,493.6205749511719,494.8992388553897,481.42566049492433,492.0577121251195,28830512
2020-06-24,488.9794616699219,500.81915807839454,487.8191945462986,496.55686737134437,39429246
2020-06-25,487.2034606933594,496.79361386861143,476.90292580142204,483.95939574936546,70646790
2020-06-26,500.3218688964844,503.42389248729955,486.84831747595854,493.00495962302807,39969138
2020-06-29,509.6041564941406,512.7061217829751,491.11053046272707,491.11053046272707,46005956
2020-06-30,504.7735595703125,510.78815948972283,500.25083063697764,508.63331181340817,35746130
2020-07-01,513.6533203125,519.0522328366897,502.61875917329024,504.7735489934417,34846718
2020-07-02,515.9265747070312,526.2744568521122,513.9374712071245,516.3528153006549,36954496
2020-07-03,508.609619140625,518.9575593169845,506.7389703650845,517.63149028882,27597254
2020-07-06,522.3673706054688,530.3710164045095,520.9466071314738,524.7116072131548,35558216
2020-07-07,523.3855590820312,526.4875244282308,517.6551583698904,525.3983071949202,24349850
2020-07-08,525.8482055664062,532.7389312253459,523.314522382233,524.2616979883546,30056350
2020-07-09,532.7625732421875,535.0121152953822,524.3800922946875,529.4711611519176,20114484
2020-07-10,523.3618774414062,530.4183473749359,520.7334997816465,529.4238245358104,17562978
2020-07-13,511.5932312011719,527.1032319619572,507.35464343064444,525.6351213147418,29922114
2020-07-14,501.45843505859375,506.2180156165715,497.26719455242556,503.23438932485243,26612674
2020-07-15,498.759033203125,511.0012670090253,497.3145672016317,506.8336709933505,20974394
2020-07-16,503.210693359375,504.6077541154426,489.73708701196995,498.99575076796,23662456
2020-07-17,520.2125244140625,522.8409599731156,501.1980194464601,501.553210316007,28405738
2020-07-20,536.5987548828125,545.9994624639867,532.3838113117391,537.522228097427,65124096
2020-07-21,539.2034301757812,548.3909875427954,537.0485824919947,545.5968656816383,47512422
2020-07-22,533.4255981445312,542.0212281345551,529.2580602600719,539.1797013815561,24718012
2020-07-23,535.3436889648438,541.7371246026141,528.6424096786076,532.7863031475329,20149122
2020-07-24,529.9920654296875,531.7917220922633,521.5385352402088,531.7917220922633,19598440
2020-07-27,511.2380065917969,522.3673193800389,509.27260574996956,520.8755063164347,37970094
2020-07-28,514.6242065429688,518.2945120793429,501.7662859081783,511.00124822550674,35596450
2020-07-29,504.18157958984375,515.5003400046988,499.89564452262283,511.9484313689292,33592086
2020-07-30,497.5750732421875,513.2034718863025,495.7043665966615,508.6333376902901,26956266
2020-07-31,489.1214904785156,500.9137801486832,483.0832172771503,500.9137801486832,37726696
2020-08-03,474.5349426269531,486.35093429151493,470.2726527231182,485.8773465244222,31783542
2020-08-04,493.312744140625,502.50035903602105,475.0085640821371,477.3765030855376,60306168
2020-08-05,486.6352233886719,500.01408028854587,483.0596119600508,496.29636937905894,33221360
2020-08-06,492.86285400390625,499.63518340575604,486.01953267313473,491.11060207750614,33646888
2020-08-07,494.3546142578125,495.9411218281457,483.3436978902163,490.09232405100107,24836784
2020-08-10,497.5750732421875,503.89745931328554,494.3310081161424,494.4257025592764,22172854
2020-08-11,505.1524963378906,507.21259194183745,496.5568652203703,496.5568652203703,20136148
2020-08-12,503.75537109375,504.8446462692065,496.3200650001205,504.371058420924,20666432
2020-08-13,501.55316162109375,507.3782566295072,500.3454896574793,505.768046615024,19892740
2020-08-14,489.90289306640625,504.7972645640739,486.51678643130293,504.7972645640739,20924512
2020-08-17,489.0978088378906,495.84643510362764,483.15428762706193,495.84643510362764,19561012
2020-08-18,500.3454895019531,502.78447813082306,484.00671109417516,486.84823777378875,24040824
2020-08-19,505.12872314453125,506.6442387528146,500.2271011006814,504.37099424589417,17715624
2020-08-20,501.5295104980469,506.24168626831124,498.2143956977765,499.6114566677705,19216734
2020-08-21,514.1505737304688,515.6423867672062,504.1815280540077,504.56042139416564,28924302
2020-08-24,529.0213012695312,531.8154231788657,514.1506320521144,514.3163762281067,36779740
2020-08-25,530.2763061523438,533.7335206706247,523.8828700129884,529.9448177732289,27601738
2020-08-26,529.684326171875,535.9830679208438,525.4457378910326,530.8919983558789,25190062
2020-08-27,526.677001953125,535.1068882558171,523.906524774149,533.1651897600997,20645996
2020-08-28,527.8135986328125,532.7862704907259,518.5786366109733,526.6059266286294,38696610
2020-08-31,528.4530029296875,544.0577576301962,521.2781352761166,534.917488792034,38501166
2020-09-01,533.87548828125,541.5949338413047,524.7352216746101,534.2069765784839,28877884
2020-09-02,537.11962890625,539.4165182338052,530.7498381439231,532.3600482680174,19761682
2020-09-03,535.5804443359375,542.7079059029746,534.2070281800104,538.5877152462028,19833362
2020-09-04,530.0867919921875,532.9756657065822,523.030322951089,525.682402790353,23661370
2020-09-07,525.9192504882812,530.1815406768401,520.4729908029005,528.6660828453123,17615466
2020-09-08,526.8427734375,529.8501024928822,522.3673914403189,527.5768577194156,14624918
2020-09-09,519.2890014648438,525.6824365033987,516.8026656165168,521.4201464776954,15728872
2020-09-10,516.47119140625,523.2434621677486,513.369168233938,522.3673363118392,15188088
2020-09-11,510.83544921875,523.2434254144251,507.2124912901903,519.2652766656342,20794730
2020-09-14,501.0321960449219,518.1050595692076,498.3801158945213,515.2635327342759,21650590
2020-09-15,506.9757080078125,509.65149047168995,501.1032080950302,505.79173858229217,16505110
2020-09-16,517.9393920898438,519.0523120361113,505.9575957040182,506.83372171231315,18710112
2020-09-17,513.1798095703125,518.1051350304291,510.5277290336404,513.3692562824361,18318686
2020-09-18,500.7243957519531,517.2525634487629,495.94111280255106,517.1578690147392,23481778
2020-09-21,496.9356689453125,507.3782445611491,493.241661224128,499.63509610317334,19842878
2020-09-22,490.35284423828125,501.1269672278319,487.5586645161511,499.185268712797,18620678
2020-09-23,495.9648742675781,499.63518009290516,489.8555794606369,495.3728894570415,16079828
2020-09-24,487.9848937988281,495.84643992793775,485.42750804788557,491.5841496133709,19809510
2020-09-25,494.4256896972656,498.19068978463525,485.7353646637358,497.26721664954874,20321544
2020-09-28,499.2561950683594,501.5294394480504,493.7862911094248,496.76985932038747,16152422
2020-09-29,503.210693359375,506.6915518044461,497.74073165211655,501.05584594475675,12644446
2020-09-30,510.811767578125,514.742569273699,498.2143442013941,502.00304643866707,18813842
2020-10-01,524.238037109375,525.6825031478362,516.2580935562258,516.2580935562258,21203080
2020-10-05,527.7425537109375,536.1013899485746,526.156046142108,526.629633942416,16940126
2020-10-06,541.831787109375,543.6787910802993,533.3545539789349,537.5458522321513,19371990
2020-10-07,550.4274291992188,551.6587459363651,538.7534781835764,542.210692302306,21248778
2020-10-08,564.4219970703125,569.7261576245393,550.9483886643206,558.8336375702047,35060674
2020-10-09,584.1942749023438,585.8281297469175,564.350933803847,568.7789683314858,44972388
2020-10-12,574.7698364257812,588.5512296372209,570.9574315684628,583.247069481048,19220546
2020-10-13,567.5712890625,578.9373965283816,565.9374342386844,574.6514615247294,18353952
2020-10-14,573.751708984375,575.0777781551355,556.7025455312693,566.1980055233097,22582918
2020-10-15,553.7425537109375,576.3563719189317,551.2562176775979,575.0303029100788,28246896
2020-10-16,567.9974975585938,569.9628984257118,555.5184710040381,558.8335854942584,25822848
2020-10-19,569.986572265625,584.8808842087241,564.8007516016243,584.8808842087241,42359556
2020-10-20,579.6477661132812,581.281678713912,571.0995409888332,571.8572699084973,27411978
2020-10-21,590.4219360351562,592.4583868682222,578.5822400545762,582.7971833858658,35640752
2020-10-22,584.0758666992188,591.9847599679864,579.1978891526778,587.2251793734391,21913060
2020-10-23,585.2598876953125,591.2507277442996,583.081337338208,588.9064910130453,15866230
2020-10-26,573.467529296875,588.1960996171958,570.4839027686133,582.4183510706442,19571976
2020-10-27,583.9810791015625,585.3544952237552,567.2871098809821,580.6186174306827,24317780
2020-10-28,572.8518676757812,583.4602473720216,569.0158175466592,581.5658959195151,16571186
2020-10-29,562.2434692382812,570.4128596049055,558.1232780908251,568.5895579548477,23060024
2020-10-30,560.514892578125,567.973900810896,557.1050255565358,560.0413047538221,11522716
2020-11-02,575.527587890625,580.1450690524712,557.6496480075795,565.6295910686702,21926080
2020-11-03,591.013916015625,592.3399850790447,580.3818922361537,580.8317775553417,28164230
2020-11-04,595.4893188476562,598.9938801743824,582.5130014005952,592.9319331329635,23404822
2020-11-05,601.0775756835938,604.2979956500186,593.0976333063729,599.5621179411627,21433928
2020-11-06,619.287109375,620.4000291628225,599.3253716836275,599.6805625400184,35705724
2020-11-09,634.8682250976562,637.4255532777373,622.8627266687505,622.8627266687505,26288440
2020-11-10,660.0156860351562,660.6550180387974,640.0776500995573,642.6586806298552,41517356
2020-11-11,658.2633666992188,670.0320702645637,649.0521067328153,662.9756001906362,36116194
2020-11-12,649.620361328125,657.6003619970146,644.0794071994167,652.3198464713761,27053948
2020-11-13,643.5111694335938,648.2470477549742,637.9228098899588,648.2470477549742,22472480
2020-11-14,648.6732177734375,651.1595538431708,646.542072570809,647.7734471589163,1835066
2020-11-17,667.0247802734375,668.9901814015474,653.8353702909427,656.2980617830259,31059900
2020-11-18,667.1431274414062,672.0211050279592,662.5730513057764,664.4437000382147,18862776
2020-11-19,650.8754272460938,662.7624703017743,647.8681560663222,658.1449889263016,20266882
2020-11-20,664.7515869140625,667.0011291667048,646.4711077495306,650.070363791555,20405362
2020-11-23,660.4655151367188,674.2232634515739,651.3489502514798,670.1267175383426,25246636
2020-11-24,681.114013671875,684.3344341333797,663.9938593712611,666.8116839168157,40154400
2020-11-25,664.3489990234375,693.5219963829492,661.6021666174429,687.3180076712156,24152602
2020-11-26,675.64404296875,678.1777261235598,656.8662752328055,670.1267335648304,27943126
2020-11-27,682.368896484375,684.8078849535682,670.387161123035,678.0829620431563,17994580
2020-12-01,678.7933959960938,686.2287011031041,675.0993881452553,682.3689490895632,17147574
2020-12-02,666.3143920898438,678.0830962284707,660.5603460504777,677.7042028299456,17892150
2020-12-03,652.2250366210938,678.1776688611315,650.7332814335067,676.7569055883777,37933222
2020-12-04,656.2032470703125,663.7096021718844,650.3781517907096,654.0247547427127,26912322
2020-12-07,649.8807983398438,653.527400937589,643.1795200285017,651.1831646691821,24316318
2020-12-08,651.7989501953125,657.7187980398132,646.5184343558151,651.1832628950788,19457896
2020-12-09,666.4326782226562,667.7824495985499,651.2068778623737,652.1303508775582,22069074
2020-12-10,656.3216552734375,663.9701099711853,651.5384299521099,662.0757587301833,19727966
2020-12-11,654.877197265625,660.6549449862631,650.2360139542217,658.3107086284568,21356384
2020-12-14,649.83349609375,657.3398509855255,647.8680952076361,654.9719120410531,17222050
2020-12-15,658.9027099609375,660.6312591314887,646.9209158475564,653.9300382066189,21561436
2020-12-16,668.0903930664062,670.9793253567364,660.4182926051539,664.9173774239054,16832092
2020-12-17,682.8189697265625,684.334427687693,665.1541201988684,671.8316971698117,21924478
2020-12-18,668.398193359375,681.824397200528,666.0066094291611,679.5985574538313,22995918
2020-12-21,650.0703125,674.3179850066851,647.2524303718895,671.3107140052659,23761824
2020-12-22,650.2835083007812,655.8245211990293,636.9757003974331,655.8245211990293,22851558
2020-12-23,651.4910888671875,654.0010695985399,644.5767183346328,647.6313366151035,15467394
2020-12-24,661.6494750976562,664.9172423380148,652.130372293053,658.0028723203482,14952188
2020-12-28,669.1084594726562,672.9682113037708,664.9172193318045,665.3908070948613,11699194
2020-12-29,675.904541015625,679.48015232617,672.4947316976208,672.9920220532118,14495346
2020-12-30,678.4146118164062,681.9191735548343,669.1796485141934,681.9191735548343,16216726
2020-12-31,680.2141723632812,683.8607752565193,674.8863096751678,679.5984851060285,22145750
2021-01-01,674.8862915039062,683.3871690618734,672.7787911885241,681.9664057166303,8810938
2021-01-04,670.600341796875,681.0192736609507,662.5493489928165,681.0192736609507,15740192
2021-01-05,675.667724609375,677.5857784188031,667.2852432584963,672.1158159334071,14386824
2021-01-06,672.755126953125,681.9663859162719,669.2268633949402,679.5984470762849,22134050
2021-01-07,670.71875,678.4618992939315,668.9664981906012,678.4145520741395,19894842
2021-01-08,678.011962890625,682.9135848954606,673.9627642108427,678.1777070529124,13768764
2021-01-11,687.3890380859375,693.758829135686,680.2142286543354,686.7023588514919,17331392
2021-01-12,701.383544921875,704.5565601168332,686.276082257034,687.8625898545131,20388156
2021-01-13,696.48193359375,708.9136137714456,692.4327346400382,707.019262506273,16934650
2021-01-14,695.5820922851562,704.6986575797872,689.5438477393617,696.7187145853906,12297166
2021-01-15,694.587646484375,696.9555857845563,684.3344577523865,695.7479136170566,14165236
2021-01-18,702.3780517578125,711.731410769727,694.7532997710615,696.1267159476713,42825632
2021-01-19,712.205078125,715.8990864870037,694.7533773788126,706.4983792073738,17360254
2021-01-20,706.593017578125,710.8553078986365,703.751490697784,710.8553078986365,13346052
2021-01-21,698.4473876953125,707.7059955211522,695.2980169153192,706.5930756304524,26333054
2021-01-22,683.6476440429688,695.1794946049523,682.0374340732837,695.1794946049523,15392364
2021-01-25,692.7879028320312,701.3835329786784,689.1412998903074,693.853475383822,20344718
2021-01-27,667.5693969726562,697.073942054867,665.9355420753217,695.2269379463488,23556276
2021-01-28,649.5020141601562,663.6386573049136,635.5548755229009,658.2397444156159,42704446
2021-01-29,658.5238647460938,667.1668424746923,646.2105814067206,658.9264028315245,28704502
2021-02-01,699.3707275390625,702.0938571705842,663.4964545672772,667.877141365812,26370544
2021-02-02,739.0574951171875,747.5583733559366,709.1504127425507,710.8553173311757,42420206
2021-02-03,745.8060913085938,749.0738008830458,730.2723883286894,747.7951369461741,20237254
2021-02-04,747.8425903320312,752.0575339168167,730.9591712861155,741.638600827289,24484684
2021-02-05,756.6039428710938,766.383543603958,733.1139969095794,733.1139969095794,27054716
2021-02-08,760.2268676757812,772.7295980086683,755.7040807536468,767.2122882010688,17447580
2021-02-09,763.3525390625,771.0009941477288,751.4417934690837,762.4764131313533,18421366
2021-02-10,749.0975952148438,764.7733417696696,742.112174301666,761.6950206892861,19788006
2021-02-11,744.6458129882812,756.698657949199,740.7860606113193,749.2159471102909,13648618
2021-02-12,749.1922607421875,754.1886355811185,744.9536726964518,745.3799133148704,9910106
2021-02-15,765.60205078125,769.5801999926454,756.1776416929837,757.7878518274786,10355244
2021-02-16,770.361572265625,777.1575453320123,761.7422400012975,767.7804841834933,13897358
2021-02-17,751.3470458984375,768.0647183895073,749.6894885957936,767.2122372237433,12794426
2021-02-18,736.0975341796875,760.5582975853896,733.1139079415677,760.5582975853896,14720560
2021-02-19,728.8989868164062,740.7860292853279,726.0101127375784,731.6931664576377,17139508
2021-02-22,733.1139526367188,745.3798888586701,729.064753611122,731.7168916782571,29451838
2021-02-23,724.186767578125,737.7076640521351,721.1084469986505,735.8370154397809,18239906
2021-02-24,760.795166015625,764.3470748323017,718.0775657714667,722.931841154258,14314332
2021-02-25,760.7714233398438,774.9080070475392,758.6876255402033,762.3579308447829,20109570
2021-02-26,726.673095703125,752.4836295180887,720.3270079368773,751.6075036939108,27912846
2021-03-01,738.2760620117188,744.7405472981088,729.6567290261943,740.6913483244873,13536018
2021-03-02,742.6803588867188,751.8206264779094,734.53467191637,746.2322673582679,16110038
2021-03-03,751.5128173828125,755.8461574794367,741.1649351223799,750.1631036638017,11222410
2021-03-04,735.031982421875,744.0064482821596,728.8989856058892,733.3744250896104,16291438
2021-03-05,724.58935546875,731.9773138054445,720.3744123616639,725.0629432827818,17445822
2021-03-08,719.6167602539062,736.4291294470709,716.301645201733,730.2724872073204,15117050
2021-03-09,739.98095703125,741.4964149068451,728.496452578125,731.6931703125,15066696
2021-03-10,736.7842407226562,745.9008061309231,735.0793361565595,744.4800426906737,11055016
2021-03-12,734.984619140625,757.7405377905536,726.9810309590243,757.7405377905536,15631204
2021-03-15,723.9500122070312,733.303371388489,717.6276265503748,733.303371388489,12230386
2021-03-16,716.1358642578125,729.5147207460253,715.1176388389844,725.0156362632634,13722366
2021-03-17,708.179443359375,728.8515605873579,705.7404548400427,721.8661411470307,21064428
2021-03-18,706.119384765625,720.8243085586888,701.4545566632114,715.9463312672258,18065540
2021-03-19,709.1978149414062,715.6859454495183,698.0922028335087,703.2779667365531,21235020
2021-03-22,695.7716064453125,707.9664936714229,691.6277127277023,707.9664936714229,14015632
2021-03-23,710.4526977539062,713.9098537543666,695.7477745153468,696.1740150663642,19761428
2021-03-24,700.3417358398438,713.4363936460627,696.6477274847226,706.0721372637486,16368900
2021-03-25,693.0247192382812,708.2742816057414,686.8207304085842,705.7405405403921,23964356
2021-03-26,706.261474609375,709.9080773660381,698.0683829469915,707.5401384822288,12021258
2021-03-30,735.8132934570312,740.0045914608381,711.1157375563087,713.5310236156336,25607644
2021-03-31,707.3744506835938,733.1139368392285,704.698667969491,733.1139368392285,30774506
2021-04-01,704.106689453125,710.0975869218903,693.8061543963869,710.0975869218903,35763762
2021-04-05,686.5128173828125,703.2778359432572,677.7040964544115,700.9098971016974,16006586
2021-04-06,682.0848999023438,692.6932792880586,678.4856438101414,691.4382599253059,15075734
2021-04-07,685.376220703125,689.8753046696546,673.2287402423026,681.6349234429235,25088180
2021-04-08,678.5565795898438,691.8643843569828,677.4673045950678,688.1230294139348,17613592
2021-04-09,673.323486328125,678.5566548887363,670.1741157477531,675.3362345728195,28157816
2021-04-12,647.4182739257812,662.54938215217,640.7643417097112,659.7078551379362,22549128
2021-04-13,663.1886596679688,666.0775336661652,644.5529914266166,647.8681060041231,18600682
2021-04-15,677.2780151367188,680.4036835802575,658.7607406042946,665.3909709195067,34444984
2021-04-16,676.59130859375,684.3344585521887,674.1523195495091,679.5748774288545,15606526
2021-04-19,668.8953857421875,671.4053662659722,649.9045275050281,658.2870080077744,24069242
2021-04-20,658.9500732421875,675.5256461606865,655.4218094629292,674.8626116817444,23186270
2021-04-22,673.6787109375,675.7151617997141,649.3126393851161,653.5512274824252,38485312
2021-04-23,669.7241821289062,679.4090292715103,663.1175977980581,667.285193457898,22713528
2021-04-26,665.296142578125,676.7569438349715,664.3252644958056,669.1795392853847,30170952
2021-04-27,681.350830078125,682.9136931382856,665.2962478960185,666.4565150269433,20592906
2021-04-28,699.3945922851562,700.4364624788374,677.7042446296256,680.1905809568831,24103940
2021-04-29,697.3580322265625,712.1103036895167,691.9117725521276,703.8461619317026,24078552
2021-04-30,668.84814453125,688.5020403312811,666.5748997239481,684.3344441215665,35232902
2021-05-03,669.8662719726562,673.394535934582,652.2725306270976,659.7078363110799,22473700
2021-05-04,657.5056762695312,673.9155067414977,655.1140923271569,667.7351622095179,21486328
2021-05-05,664.2542724609375,667.5693872393219,654.3562753461298,663.4965435023666,14421612
2021-05-06,663.44921875,668.1377499432683,660.6550389228186,666.6222341637894,11477044
2021-05-07,670.00830078125,674.838872933729,667.877155806155,669.1558196668091,12048334
2021-05-10,672.423583984375,677.2305114143073,669.0848248909298,675.809748103648,11060050
2021-05-11,664.7041625976562,674.4837041655442,660.6786664019221,661.1285516758652,14519034
2021-05-12,662.7861328125,667.0957702739445,657.7424111292165,662.9045297636991,13774926
2021-05-14,656.7952270507812,662.5019831493979,654.664081956677,660.3471355409549,10604142
2021-05-17,682.0848999023438,683.1978197859106,654.166919312643,660.7260994627449,15120692
2021-05-18,699.3471069335938,702.2123363536926,689.0702744188992,690.9409231735007,22165280
2021-05-19,690.5857543945312,700.3653547002302,687.9100293890692,696.2688083859091,10130916
2021-05-20,678.5565795898438,694.2323232056198,676.5201290556131,690.656712419775,10684184
2021-05-21,709.10302734375,711.2815196347564,683.3871869956029,683.3871869956029,19341646
2021-05-24,715.0938110351562,720.0664824869762,709.6712543382882,711.9207961855401,22146102
2021-05-25,700.41259765625,716.8934749022702,696.4108041907768,715.354314675395,19236974
2021-05-26,699.5128784179688,704.2250538719275,696.1740613259808,700.9099392941847,12283990
2021-05-27,702.1649780273438,705.1722490585071,692.5984695791637,697.6421913176409,20439496
2021-05-28,712.015625,716.5384120604125,700.3180283108625,706.0721322104973,17750020
2021-05-31,717.8881225585938,719.6167297533075,704.4619187285587,710.3817667851011,15661054
2021-06-01,715.922607421875,723.1685234134856,713.8151649737893,719.9955084849281,11030162
2021-06-02,712.2760620117188,715.2122832918838,707.0665961326437,715.1175888548506,10624016
2021-06-03,720.1139526367188,722.1976927085534,704.5802496675188,714.1704026204795,10287260
2021-06-04,710.8316040039062,720.1613185961918,710.002825332082,717.9591237059993,9424476
2021-06-07,710.3106689453125,717.0119480537238,708.4873674295712,715.1175968039121,8091668
2021-06-08,702.3545532226562,710.9975323361676,701.6204688584695,708.7479898271715,9872540
2021-06-09,701.0521240234375,711.3289573399608,697.1450242244664,702.7570287371487,10223442
2021-06-10,701.4072875976562,705.1722877692647,697.9027260492259,701.9045201388227,11483540
2021-06-11,703.917236328125,708.7478667213167,701.4072555985663,706.1194312271526,7205974
2021-06-14,700.6494750976562,703.7514984338662,692.645887212192,700.0811928397461,8881964
2021-06-15,705.7642822265625,708.4874123207096,698.4473731849562,703.7515338961059,7569602
2021-06-16,703.0885009765625,707.5402382681639,700.0101799934681,704.6987112068459,7702098
2021-06-17,694.3270874023438,700.3179848535726,691.4382132789289,694.2797401828149,9283802
2021-06-18,700.8152465820312,705.6458189970701,689.0702460676088,695.9372691383855,11938060
2021-06-21,705.0301513671875,706.4983198306301,690.9646164997872,692.0775362938388,7260472
2021-06-22,702.7096557617188,714.17045829429,700.909998856465,708.960992086573,14366824
2021-06-23,703.5145874023438,709.3397397257008,700.2468204358507,705.64573223123,7844868
2021-06-24,713.3416748046875,716.7514840843272,704.6986968360997,705.6458725038901,14785024
2021-06-25,717.532958984375,720.8007267981603,713.6969088599393,715.6386075341827,10383176
2021-06-28,714.3361206054688,721.2741931855088,712.749613095332,719.853429837146,9356786
2021-06-29,714.4313354492188,717.3564596471477,709.722512551715,716.7857178673613,10971692
2021-06-30,712.45751953125,717.7370848853583,710.6500735615214,712.5050716754585,9679022
2021-07-01,707.154052734375,714.4075246053683,705.3704121103602,714.4075246053683,16911442
2021-07-02,704.1337890625,708.3431694594663,702.516609898695,706.321710020015,14827036
2021-07-05,711.2920532226562,715.5965956833905,706.1076510887453,708.6760470569808,7373882
2021-07-06,729.9608764648438,732.4817785375456,711.5537277221872,712.029365240718,17669032
2021-07-07,732.2439575195312,735.0264253821098,726.6314115936917,729.627951175681,9629190
2021-07-08,723.1830444335938,731.3877916578379,719.8535817918715,725.3472183752016,8420922
2021-07-09,714.4075317382812,721.0664568010882,712.2671629680933,719.4255306350982,10695842
2021-07-12,707.2730102539062,714.4075732356201,705.8460976575634,714.4075732356201,14458978
2021-07-13,714.336181640625,716.3576410548972,705.8936158516059,711.601265962492,18178142
2021-07-14,713.0519409179688,716.9521450358477,709.2230359732336,712.2671274624448,9788494
2021-07-15,723.3018798828125,726.1795098106581,713.289745941736,715.834394802712,10438802
2021-07-16,724.0867309570312,727.701564317052,722.3982526817174,726.7502893243508,5170628
2021-07-19,699.6627807617188,708.1528987460736,697.2845931996463,707.2729809603507,25111600
2021-07-20,686.4161987304688,691.5768534593777,683.0867365748871,685.8692040498094,24174250
2021-07-22,689.0560913085938,698.4737379663374,687.2962556086874,692.5758207696305,13207114
2021-07-23,686.2260131835938,693.217861311592,682.6825369811414,690.3878413695973,13126684
2021-07-26,682.3258056640625,686.8205568594655,679.2579089216915,680.161631792961,13167166
2021-07-27,684.799072265625,689.6268043734378,683.0629838249257,683.0629838249257,22401430
2021-07-28,674.12109375,684.2996904317964,667.7950913834882,682.5636598981887,20670342
2021-07-29,674.5728759765625,680.1378114327916,672.2184936053619,679.3292509173456,13702230
2021-07-30,678.4730834960938,680.9939854514296,669.6737898129428,674.9296073725011,11655488
2021-08-02,676.6657104492188,682.5398220441142,673.6216187944088,682.5398220441142,13258786
2021-08-03,682.3970947265625,684.8704445513364,670.6488717578449,670.6488717578449,12033120
2021-08-04,696.95166015625,701.3275019831323,684.9180080404954,685.393645546079,22053948
2021-08-05,706.2503662109375,716.8095540851317,693.1941393958622,697.8078001562104,18822408
2021-08-06,709.9603271484375,713.4562511669117,701.0896761466853,705.632037503602,13339270
2021-08-09,715.311279296875,716.9522055194989,702.0409808514629,709.6511811858961,10998048
2021-08-10,717.094970703125,722.8501735007229,708.2243186988494,708.2243186988494,14838346
2021-08-11,711.0542602539062,722.4220081617676,709.1993204454371,720.5432632537157,12585786
2021-08-12,714.1221923828125,717.0711218163615,708.3669899366287,712.0293756584126,8597674
2021-08-13,725.91796875,728.2010520986385,713.9319263227017,714.027030603386,16658428
2021-08-16,728.0106811523438,730.1034975784921,723.6585868020925,725.8941176900379,6252778
2021-08-17,720.4244384765625,724.8716380293928,715.9772389237322,721.6372794121205,8282666
2021-08-18,719.6395263671875,744.5391374947473,717.4278004141593,740.4248615711514,22985932
2021-08-20,720.471923828125,722.8739164966347,706.8211504103504,706.8211504103504,13150406
2021-08-23,725.1569213867188,729.2236452390042,717.570526480986,727.6540182634369,10843054
2021-08-24,741.4475708007812,744.1349345255663,726.5125403684006,727.7254393250985,18381314
2021-08-25,740.7578125,744.277541414522,736.286808638916,738.2369106671249,7727974
2021-08-26,739.521240234375,747.2265448434088,734.122707926727,737.2381569110653,11119002
2021-08-27,736.5008544921875,741.35239176859,734.9788377356009,738.189390820678,6382138
2021-08-30,745.9185180664062,746.750883701105,737.9991419868863,739.9016920090548,9049166
2021-08-31,752.1731567382812,753.100626642032,743.040881869667,743.6592338463132,12062576
2021-09-01,751.0792236328125,760.0687847011596,748.8913025732014,749.1291213418814,12422558
2021-09-02,755.7880249023438,757.2149374729586,747.3454588595391,748.701014189379,9618524
2021-09-03,749.6286010742188,760.0688223113899,745.9424099772768,754.4087237244855,10735334
2021-09-06,744.7056274414062,751.959099481168,742.9219867758911,751.4834619703639,7876896
2021-09-07,746.3941650390625,752.4585433116437,739.7114347769459,743.1836118359313,7245496
2021-09-08,749.794921875,751.7450238964017,744.6580139570113,747.6783002895594,6724080
2021-09-09,746.0849609375,751.2456161314306,742.4701275979534,748.6534150154891,8250948
2021-09-13,739.8779907226562,753.4098553676172,738.9742677939986,742.9458295986225,8959164
2021-09-14,736.5484619140625,744.1348566916412,735.6209339673617,741.9944879763249,9758506
2021-09-15,735.7161254882812,739.521225577569,730.1035796320939,730.1035796320939,14822998
2021-09-16,741.970703125,744.0397727219095,730.7219225742858,731.411573732443,10260550
2021-09-17,752.5299072265625,755.788012597511,741.6139914023458,746.2752622816204,20498102
2021-09-20,741.9231567382812,752.3158246968031,741.04323895895,743.8970640127071,8781610
2021-09-21,738.1655883789062,746.1087693954601,727.2259259755568,742.9457684361612,14774996
2021-09-22,729.4852905273438,737.3095630971538,727.7254548088318,736.7625682999219,10582202
2021-09-23,746.7508544921875,747.7021294660628,733.4330048579319,733.4330048579319,13664304
2021-09-24,761.75732421875,764.8013580210053,749.1291243270337,751.0316744840547,20806702
2021-09-27,772.95849609375,777.9051377473095,764.8251063880609,768.487491944163,16415462
2021-09-28,768.1784057617188,776.2404385627441,752.4585623812875,776.2404385627441,12773790
2021-09-29,758.0948486328125,764.1592270047574,753.9568254387971,759.5931184310665,16263036
2021-09-30,758.6179809570312,764.0402598802681,752.9816883907416,754.3610487049043,15975348
2021-10-01,752.7914428710938,755.7879823250635,744.4915917774107,752.9341573446038,11128596
2021-10-04,754.2421875,761.6621211029538,753.2195552330974,755.7880094198329,7051028
2021-10-05,758.8558349609375,759.8309150717456,749.7236180793985,757.2149087913734,10257178
2021-10-06,768.1071166992188,773.7909623866047,754.8368169998308,759.1175550924576,18600830
2021-10-07,766.0142211914062,774.19516325999,764.3494898817696,773.6719736034911,11265724
2021-10-08,762.2804565429688,771.4840306228035,761.0913627843023,766.7276555881376,7245562
2021-10-11,777.0965576171875,782.4236743028476,760.5443496718865,760.9724350269096,13080848
2021-10-12,775.0989379882812,780.7828415337334,772.9110168758314,772.9110168758314,8176946
2021-10-13,779.76025390625,783.8507254486516,775.28924907846,778.6187121113123,6225644
2021-10-14,802.5908203125,803.8274663407793,779.0943135302938,779.0943135302938,14757288
2021-10-18,794.457275390625,820.4746213174824,792.9114536403167,810.9618720848159,28856456
2021-10-19,803.2090454101562,804.9926860848645,794.7902846500209,796.9068483595202,8987540
2021-10-20,796.1458129882812,807.9891982795003,791.6748089028501,803.3992848197823,10908568
2021-10-21,797.3111572265625,799.998462628159,789.962523081634,795.1707884960194,9738190
2021-10-22,799.427734375,812.3888563513312,794.6713593378141,799.1185583853392,12175554
2021-10-25,788.13134765625,803.827385358517,767.5838306159519,803.827385358517,16426766
2021-10-26,786.1099243164062,796.1458645438692,783.0658325252933,784.8019211145486,12090656
2021-10-27,781.3773803710938,791.9603157232438,778.7613738795511,786.109950708577,13249642
2021-10-28,757.9758911132812,784.8018571141539,754.9080525326855,784.8018571141539,17797750
2021-10-29,752.86279296875,761.9712625572553,741.9944878834696,756.2636126504593,12406874
2021-11-01,763.5408935546875,766.252004050304,753.1957780437663,753.885429186674,8122320
2021-11-02,764.2306518554688,771.4841246675403,761.0439034182621,763.8739236843833,13237722
2021-11-03,752.1968994140625,765.728821094555,749.3906846195152,763.4457378753382,10207338
2021-11-04,758.1423950195312,759.9973929432354,756.3112021961033,758.6418376355663,1096808
2021-11-08,761.138916015625,763.2554796846038,746.9648951674751,757.2624587445608,18943580
2021-11-09,747.821044921875,758.4515312291761,746.2990281757783,758.4515312291761,12695476
2021-11-10,739.7352905273438,746.2753067593006,737.2381934205965,745.7996692151582,13714126
2021-11-11,736.4295654296875,739.5687613215156,730.3889343351215,737.2619310557671,7999404
2021-11-12,738.6650390625,741.5426691680743,734.8837441539887,737.2381265594817,14914092
2021-11-15,740.6865234375,747.6308195742927,739.3309681261308,742.9933537829838,9533594
2021-11-16,736.286865234375,740.6627071004274,733.2427735591466,739.6163278032643,8245406
2021-11-17,728.10595703125,734.3843492276189,727.0119674834298,731.0073343634929,7598878
2021-11-18,732.1964111328125,734.1465133558511,725.4661286012387,725.8466618423676,9152874
2021-11-22,720.7572631835938,738.5223119294355,713.0044068868091,735.3355639518028,15261272
2021-11-23,720.8524780273438,726.6790377392206,711.7202026626078,714.407566305228,11235214
2021-11-24,722.0415649414062,730.7456967746908,720.1390148495992,724.8715849784808,30802286
2021-11-25,725.7990112304688,729.294993262682,716.7857039376246,720.4956996177941,10251652
2021-11-26,708.65234375,716.6430191487968,706.3217083190601,713.4562710293536,18624936
2021-11-29,714.05078125,717.0948727956322,695.3820097835137,710.9829426666183,12990996
2021-11-30,710.3884887695312,727.2498167576367,707.0590259066774,711.078139995204,25221542
2021-12-01,715.6680297851562,716.8095714832115,708.2718428796858,711.0781159528814,8677634
2021-12-02,725.7039794921875,727.1546972193483,713.4563127893044,715.5966817276724,11203110
2021-12-03,719.901123046875,730.5553560310378,716.809479461367,725.7276821118706,8124694
2021-12-06,715.263671875,722.3982341371078,712.1957752655638,719.6395135046063,7029532
2021-12-07,725.6801147460938,728.6766542380091,718.165077039117,720.0913740885894,12427534
2021-12-08,739.0455932617188,739.6401401548495,729.6279472500399,730.5792222790491,15295534
2021-12-09,726.2271118164062,739.4736046987022,723.9202815328325,734.9550484079257,11747744
2021-12-10,724.1819458007812,726.7741471193556,717.4754101669981,725.2996823860045,7779384
2021-12-13,718.7596435546875,731.3640377223576,716.8808405306988,725.8228490514963,10322142
2021-12-14,714.6215209960938,721.0664321863622,712.0531250085195,714.6453260949929,9191100
2021-12-15,713.456298828125,724.5624236009718,711.387287173768,714.8832114257813,10115148
2021-12-16,713.5038452148438,721.5421310623909,710.6024679019197,719.5444766662719,13210432
2021-12-17,700.6378784179688,716.3101116196879,698.0931712139019,712.0293739008451,14994768
2021-12-20,678.0925903320312,693.4794513193636,672.5989541701382,690.6256264168148,21156668
2021-12-21,685.774169921875,690.0311023174055,680.1616242039565,684.6801804486681,9118750
2021-12-22,687.3914184570312,692.5283276282156,682.8728613742923,690.7684917783773,8577484
2021-12-23,686.8681030273438,693.3843716225142,683.4197311478777,691.220197770224,9779166
2021-12-24,684.3948364257812,690.6256763008242,679.2103758660999,687.5340324330864,5561024
2021-12-27,690.0548706054688,691.5768872980073,676.4278453611157,679.6383983110893,4705098
2021-12-28,694.811279296875,697.7126564182305,691.2915502045277,694.7636690981695,5450678
2021-12-29,691.505615234375,694.9064352050838,688.4377763732563,692.5520526429435,7668702
2021-12-30,695.144287109375,697.6889364181256,687.2962674464912,693.7173744433961,7215918
2021-12-31,703.6581420898438,706.2265962494574,695.1442190705774,695.1442190705774,6325736
2022-01-03,722.8025512695312,724.3959253104654,704.1813312029835,706.3216999908345,9069184
2022-01-04,727.0357055664062,729.1047170271323,717.1662276895983,722.9689818191866,8857352
2022-01-05,744.3013305664062,747.7021503050373,726.8216524342752,730.9597335226943,14332638
2022-01-06,732.36279296875,739.4973550044904,727.749132743457,733.9086147431605,9628930
2022-01-07,737.499755859375,745.2050602081262,730.5316548059,734.3843069802756,11179384
2022-01-10,741.5902099609375,747.7021401431209,735.0977465592833,741.0432152309048,8856496
2022-01-11,744.8007202148438,746.132470283976,736.1916936856298,742.7317088483387,8389198
2022-01-12,740.4010620117188,749.9138111897546,738.1893362155828,745.7995355580115,21085530
2022-01-13,726.7741088867188,739.6163215437484,723.1592754547615,739.6163215437484,41963896
2022-01-14,734.9312744140625,736.6197526556398,722.4933425207672,727.7253548760855,11208968
2022-01-17,723.6824951171875,740.0919897485006,722.5647585444003,727.7254140843227,22989372
2022-01-18,727.36865234375,737.6662159084163,724.3959179463994,729.1522929821604,12341152
2022-01-19,722.231689453125,732.3627907374962,719.8059499806066,729.6278752987947,14317626
2022-01-20,717.737060546875,727.0119927408207,713.5038747538036,726.9881876389107,15197846
2022-01-21,723.7299194335938,727.6301812909408,706.6069715381875,713.4561623085923,11537694
2022-01-24,707.1065063476562,723.5635523601698,698.0218416410312,718.1888253449379,11868508
2022-01-25,707.7723999023438,711.0780572785832,686.8205449567051,693.7886458927823,13594248
2022-01-27,701.5415649414062,706.3217454329671,682.5398684823622,689.6744315675436,28617838
2022-01-28,695.9766235351562,707.1303005135713,694.4308015454147,702.7544584132536,24925208
2022-01-31,706.6546630859375,709.4371891168743,697.6651601162798,700.4951802272873,12842546
2022-02-01,712.029296875,721.5420463322478,700.8280111646047,717.4991278129174,14739484
2022-02-02,728.296142578125,730.1035883666477,716.1198337589774,719.1401203787386,13969290
2022-02-03,720.7572631835938,732.457933895551,717.7369767162163,727.1308172000766,10564762
2022-02-04,724.8714599609375,729.0808397008307,720.1626376835947,726.9642763132243,11579958
2022-02-07,698.3071899414062,722.4933446051142,694.4307328001756,719.2114343241577,12268042
2022-02-08,695.3106689453125,703.2062398464973,687.0821750180488,702.23121780657,13981130
2022-02-09,712.3147583007812,713.313585508527,697.7602613931682,701.0897241264689,11308342
2022-02-10,725.394775390625,730.3414172466761,714.2410986903759,720.1152104926523,14314530
2022-02-11,722.4220581054688,725.3472405566795,713.2184834195023,713.5752115705957,10711104
2022-02-14,700.9468994140625,713.1945639712604,698.8541410454925,708.6998132126188,14656620
2022-02-15,721.9226684570312,725.2996833180713,700.6378889247106,702.0409964179948,13135066
2022-02-16,720.947509765625,729.9846218788012,716.7856818187674,729.7943552747017,10032264
2022-02-17,716.5479125976562,723.9202940415751,714.4075437913573,719.6871085679842,7351208
2022-02-18,719.330322265625,721.5420481321954,708.9138499717109,712.6476505919669,7796128
2022-02-21,723.9678344726562,728.0583054018553,711.3396935564448,715.3588072476773,7468066
2022-02-22,718.5455322265625,723.9678112195843,707.7247793394828,708.6047551441089,9536196
2022-02-23,713.8843383789062,725.6801135920207,711.3872414933543,725.3947427030585,9029562
2022-02-24,675.119873046875,701.5415010977686,669.2933137242217,689.6268166665427,23630766
2022-02-25,692.5757446289062,697.2370153028564,681.5171728738023,684.8941874749454,18318654
2022-02-28,678.3779296875,684.2282936903597,672.5751758797768,678.2590203220859,24880832
2022-03-02,653.6448974609375,665.1315558068055,644.2035037869538,659.4714573982826,38505560
2022-03-03,652.0990600585938,662.0874482870623,648.2464076398575,656.8554354054835,17527922
2022-03-04,649.9586791992188,659.2336109550803,635.8798200435912,646.8670352805982,21219364
2022-03-07,630.12451171875,633.7155395995137,616.925572591549,627.1279725843061,27054458
2022-03-08,631.551513671875,634.5004430311901,614.5236674634915,619.3751468768733,39212492
2022-03-09,652.1703491210938,653.8588273559873,627.2944854329724,632.5978550025679,23134694
2022-03-10,662.4203491210938,678.7347392382749,656.4986852373013,678.7347392382749,22273206
2022-03-11,664.3704833984375,670.149432575976,652.9075731964616,660.1848501728542,15150780
2022-03-14,686.130859375,689.6743353216494,673.0270237794027,673.0270237794027,25018126
2022-03-15,677.3078002929688,689.436556548215,671.4812409154484,686.5827315469807,18867928
2022-03-16,688.7944946289062,692.052600068531,683.1105913586209,688.2474998619687,13364108
2022-03-17,703.9673461914062,708.6048120871039,699.4487896776494,700.1384408684183,14823954
2022-03-21,707.03515625,710.4359760473683,700.5189456092843,707.2729750042046,12257876
2022-03-22,710.6737670898438,712.5049598135698,693.0989270027054,704.561836957358,10461814
2022-03-23,703.5867309570312,722.398216212513,700.8993676260746,716.7856708144304,31188256
2022-03-24,686.178466796875,699.0206795927611,682.3258145703531,697.2845910655177,20160044
2022-03-25,680.5896606445312,690.6255995491529,674.929563195763,690.1499620838986,16366462
2022-03-28,681.4934692382812,683.966761144496,666.6535436173285,680.58974632828,15754886
2022-03-29,690.5305786132812,694.5496924552175,680.16165739494,685.3936701441318,12377448
2022-03-30,702.4927978515625,705.2515186367268,691.6007453109708,700.1384153992661,20109742
2022-03-31,699.3536376953125,706.1790247075883,697.2370738898979,699.6628137051833,14295714
2022-04-01,716.3101196289062,718.2126697474425,699.3298830454588,702.2312603639822,14568556
2022-04-04,788.0361938476562,819.0952862089551,743.2073617126769,751.5072124484601,97450970
2022-04-05,764.9440307617188,792.7450201895066,761.9712963036054,792.7450201895066,30922582
2022-04-06,737.6423950195312,756.1685102240006,735.9776637926485,755.1696250388968,27027860
2022-04-07,721.4232177734375,733.1238893042467,719.9725000942207,733.1001422646726,40781732
2022-04-08,720.4244384765625,725.7040037554764,712.1721384616357,719.211539479779,41256322
2022-04-11,711.6251220703125,718.2126904332335,710.2457615824013,716.3101402599004,20799066
2022-04-12,710.3645629882812,716.7143116143333,704.0148143622292,705.8460070134646,27435402
2022-04-13,696.78515625,714.5502639320367,695.691224799288,708.6998992573039,28892520
2022-04-18,663.7283325195312,680.9464450214841,661.15993644386,674.8582617385757,45620376
2022-04-19,638.400634765625,660.9221170332797,631.1709679279387,656.8078410106541,74096022
2022-04-20,644.1558837890625,646.8194421533099,635.142518406885,644.2271829644586,49325736
2022-04-21,653.6924438476562,656.2847032867525,643.68030843123,649.2452444448392,52446270
2022-04-22,644.774169921875,654.168010350688,641.706331335433,646.8669864904109,20659148
2022-04-25,649.6019287109375,651.9325641201308,628.9116970441421,642.1106379350289,20935488
2022-04-26,652.5984497070312,657.3072144691479,645.5114394033479,652.5746446077407,17016842
2022-04-27,652.8362426757812,655.904081179801,645.0119713376686,646.8669691113338,18054334
2022-04-28,652.2655029296875,655.9041415782432,647.8658558596376,652.5746789306378,20773722
2022-04-29,658.5676879882812,668.1517954743881,652.3606532888389,656.5462285607915,28401476
2022-05-02,667.6522827148438,668.9602857363819,647.8420288557909,647.8420288557909,19494316
2022-05-04,644.9644775390625,667.6048118935288,642.1106524172083,665.8925284326605,29055916
2022-05-05,643.5137939453125,654.001625047842,640.4459550013958,654.001625047842,17862912
2022-05-06,626.699951171875,634.9760551888268,624.5120303093106,632.5978677162095,26731268
2022-05-09,627.7700805664062,630.9330812402754,616.1883202011134,618.3286887390562,32762434
2022-05-10,637.8536987304688,643.537543685614,625.4871236116026,625.4871236116026,20113812
2022-05-11,641.4447631835938,644.4888549965599,631.9558176573953,643.5375799338344,17102924
2022-05-12,626.9856567382812,638.4133907389254,622.1498973824371,635.6706993369925,22382290
2022-05-13,621.3560180664062,634.1791515037851,619.2629499130284,630.353891041967,16768238
2022-05-16,627.9719848632812,631.292053906236,618.4448991695826,625.0368734940553,9804356
2022-05-17,632.2544555664062,633.6979588896172,624.6519812363082,631.580808934981,16641444
2022-05-18,632.2063598632812,641.5410265716883,630.3297937681616,637.0902245927911,15732384
2022-05-19,619.2869873046875,623.7858941010936,615.0767694162303,618.8779477207698,20537506
2022-05-20,635.5984497070312,637.1622447317521,621.837065236746,626.9615129880896,13919350
2022-05-23,627.4427490234375,639.9290287015857,625.0850152898169,632.2544265466233,19486320
2022-05-24,634.63623046875,637.5473190805823,624.0265159854545,625.5181243809486,12870796
2022-05-25,639.375732421875,642.8160348600121,636.6811460213428,639.9531102298189,12887112
2022-05-26,657.6119384765625,659.6809832899339,644.7647830842534,645.7993054909392,26992428
2022-05-27,669.8095092773438,671.0845566723668,659.5606139411736,660.0658635123912,24031718
2022-05-30,674.3807373046875,683.4988434000511,672.889070171654,678.566873569111,12624674
2022-05-31,668.3179321289062,675.944488061126,664.0115042012508,671.662083279525,13485388
2022-06-01,671.1568603515625,673.8513881488794,663.6025497657505,664.0115306279351,12091896
2022-06-02,666.4654541015625,667.860852355906,663.3378636546508,667.4999765351084,11475020
2022-06-03,664.1558837890625,673.995741003826,662.231212745682,672.8169034842749,6957244
2022-06-06,663.2656860351562,667.3796939444019,654.7009350100217,662.2312223234171,6173266
2022-06-07,655.63916015625,661.2688580365657,651.5492343077399,655.3504712553794,10253966
2022-06-08,657.9487915039062,664.4926611407994,652.9446351687653,660.7876929692908,5986588
2022-06-09,662.9048461914062,664.9979730840081,653.0168832680971,655.4708272698372,7311816
2022-06-10,650.105712890625,658.213377451669,646.4969548898966,654.436222491499,9155430
2022-06-13,638.3170776367188,639.9530596115558,629.5117437124109,636.8735744947378,10892572
2022-06-14,631.2921142578125,638.0284630380025,627.9239398677174,630.9312384303023,11870356
2022-06-15,629.102783203125,633.1205811087782,624.7482500861813,626.3120453531265,11810470
2022-06-16,616.520263671875,635.4060979237764,614.9323865969412,630.3297546494468,12169192
2022-06-17,620.5861206054688,625.0369224008559,611.8529139840168,613.4888961209325,14723922
2022-06-20,636.1759643554688,637.547280721459,622.703267102487,627.7795517185277,15936840
2022-06-21,643.1047973632812,651.5011513361289,637.0902003236198,643.2731943331319,13220684
2022-06-22,640.0734252929688,643.2972258536737,636.6811690239211,641.0357608318419,8159698
2022-06-23,642.4312133789062,648.6142079912054,634.4197575937717,640.1937713147616,15372244
2022-06-24,651.4049072265625,655.1820622227635,644.067099221751,644.067099221751,8013432
2022-06-27,652.5838012695312,662.0868649193548,650.5388382056451,659.1998582409274,9804164
2022-06-28,647.6036987304688,650.0576425546589,643.9949405371601,646.6894682409041,9770574
2022-06-29,646.6653442382812,649.9373082816165,640.5545375901551,640.5545375901551,9994046
2022-06-30,648.6141357421875,651.5011422810993,642.8401226643639,642.8401226643639,12475822
2022-07-01,651.380859375,654.3881578947369,639.9772068826776,646.6653918015329,11472452
2022-07-04,652.2950439453125,654.4843218717582,645.8473846257052,651.35673163144,8487480
2022-07-05,650.8274536132812,663.6986902674247,648.7584676358872,656.3127774299695,14325718
2022-07-06,659.8013305664062,660.8358530598603,648.1811167165542,648.6141794738492,15049078
2022-07-07,671.6139526367188,672.6724981664967,661.3409744346241,664.0114788767993,17743142
2022-07-08,672.2394409179688,678.4465165399553,671.1087084709948,678.4465165399553,12474030
2022-07-11,676.5940551757812,678.3984342696596,670.3869793455802,670.7478551643559,7462880
2022-07-12,669.6892700195312,676.1609524926532,668.5344557204256,676.1609524926532,9876974
2022-07-13,653.3535766601562,670.8440115296884,651.6213846159309,668.8231306008078,15945610
2022-07-14,650.0817260742188,660.4749379498609,649.215600611124,655.350489555198,10372410
2022-07-15,655.3746337890625,656.7459502891783,648.036824746082,651.020041649362,13595646
2022-07-18,648.3975830078125,657.3232089503867,645.7511605542314,648.6140849867697,20332220
2022-07-19,648.6383056640625,653.6905677929005,643.3213777387151,643.3213777387151,15792538
2022-07-20,656.8180541992188,659.7290838164299,652.1025868008825,654.3400285637287,20347862
2022-07-21,654.7490844726562,658.9593027266601,653.4739780541829,654.6528744070862,12640278
2022-07-22,670.0260620117188,672.1913167902127,655.5429251294964,657.2751172050325,12729592
2022-07-25,671.9988403320312,675.8481821741008,665.5993447613678,671.2289837108764,10143126
2022-07-26,670.6275634765625,674.5971974845852,667.0428871698978,671.710190933296,8527964
2022-07-27,675.7520141601562,676.5218708292028,666.0564720450384,668.2939138771885,9212778
2022-07-28,681.7425537109375,685.182915066855,678.9277339602053,680.8764869533358,17420406
2022-07-29,690.0907592773438,692.2079091114783,680.9967358477592,691.9192202105274,20019736
2022-08-01,695.8407592773438,696.9474098698968,688.0939701842794,692.4003980885738,13193036
2022-08-02,688.190185546875,695.094931123578,684.7258011854689,693.8439067006424,15036510
2022-08-03,689.8020629882812,690.8365853805471,681.8146902206062,685.6399502739025,10975498
2022-08-04,688.9840698242188,696.1053168364679,679.8659062909707,692.8815166078793,12012206
2022-08-05,686.6505126953125,691.4140267889854,683.8116110098687,689.5134375282818,9268982
2022-08-08,703.4913940429688,704.6702316392747,686.674544464695,687.1076072249125,15357736
2022-08-10,705.5363159179688,708.0383647964982,697.2361719881424,703.154500244152,17353102
2022-08-11,714.8709106445312,717.421123242461,709.5059371613006,715.2558683433389,18301766
2022-08-12,714.6063232421875,716.6031812290219,710.1795445295438,714.5341363296417,8850370
2022-08-16,722.7861328125,725.8415362160341,716.0016794217771,719.2495616686834,12563756
2022-08-17,726.5151977539062,727.8865140946783,714.8949848396419,721.7516252798,12384350
2022-08-18,727.3812255859375,728.4398298215469,721.5831897478574,721.7515867041628,8342138
2022-08-19,718.4075317382812,727.5256370949188,716.939946608088,726.563301596116,8063702
2022-08-22,707.4849853515625,716.1460048012029,706.2098790742172,714.4378945404134,8234066
2022-08-23,705.2957153320312,710.1795210324121,697.8857201939286,699.2811184238794,14966884
2022-08-24,708.6878662109375,709.9629724189963,702.1199150712563,703.4191031598855,13455520
2022-08-25,704.8385009765625,715.4001673439055,701.0613462392785,712.0800984318901,11823040
2022-08-26,704.9588623046875,712.9943990116683,703.0822963230394,708.303013425697,7706176
2022-08-29,692.5928955078125,695.7685910224809,687.3962601301372,691.4380811198513,8653178
2022-08-30,715.0633544921875,716.9158385123882,694.3731420244557,695.9850421787525,10135400
2022-09-01,708.3511352539062,716.6753023262013,702.023767412422,704.7904820543832,22403136
2022-09-02,714.774658203125,717.1804968372654,705.0069298539969,708.351080797229,12038086
2022-09-05,719.369873046875,721.2704621778411,714.101050906599,715.0633864131738,12131932
2022-09-06,716.627197265625,724.951423073854,715.2317990033503,721.2223729044177,12238696
2022-09-07,713.2349853515625,716.9399535633776,707.9421400567993,707.9421400567993,9776206
2022-09-08,720.5968627929688,721.7516772237872,713.1628440120845,716.9881044068499,11164690
2022-09-09,721.0780029296875,726.0821594471598,718.8887248344994,719.9231885431478,15128888
2022-09-12,718.6481323242188,723.6763119278681,716.9399632796035,721.7516408855068,11080492
2022-09-13,728.054931640625,729.4022248737516,721.0539759192867,721.2223728893526,13001966
2022-09-14,735.537109375,740.4690789237419,718.0706961615213,718.8887165967504,20219760
2022-09-15,731.7117919921875,741.4554391702014,727.5256559583752,736.1866756721654,13539372
2022-09-16,718.26318359375,728.8247925761237,713.5717978693896,723.2432582308112,20560046
2022-09-19,723.002685546875,728.4880099183553,712.1283056005058,716.4588155669953,12076038
2022-09-20,731.7117919921875,733.299669100902,726.5152154056927,728.4879914821296,10781668
2022-09-21,730.5810546875,732.0967448746909,724.1574768560039,725.6009801321287,9072304
2022-09-22,715.0152587890625,726.6354714109892,713.4514636402978,722.7139425983661,12048144
2022-09-23,695.8407592773438,709.7224372346395,691.438062580459,708.4473309391279,15806252
2022-09-26,686.4580078125,691.1734166960763,682.2958948729614,685.8324662197185,8923486
2022-09-27,680.2990112304688,692.881559633574,677.0030238919713,689.2246964827675,12639700
2022-09-28,668.6066284179688,678.7351736760943,666.8503544937673,676.5218139126857,11816132
2022-09-29,665.1422729492188,674.6934416925905,663.4341625616928,671.8545987625018,14410388
2022-09-30,683.9078369140625,688.7676199193113,656.7940432846984,663.4341823816585,15781756
2022-10-03,679.9862670898438,682.22370896109,674.1641488370536,678.4224718418965,11541112
2022-10-04,699.13671875,701.5425574242946,686.2173768162974,687.8292769808156,11538526
2022-10-06,691.4381103515625,703.7559939592081,690.0908170525987,702.4808875755999,12549198
2022-10-07,688.454833984375,690.4516331398249,683.4265958004532,688.1901682297433,13297994
2022-10-10,680.8523559570312,686.1452011270152,672.7687143847188,677.4841817579505,13109302
2022-10-11,673.9476318359375,681.8147129301799,673.3701952846903,674.1641338324686,14521620
2022-10-12,678.3502807617188,680.7801425260418,672.3356842119671,675.1745267944143,9225050
2022-10-13,670.5553588867188,676.6421426191388,665.9361602736982,674.6212615810351,14714234
2022-10-14,692.4003295898438,696.2496712414899,680.9725965615194,681.814640047817,12849920
2022-10-17,696.033203125,701.3500712981873,686.6263505116987,690.475692350587,18410500
2022-10-18,694.7340698242188,703.90033929577,692.8815856653596,701.5666873690876,10561108
2022-10-19,701.8554077148438,710.8773037655702,699.3292768206403,704.4296436407238,12967040
2022-10-20,697.1159057617188,699.0886819198254,694.0845252418784,694.8062769145736,7898078
2022-10-21,692.2078857421875,701.3741545079234,689.9945259278926,698.6555450817992,10492606
2022-10-24,703.0101928710938,703.9484465267632,699.7623104281301,699.7623104281301,2167794
2022-10-25,698.1263427734375,706.2580899913314,695.2874411281454,703.0342306280569,13773394
2022-10-27,699.8103637695312,706.0414624275766,698.2946736608377,704.6701461335379,15937276
2022-10-28,701.8793334960938,705.8730490883848,696.442173472227,697.6931978037887,10474278
2022-10-31,720.1636962890625,720.7892378137252,705.9933305622085,708.2788772108167,12830528
2022-11-01,728.1271362304688,735.7055286941263,721.2223903997298,723.4357504196331,19073756
2022-11-02,728.584228515625,735.3446593148229,727.3332040356852,729.931521793284,12720406
2022-11-03,725.384521484375,731.4953288906344,720.3081778321194,720.6449717888227,10332352
2022-11-04,720.38037109375,729.4984772519798,716.7475307718796,723.2914009917648,10818060
2022-11-07,725.9859008789062,727.5256141338776,717.9503644757295,726.5632786654467,9835834
2022-11-09,725.7693481445312,730.38854669658,723.6762802249166,728.9932072410344,9269790
2022-11-10,733.6605224609375,734.7431498920162,719.3698638652188,720.3562225050898,12774182
2022-11-11,775.2334594726562,787.6716345011165,740.0360255728266,743.4041999414936,56722338
2022-11-14,777.1100463867188,783.3411456416203,768.906112245276,775.6424611635699,19195390
2022-11-15,779.0106201171875,781.0074781111963,772.3945632755499,781.0074781111963,11030202
2022-11-16,785.6988525390625,790.0774674383857,775.6424345375626,778.8422119111716,13578150
2022-11-17,778.6016235351562,785.0492832742325,776.5566605526772,778.5775416526076,12100930
2022-11-18,776.556640625,780.9352553866862,772.3945278555009,779.9729198902146,10459232
2022-11-21,768.5933227539062,775.6424423049926,765.1529614641645,773.5493742606727,8344816
2022-11-22,767.4625854492188,771.9614923063164,765.5379143885311,769.8684242750784,8546314
2022-11-23,769.45947265625,772.2742924421901,766.9814468242063,772.2742924421901,10185738
2022-11-24,781.9697875976562,785.2657749671398,769.4594259866601,772.731331473911,17197960
2022-11-25,778.3610229492188,785.1213945985398,776.6528539412901,784.1590590980275,8410496
2022-11-28,769.9886474609375,773.4530315663065,767.0054310777749,771.2637536720435,16105980
2022-11-29,768.8338623046875,775.8107945409757,766.4280236025191,768.5451734076865,12638236
2022-11-30,773.9342651367188,776.0754969244954,768.4730227722782,768.4730227722782,15184806
2022-12-01,779.251220703125,787.6716568638566,777.0859656903655,780.454140154658,20446366
2022-12-02,773.2847290039062,778.8181584847341,772.3464753255907,774.680127315897,7811078
2022-12-05,776.0995483398438,776.8934869252123,768.0399880135933,774.6560449978288,11592622
2022-12-06,775.2334594726562,776.4604020366052,769.8684271238768,770.3495948908293,12353092
2022-12-07,774.8965454101562,778.8180741474324,772.0095390371375,776.6769012486282,11674720
2022-12-08,779.251220703125,782.378811277111,772.2742878842332,774.6801267872993,14803634
2022-12-09,784.8087158203125,786.637118107019,779.4917884600618,782.3787950839879,11963384
2022-12-12,790.9195556640625,795.659046653405,780.1654672932444,781.8976595918489,14434808
2022-12-13,793.1088256835938,797.2949616133573,791.5209486143468,793.9267873639345,17031702
2022-12-14,799.8211059570312,801.3849011709643,793.9268009198986,795.3703041942985,14227640
2022-12-15,785.1695556640625,803.2614512642567,782.8840088582007,797.3190413162754,18182648
2022-12-16,788.9467163085938,791.5690570624564,774.1989129626363,779.5158401167187,14647958
2022-12-19,791.4006958007812,792.3149263180803,782.4750101040391,791.0398199705028,9604542
2022-12-20,785.939453125,787.3829564457624,779.5880032718654,779.5880032718654,7174698
2022-12-21,778.3369750976562,791.4247737186288,773.0201064666394,789.5963126931921,9269198
2022-12-22,775.66650390625,783.1005222357195,774.1989187571569,780.5503096365309,9747096
2022-12-23,768.7376708984375,771.8652612871225,762.867389080973,763.6132225912555,10693152
2022-12-26,784.038818359375,788.6339941689127,765.0567728667305,769.6278667926638,9907322
2022-12-27,784.832763671875,787.1664156857469,776.3642223890472,785.7469942121562,7926772
2022-12-28,784.2072143554688,785.7469276450677,780.9833552219441,780.9833552219441,8691870
2022-12-29,789.7406616210938,790.7992071900476,775.1612551160126,779.5398699494827,11012896
2022-12-30,783.4132690429688,791.5209337293505,779.4917402076278,791.5209337293505,7122640
2023-01-02,783.6779174804688,788.9948447926183,778.7941116415499,782.8599557722763,4381378
2023-01-03,788.8023071289062,790.5585810922254,780.5502688048173,780.5502688048173,8378030
2023-01-04,774.7042236328125,791.8818902379387,773.2366383790779,786.7093364964484,10351600
2023-01-05,769.7240600585938,778.5535356487463,764.7680672572426,777.085950452134,10941436
2023-01-06,767.1738891601562,774.2470317456477,759.3789361975485,770.8307523930382,9092462
2023-01-09,768.66552734375,775.4259581366615,765.0567689994132,767.9437756748827,10729340
2023-01-10,754.6154174804688,769.8684118966518,753.0275403864125,769.8684118966518,16371766
2023-01-11,765.48974609375,768.9060251968651,750.6216516314828,754.4469115539331,15195798
2023-01-12,769.5797119140625,771.7449667913606,762.2419037187744,763.998177755398,9250070
2023-01-13,770.1812133789062,774.6320153125537,763.1320937043018,769.2669828560861,9244546
2023-01-16,762.7952880859375,780.1173277789237,760.3894492396894,777.0859473381312,14748094
2023-01-17,774.1508178710938,775.1612584159965,759.0421385172157,764.9605254372576,10786354
2023-01-18,787.8160400390625,789.8850262784646,769.7240842843244,772.2742970463503,19090642
2023-01-19,791.0879516601562,793.9268533679445,785.7470009393052,787.671672098985,11172162
2023-01-20,799.195556640625,803.068980550622,790.7510978089086,791.0878917418223,18843404
2023-01-23,805.0418090820312,809.6129030380878,799.4121694938297,801.7458215030824,15444400
2023-01-24,815.8199462890625,819.1400156177996,805.9560070977172,805.9800889805086,24983940
2023-01-25,793.2772216796875,814.5929177332151,791.6653214666925,813.8471429635326,14704142
2023-01-27,777.4708862304688,787.6716191971464,765.032652707376,785.2657804091282,35179948
2023-01-30,776.6768798828125,782.0419116590099,761.2073260790175,767.462506381816,18512822
2023-01-31,771.552490234375,780.7908875770869,767.4625643428925,779.3473843212695,18596244
2023-02-01,783.1245727539062,801.1442809848427,772.7553845415359,781.4164037954262,17302790
2023-02-02,771.4802856445312,781.6569951120864,764.4552483744704,773.7658324138648,17497106
2023-02-03,798.1610107421875,798.9789723443195,773.2365001850776,775.1611710007219,14411100
2023-02-06,794.7688598632812,803.2614827057959,792.0983552594887,798.7384939446326,11167672
2023-02-07,795.9476928710938,801.0962231951561,785.5544809008483,798.4498004893098,10264588
2023-02-08,795.8513793945312,802.6839372708745,793.9267085858384,795.9716713200746,8444826
2023-02-09,794.1914672851562,799.5324176572361,786.9739509076702,798.738479108453,11777336
2023-02-10,797.3431396484375,798.0167863072628,790.1737277709518,793.3494822002282,8172116
2023-02-13,797.9445190429688,799.5805011250109,791.3044393965116,796.3326188427218,5736944
2023-02-14,805.3303833007812,807.1588441172931,797.7519917688305,801.1442476633639,10908592
2023-02-15,803.6945190429688,807.3994872360046,797.1746725138561,807.3994872360046,11438712
2023-02-16,800.783447265625,809.2760700053668,799.2196520403804,805.0898752375481,8062500
2023-02-17,796.7656860351562,802.6599909509282,790.5345284538475,799.2196298038508,8956270
2023-02-20,789.2835083007812,803.2854781022144,786.6130625255412,798.7384663515395,8086706
2023-02-21,792.2427368164062,799.8692342574486,786.2281396647481,789.115146297544,12389296
2023-02-22,776.7009887695312,790.0533943514464,774.2230217496752,788.6339729282492,10359102
2023-02-23,771.4321899414062,778.9383950431011,766.0671578181314,776.1235754720026,27882010
2023-02-24,764.551513671875,778.4813560195853,762.7471345130758,778.4813560195853,17061740
2023-02-27,766.4521484375,769.3872600713753,758.9459430133319,763.0839740657053,14312972
2023-02-28,769.6759033203125,772.4185946735463,764.431163219567,766.0190402522969,18993992
2023-03-01,768.93017578125,776.1236104242643,767.8234664194171,775.6424426558673,14137256
2023-03-02,762.38623046875,772.7313372630384,761.2073929564784,766.981406050965,17391814
2023-03-03,777.5189819335938,779.4917579688479,764.094389910204,767.943731924865,14986234
2023-03-06,783.0042724609375,788.8504134058667,778.5534709474247,779.4917245287281,27004710
2023-03-08,784.5681762695312,788.8746045657163,779.4918325077525,779.4918325077525,20099774
2023-03-09,784.6402587890625,791.9780672791738,782.859961535162,784.27938296168,20700166
2023-03-10,764.4072265625,776.4845264268987,762.6509523697192,774.8966492145099,27387000
2023-03-13,754.7357177734375,771.6968814107662,753.0034668384583,764.0463022356049,26443550
2023-03-14,752.7147216796875,761.9772004206781,750.2848599011005,755.5536230150942,33185612
2023-03-15,741.91259765625,761.6404762620406,739.3623849761033,759.2827424375032,37264754
2023-03-16,746.7241821289062,750.188566152108,737.1730148168983,740.5171069124015,21753342
2023-03-17,756.70849609375,759.8601097073861,740.9983568458301,749.4187927190782,22950876
2023-03-20,751.4636840820312,754.5190873460873,743.5966036348024,754.446900441081,26503114
2023-03-21,759.9804077148438,761.4479929018443,748.793257108229,756.3716494546454,33050494
2023-03-22,758.2241821289062,763.156151684689,753.1719206327385,762.1697342790129,14177324
2023-03-23,752.137451171875,765.2251917130186,749.9240910601629,754.3508112835871,28364178
2023-03-24,750.9344482421875,757.3099208232004,748.1917568712191,750.6216774626521,31477748
2023-03-27,754.2063598632812,759.9803728144399,750.092410877359,751.6802291971494,31872006
2023-03-28,760.3412475585938,761.6404357125624,752.5944586072359,753.3643152523856,39276302
2023-03-29,763.9981689453125,770.8307274292553,761.1592675027767,762.1697080199377,39763612
2023-03-31,774.4635009765625,776.0994241800914,766.2114631109374,767.7511762682442,34711228
2023-04-03,774.9447631835938,777.422730170773,771.1916311425683,773.5012598964762,40025398
2023-04-05,795.7310791015625,796.813706420068,777.5669985355254,778.8180228007624,43365392
2023-04-06,801.7938842773438,803.1652006446278,792.5314049071793,793.2291334002176,44637344
2023-04-10,797.9926147460938,804.0312933763835,795.8514417980481,800.3022433921424,31813286
2023-04-11,800.3263549804688,803.2614665555587,794.4560730939902,798.2573101275717,42361542
2023-04-12,810.7196044921875,812.3074229248433,802.4916471991853,802.5878572606912,26955504
2023-04-13,814.3523559570312,816.5657746530499,807.4716921966794,812.3555567321653,35330086
2023-04-17,801.938232421875,827.6085198214015,795.5146547856368,827.6085198214015,32405148
2023-04-18,798.5460205078125,807.0386434079419,797.00630713609,803.550177070361,29637226
2023-04-19,801.4810791015625,803.6944976892919,797.3671301762054,801.1442851788886,24741168
2023-04-20,804.4644165039062,807.1348624191324,801.8179937357015,804.3681477069183,32922716
2023-04-21,805.7634887695312,806.8942212156402,800.3022466466929,803.0689611623811,20128618
2023-04-24,812.2833251953125,813.8711434821779,805.5228950106629,811.729970551708,35675852
2023-04-25,800.7352905273438,812.066755339811,799.6526631336261,812.066755339811,50353068
2023-04-26,804.416259765625,805.955973055451,796.3326181532963,798.738456878835,27392750
2023-04-27,808.843017578125,810.8879805910382,801.5533141495392,803.7907560168101,47790392
2023-04-28,812.0186767578125,813.6546588421882,803.5501361717647,810.6232785465422,27916272
2023-05-02,811.8502807617188,817.5040017864336,809.3241500911014,812.547950500037,32221184
2023-05-03,814.6891479492188,816.0604642226169,808.193383640843,810.7435373497618,29407270
2023-05-04,831.3616943359375,834.5614130090665,811.7781309061464,811.7781309061464,56854638
2023-05-05,782.2103881835938,799.1955750303342,780.5022191249311,788.6339660930405,62770416
2023-05-08,791.25634765625,794.095249360511,784.3034965950662,786.7093355416769,37244524
2023-05-09,791.2803955078125,796.813824847028,789.0910586660377,793.8787132056606,43688938
2023-05-10,794.937255859375,796.1642571593527,785.7950682892969,791.2803925786036,46340550
2023-05-11,795.466552734375,812.2112150220032,793.5659634923215,801.216542964019,35734618
2023-05-12,802.4916381835938,804.8974770572269,791.1601135942614,792.4833249747595,22478760
2023-05-15,806.3410034179688,808.7227604763904,801.1924728395238,804.5125423272495,18512260
2023-05-16,801.7174072265625,813.641207320555,800.1113205928083,813.641207320555,32722086
2023-05-17,797.4102172851562,803.0314612780545,791.0346460503185,803.0314612780545,30466868
2023-05-18,800.5980224609375,804.953835962047,798.1645938212387,802.0580796447568,49646942
2023-05-19,801.522705078125,803.0314188922503,794.0520913358603,802.0580474754112,30460332
2023-05-22,798.6756591796875,804.4428733296279,794.6117857136817,800.5980440930408,28334032
2023-05-23,796.8018798828125,802.8367950174272,794.9768083346355,802.5447954516952,22470074
2023-05-24,786.3867797851562,795.6094500592069,785.3160355965606,792.1053367744181,33588112
2023-05-25,783.3693237304688,788.455225154943,777.407423655138,786.3380947431477,29776930
2023-05-26,786.3867797851562,787.9441502650901,779.7921647697594,787.9441502650901,26635066
2023-05-29,795.9744873046875,798.6512587386072,790.7912725552128,792.5676872978805,21816292
2023-05-30,796.5828857421875,799.4543434930372,792.5920864341458,795.0498137776772,37125928
2023-05-31,783.977783203125,795.7068987144811,780.9603551065537,793.2491711514361,43334270
2023-06-01,780.6439208984375,788.3822359863269,778.6971779535536,788.3822359863269,50366938
2023-06-02,781.860595703125,785.9001108734474,779.1838242892643,784.7563519232599,17859710
2023-06-05,780.8386840820312,786.7275701890972,779.8896111568738,785.7541986206603,18697242
2023-06-06,778.4051513671875,783.4909933701617,774.9253365920524,782.4203085516023,32182852
2023-06-07,782.444580078125,784.805053262948,776.7503811233141,780.3761658426776,24949026
2023-06-08,782.9312744140625,791.350960923385,780.278861070367,780.278861070367,37395522
2023-06-09,783.8560791015625,787.7009085166137,782.1040222342899,786.4355374130215,18212578
2023-06-12,779.0865478515625,786.3868338718737,778.4294745818307,784.8051052341397,13408292
2023-06-13,780.4005737304688,783.0773452649356,773.8789730190645,773.8789730190645,27926108
2023-06-14,779.5488891601562,784.5374180278894,778.7945024942541,783.7830313619872,20113968
2023-06-15,769.961181640625,781.5929230405386,768.4767664026215,780.6439096325554,35377476
2023-06-16,780.0355834960938,783.1746828103192,770.9102257106925,772.4432977006162,15779272
2023-06-19,780.7169799804688,785.6324943134937,777.8941787861185,784.0507655809437,24829146
2023-06-20,782.3472900390625,784.0506900484788,774.146647589991,780.7169047691681,20005626
2023-06-21,796.0231323242188,796.8261756245972,784.050675786365,786.4841043269806,24308946
2023-06-22,799.9166870117188,806.7059888717916,797.7023024946114,798.1646301932708,56596140
2023-06-23,799.8680419921875,807.8497002925832,795.2688853504051,796.9722855006775,21339218
2023-06-26,795.9988403320312,803.3964393933287,792.6649956756461,800.5979965482512,16130314
2023-06-27,807.2169189453125,814.1765484676322,797.4589059580019,799.6002755865209,33831864
2023-06-28,815.7583618164062,817.5834334461853,808.1417176661517,812.7652324615918,59562950
2023-06-30,828.047119140625,831.6486054517263,819.2137611926184,829.3124901661796,40699016
2023-07-03,837.002197265625,855.3502267293802,832.2326530339916,833.449367439012,44104116
2023-07-04,841.0902709960938,850.2399866599931,834.0820438772298,838.778513734139,38795188
2023-07-05,814.3712768554688,837.0994772709068,812.0595195781218,835.2744057361592,37165754
2023-07-06,815.1986083984375,821.4525082286525,808.0930085295972,814.2252369257229,52156544
2023-07-07,808.093017578125,815.1986175265295,806.0976179186929,810.3317601084606,19926336
2023-07-10,806.1705932617188,816.0503378295722,802.8854644229833,808.3850372058562,38398442
2023-07-11,802.2527465820312,815.6852604691176,800.8413461228718,809.3583461576029,50670426
2023-07-12,794.7334594726562,810.9644765133695,791.9107178120092,805.6352319869237,70958358
2023-07-13,798.699951171875,806.6572510904781,797.2155953198356,806.2922367876993,41913546
2023-07-14,800.3546752929688,804.7835035114284,795.7311609024043,804.7835035114284,24727214
2023-07-17,817.0966796875,818.6053935606003,794.7577929158504,803.0314502823962,49252928
2023-07-18,816.415283203125,829.3124545920268,812.7651403572094,826.3923403152943,81076818
2023-07-19,820.1141357421875,821.8905505906512,815.1986216073076,818.1673927652148,32935134
2023-07-20,821.8905639648438,823.4722926593728,817.6320636334198,818.1917641303833,56210948
2023-07-21,815.5635986328125,822.4015567907909,814.3468843278255,817.6320129512904,42154248
2023-07-24,816.8533325195312,819.8951183000274,812.813817239081,816.9019892100436,32179444
2023-07-25,825.7109985351562,826.879056170404,816.8533420034627,819.8951278192749,55992596
2023-07-26,822.8395385742188,827.1710534459679,821.5255108693627,827.1710534459679,24794358
2023-07-27,814.2982177734375,828.8257745170246,811.5240735457453,827.3170606790924,59741302
2023-07-28,799.8680419921875,812.2298721075693,798.6999842928814,808.6283856221597,41015684
2023-07-31,803.615478515625,806.3409662159895,797.5319067020986,803.0558374366854,34565006
2023-08-01,808.993408203125,811.5241504025686,803.0315076162769,805.1972354940766,35394188
2023-08-02,798.407958984375,803.7615021412346,794.830830666086,799.1379875966741,28116322
2023-08-03,792.6407470703125,803.6884896703888,789.8909607409018,798.1646183703506,57673946
2023-08-04,804.1021728515625,806.1949453417267,792.9327586465489,795.8042164551875,37388304
2023-08-07,803.6398315429688,809.4070457041624,801.8391180613743,809.4070457041624,28300918
2023-08-08,802.9828491210938,805.7569341954113,799.1623777784342,803.8588478451442,43773828
2023-08-09,803.2747802734375,805.221523152016,793.8330654303563,804.4914945725491,33361236
2023-08-10,796.1448364257812,805.099865704745,793.7844225264857,801.5957522263969,50781118
2023-08-11,787.846923828125,797.3859527425766,786.5814933374278,797.3859527425766,28225822
2023-08-14,784.0020751953125,785.9974748594191,778.8188601509507,784.0507318876311,31304410
2023-08-16,781.714599609375,783.3937010320665,769.5961724006356,770.4721710730195,34137542
2023-08-17,777.3831176757812,783.5153458133944,775.7770310495571,777.529087744607,52884040
2023-08-18,774.1953125,776.8964420218484,771.6402124587459,772.6379419530916,25633366
2023-08-21,773.5869750976562,778.9405181779168,772.3702607612333,778.9405181779168,21837270
2023-08-22,770.2774658203125,777.7237811054864,768.963438139342,776.9207377849476,32273570
2023-08-23,772.1755981445312,774.0980425006611,765.6783552717781,768.9634840803492,36498588
2023-08-24,768.622802734375,776.8477441031978,767.0897307917666,775.4364030038525,43145792
2023-08-25,759.9597778320312,767.746749618975,758.4510639302869,766.3110504597091,30069756
2023-08-28,767.868408203125,770.2531801549441,759.9597651143588,759.9597651143588,28867238
2023-08-29,773.976318359375,775.1200179106506,769.669102242421,773.6842594017068,35538932
2023-08-30,768.3307495117188,780.6195643753474,765.8973208258516,780.6195643753474,28084204
2023-08-31,764.80224609375,770.4965046276685,760.7384322394234,768.4767470204652,100075772
2023-09-01,766.384033203125,768.4768057096691,758.9134187598048,764.5833196769412,43226776
2023-09-04,771.1778564453125,774.5359402767891,766.4813275172515,773.830269769566,25073638
2023-09-05,766.4813842773438,773.0516417713671,764.38861183011,773.0516417713671,38712082
2023-09-06,776.507080078125,778.6971658570981,766.4813659496907,767.4060807161218,56320910
2023-09-07,783.977783203125,785.5108553045627,772.4433538873283,776.5071683013815,34208342
2023-09-08,790.085693359375,794.7092081887672,782.3960344054848,782.7367500914759,34502210
2023-09-11,794.173828125,796.4612273788786,790.3776555229446,792.762427572447,31573022
2023-09-12,796.6559448242188,799.576059429664,790.888730360441,798.164658821722,39033340
2023-09-13,800.062744140625,803.8102007820438,792.61642814262,793.9305153592652,46420094
2023-09-14,799.5760498046875,803.0315068308923,795.7798770993519,800.2330637010272,23538848
2023-09-15,808.75,812.7651572137806,803.0314427561306,803.0314427561306,173411202
2023-09-18,792.8353881835938,805.464858730247,791.399629677695,804.8565015861909,37056288
2023-09-20,761.0304565429688,778.2104866731253,759.4244292708094,778.2104866731253,115474648
2023-09-21,755.9932861328125,763.5855718328563,748.0603441770149,755.8229580049356,72841442
2023-09-22,744.4588623046875,761.3711919566923,741.5874045249608,758.7430770496563,61704250
2023-09-25,745.1158447265625,749.8366724935371,742.195730377536,742.195730377536,40208754
2023-09-26,748.3523559570312,749.4960555884529,742.1957693327212,742.1957693327212,27575308
2023-09-27,743.0960693359375,745.8458554975613,737.3288555163493,741.2223412220462,39338538
2023-09-28,741.5630493164062,748.3279930851168,738.9592924506106,746.5759362770035,55354188
2023-09-29,742.8284301757812,747.2815569377753,740.8816873168103,741.5629997895483,32053782
2023-10-03,733.9464111328125,743.1690816035621,732.9486816600946,743.1690816035621,38971694
2023-10-04,744.4102172851562,747.0626308751249,724.7967576747751,727.5952007546005,54649430
2023-10-05,747.4276123046875,755.1172706279191,745.8945403681716,747.0869560565192,48512674
2023-10-06,746.600341796875,751.9295273041055,744.5562258825445,751.4428415259151,17759356
2023-10-09,737.937255859375,744.6291848078113,735.8688414571311,743.6558133244023,16454972
2023-10-10,742.1227416992188,744.1424994102023,737.426212407623,740.0300286548502,33266292
2023-10-11,749.3013305664062,750.5424029295025,743.8991308991633,744.6778161774354,31333360
2023-10-12,754.2898559570312,755.3362421435227,745.4078415117224,747.5979272653602,22025336
2023-10-13,747.4276123046875,753.7788848660191,744.6048112974557,749.4960266639874,39745300
2023-10-16,744.4345092773438,746.794923276397,740.0056808464606,745.3592240817852,17856084
2023-10-17,750.0800170898438,757.1613181665532,747.0625893528261,757.1613181665532,32902558
2023-10-18,739.640625,750.0800099587005,738.8375816778204,750.0800099587005,31216200
2023-10-19,737.3045654296875,742.8041382598725,731.5860077723223,732.6567520860139,30252364
2023-10-20,741.1250610351562,743.1691173582408,732.46203118805,732.46203118805,21094010
2023-10-23,732.9730224609375,744.0207640901824,730.0772068991747,741.4656641644435,22376136
2023-10-25,728.3252563476562,741.1251158897211,725.8674694399969,740.2490577379119,28311996
2023-10-26,712.2158813476562,726.1350808000519,710.6828094760561,725.7700665168079,55561798
2023-10-27,715.0143432617188,719.3215000369331,713.9193003827721,715.1846713831347,31940532
2023-10-30,722.7769775390625,725.1373914861161,711.4858921827074,712.1429060469561,23310982
2023-10-31,718.591552734375,731.9754116576363,717.3748382868058,731.9754116576363,32634824
2023-11-01,717.6181030273438,719.053802155173,711.6562028835086,711.6562028835086,33877466
2023-11-02,718.7131958007812,725.4051249981815,714.041024388573,722.7283533192214,45225154
2023-11-03,722.1199340820312,725.8430917067044,721.0979059562075,724.18834838353,18095340
2023-11-06,727.351806640625,729.0552066561768,721.7549208752405,729.0552066561768,25593730
2023-11-07,723.8233032226562,727.1084316790375,718.9320882014275,727.1084316790375,41952848
2023-11-08,725.9161376953125,726.8407930714139,720.7815793854345,722.2172785513859,31399546
2023-11-09,723.044677734375,726.4271198457463,721.9982915168673,723.2150058605088,22116740
2023-11-10,725.8917846679688,728.0818705084018,720.3192566823748,720.3435553235623,14015186
2023-11-13,724.5776977539062,728.0574529993991,723.1662973344708,726.1837249264701,20605914
2023-11-15,732.1700439453125,735.3577999173147,730.2963157159859,732.0240144584016,41245460
2023-11-16,734.0924072265625,739.2756221207742,731.8536647558356,734.7494210785321,29713838
2023-11-17,732.5106811523438,733.6787387876133,724.6750527726409,725.16173850318,23701874
2023-11-20,732.559326171875,736.3554985735485,730.7829708116128,736.3554985735485,19331452
2023-11-21,738.7645874023438,740.7356883923068,735.9174877356371,739.2756311878541,24959972
2023-11-22,736.1365356445312,739.7623206231069,731.7563640092628,739.7623206231069,29123650
2023-11-23,740.3950805664062,741.6360936254299,734.1654789893513,734.1654789893513,13046220
2023-11-24,745.6511840820312,746.1622278549652,739.6892839772345,740.3462978210936,16469192
2023-11-28,743.97216796875,748.1576534487249,742.5851254924052,747.1599239182611,28489338
2023-11-29,758.8160400390625,760.6897681490088,746.0891967833849,746.5272258063289,34042488
2023-11-30,758.6456909179688,765.2889031775027,750.5423621524202,763.6828760176745,69491440
2023-12-01,756.990966796875,762.0281520239192,755.3848801865702,758.207681074416,22153536
2023-12-04,783.2720336914062,784.5374047202694,765.873018667368,772.8569470817542,50662456
2023-12-05,790.2316284179688,797.6779441560443,786.7275147823341,796.4612297811876,52230820
2023-12-06,792.22705078125,797.4102062498663,786.8004930390686,797.4102062498663,38613060
2023-12-07,793.5167236328125,795.2444817359088,786.5814519897668,790.86431017188,20450386
2023-12-08,804.5888671875,805.4649253113081,793.5167662504412,793.5167662504412,33728038
2023-12-11,803.5181884765625,809.6990738547369,801.5714454396721,803.0558607692541,23187620
2023-12-12,795.5364990234375,806.0732571804058,794.1981132379304,805.0755276490755,36581476
2023-12-13,793.7357788085938,796.2178641804811,786.0461204150259,794.4901060535459,29346914
2023-12-14,803.1044921875,807.3872910879392,800.5980487244109,801.0847344683164,35172366
2023-12-15,806.2192993164062,811.7918273650013,801.3767404796611,803.0314839042278,138837130
2023-12-18,805.8056030273438,810.1857749432232,803.4938456272962,808.2390318694991,18014754
2023-12-19,804.4428100585938,807.2412528497581,800.1356534706899,803.0314096384661,24008446
2023-12-20,806.4382934570312,812.2541644467366,800.3303634873538,806.9249792104754,34232520
2023-12-21,820.8927612304688,822.3771764061897,803.1530909094922,806.438219443738,36589240
2023-12-22,813.1788330078125,820.5034769444852,811.3537615362043,819.3840760112807,48578850
2023-12-26,818.8244018554688,820.5278019503709,812.059517577905,814.3469167985355,18045856
2023-12-27,828.9718627929688,830.5292334309963,816.9506891067552,818.3620896655261,27009078
2023-12-28,829.9208374023438,837.7808237889657,828.3391087868577,831.8919383640549,44076470
2023-12-29,831.8675537109375,834.6173398672829,825.4189680232558,825.9056537355337,25011426
2024-01-01,826.4410400390625,831.8189412093673,823.4722689184366,830.285869252277,14239686
2024-01-02,826.9276733398438,828.7284461026671,821.8661301022644,826.7817032735886,29242092
2024-01-03,814.176513671875,829.653083176837,812.2540695245034,828.3390555600513,28389762
2024-01-04,822.9125366210938,824.907936188308,813.1058074949292,816.6586370098769,26734056
2024-01-05,818.7026977539062,829.7504992888211,811.8404409559379,821.1118277236433,31889470
2024-01-08,809.577392578125,818.7757651976441,807.8983504931613,816.9020369293803,17998470
2024-01-09,803.2747802734375,816.5613241836867,801.4497088247701,811.3781093874959,25326888
2024-01-10,805.92724609375,807.8739890989318,798.8460040583302,799.6246893784266,16115824
2024-01-11,802.5447998046875,809.309743595266,799.6246853117656,807.8983430417109,18314010
2024-01-12,798.7485961914062,805.95156875827,795.0497965259408,804.0048258385641,19773552
2024-01-15,814.1278686523438,818.0700109690749,799.9166104629336,801.9120099654888,28320356
2024-01-16,817.2183227539062,819.4084084513863,806.9735647828543,814.2251937520415,25322500
2024-01-17,748.279296875,777.1397839265529,743.8504686909188,764.0965828252033,170145236
2024-01-18,723.2880249023438,737.32889662945,720.3192537681881,727.1084960821111,161070930
2024-01-19,715.744384765625,735.0171279009493,714.6493418669147,732.924355486129,109600538
2024-01-23,694.6708984375,717.7154569857805,693.5271987986505,712.9946289403671,115469402
2024-01-24,708.5657958984375,709.8068089160445,671.7480069982282,671.7480069982282,86004404
2024-01-25,698.3453979492188,709.27146932584,690.8017687875753,706.9110553088505,98941852
2024-01-29,707.9573974609375,711.9238979776146,703.6502407027771,704.7452835773879,65645498
2024-01-30,702.9202270507812,712.1185398649957,701.2654836786888,707.90875580775,41728768
2024-01-31,711.80224609375,717.8371016849802,699.2700884068386,700.5841161285045,65761040
2024-02-01,713.651611328125,717.1800828855794,708.6387839338071,713.0189555223712,32690740
2024-02-02,703.8206176757812,720.7085896391353,701.8252179588541,717.8614898495053,44867754
2024-02-05,703.1879272460938,706.6190857097415,697.931756543557,703.7476277670278,38605046
2024-02-06,702.8228759765625,705.5483042801744,697.2259898811583,703.5286059562596,41075740
2024-02-07,695.9362182617188,707.5437201567751,694.330191039234,707.1543478186637,54837086
2024-02-08,682.8444213867188,700.3163911601653,681.6033490400813,695.8875630019661,69106124
2024-02-09,683.112060546875,688.2709172654594,675.033089526087,677.5395328507874,56642124
2024-02-12,676.4931640625,688.0032934481292,673.2566920790741,681.18969323455,34447812
2024-02-13,678.658935546875,683.4771364619307,673.7434212435891,677.4422211445823,57580994
2024-02-14,673.597412109375,677.2231970540489,663.6203545889955,669.6795681971766,91320810
2024-02-15,688.197998046875,688.903668609651,673.7433958465795,674.0597534612269,41584944
2024-02-16,691.0451049804688,694.8412181662663,685.4725175238648,692.9918479710976,32175742
2024-02-19,689.682373046875,695.4739454261017,688.7576582283627,695.4739454261017,34451756
2024-02-20,707.7870483398438,709.22274741334,687.1029057664576,688.660276266856,56133508
2024-02-21,700.413818359375,712.5079475266035,698.3940605878935,712.5079475266035,45893136
2024-02-22,690.874755859375,695.3765988884213,687.2975681948778,689.9986977762575,50560882
2024-02-23,691.3858032226562,697.8587478235042,690.1204320838871,692.3348761341468,29833452
2024-02-26,692.213134765625,698.3210050066913,687.9546346452112,687.9546346452112,23506870
2024-02-27,691.1668090820312,694.3545652339111,687.7113519923358,687.9546948776648,32087150
2024-02-28,685.9348754882812,693.1377886016653,683.3067606806109,691.1667470533215,25321986
2024-02-29,683.0147705078125,686.4215706434694,680.0459994144303,682.3820552900959,53295700
2024-03-01,696.3256225585938,697.2989940386686,681.360036052442,681.360036052442,34738898
2024-03-04,697.274658203125,699.3674307159147,693.186545384466,696.422958130924,35616474
2024-03-05,701.2410888671875,702.2874750189414,691.8967470591605,692.067075174591,37991672
2024-03-06,702.0927734375,707.0813018234176,697.688303532932,697.688303532932,42409530
2024-03-07,703.7962036132812,706.2053335588424,701.5088045068723,703.504204064998,49348046
2024-03-11,694.8899536132812,703.7232526512562,692.5538381955413,695.9606385239804,50531094
2024-03-12,710.3422241210938,712.5079519871562,695.5956218426523,697.9073792005341,65418454
2024-03-13,710.755859375,716.2067158438075,705.7429725398497,713.2379447418698,63067454
2024-03-14,708.3467407226562,713.4812990740788,702.9202422173576,711.5832127948388,52432158
2024-03-15,706.9840698242188,710.2205419583659,701.9225261192986,705.6943406988961,143613804
2024-03-18,703.77197265625,708.6144722431341,698.7834435762417,704.2343003680048,21437856
2024-03-19,705.3779907226562,706.8624060469253,698.6374048635253,698.6374048635253,36183594
2024-03-20,696.4716186523438,706.4973325344582,693.3568181834665,705.2319615530049,43606094
2024-03-21,703.6259155273438,706.3026871236781,700.0001304926251,702.0928435492851,28922860
2024-03-22,702.2144775390625,706.0593065998343,699.7323922549797,701.3141208411934,45980326
2024-03-26,693.7218627929688,699.8297331586394,692.1401341445468,694.5978614753975,56844290
2024-03-27,701.1681518554688,704.6966236214441,691.7021375713913,692.8215385852401,62168668
2024-03-28,704.6723022460938,710.8045307526719,701.1681292352769,701.1681292352769,55592142
2024-04-01,715.67138671875,717.2774734382766,708.4197572494843,709.5878149173326,25199570
2024-04-02,720.3678588867188,727.5221149937069,712.1428585816917,713.0675733041284,41225446
2024-04-03,721.414306640625,727.9115494819865,716.109420115624,716.450076374618,45584386
2024-04-04,743.461181640625,744.6292393883092,731.9754091764817,731.9754091764817,88935066
2024-04-05,754.1439208984375,756.5529915753328,744.7022055513205,749.0093625181328,59055902
2024-04-08,752.7081909179688,757.8914061879058,750.2504634550537,756.7720051664586,20482940
2024-04-09,753.6572265625,756.7233110790663,749.6420692068525,756.7233110790663,21884494
2024-04-10,747.7196655273438,754.3142814277871,746.0649220391629,754.3142814277871,27807400
2024-04-12,739.2512817382812,744.5561681914903,736.5745101656407,740.2490112702176,41084208
2024-04-15,727.4490966796875,734.8954117012732,726.1594270943376,728.8361984614614,23415248
2024-04-16,734.5304565429688,736.3068713842836,721.3899415012858,723.7016987771374,20744886
2024-04-18,727.4490966796875,739.2025682918519,725.6727413912242,734.7980983246009,34234884
2024-04-19,745.2619018554688,747.0382572891224,720.4165709168466,723.4827148610226,34576434
2024-04-22,735.9661254882812,757.9643557818745,734.0680986992392,757.9643557818745,42298438
2024-04-23,733.7273559570312,742.9257276507318,731.6102850251966,742.8284142738174,26827060
2024-04-24,735.7228393554688,740.6140550056098,734.4331696198528,737.3289261268269,22441580
2024-04-25,735.260498046875,739.616311752735,733.0704121681982,733.0704121681982,35445204
2024-04-26,734.7981567382812,743.6558134751455,732.729742335618,739.6650141563123,24854694
2024-04-29,744.3858642578125,746.7949349875348,733.216449914726,737.3289207914913,36093350
2024-04-30,739.8109741210938,749.2526892649995,737.2802320622603,744.2398024289921,52307382
2024-05-02,745.7241821289062,748.0359392606487,739.9326102747762,740.7356535814621,33475006
2024-05-03,739.567626953125,749.7880273318675,733.5327119903678,746.2108990812835,31865242
2024-05-06,741.0520629882812,746.819277196089,738.3752913854279,740.7357053714223,28793396
2024-05-07,733.021728515625,741.7334150168236,732.0483570497901,740.7113274497933,28480602
2024-05-08,721.5845947265625,728.5441648774708,720.465193806477,728.0574791574124,41687862
2024-05-09,704.4776000976562,723.5800151607533,703.4069152466064,717.83709973452,46281278
2024-05-10,709.361572265625,716.2928456267198,703.8856031439476,709.9042250216206,27276608
2024-05-13,717.9208984375,720.1655815796556,705.6122976051453,706.4509373389452,27047202
2024-05-14,720.7328491210938,722.9775322143812,715.4789152317669,716.4408878596623,25665142
2024-05-15,709.6575927734375,720.116199874965,708.3256213801538,720.116199874965,38931996
2024-05-16,720.3875122070312,721.5221990437014,708.1775543730138,713.3822271543565,34945236
2024-05-17,722.286865234375,724.210870736283,713.4562165510583,713.4562165510583,20920190
2024-05-21,719.6721801757812,725.0494465734148,715.3801590157026,715.3801590157026,43769978
2024-05-22,719.8695068359375,723.0268413842214,714.4182283327197,719.203521164468,39996278
2024-05-23,736.3468017578125,737.8514873644924,718.808897899437,719.5982164877166,40861920
2024-05-24,748.4827880859375,749.814819731989,733.0908640200075,733.8308615274302,31060206
2024-05-27,753.6627807617188,762.1974428837648,749.3955099218479,751.5168000055969,29385440
2024-05-28,755.0440673828125,757.7820820455768,752.2321011517142,754.846722684579,27908904
2024-05-29,744.0921630859375,751.763434227272,740.6141508121484,748.8774560751649,35147706
2024-05-30,747.3234252929688,751.6400771573121,738.8381451452329,739.6027730570852,33755350
2024-05-31,755.5620727539062,757.7573743920395,746.9040786650703,749.370736784836,74079588
2024-06-03,775.615966796875,788.8372786068238,764.6640286682782,788.8372786068238,72637256
2024-06-04,731.6848754882812,769.1040704644005,717.3042453208712,768.1174071283333,89531240
2024-06-05,765.5520629882812,769.4000136473305,731.2901444599279,737.062160780223,81631650
2024-06-06,769.4493408203125,772.2859977724349,762.9867083301413,772.0147015010076,46422870
2024-06-07,776.1832885742188,781.6099363682906,765.675361251112,770.115345809898,36712216
2024-06-10,770.23876953125,779.784725413951,768.4134061980604,776.5040577255814,22454058
2024-06-11,771.9653930664062,775.0240252200629,765.7493660748642,767.6240504407497,29545326
2024-06-12,776.5780029296875,783.5586575880445,772.7546827700062,776.9973227739393,39280436
2024-06-13,779.8340454101562,782.2760131134276,776.5040566032491,780.3273770852536,24120192
2024-06-14,787.8013305664062,788.8373149959045,778.329326673916,781.4373401835603,25540554
2024-06-18,793.1785888671875,794.5105601294592,784.1259056214269,787.8012622589033,32415714
2024-06-19,817.869873046875,823.8145435842582,791.3039754417663,795.941305047812,90131196
2024-06-20,823.5431518554688,829.5124525875813,814.983860042712,823.7651872236406,41408742
2024-06-21,821.7672119140625,825.2698546527171,810.6179284522095,825.2698546527171,51630776
2024-06-24,825.0478515625,826.3798229097616,811.9005512360641,812.5172157896385,28544994
2024-06-25,844.2631225585938,847.025767804676,824.4065232844747,824.4065232844747,74521548
2024-06-26,839.40380859375,844.041138181783,834.2731473521208,842.5857736709851,47596666
2024-06-27,836.7644653320312,845.0770913433391,832.0531241260426,836.7397746618053,55074650
2024-06-28,830.671875,841.9198007397313,828.3038589383985,837.4798157900913,26476046
2024-07-01,841.2290649414062,842.2651095333842,828.7971320491276,828.7971320491276,21187024
2024-07-02,853.7597045898438,855.8810546817267,840.0204307746837,846.0637432263002,45921690
2024-07-03,872.531005859375,885.0369507276009,870.5576793248654,883.5569558267186,123217802
2024-07-04,852.0578002929688,868.1404005851939,850.9231133709549,868.1404005851939,45848658
2024-07-05,813.0598754882812,831.2638253093144,810.1492067263514,831.2638253093144,82242548
2024-07-08,806.7698974609375,816.4391857049037,802.7246020410699,811.678583484828,39087800
2024-07-09,807.3372192382812,812.3691778178521,799.369901303005,801.6639054458949,48550878
2024-07-10,802.20654296875,809.063864597064,799.5672308205436,804.1058576798249,45507182
2024-07-11,800.1346435546875,802.0832795528332,789.8239996598078,801.1459373403621,44177074
2024-07-12,800.5292358398438,808.2745787950348,794.8312914757237,800.1839277769812,56049960
2024-07-15,800.2332763671875,804.031966294815,796.8292758573642,800.9239527377698,33375694
2024-07-16,799.0739135742188,802.6505679180453,797.6186093434653,799.5672452078501,28950324
2024-07-18,796.6320190429688,801.1459557272271,788.9113662252444,793.2773395385489,33717064
2024-07-19,792.9319458007812,800.677228233124,791.0572615353138,797.2239068544229,26002152
2024-07-22,810.3218994140625,814.4905276323838,795.5712715150735,797.7172520784763,53744822
2024-07-23,798.407958984375,812.9119216218081,791.7973027922226,812.7885887086006,52002152
2024-07-24,791.3286743164062,799.6906218755655,783.4353677463822,793.3513220807449,61728206
2024-07-25,797.5198974609375,801.6638951787058,785.8772830890329,785.8772830890329,25535732
2024-07-26,798.2846069335938,800.0605887969758,787.5792741911353,791.7972838101718,43810540
2024-07-29,791.822021484375,805.0432741154053,788.4920327099303,796.7306475152811,51001148
2024-07-30,797.0020141601562,806.4739582617092,788.8373508245744,790.317345854264,54595834
2024-07-31,797.1006469726562,803.0946388161857,793.8693004409521,796.2373165488889,37820484
2024-08-01,808.471923828125,814.0219048337823,798.1859108540549,800.627938629233,26215174
2024-08-02,818.51123046875,824.1105327295066,804.6239322848401,804.6239322848401,44119238
2024-08-05,797.1006469726562,812.0239300120638,789.824004829474,809.1132611105608,41333634
2024-08-06,789.922607421875,805.5858871810888,786.0253355957136,804.1305829139676,45116050
2024-08-07,800.9239501953125,804.1306059860544,790.4159617464212,797.7172944045706,42346264
2024-08-08,810.3958740234375,815.6252376687839,798.8272709671206,801.1705962949537,33976950
2024-08-09,814.0958862304688,820.1885804457108,811.9252750900921,814.9839073123685,26644618
2024-08-12,818.9797973632812,826.7990913723679,812.6898193077751,814.9838233487179,39316196
2024-08-13,790.9093017578125,805.3146225179424,789.8980079765901,803.1439511462899,54055042
2024-08-14,793.1785888671875,796.0891971974215,790.9092152779186,792.5372336839343,32334428
2024-08-16,805.1665649414062,806.177918901087,794.7572792867222,803.3905830654421,27849246
2024-08-19,804.895263671875,807.9045746403995,801.0225621096914,807.9045746403995,19502164
2024-08-20,807.92919921875,812.0238759013653,802.8725499307859,802.8725499307859,31134494
2024-08-21,802.05859375,806.3752455426795,798.1119406824072,803.1932203742449,47630904
2024-08-22,804.77197265625,808.2252943260683,803.1439540663039,805.1172807347715,21300638
2024-08-23,801.6885986328125,806.1038926835937,800.6772446912317,806.1038926835937,20333422
2024-08-26,809.0392456054688,812.9858989531632,805.2159251748899,805.2159251748899,22364266
2024-08-27,807.9539184570312,812.714580974844,805.2159036816922,810.7412543536698,35773244
2024-08-28,807.6332397460938,808.9405806750858,804.2292392849356,807.9539173658313,26921188
2024-08-29,808.3485717773438,811.2345497877237,804.6979056469421,810.0505418236547,49052604
2024-08-30,807.5346069335938,819.9172195651064,799.7646332824804,816.9572296027775,445342100
2024-09-02,802.6258544921875,812.4185353190471,800.7758609185206,812.4185353190471,34049680
2024-09-03,807.7565307617188,809.0391809529892,801.4665524914798,806.1038818486695,37282860
2024-09-04,809.9519653320312,811.4319603519671,805.1172908451134,808.5706125582972,24682744
2024-09-05,811.7525024414062,813.947864316631,810.0505324148638,812.0238589250097,22876318
2024-09-06,807.5592041015625,812.8872099026286,806.1532209716318,808.2252499925564,26029602
2024-09-09,812.2705688476562,813.2572321563082,804.1799176724811,808.0772497858858,23792914
2024-09-10,814.169921875,815.9705945420105,808.0772877024264,815.9705945420105,26606646
2024-09-11,810.9879150390625,815.2305552034559,808.6692201411954,814.1945707781381,22226684
2024-09-12,822.1865234375,823.8638631072175,812.541925723635,815.970556634334,32424046
2024-09-13,821.8658447265625,825.8371886289187,817.4752411837702,825.8371886289187,23860532
2024-09-16,824.3324584960938,827.7118283198007,820.9285184448568,822.383822656841,15172820
2024-09-17,823.2718505859375,827.8104775064535,820.9778464556504,827.8104775064535,20127122
2024-09-18,836.0985107421875,838.1211584780381,824.4065144173259,824.7765131575844,40917342
2024-09-19,842.8571166992188,848.0370989791965,838.2444778560398,838.2691083056365,30651776
2024-09-20,858.989013671875,860.8390072921377,842.3884524296358,846.8037464482039,60623386
2024-09-23,868.1650390625,871.3963251528371,858.5203814686755,862.8370332933276,26965350
2024-09-24,872.2350463867188,878.9443447710721,865.4270455398441,870.7303607683197,33039036
2024-09-25,877.6863403320312,882.0770041306025,868.3377295053485,868.3377295053485,31965312
2024-09-26,879.832275390625,882.0769584056752,872.2350164313859,874.7016745924757,31899644
2024-09-27,864.6377563476562,877.2423442796407,863.3304153886946,876.6503703689774,35613502
2024-09-30,854.47509765625,864.0456833682003,850.701098537286,862.738402689165,26383534
2024-10-01,851.5890502929688,859.3837142697525,848.5797393423385,850.5037447767241,24572284
2024-10-03,829.7838134765625,851.5644172954591,825.5164827720641,846.3844351066934,48473398
2024-10-04,817.771240234375,834.0511850540141,815.4772359655595,826.083866681385,48683232
2024-10-07,798.1119384765625,818.4371776300311,795.7439225540929,815.0824984433904,94458296
2024-10-08,814.5151977539062,817.351854577489,800.1838900610866,804.1305430330278,29734406
2024-10-09,805.6846313476562,817.3272467507278,803.4892692768091,813.750592132383,41125642
2024-10-10,820.114501953125,821.6191272702827,805.363874384187,808.5705299330368,21754766
2024-10-11,814.4906005859375,821.1258875682706,810.6672800804614,821.1258875682706,23672594
2024-10-14,832.7931518554688,834.741848018609,815.9705545228965,816.9819085005773,18527508
2024-10-15,830.81982421875,837.6771462351046,826.5771840500105,835.7038196244212,19651130
2024-10-16,838.565185546875,842.585790426718,828.8465156450762,828.8465156450762,20470682
2024-10-17,825.4178466796875,837.5044718768119,821.4958240034423,836.1724403142362,14695732
2024-10-18,829.7098388671875,834.2238355924767,816.0198853262701,820.4598702584595,24809724
2024-10-21,852.8223876953125,862.4177242903107,844.1151323678729,846.063768270474,46548354
2024-10-22,845.841796875,858.3970631644344,843.9424218629189,853.4884373802005,38875280
2024-10-23,856.3251342773438,861.603759041874,841.1551854708522,841.1551854708522,38036090
2024-10-24,863.15771484375,872.5310159915173,857.4597103207274,857.4597103207274,30832258
2024-10-25,860.0744018554688,867.2030200365818,852.8223905419693,865.7970368926951,26130478
2024-10-28,855.5357055664062,863.8237012026692,852.9210840084185,859.383716444917,22012142
2024-10-29,864.2430419921875,870.2370336046123,851.0464203091243,851.5644426318723,35794926
2024-10-30,855.7330932617188,865.6737383463702,850.6024319063034,859.3837596235229,32715724
2024-10-31,856.2756958007812,857.8543931673494,848.234426273393,852.4770662952162,22895912
2024-11-01,857.0651245117188,860.419743696405,851.5397737386437,854.9437742666823,1759692
2024-11-04,845.6197509765625,860.8637106769045,844.0411138190809,860.8637106769045,28089248
2024-11-05,867.2030029296875,869.5956493162819,837.6277954866241,840.1437747820238,44232406
2024-11-06,865.92041015625,873.9370497603172,861.0364145993881,873.9370497603172,27787910
2024-11-07,861.62841796875,868.7323455565536,857.4104082699865,860.5184217555121,18895456
2024-11-08,865.5256958007812,869.1517316326272,861.2830556229201,864.3170573375987,19902986
2024-11-11,871.3717041015625,879.5116762015548,863.9223481240455,865.5750573030832,24565362
2024-11-12,847.6423950195312,875.6636561032956,842.9311140165652,874.1836611915717,31395406
2024-11-13,829.463134765625,853.1677439816382,825.3438276461692,846.9270867373347,35728500
2024-11-14,835.087158203125,841.05645917869,824.8998474928816,825.39317914741,27146470
2024-11-18,841.1797485351562,847.987749103584,836.1971111266544,838.6637692715708,27081968
2024-11-19,859.507080078125,865.1803941380466,839.9957889401087,845.5704607570133,50981272
2024-11-21,858.989013671875,867.7703408111802,855.5356922473849,863.0343691875372,35716512
2024-11-22,861.1597290039062,865.4517505554312,853.2417920363309,860.1484352390544,24773612
2024-11-25,880.8929443359375,889.7482832055338,870.6810037082952,880.6216480727867,427737274
2024-11-26,880.8683471679688,892.9302818593218,873.0983737208503,892.9302818593218,30935566
2024-11-27,894.06494140625,896.5562300169572,880.6709755435701,883.0143007972586,32714976
2024-11-28,884.6176147460938,905.8061839354122,882.07694483503,897.3702251985009,35722392
2024-11-29,886.04833984375,890.2662893460416,879.561016559754,888.6383310231244,27669536
2024-12-02,890.3156127929688,892.0176431336934,875.6636867426915,889.7236388960249,15110876
2024-12-03,900.9715576171875,906.4475265301775,895.9395389832724,899.1955156163089,43410242
2024-12-04,917.6461791992188,920.0635162996781,903.3642521901575,906.7435619082082,44669084
2024-12-05,920.4335327148438,927.4388181075851,905.3622266087298,917.596875706611,39682714
2024-12-06,915.5494995117188,919.6688066050771,909.7035317020062,916.1168429341786,17783156
2024-12-09,922.5301513671875,927.4634676846591,912.1701871004972,914.4641912323508,26947912
2024-12-10,921.5928344726562,926.3288062229569,916.881553393078,926.3288062229569,13325480
2024-12-11,919.1261596679688,923.4675021564423,915.9935158212785,918.4354833328279,14045426
2024-12-12,917.2268676757812,921.864197216933,912.0221946944998,913.1568815747593,17293790
2024-12-13,923.3934936523438,924.9968214762359,902.4268990322158,918.8301759997277,19009002
2024-12-16,920.1621704101562,922.5054957499956,915.2535445762154,920.1128492893367,13107082
2024-12-17,904.4002685546875,918.7562078618506,901.0702798391582,915.7962178924912,21079532
2024-12-18,893.2755737304688,905.7568882727958,891.5242825465077,902.7228866518356,23422312
2024-12-19,884.790283203125,888.5395915672278,877.6369745293333,887.7995941182149,25380770
2024-12-20,873.93701171875,886.7883251977108,871.7417099804251,879.2156362475025,25692348
2024-12-23,888.4902954101562,890.956953642833,878.7716860618692,879.1169941259847,11044592
2024-12-24,887.0596313476562,892.2889348142179,882.8416818560752,889.0083275055933,14485834
2024-12-26,883.4336547851562,893.916952377888,878.5003382709294,887.2816657547127,10481678
2024-12-27,887.1336669921875,890.9322967259654,882.6196702111419,885.4316968356189,7259330
2024-12-30,877.0943603515625,895.3969526845203,873.6903598921683,884.1489668763874,22222218
2024-12-31,874.60302734375,879.0183818635131,871.0263727843891,873.3450677348718,14117236
2025-01-01,879.4869384765625,885.0369191568942,868.8062969452952,874.8989303590305,7313806
2025-01-02,884.9136352539062,889.6989281059142,874.6770036544534,876.699651347947,18558576
2025-01-03,862.9356689453125,885.6536147489581,861.5050553855514,883.5569553072743,24426194
2025-01-06,843.8438110351562,866.8823756490298,841.5251763034672,858.4464162412277,18816348
2025-01-07,845.2744140625,849.0237223493897,838.6637582765616,846.063732614296,13527906
2025-01-08,835.8518676757812,844.4111600559388,830.4498497882179,842.7338203435289,19738190
2025-01-09,822.778564453125,833.237171528912,817.9932112311335,830.844525028491,40420222
2025-01-10,817.3272094726562,826.2811909461473,815.9705474379197,824.3571854708366,17453280
2025-01-13,804.5499267578125,812.3939122066796,801.3186405131205,809.0639234971638,21669066
2025-01-14,812.3198852539062,817.0558570637163,807.5839134440961,809.0145872775671,26661432
2025-01-15,810.5685424804688,820.2624606383587,807.2385540448483,817.2038286822469,14022892
2025-01-16,815.008544921875,819.201863784551,810.469857784879,815.4031740939097,21212454
2025-01-17,807.4605712890625,814.2438814190301,803.3905852110819,810.7905598983193,23112076
2025-01-20,814.6138305664062,819.3991231510713,802.1572072678132,802.1572072678132,17557618
2025-01-21,810.2478637695312,819.4485105158285,805.6352251722408,818.0671578930118,31158144
2025-01-22,821.9152221679688,824.8012002853578,801.8859089377631,810.2479165643738,30619306
2025-01-23,821.347900390625,832.2505181334424,814.6139111249832,832.2505181334424,34909158
2025-01-24,813.8986206054688,824.0119199318104,811.2839386423929,818.9305795964561,24236200
2025-01-27,804.0319213867188,810.839861804967,802.157237088582,809.6065327196525,22804166
2025-01-28,824.0611572265625,830.918478848159,812.5171851743912,812.5171851743912,30179312
2025-01-29,827.4651489257812,829.3644636153648,823.2964606110903,826.3304621132276,12619890
2025-01-30,834.470458984375,837.627793486482,825.1218486077116,829.2904768269195,25744846
2025-01-31,838.047119140625,840.9824182950722,830.7457868177106,832.3738053097981,15821686
2025-02-01,834.1990966796875,845.0770832229423,826.8485035606199,837.4304429485957,5587528
2025-02-03,827.8104858398438,832.1518283284162,820.6324864421063,823.8638327488314,20276540
2025-02-04,848.9744873046875,851.391824544325,828.8219005259823,833.0891713164636,28616502
2025-02-05,857.311767578125,860.4690419690123,847.9877873258422,854.9437515638108,23675506
2025-02-06,860.29638671875,862.8370567631686,850.5037655001158,856.1770794811201,26760716
2025-02-07,854.8203735351562,871.7169816976605,850.9970534399911,863.3303440695562,23509600
2025-02-10,846.4337768554688,850.2324064646851,842.857122399865,847.1984649999539,17195950
2025-02-11,839.3544921875,844.090464044396,833.0891440189461,840.1438107934578,22724704
2025-02-12,842.0184936523438,844.5837941723514,829.389155095277,835.2104927183359,22809570
2025-02-13,837.5291137695312,845.6937766231139,835.4818356095761,838.1704689996619,12602434
2025-02-14,836.1231079101562,839.601120018604,828.7971451888767,839.601120018604,19959892
2025-02-17,847.2230834960938,848.5304243918573,829.413823260936,831.3624591587258,12938946
2025-02-18,850.0350952148438,854.2284140997132,841.697778564227,845.1017788797033,16350910
2025-02-19,852.0823974609375,857.3610822217985,844.8057556604201,847.0504387449713,11884112
2025-02-20,832.2998046875,845.9157460199498,831.4118438608401,844.0904430253034,26390510
2025-02-21,834.9638061523438,836.1724445897772,827.4404985932164,829.2411711352042,15680940
2025-02-24,827.3665161132812,830.8691588600108,819.4732095421047,829.3398427560753,20693646
2025-02-25,829.9564819335938,832.7438177754724,824.406500920576,824.406500920576,24138708
2025-02-27,839.0090942382812,843.9671012979777,830.0551731686357,830.0551731686357,35786800
2025-02-28,854.6477661132812,857.0404125816553,831.2638337603047,831.2638337603047,54516728
2025-03-03,839.4285278320312,859.9017921530082,835.7531707549724,858.2984642242569,21205364
2025-03-04,843.5971069335938,845.7184570804238,835.3338019387764,837.6771272358142,19920958
2025-03-05,833.73046875,843.991790915382,832.8671383829512,839.6257577393887,21583872
2025-03-06,834.3224487304688,838.6144701478811,824.973838204501,832.2504799228543,32966088
2025-03-07,833.3604736328125,839.2311321984157,827.6131479773222,829.7838192395386,13372914
2025-03-10,832.4971313476562,838.6144556459366,830.3018296675241,833.2371287977431,15604050
2025-03-11,831.510498046875,835.7038170818192,823.8885481247595,829.9811819724781,19898430
2025-03-12,844.1644897460938,847.7904654359072,834.4952011662076,834.4952011662076,18784106
2025-03-13,841.9197387695312,848.9250839737969,838.688452760047,846.5817587561914,15736264
2025-03-17,843.7944946289062,850.5037932506908,841.1304915849349,841.1304915849349,18950652
2025-03-18,843.7944946289062,843.7944946289062,843.7944946289062,843.7944946289062,0
2025-03-19,860.4197387695312,863.823739278078,854.5490799535085,855.930432694155,15221406
2025-03-20,872.580322265625,875.1703133281802,862.9850461318551,865.3036807089222,17833978
2025-03-21,873.3696899414062,875.2196836615442,866.0684175252852,866.0684175252852,33508264
2025-03-24,887.9969482421875,890.1676194932312,874.997671627427,877.6369838460287,17393736
2025-03-25,898.5789184570312,909.5555477752322,888.7369760332164,890.4143157035983,39101416
2025-03-26,891.2283325195312,901.5636066855513,888.9836493829623,900.3302775382388,24478442
2025-03-27,900.5029296875,908.2235821777275,887.0596420099644,887.9969842041877,41658100
2025-03-28,901.9088745117188,905.7568853680813,890.8829244709937,902.3035639097062,28773648
2025-04-01,872.1363525390625,892.8809726796349,870.9030234039785,888.9836405685396,28511006
2025-04-02,886.4676513671875,887.602278026219,873.5423260418547,873.5423260418547,11573564
2025-04-03,885.456298828125,889.9702954640933,876.6503409310941,878.6729886492828,11250038
2025-04-04,896.5316772460938,908.6922548603657,893.4729847277881,894.4103269547068,33540454
2025-04-07,867.1289672851562,878.0562747489253,857.5090006629878,869.6450067324856,37995450
2025-04-08,872.7777099609375,879.1170096868965,863.4784203033727,870.730371547347,35563872
2025-04-09,870.7303466796875,875.6636630914704,865.0570328061372,870.7303466796875,22454608
2025-04-11,891.3269653320312,897.567622795633,875.540352413462,875.540352413462,32775766
2025-04-15,920.0142211914062,925.8848799667485,915.1302257322174,920.0635423129839,49298344
2025-04-16,926.4768676757812,929.33821542373,917.8435635307726,929.33821542373,19136820
2025-04-17,940.6354370117188,947.048748489299,925.835487448072,928.4501692927759,35703084
2025-04-21,950.6994018554688,962.3420166432835,942.2634427629204,949.170085798879,34247298
2025-04-22,967.7686767578125,972.1593405008402,954.5967457498784,954.5967457498784,45961750
2025-04-23,949.1207275390625,976.2539669757358,947.4433879660209,976.2539669757358,30570642
2025-04-24,945.6181030273438,949.1207455952106,939.8460867592294,942.2634238174406,25931754
2025-04-25,942.8554077148438,953.6100615716746,933.2848220611925,949.5647662059754,18500878
2025-04-28,947.29541015625,951.982060830828,941.4741328194633,942.8554253066497,13920492
2025-04-29,941.6714477539062,951.5380804410966,937.4287475214969,946.6047640975014,18918308
2025-04-30,949.6633911132812,955.5340495753018,942.4114402150566,943.7434115323153,31936870
2025-05-02,948.1341552734375,958.0007887427045,947.1968130496268,952.0314875380283,17840404
2025-05-05,955.4847412109375,962.9833580251333,953.2647488384409,956.5700467268101,15068024
2025-05-06,952.9686889648438,957.112686715781,949.3180830668039,952.1300492793257,17490156
2025-05-07,959.8260498046875,961.355365881208,948.3807795701131,954.1034146874002,21420778
2025-05-08,951.3900756835938,964.364722012384,946.752746184645,964.364722012384,34803430
2025-05-09,932.248779296875,946.7034204881495,930.8181657127636,942.3127568324845,17188796
2025-05-12,965.5487060546875,966.880737676539,943.3981625785179,946.0127842578852,18618972
2025-05-13,948.4793701171875,967.7686246091653,947.1967199365026,961.9966686855105,24242102
2025-05-14,942.5594482421875,952.2287366384547,938.8101397074491,948.2327622761527,15445308
2025-05-15,954.0047607421875,959.4314088460198,935.85013208818,943.9901042439285,32241458
2025-05-16,954.44873046875,958.9380967138302,951.340777169636,954.0047801554118,15868010
2025-05-19,956.4220581054688,959.5300716290252,952.6234284399217,955.5834183781088,10202964
2025-05-20,944.6807861328125,954.3993955236706,943.7434439560598,951.1927398071444,23879090
2025-05-21,950.5514526367188,960.4674068130723,947.739426083267,950.6500948788123,15132040
2025-05-22,947.1474609375,949.2687509312965,939.895449442171,944.828766015395,21306670
2025-05-23,953.9060668945312,955.583406549638,944.4834444188342,947.246089616049,9566072
2025-05-26,957.1619873046875,961.9473401627192,950.6007128758197,954.5966869630639,10802860
2025-05-27,950.3047485351562,961.0100208805311,945.3714322062008,952.9193700568147,26162148
2025-05-28,948.9234008789062,954.3500488693757,946.0620533045636,947.2953823933067,18157594
2025-05-29,950.896728515625,957.4580633637506,940.9314535555673,951.1433943336576,28917794
2025-05-30,959.480712890625,961.4047183192448,949.8607459686729,953.0674016093235,28748078
2025-06-02,953.166015625,955.09002099665,941.2767355690125,952.1793523801688,14668822
2025-06-03,949.466064453125,962.9833634640112,947.1967509482078,956.0767204883472,24377584
2025-06-04,957.6553344726562,958.6913790708478,947.6407385330224,947.690059651711,12961542
2025-06-05,961.79931640625,966.3873245707182,957.1619871239031,961.0099978567567,22255418
2025-06-06,976.1552734375,984.8379583134906,958.3953347348495,959.0366899431259,30127008
2025-06-09,976.2540283203125,984.1966559557253,974.7740333489505,984.1966559557253,13202588
2025-06-10,969.5447387695312,978.1780428487654,967.472709657825,978.1780428487654,15533126
2025-06-11,962.1940307617188,970.6793107759778,960.516691162301,970.6793107759778,11096394
2025-06-12,958.74072265625,967.4233474890254,954.7447484104943,961.9966994408974,16349130
2025-06-13,946.0127563476562,953.6100757725884,943.7434428106371,947.19676434732,12117762
2025-06-16,954.7940673828125,956.520728121515,947.2460692080249,949.1700746468088,16513746
2025-06-17,951.9327392578125,957.852719054467,946.7527569357399,955.5834055099792,16978736
2025-06-18,954.0540771484375,955.2380851367438,945.7167603313338,945.7167603313338,18433816
2025-06-19,954.7447509765625,960.4180648603083,949.9593979158449,954.0540746334422,16876220
2025-06-20,969.2486572265625,971.8140179089729,952.9193918485255,952.9193918485255,32900408
2025-06-23,961.2073974609375,965.8940481289003,957.9514206200562,961.2073974609375,11739518
2025-06-24,967.3740234375,976.3033140635843,964.7593416610487,969.3966711141703,22625322
2025-06-25,976.8953247070312,977.7833457795492,968.854054817417,969.8900392545883,18405932
2025-06-26,997.4179077148438,1000.0325292056699,976.7966216145232,977.4872979366618,50084830
2025-06-27,1004.9491577148438,1007.393088107433,994.2258430942326,1004.0015037809444,28213384
2025-06-30,998.2658081054688,1004.400566128524,995.2732550959096,1003.2533964547342,13649020
2025-07-01,1003.5526123046875,1005.4977838847651,999.5126780283082,1000.0114368496795,14389386
2025-07-02,990.5350341796875,1007.4429706558585,986.4950998423908,1007.4429706558585,18878250
2025-07-03,991.0836181640625,1001.507689459166,989.6871300276722,994.9739612315547,16860506
2025-07-04,992.1809692382812,999.2633203019867,987.5424877454124,991.0836632772651,7863944
2025-07-07,991.2332763671875,996.7196233059492,989.4377568185034,992.0312782906421,11349426
2025-07-08,998.2159423828125,1000.0114620081927,986.0462146584523,986.0462146584523,15224316
2025-07-09,1003.1036987304688,1004.4005203490875,996.5699704674603,1001.0089360727129,13861428
2025-07-10,1000.6099243164062,1005.9965439473215,997.5176439735463,1005.4977851253348,17030310
2025-07-11,989.3878784179688,999.9117385623401,987.9913902076418,996.5201541247731,12516922
2025-07-14,989.0387573242188,991.8816582943851,982.8541356715338,989.0387573242188,13088850
2025-07-15,995.2732543945312,999.3131887778599,984.0511806165923,984.0511806165923,14498168
2025-07-16,995.6722412109375,1008.8394251469304,993.826797075495,1006.4952830829005,17994612
2025-07-17,990.98388671875,999.9116815490105,988.8890631972324,999.5126501495852,22529158
2025-07-18,976.2705078125,996.0213445308241,974.0759568696542,990.9838927216935,16129446
2025-07-21,997.7670288085938,998.5151670456409,985.7968170158388,986.6446826643673,22309078
2025-07-22,1001.058837890625,1006.4953213272488,999.0139388595042,1004.051390877723,14836814
2025-07-23,1009.6375122070312,1012.3806857402005,999.0139248978445,1003.0039954915454,13634916
2025-07-24,1004.5999755859375,1016.3208076773761,1001.7072110041944,1016.3208076773761,19107176
2025-07-25,1002.2999877929688,1007.5,999.5,1007.5,9306598
2025-07-28,1004.25,1010.7000122070312,1000.25,1001.5,12059580
2025-07-29,1010.7999877929688,1013.25,998.1500244140625,999.9500122070312,19895696
2025-07-30,1012.9000244140625,1016.2999877929688,1008.5,1014.0,15154036
2025-07-31,1009.0999755859375,1015.7000122070312,1004.0,1007.2999877929688,22183032
2025-08-01,1006.0999755859375,1014.1500244140625,1004.6500244140625,1007.0,11317258
2025-08-04,996.0,1009.25,994.0499877929688,1005.0499877929688,13933946
2025-08-05,988.7999877929688,997.2000122070312,982.75,993.25,23978058
2025-08-06,992.6500244140625,994.0,985.0,985.5499877929688,14080204
2025-08-07,997.7000122070312,1000.7999877929688,988.4000244140625,990.0499877929688,13081186
2025-08-08,986.9500122070312,996.4000244140625,985.0,993.5499877929688,13895264
2025-08-11,997.7999877929688,998.7999877929688,986.5499877929688,987.9500122070312,9105854
2025-08-12,984.9500122070312,998.0,983.75,995.9500122070312,12937802
2025-08-13,990.1500244140625,997.0,984.5499877929688,997.0,13577396
2025-08-14,995.5499877929688,998.0,985.5999755859375,989.0,17511716
2025-08-18,1001.7999877929688,1013.2999877929688,997.7999877929688,1005.0,19284796
2025-08-19,995.5499877929688,1003.0499877929688,993.3499755859375,999.1500244140625,12352438
2025-08-20,994.0999755859375,996.0,989.5,993.5,9950228
2025-08-21,995.5999755859375,998.75,991.5999755859375,998.75,12439850
2025-08-22,982.2999877929688,998.0,978.5499877929688,994.9500122070312,19833502
2025-08-25,982.0499877929688,988.7000122070312,978.5,980.0999755859375,17518044
2025-08-26,973.4000244140625,985.7000122070312,968.0,979.5,16917731
2025-08-28,957.7999877929688,972.2000122070312,955.0,967.0,25438255
2025-08-29,951.5999755859375,963.2999877929688,950.0999755859375,954.0,14823813
2025-09-01,950.5999755859375,957.4500122070312,946.3499755859375,949.5999755859375,20178344
2025-09-02,944.5,954.7999877929688,944.0,951.0,14196320
2025-09-03,954.4500122070312,956.2999877929688,940.0,945.0,16083481
2025-09-04,961.25,965.7000122070312,956.25,960.2000122070312,17597657
2025-09-05,963.4000244140625,967.5,954.0499877929688,967.5,11602111
2025-09-08,966.0,973.1500244140625,960.4500122070312,969.0,11711307
2025-09-09,965.1500244140625,974.4000244140625,962.7000122070312,974.0,13985539
2025-09-10,965.9000244140625,973.9000244140625,961.7000122070312,973.9000244140625,18091100
2025-09-11,967.7999877929688,969.25,959.9000244140625,960.2999877929688,15113633
2025-09-12,967.2999877929688,970.75,962.25,969.9000244140625,14363519
2025-09-15,967.0499877929688,972.3499755859375,965.0,969.5999755859375,14486377
2025-09-16,966.8499755859375,969.3499755859375,961.2000122070312,961.2000122070312,18661794
2025-09-17,966.5,974.4000244140625,964.3499755859375,965.1500244140625,17361476
2025-09-18,976.9000244140625,979.6500244140625,969.25,973.2999877929688,17791598
2025-09-19,966.9000244140625,976.7000122070312,962.0999755859375,974.9000244140625,31243267
2025-09-22,964.2000122070312,971.2000122070312,961.9500122070312,964.0,10854415
2025-09-23,957.2000122070312,968.2000122070312,955.5,967.0,21022298
2025-09-24,951.0499877929688,956.4500122070312,943.0,952.2000122070312,15117220
2025-09-25,949.8499755859375,958.0,947.4000244140625,952.5,31413279
2025-09-26,945.0499877929688,951.4500122070312,941.2999877929688,945.0999755859375,14874656
2025-09-29,950.2999877929688,956.7999877929688,939.0999755859375,946.0499877929688,32398179
2025-09-30,951.0,960.0,946.2999877929688,958.0499877929688,28296687
2025-10-01,965.25,969.5999755859375,946.0,952.7000122070312,25350832
2025-10-03,965.1500244140625,966.75,952.0,952.0,26658296
2025-10-06,973.4500122070312,977.4000244140625,962.0,971.9000244140625,18542683
2025-10-07,982.5,989.8499755859375,971.0,974.0,25535736
2025-10-08,978.7000122070312,985.9000244140625,974.5499877929688,976.0,15939710
2025-10-09,977.0999755859375,979.0,970.1500244140625,974.5,15370950
2025-10-10,980.9000244140625,986.2000122070312,978.0999755859375,979.0,13757080
2025-10-13,977.0,981.0,972.0,974.2999877929688,18634254
2025-10-14,977.1500244140625,980.4500122070312,967.0,970.0,22934382
2025-10-15,978.25,984.9000244140625,973.3499755859375,975.0,23310447
2025-10-16,994.3499755859375,996.5999755859375,981.5,982.6500244140625,22936566
2025-10-17,1002.5499877929688,1009.0,986.0,993.9500122070312,25210511
2025-10-20,1002.9500122070312,1020.0,997.0,997.0,22195202
2025-10-21,1007.7000122070312,1010.0,1004.0,1006.0,3471600
2025-10-23,1008.7999877929688,1020.5,1006.0,1016.0,43526526
2025-10-24,994.75,1011.9500122070312,991.2999877929688,1011.0,17707768
2025-10-27,1002.9500122070312,1009.0499877929688,996.2000122070312,996.5,15700796
2025-10-28,1003.5499877929688,1008.0,995.0,997.6500244140625,33904289
2025-10-29,1007.8499755859375,1012.5,1000.0,1004.9000244140625,17769445
2025-10-30,998.1500244140625,1009.5,997.0999755859375,1000.0,19962917
2025-10-31,987.2999877929688,1004.4500122070312,981.1500244140625,994.0,23220164
