Date,Close,High,Low,Open,Volume
,SPARC.NS,SPARC.NS,SPARC.NS,SPARC.NS,SPARC.NS
2017-10-17,367.8500061035156,374.79998779296875,365.5,370.3999938964844,252683
2017-10-18,363.79998779296875,372.8999938964844,360.1000061035156,368.0,165053
2017-10-19,365.25,369.0,341.95001220703125,366.6000061035156,61741
2017-10-23,355.0,369.0,354.0,363.20001220703125,190670
2017-10-24,356.1000061035156,364.8500061035156,354.0,358.3999938964844,292708
2017-10-25,356.25,362.20001220703125,354.45001220703125,358.0,146302
2017-10-26,354.79998779296875,368.6499938964844,353.1000061035156,357.25,368799
2017-10-27,380.79998779296875,386.6000061035156,355.8500061035156,357.6000061035156,1244242
2017-10-30,438.04998779296875,446.0,355.0,358.0,3912045
2017-10-31,419.8500061035156,432.5,415.20001220703125,430.0,1334410
2017-11-01,411.70001220703125,427.70001220703125,410.20001220703125,422.0,404093
2017-11-02,419.3999938964844,440.8999938964844,411.70001220703125,411.70001220703125,1460781
2017-11-03,412.54998779296875,424.0,410.20001220703125,419.0,331118
2017-11-06,411.04998779296875,419.79998779296875,407.8500061035156,410.0,273561
2017-11-07,398.8999938964844,424.29998779296875,396.25,411.8999938964844,382070
2017-11-08,401.54998779296875,412.6000061035156,398.0,401.25,261592
2017-11-09,410.1499938964844,414.70001220703125,404.8999938964844,404.8999938964844,306152
2017-11-10,401.3500061035156,409.70001220703125,398.5,406.04998779296875,176941
2017-11-13,409.79998779296875,424.0,397.0,402.0,524813
2017-11-14,406.1499938964844,419.0,404.0,412.04998779296875,464947
2017-11-15,395.79998779296875,409.0,392.0,407.3500061035156,239175
2017-11-16,391.3999938964844,400.45001220703125,390.0,399.0,198086
2017-11-17,392.1000061035156,403.29998779296875,390.04998779296875,395.0,266708
2017-11-20,393.20001220703125,398.45001220703125,391.95001220703125,394.0,85084
2017-11-21,405.25,412.70001220703125,393.45001220703125,395.0,607571
2017-11-22,417.79998779296875,424.0,398.5,405.0,882901
2017-11-23,422.3999938964844,426.0,416.29998779296875,419.0,442860
2017-11-24,426.1499938964844,432.6000061035156,421.0,423.0,446864
2017-11-27,424.5,431.3999938964844,420.1499938964844,422.0,240549
2017-11-28,445.45001220703125,456.3999938964844,422.5,425.0,1887184
2017-11-29,436.45001220703125,451.8999938964844,435.0,441.0,411002
2017-11-30,429.6499938964844,437.3500061035156,427.0,433.0,167178
2017-12-01,443.5,449.0,432.8500061035156,432.8999938964844,664723
2017-12-04,440.95001220703125,463.70001220703125,437.6000061035156,444.0,959519
2017-12-05,437.70001220703125,446.0,432.0,443.0,207179
2017-12-06,434.25,448.5,430.25,437.0,323527
2017-12-07,433.75,443.0,427.29998779296875,434.04998779296875,191640
2017-12-08,444.6000061035156,448.0,433.0,433.0,359735
2017-12-11,465.6000061035156,472.8999938964844,442.0,446.1000061035156,999772
2017-12-12,455.6499938964844,474.0,452.75,464.6499938964844,506499
2017-12-13,448.25,465.0,444.0,456.0,279342
2017-12-14,437.70001220703125,452.3999938964844,429.0,449.8999938964844,268775
2017-12-15,445.8999938964844,456.3999938964844,441.25,443.0,342692
2017-12-18,440.6499938964844,450.8999938964844,426.5,438.0,216684
2017-12-19,445.25,451.8999938964844,440.0,443.79998779296875,209176
2017-12-20,440.95001220703125,449.79998779296875,440.0,446.3500061035156,168350
2017-12-21,448.95001220703125,457.8999938964844,442.0,444.0,408516
2017-12-22,446.0,452.25,442.5,449.0,103408
2017-12-26,464.1499938964844,474.0,444.3999938964844,446.0,989718
2017-12-27,501.1499938964844,512.0,462.04998779296875,463.20001220703125,2645890
2017-12-28,512.9000244140625,527.0,493.1499938964844,496.79998779296875,2064315
2017-12-29,507.70001220703125,517.5499877929688,506.0,514.7000122070312,456988
2018-01-01,500.25,516.0,495.54998779296875,510.75,315612
2018-01-02,490.95001220703125,503.8999938964844,484.29998779296875,503.8999938964844,283160
2018-01-03,500.29998779296875,506.1000061035156,492.20001220703125,492.20001220703125,356522
2018-01-04,509.6000061035156,514.0,496.5,503.0,453297
2018-01-05,508.1499938964844,516.0,505.0,511.0,227451
2018-01-08,513.3499755859375,526.5499877929688,510.25,511.0,504217
2018-01-09,507.8999938964844,515.2999877929688,504.8999938964844,513.0,182187
2018-01-10,503.04998779296875,514.0,499.45001220703125,508.0,164724
2018-01-11,509.6499938964844,521.0,498.0,501.0,346480
2018-01-12,516.0499877929688,532.0,505.1000061035156,513.6500244140625,887077
2018-01-15,519.3499755859375,527.2999877929688,516.0,519.6500244140625,327155
2018-01-16,507.6499938964844,525.0,502.6000061035156,523.4000244140625,291886
2018-01-17,508.79998779296875,515.25,493.0,512.0,240036
2018-01-18,494.8999938964844,522.9500122070312,489.0,512.0,435908
2018-01-19,496.8500061035156,504.1000061035156,488.3999938964844,497.75,196774
2018-01-22,501.70001220703125,507.20001220703125,494.5,501.0,165272
2018-01-23,496.3500061035156,506.3999938964844,491.0,503.0,171926
2018-01-24,499.8500061035156,513.2000122070312,490.1000061035156,496.3500061035156,432445
2018-01-25,498.3500061035156,512.4000244140625,492.8500061035156,500.0,280774
2018-01-29,476.70001220703125,504.54998779296875,473.0,500.45001220703125,519467
2018-01-30,466.3999938964844,475.54998779296875,452.6000061035156,474.0,297695
2018-01-31,453.29998779296875,475.25,450.20001220703125,468.0,170013
2018-02-01,454.3500061035156,462.54998779296875,442.04998779296875,457.8999938964844,156685
2018-02-02,420.95001220703125,458.0,417.5,448.0,334437
2018-02-05,416.20001220703125,431.04998779296875,406.3999938964844,415.0,267606
2018-02-06,406.0,412.0,390.0,395.0,404440
2018-02-07,407.5,415.95001220703125,401.5,412.1000061035156,148860
2018-02-08,432.04998779296875,434.3999938964844,403.29998779296875,406.0,375707
2018-02-09,440.25,447.8999938964844,416.3500061035156,425.95001220703125,318748
2018-02-12,446.8500061035156,460.5,438.04998779296875,441.29998779296875,288712
2018-02-14,450.5,464.6499938964844,447.0,450.1000061035156,343791
2018-02-15,434.8999938964844,457.25,433.29998779296875,452.0,166282
2018-02-16,424.1000061035156,442.54998779296875,420.6000061035156,438.70001220703125,154321
2018-02-19,440.79998779296875,443.3500061035156,413.0,424.25,283247
2018-02-20,428.6000061035156,444.5,425.0,439.29998779296875,166493
2018-02-21,419.6499938964844,437.0,408.20001220703125,432.3999938964844,314702
2018-02-22,432.29998779296875,437.0,417.0,420.8999938964844,263652
2018-02-23,458.0,490.0,435.5,435.5,2922829
2018-02-26,438.1000061035156,454.79998779296875,433.1000061035156,454.70001220703125,546118
2018-02-27,436.45001220703125,447.5,433.0,440.8999938964844,291153
2018-02-28,425.3500061035156,437.79998779296875,422.3500061035156,433.54998779296875,386679
2018-03-01,419.20001220703125,430.6000061035156,416.1000061035156,426.04998779296875,199192
2018-03-05,415.75,430.95001220703125,410.1000061035156,419.20001220703125,524774
2018-03-06,416.5,429.0,413.5,425.54998779296875,406000
2018-03-07,410.25,414.0,408.1000061035156,413.0,234743
2018-03-08,409.75,418.0,404.29998779296875,412.1000061035156,223934
2018-03-09,405.0,416.20001220703125,401.95001220703125,410.1000061035156,229591
2018-03-12,408.8500061035156,413.1000061035156,401.0,408.20001220703125,208876
2018-03-13,411.25,418.0,408.54998779296875,408.8500061035156,196832
2018-03-14,409.45001220703125,413.95001220703125,408.0,411.5,92742
2018-03-15,410.6000061035156,413.79998779296875,408.20001220703125,410.1000061035156,124317
2018-03-16,398.20001220703125,413.0,395.75,410.6000061035156,173213
2018-03-19,394.1000061035156,401.45001220703125,389.25,400.8999938964844,359478
2018-03-20,391.29998779296875,401.79998779296875,387.1000061035156,391.0,164699
2018-03-21,389.70001220703125,398.0,388.0,394.0,107055
2018-03-22,390.29998779296875,399.04998779296875,386.75,395.0,219867
2018-03-23,383.75,387.75,375.0,381.0,173898
2018-03-26,390.8999938964844,396.45001220703125,373.29998779296875,384.5,199410
2018-03-27,389.3999938964844,397.8999938964844,388.0,395.0,148964
2018-03-28,377.3500061035156,388.0,376.0,388.0,102916
2018-04-02,382.95001220703125,386.3999938964844,375.0,380.0,118458
2018-04-03,390.75,392.3999938964844,379.95001220703125,380.0,121922
2018-04-04,381.6000061035156,395.95001220703125,380.20001220703125,393.0,118961
2018-04-05,388.3500061035156,393.3500061035156,383.1000061035156,387.29998779296875,97904
2018-04-06,402.45001220703125,406.1499938964844,387.79998779296875,391.6000061035156,324488
2018-04-09,400.29998779296875,407.8999938964844,397.1000061035156,401.0,133890
2018-04-10,395.75,404.45001220703125,392.70001220703125,401.0,81901
2018-04-11,428.6000061035156,433.79998779296875,396.0,399.20001220703125,1164443
2018-04-12,415.0,426.79998779296875,412.1000061035156,426.79998779296875,293458
2018-04-13,412.8999938964844,424.3999938964844,410.79998779296875,415.04998779296875,289780
2018-04-16,413.25,420.0,407.20001220703125,412.0,165135
2018-04-17,418.45001220703125,421.70001220703125,408.0,415.8999938964844,140271
2018-04-18,415.75,425.0,412.1000061035156,416.54998779296875,288760
2018-04-19,416.79998779296875,423.8999938964844,413.79998779296875,417.0,139235
2018-04-20,413.1000061035156,419.0,411.29998779296875,417.04998779296875,67532
2018-04-23,423.29998779296875,431.6000061035156,411.29998779296875,411.29998779296875,410066
2018-04-24,426.29998779296875,437.79998779296875,421.1499938964844,426.45001220703125,798957
2018-04-25,416.25,429.3999938964844,415.1000061035156,427.0,125507
2018-04-26,416.6000061035156,423.0,415.1000061035156,417.25,102905
2018-04-27,418.45001220703125,428.0,415.1000061035156,417.29998779296875,226099
2018-04-30,422.45001220703125,428.3999938964844,416.5,420.5,210398
2018-05-02,412.6499938964844,426.79998779296875,408.95001220703125,420.0,137324
2018-05-03,424.20001220703125,427.0,403.1000061035156,415.0,548243
2018-05-04,409.8999938964844,421.1000061035156,408.1000061035156,421.0,172525
2018-05-07,414.29998779296875,418.79998779296875,405.0,411.25,244586
2018-05-08,409.5,418.0,406.1000061035156,415.20001220703125,154971
2018-05-09,415.3999938964844,419.6000061035156,391.25,400.0,582092
2018-05-10,405.75,414.0,403.75,413.0,99357
2018-05-11,394.75,408.70001220703125,390.54998779296875,406.6000061035156,173246
2018-05-14,390.29998779296875,402.5,387.3999938964844,395.25,121272
2018-05-15,377.75,397.0,375.0,393.0,102788
2018-05-16,378.79998779296875,384.0,370.1000061035156,373.04998779296875,119135
2018-05-17,385.45001220703125,389.8500061035156,379.0,379.0,113513
2018-05-18,375.75,393.0,373.0,388.5,139083
2018-05-21,353.75,378.0,351.0,373.8999938964844,152885
2018-05-22,361.70001220703125,364.3500061035156,343.0,354.0,134140
2018-05-23,359.75,368.0,356.0,359.8500061035156,85878
2018-05-24,356.04998779296875,365.95001220703125,353.6499938964844,359.04998779296875,124475
2018-05-25,359.20001220703125,362.5,350.20001220703125,357.70001220703125,159831
2018-05-28,389.79998779296875,397.70001220703125,366.1000061035156,368.5,1100049
2018-05-29,392.20001220703125,397.79998779296875,382.29998779296875,392.8500061035156,257834
2018-05-30,405.0,409.79998779296875,385.20001220703125,389.0,596875
2018-05-31,407.6000061035156,410.0,396.20001220703125,406.0,268918
2018-06-01,392.1000061035156,408.0,387.0,405.0,183486
2018-06-04,377.1000061035156,395.04998779296875,376.0,394.0,124011
2018-06-05,362.20001220703125,385.0,360.5,380.5,869819
2018-06-06,370.79998779296875,372.6000061035156,360.1000061035156,366.5,124364
2018-06-07,371.79998779296875,379.25,370.5,372.0,78558
2018-06-08,415.54998779296875,424.0,370.70001220703125,373.45001220703125,3159706
2018-06-11,415.25,428.0,411.0,413.3500061035156,1439256
2018-06-12,415.25,422.3999938964844,411.04998779296875,415.70001220703125,459542
2018-06-13,416.25,438.0,414.0,431.25,1580369
2018-06-14,420.25,422.70001220703125,409.0,413.04998779296875,727499
2018-06-15,416.3999938964844,432.95001220703125,413.0,421.3500061035156,1158522
2018-06-18,410.79998779296875,421.79998779296875,406.54998779296875,417.8999938964844,401896
2018-06-19,403.6000061035156,414.75,402.70001220703125,413.8999938964844,318125
2018-06-20,403.70001220703125,409.5,400.04998779296875,404.5,170251
2018-06-21,385.75,405.8999938964844,384.0,405.0,289507
2018-06-22,397.29998779296875,398.8999938964844,380.3999938964844,384.6000061035156,466452
2018-06-25,388.8500061035156,407.0,385.1499938964844,395.0,734393
2018-06-26,377.8500061035156,389.79998779296875,376.1000061035156,388.70001220703125,333466
2018-06-27,370.25,385.79998779296875,363.6000061035156,378.95001220703125,341525
2018-06-28,366.29998779296875,374.45001220703125,364.6000061035156,371.0,193783
2018-06-29,371.25,374.79998779296875,366.3999938964844,368.1000061035156,137276
2018-07-02,364.6000061035156,374.8999938964844,363.1000061035156,372.04998779296875,174617
2018-07-03,384.20001220703125,388.0,360.95001220703125,365.8999938964844,517924
2018-07-04,381.45001220703125,392.0,378.1499938964844,385.5,373181
2018-07-05,380.79998779296875,385.70001220703125,377.45001220703125,383.75,260196
2018-07-06,375.45001220703125,383.79998779296875,374.29998779296875,380.0,113920
2018-07-09,381.45001220703125,387.6000061035156,377.0,377.0,189664
2018-07-10,380.8500061035156,384.20001220703125,378.04998779296875,383.6000061035156,123233
2018-07-11,382.70001220703125,389.5,378.29998779296875,381.0,223292
2018-07-12,381.29998779296875,390.3500061035156,378.0,385.54998779296875,184896
2018-07-13,372.54998779296875,383.45001220703125,371.25,380.5,109252
2018-07-16,358.3500061035156,375.0,357.0,375.0,126363
2018-07-17,361.79998779296875,364.3999938964844,356.25,358.3500061035156,126305
2018-07-18,361.1499938964844,374.70001220703125,359.29998779296875,366.70001220703125,358650
2018-07-19,353.6499938964844,362.8999938964844,351.79998779296875,362.0,114357
2018-07-20,358.70001220703125,361.70001220703125,348.04998779296875,354.1000061035156,199723
2018-07-23,360.1499938964844,364.0,353.54998779296875,360.5,96284
2018-07-24,366.20001220703125,367.70001220703125,360.0,360.0,129824
2018-07-25,363.20001220703125,370.25,361.8999938964844,368.0,146190
2018-07-26,361.79998779296875,366.0,358.5,364.0,97874
2018-07-27,365.0,372.0,362.0,363.0,145349
2018-07-30,372.3500061035156,379.20001220703125,363.0,366.0,587158
2018-07-31,370.6499938964844,377.70001220703125,366.54998779296875,372.0,251541
2018-08-01,368.45001220703125,377.25,366.1000061035156,370.8999938964844,224151
2018-08-02,369.25,377.95001220703125,366.0,370.0,255021
2018-08-03,364.75,376.0,362.70001220703125,371.45001220703125,238086
2018-08-06,359.8999938964844,370.0,357.75,365.79998779296875,179712
2018-08-07,358.1499938964844,365.0,357.0,362.0,90107
2018-08-08,374.25,383.8999938964844,357.0,358.20001220703125,928577
2018-08-09,373.3999938964844,383.79998779296875,370.6499938964844,375.0,213664
2018-08-10,365.8999938964844,372.8999938964844,362.0,371.1000061035156,308699
2018-08-13,361.8500061035156,367.8500061035156,358.29998779296875,362.0,96003
2018-08-14,384.6499938964844,393.6000061035156,360.1000061035156,362.25,1415567
2018-08-16,387.29998779296875,398.20001220703125,378.3500061035156,382.20001220703125,823433
2018-08-17,388.75,398.75,385.1499938964844,386.0,548799
2018-08-20,389.6000061035156,396.3999938964844,387.0,388.8999938964844,222327
2018-08-21,395.29998779296875,404.3500061035156,381.0,388.8999938964844,1071296
2018-08-23,384.8999938964844,401.45001220703125,383.5,396.0,511005
2018-08-24,378.0,386.70001220703125,374.0,385.5,211972
2018-08-27,374.0,381.70001220703125,372.79998779296875,380.0,133023
2018-08-28,374.6499938964844,382.6499938964844,372.20001220703125,375.0,203580
2018-08-29,377.8999938964844,383.8500061035156,373.29998779296875,375.1499938964844,252545
2018-08-30,399.3500061035156,404.70001220703125,376.29998779296875,376.29998779296875,868171
2018-08-31,401.04998779296875,413.70001220703125,395.54998779296875,404.0,1720865
2018-09-03,396.1000061035156,409.6499938964844,393.75,403.0,640008
2018-09-04,386.20001220703125,398.95001220703125,383.1499938964844,396.95001220703125,296206
2018-09-05,395.25,404.8999938964844,388.0,392.0,718014
2018-09-06,397.8999938964844,403.8999938964844,390.1000061035156,397.25,567280
2018-09-07,383.54998779296875,393.3999938964844,381.20001220703125,385.0,875778
2018-09-10,378.29998779296875,387.79998779296875,376.8999938964844,382.0,266137
2018-09-11,381.54998779296875,387.8999938964844,379.29998779296875,379.8999938964844,389827
2018-09-12,384.04998779296875,387.0,375.5,377.75,306707
2018-09-14,400.8999938964844,414.0,397.0,408.25,1047006
2018-09-17,397.1000061035156,406.95001220703125,395.54998779296875,398.0,397651
2018-09-18,388.79998779296875,404.70001220703125,385.0,397.8999938964844,272681
2018-09-19,383.6499938964844,394.25,381.04998779296875,392.5,217515
2018-09-21,368.70001220703125,389.79998779296875,332.0,385.3999938964844,359180
2018-09-24,358.8500061035156,372.0,356.0,371.79998779296875,152700
2018-09-25,362.3999938964844,371.0,353.0,359.20001220703125,267813
2018-09-26,357.25,365.6499938964844,355.3500061035156,365.0,166762
2018-09-27,360.75,364.95001220703125,356.70001220703125,357.1000061035156,156434
2018-09-28,342.5,367.0,338.0,360.75,258818
2018-10-01,336.0,341.3500061035156,322.3999938964844,341.3500061035156,261562
2018-10-03,332.6000061035156,339.3999938964844,330.8500061035156,338.0,164556
2018-10-04,318.45001220703125,328.04998779296875,313.8500061035156,327.79998779296875,158375
2018-10-05,319.1499938964844,338.79998779296875,313.25,318.0,393397
2018-10-08,303.5,320.8500061035156,299.0,319.1499938964844,240532
2018-10-09,301.1000061035156,311.0,298.0,306.0,230840
2018-10-10,311.04998779296875,313.8999938964844,300.0,302.6499938964844,207867
2018-10-11,306.8500061035156,315.0,295.0,301.1499938964844,157534
2018-10-12,312.04998779296875,315.8999938964844,307.6499938964844,309.8999938964844,131034
2018-10-15,316.6499938964844,319.0,310.0,313.3500061035156,121374
2018-10-16,318.75,324.5,317.0,318.0,87010
2018-10-17,306.79998779296875,323.5,305.1000061035156,322.79998779296875,100762
2018-10-19,306.0,310.8500061035156,300.0,307.0,115863
2018-10-22,301.0,308.8999938964844,300.0,308.0,81368
2018-10-23,288.1000061035156,300.6499938964844,286.0,298.0,99247
2018-10-24,294.1499938964844,296.1499938964844,287.0,292.0,97326
2018-10-25,295.6499938964844,297.95001220703125,289.6000061035156,291.79998779296875,73989
2018-10-26,290.0,298.0,287.8500061035156,295.6499938964844,72479
2018-10-29,300.79998779296875,303.8999938964844,289.04998779296875,292.3500061035156,153458
2018-10-30,299.6000061035156,314.70001220703125,298.1000061035156,312.8999938964844,411522
2018-10-31,296.20001220703125,302.54998779296875,290.5,300.8999938964844,325495
2018-11-01,293.20001220703125,301.8999938964844,292.1499938964844,297.45001220703125,225252
2018-11-02,294.3500061035156,298.0,293.0,295.3500061035156,154928
2018-11-05,293.1000061035156,296.8500061035156,290.54998779296875,294.3500061035156,82734
2018-11-06,289.45001220703125,296.3999938964844,288.3500061035156,294.6499938964844,142835
2018-11-07,292.25,293.6000061035156,291.0,292.0,23858
2018-11-09,295.95001220703125,300.8999938964844,290.0,293.0,267130
2018-11-12,289.5,297.8999938964844,288.25,297.75,176004
2018-11-13,282.5,290.3999938964844,281.0,289.0,179524
2018-11-14,273.79998779296875,283.5,272.5,283.5,196240
2018-11-15,270.79998779296875,277.29998779296875,267.0,273.79998779296875,178351
2018-11-16,270.29998779296875,279.79998779296875,268.95001220703125,272.0,217771
2018-11-19,276.45001220703125,278.0,273.04998779296875,273.79998779296875,93385
2018-11-20,273.1000061035156,284.0,272.0,275.8999938964844,231292
2018-11-21,273.45001220703125,276.29998779296875,272.0,272.79998779296875,110282
2018-11-22,272.8500061035156,275.5,272.25,273.29998779296875,52117
2018-11-26,275.95001220703125,286.8999938964844,275.0,283.04998779296875,274030
2018-11-27,266.95001220703125,282.0,257.5,279.0,447246
2018-11-28,257.0,268.0,256.0,268.0,266704
2018-11-29,252.10000610351562,258.45001220703125,250.0,257.1000061035156,209401
2018-11-30,260.0,261.5,251.0,253.0,279894
2018-12-03,248.5,255.5500030517578,245.0,254.0500030517578,548911
2018-12-04,238.8000030517578,253.0,237.0,251.5,371251
2018-12-05,222.89999389648438,242.4499969482422,218.10000610351562,237.1999969482422,811114
2018-12-06,211.14999389648438,227.1999969482422,209.0,221.5500030517578,878426
2018-12-07,200.85000610351562,214.39999389648438,199.5500030517578,212.35000610351562,654797
2018-12-10,200.5,207.0,194.25,195.3000030517578,516078
2018-12-11,204.1999969482422,209.85000610351562,195.10000610351562,196.35000610351562,753440
2018-12-12,212.1999969482422,213.0,205.0,205.4499969482422,410494
2018-12-13,211.14999389648438,217.0,208.0,210.60000610351562,419497
2018-12-14,209.64999389648438,213.3000030517578,208.4499969482422,211.10000610351562,149180
2018-12-17,209.0500030517578,213.75,208.0,210.25,142565
2018-12-18,209.6999969482422,215.39999389648438,207.5500030517578,208.89999389648438,417630
2018-12-19,209.39999389648438,213.0,208.5,211.0,208250
2018-12-20,209.14999389648438,211.0,208.5,209.0,232566
2018-12-21,208.0,214.60000610351562,204.1999969482422,209.64999389648438,760465
2018-12-24,203.85000610351562,212.89999389648438,202.1999969482422,209.3000030517578,382473
2018-12-26,199.39999389648438,202.6999969482422,198.25,202.6999969482422,279926
2018-12-27,194.10000610351562,204.10000610351562,192.60000610351562,202.0,485240
2018-12-28,190.35000610351562,197.10000610351562,189.5,196.1999969482422,840129
2018-12-31,188.0500030517578,192.75,187.1999969482422,191.0,736319
2019-01-01,189.25,193.75,187.0500030517578,187.0500030517578,773652
2019-01-02,190.35000610351562,193.10000610351562,188.25,189.89999389648438,731913
2019-01-03,183.0500030517578,191.64999389648438,181.8000030517578,190.5,537344
2019-01-04,185.60000610351562,187.5,179.0,183.60000610351562,614098
2019-01-07,182.60000610351562,187.3000030517578,181.4499969482422,187.0,265565
2019-01-08,186.8000030517578,188.5500030517578,180.85000610351562,181.0500030517578,798172
2019-01-09,186.5,192.0,185.39999389648438,186.6999969482422,727309
2019-01-10,188.10000610351562,188.9499969482422,186.0,187.0,315801
2019-01-11,183.5,189.39999389648438,182.5,187.0500030517578,418270
2019-01-14,184.0,191.8000030517578,182.75,190.1999969482422,1069520
2019-01-15,182.8000030517578,185.89999389648438,181.39999389648438,183.25,396841
2019-01-16,178.5,183.8000030517578,177.0500030517578,183.8000030517578,538117
2019-01-17,171.6999969482422,180.1999969482422,170.89999389648438,179.0,723118
2019-01-18,148.25,172.89999389648438,145.0,172.35000610351562,8363612
2019-01-21,174.4499969482422,177.89999389648438,146.89999389648438,146.9499969482422,12752965
2019-01-22,176.8000030517578,186.8000030517578,175.10000610351562,177.39999389648438,9235937
2019-01-23,172.6999969482422,179.1999969482422,169.14999389648438,176.0,4266008
2019-01-24,171.9499969482422,177.8000030517578,166.3000030517578,174.10000610351562,1758169
2019-01-25,167.9499969482422,175.9499969482422,167.0,173.60000610351562,746036
2019-01-28,166.1999969482422,168.6999969482422,160.0,167.9499969482422,590638
2019-01-29,161.64999389648438,168.89999389648438,160.5,168.5,795890
2019-01-30,157.5,165.0,156.60000610351562,163.3000030517578,616715
2019-01-31,157.0500030517578,160.39999389648438,154.75,160.39999389648438,549037
2019-02-01,157.9499969482422,163.8000030517578,153.5,156.14999389648438,692099
2019-02-04,153.5500030517578,158.35000610351562,149.3000030517578,157.60000610351562,527442
2019-02-05,147.39999389648438,151.85000610351562,143.0,149.5500030517578,749601
2019-02-06,142.9499969482422,149.89999389648438,140.6999969482422,149.0,544306
2019-02-07,147.85000610351562,154.89999389648438,144.0,144.0,2153153
2019-02-08,145.1999969482422,147.85000610351562,143.0,144.1999969482422,570893
2019-02-11,152.10000610351562,154.8000030517578,144.0,146.0,1180587
2019-02-12,156.1999969482422,157.89999389648438,151.14999389648438,153.0500030517578,919041
2019-02-14,167.1999969482422,168.39999389648438,155.35000610351562,159.0,881113
2019-02-15,163.4499969482422,168.5,160.10000610351562,167.1999969482422,505621
2019-02-18,159.10000610351562,165.8000030517578,158.14999389648438,165.0,251815
2019-02-19,156.75,161.6999969482422,156.0,158.9499969482422,255864
2019-02-20,160.85000610351562,161.89999389648438,157.0500030517578,158.0,301200
2019-02-21,165.0,166.8000030517578,160.0,162.0,549905
2019-02-22,168.25,173.8000030517578,162.64999389648438,162.64999389648438,997258
2019-02-25,174.0,176.0,168.89999389648438,170.0,586304
2019-02-26,170.4499969482422,173.6999969482422,165.6999969482422,171.5500030517578,483619
2019-02-27,173.39999389648438,179.89999389648438,171.10000610351562,171.10000610351562,1436965
2019-02-28,178.3000030517578,179.8000030517578,173.1999969482422,173.1999969482422,559242
2019-03-01,185.4499969482422,186.5,177.5,179.0,735839
2019-03-05,187.10000610351562,192.0,185.0,185.0,905190
2019-03-06,195.75,199.89999389648438,181.35000610351562,187.25,4281105
2019-03-07,189.5,198.4499969482422,188.0500030517578,195.4499969482422,1199028
2019-03-08,191.64999389648438,195.5,187.25,188.89999389648438,824857
2019-03-11,194.6999969482422,196.60000610351562,191.3000030517578,192.8000030517578,597049
2019-03-12,196.6999969482422,203.0,194.8000030517578,196.0,1244930
2019-03-13,193.1999969482422,203.8000030517578,191.1999969482422,198.0,1133233
2019-03-14,197.35000610351562,200.64999389648438,194.0,194.0,1109732
2019-03-15,200.35000610351562,203.0,196.6999969482422,197.6999969482422,1285679
2019-03-18,199.60000610351562,203.89999389648438,198.0500030517578,200.5500030517578,808743
2019-03-19,196.9499969482422,203.8000030517578,196.0500030517578,200.35000610351562,623702
2019-03-20,195.3000030517578,199.0,194.10000610351562,198.0,347141
2019-03-22,191.4499969482422,197.60000610351562,190.10000610351562,196.0,321076
2019-03-25,188.0500030517578,190.75,186.35000610351562,190.0,187833
2019-03-26,186.6999969482422,189.85000610351562,185.64999389648438,188.0,320070
2019-03-27,192.4499969482422,196.0,187.0,187.0,908547
2019-03-28,194.64999389648438,198.5,192.9499969482422,194.1999969482422,647260
2019-04-01,193.89999389648438,197.3000030517578,192.64999389648438,192.9499969482422,300881
2019-04-02,188.89999389648438,197.85000610351562,188.0,193.3000030517578,938922
2019-04-03,186.5500030517578,191.75,185.0,189.5,317390
2019-04-04,184.75,189.8000030517578,182.0,187.4499969482422,306261
2019-04-05,183.60000610351562,187.75,178.9499969482422,186.4499969482422,230201
2019-04-08,182.8000030517578,186.9499969482422,181.14999389648438,184.85000610351562,277987
2019-04-09,183.64999389648438,184.39999389648438,180.60000610351562,182.5,283769
2019-04-10,185.60000610351562,189.0,183.0500030517578,183.8000030517578,483951
2019-04-11,184.39999389648438,186.0500030517578,183.5,185.60000610351562,146642
2019-04-12,183.4499969482422,185.89999389648438,182.60000610351562,185.3000030517578,108305
2019-04-15,183.35000610351562,186.8000030517578,182.0500030517578,184.3000030517578,197719
2019-04-16,183.6999969482422,186.75,183.10000610351562,184.8000030517578,274314
2019-04-18,180.0,184.64999389648438,178.5,184.10000610351562,252715
2019-04-22,175.5500030517578,179.60000610351562,175.0,179.3000030517578,117657
2019-04-23,178.0500030517578,180.4499969482422,173.14999389648438,175.5500030517578,342240
2019-04-24,179.10000610351562,181.0500030517578,178.0,178.8000030517578,151765
2019-04-25,175.14999389648438,180.89999389648438,173.9499969482422,180.10000610351562,183190
2019-04-26,174.25,177.5,173.5,175.14999389648438,157808
2019-04-30,168.1999969482422,174.25,164.9499969482422,174.25,210224
2019-05-02,167.89999389648438,171.1999969482422,165.10000610351562,168.8000030517578,198815
2019-05-03,168.3000030517578,169.4499969482422,165.25,168.5,125024
2019-05-06,168.3000030517578,171.6999969482422,165.5,165.5,180922
2019-05-07,163.5500030517578,170.1999969482422,159.64999389648438,168.4499969482422,1036910
2019-05-08,156.8000030517578,163.5500030517578,155.39999389648438,163.5500030517578,294343
2019-05-09,157.14999389648438,158.0,153.3000030517578,153.5,144511
2019-05-10,155.85000610351562,160.39999389648438,153.25,158.10000610351562,214061
2019-05-13,146.39999389648438,154.6999969482422,130.0,154.5,722824
2019-05-14,148.4499969482422,150.85000610351562,142.5500030517578,147.0,430920
2019-05-15,143.8000030517578,150.6999969482422,142.35000610351562,149.89999389648438,210130
2019-05-16,147.75,148.6999969482422,137.9499969482422,144.0,524901
2019-05-17,148.3000030517578,149.60000610351562,145.0500030517578,148.0,198485
2019-05-20,146.3000030517578,152.10000610351562,145.8000030517578,151.89999389648438,326067
2019-05-21,145.25,151.3000030517578,144.14999389648438,148.0,406567
2019-05-22,146.0500030517578,149.0,143.5500030517578,146.0,303406
2019-05-23,143.35000610351562,149.4499969482422,142.5,148.0,214341
2019-05-24,146.5500030517578,147.6999969482422,142.75,143.6999969482422,285665
2019-05-27,158.25,159.3000030517578,146.60000610351562,148.9499969482422,883224
2019-05-28,156.4499969482422,161.89999389648438,155.10000610351562,159.0500030517578,804150
2019-05-29,152.10000610351562,157.0,151.39999389648438,154.0,467812
2019-05-30,151.9499969482422,154.4499969482422,151.1999969482422,151.5,179839
2019-05-31,148.25,153.3000030517578,146.10000610351562,152.85000610351562,193627
2019-06-03,144.3000030517578,148.4499969482422,144.0,148.25,271929
2019-06-04,142.25,145.4499969482422,141.5,142.0,257289
2019-06-06,138.64999389648438,143.4499969482422,138.0,143.0,220987
2019-06-07,135.85000610351562,139.25,134.25,138.64999389648438,211448
2019-06-10,138.3000030517578,141.6999969482422,131.0500030517578,136.89999389648438,400689
2019-06-11,137.5500030517578,140.85000610351562,135.5500030517578,140.0,331046
2019-06-12,137.75,142.39999389648438,135.60000610351562,137.4499969482422,271737
2019-06-13,136.3000030517578,137.9499969482422,134.5,137.39999389648438,154674
2019-06-14,133.39999389648438,137.35000610351562,132.14999389648438,137.35000610351562,280245
2019-06-17,129.64999389648438,134.89999389648438,128.60000610351562,133.39999389648438,176890
2019-06-18,123.9000015258789,130.3000030517578,122.4000015258789,129.64999389648438,222187
2019-06-19,119.69999694824219,124.69999694824219,116.5,124.0,392622
2019-06-20,123.05000305175781,123.75,114.44999694824219,119.94999694824219,488158
2019-06-21,121.3499984741211,122.44999694824219,119.6500015258789,122.05000305175781,213884
2019-06-24,120.3499984741211,123.0,119.25,123.0,185973
2019-06-25,119.3499984741211,120.0,117.5999984741211,120.0,219368
2019-06-26,118.8499984741211,123.69999694824219,118.0,120.0,1034875
2019-06-27,117.5,121.19999694824219,116.75,119.0,756824
2019-06-28,116.0999984741211,121.0,115.5,119.0,615033
2019-07-01,115.19999694824219,120.5999984741211,113.3499984741211,116.25,630996
2019-07-02,114.3499984741211,116.5,113.5999984741211,116.0999984741211,225679
2019-07-03,115.05000305175781,118.0,112.30000305175781,114.4000015258789,643504
2019-07-04,118.5999984741211,119.5999984741211,115.0,115.0,425999
2019-07-05,117.19999694824219,120.19999694824219,116.0,119.4000015258789,390118
2019-07-08,113.3499984741211,117.94999694824219,113.0,117.94999694824219,319711
2019-07-09,118.6500015258789,122.0,112.5999984741211,113.5,1668875
2019-07-10,120.5999984741211,123.19999694824219,117.80000305175781,120.55000305175781,1338827
2019-07-11,119.3499984741211,122.80000305175781,118.1500015258789,121.44999694824219,569301
2019-07-12,124.9000015258789,126.80000305175781,118.0,119.1500015258789,1277949
2019-07-15,148.5500030517578,149.85000610351562,126.19999694824219,126.19999694824219,6742138
2019-07-16,143.39999389648438,147.3000030517578,139.14999389648438,146.0,2868264
2019-07-17,142.3000030517578,147.4499969482422,139.0,143.5500030517578,1509014
2019-07-18,154.85000610351562,159.25,140.5,142.0,5366572
2019-07-19,151.1999969482422,157.5,149.5500030517578,154.5,2710105
2019-07-22,159.39999389648438,163.39999389648438,146.60000610351562,150.4499969482422,3835758
2019-07-23,159.75,164.5,158.0,159.14999389648438,1463520
2019-07-24,157.0500030517578,162.0,156.0,160.6999969482422,720551
2019-07-25,162.9499969482422,165.6999969482422,156.5,156.5,1623174
2019-07-26,165.0500030517578,168.0,163.1999969482422,163.1999969482422,988799
2019-07-29,159.89999389648438,168.14999389648438,156.0,165.0,646822
2019-07-30,152.89999389648438,163.89999389648438,152.0,155.0,1513718
2019-07-31,160.1999969482422,161.9499969482422,148.4499969482422,152.0,1104183
2019-08-01,159.85000610351562,161.3000030517578,156.85000610351562,158.4499969482422,424340
2019-08-02,158.5500030517578,161.85000610351562,155.10000610351562,158.0,491776
2019-08-05,153.0500030517578,156.1999969482422,151.14999389648438,156.1999969482422,283189
2019-08-06,154.8000030517578,159.0,151.5,152.25,387594
2019-08-07,151.5500030517578,158.0,149.0,154.35000610351562,343578
2019-08-08,154.35000610351562,155.14999389648438,151.0500030517578,153.0,256483
2019-08-09,154.39999389648438,160.0,152.3000030517578,155.75,380692
2019-08-13,160.85000610351562,162.75,154.10000610351562,155.0,866986
2019-08-14,157.5500030517578,163.5,155.1999969482422,163.5,362948
2019-08-16,153.39999389648438,157.9499969482422,152.25,157.9499969482422,251471
2019-08-19,158.8000030517578,163.60000610351562,156.0,156.9499969482422,1242178
2019-08-20,153.75,159.35000610351562,152.64999389648438,159.35000610351562,271609
2019-08-21,150.0,152.85000610351562,148.64999389648438,150.39999389648438,476888
2019-08-22,145.14999389648438,151.4499969482422,143.1999969482422,150.75,326758
2019-08-23,147.25,149.35000610351562,139.0,139.0,402731
2019-08-26,145.75,150.0,142.25,149.0,259057
2019-08-27,142.60000610351562,148.5,140.75,147.0,396636
2019-08-28,141.5,144.25,139.10000610351562,143.6999969482422,301821
2019-08-29,153.35000610351562,157.1999969482422,151.0,152.8000030517578,3252499
2019-08-30,159.9499969482422,163.0,149.60000610351562,152.85000610351562,2108625
2019-09-03,157.60000610351562,163.64999389648438,155.10000610351562,157.8000030517578,1271939
2019-09-04,149.35000610351562,153.0,143.60000610351562,153.0,1664778
2019-09-05,150.6999969482422,153.5500030517578,148.5500030517578,150.14999389648438,601294
2019-09-06,149.35000610351562,151.85000610351562,145.14999389648438,146.0,592288
2019-09-09,151.39999389648438,154.60000610351562,149.1999969482422,150.0,736166
2019-09-11,150.5,154.5,150.0,152.0,329775
2019-09-12,160.60000610351562,162.3000030517578,150.10000610351562,151.0,1868000
2019-09-13,160.85000610351562,167.39999389648438,159.10000610351562,162.25,1341119
2019-09-16,166.60000610351562,168.5,158.0,158.0,1288505
2019-09-17,160.75,171.8000030517578,158.64999389648438,167.60000610351562,1455529
2019-09-18,159.85000610351562,163.8000030517578,158.75,162.0,414693
2019-09-19,153.1999969482422,160.64999389648438,151.89999389648438,160.0,418788
2019-09-20,155.25,158.39999389648438,150.0,153.5500030517578,596105
2019-09-23,150.89999389648438,161.85000610351562,148.5,157.6999969482422,652865
2019-09-24,149.0,156.39999389648438,148.1999969482422,152.25,680397
2019-09-25,144.35000610351562,150.60000610351562,143.60000610351562,149.89999389648438,461776
2019-09-26,138.9499969482422,146.89999389648438,138.10000610351562,145.10000610351562,803604
2019-09-27,132.6999969482422,141.85000610351562,132.0,139.8000030517578,557226
2019-09-30,125.6500015258789,134.0,124.55000305175781,133.85000610351562,458421
2019-10-01,119.5,128.85000610351562,116.75,126.0,603985
2019-10-03,121.30000305175781,125.25,115.1500015258789,119.44999694824219,650942
2019-10-04,123.0999984741211,124.80000305175781,121.6500015258789,124.5,591066
2019-10-07,116.3499984741211,125.55000305175781,115.30000305175781,122.0,679482
2019-10-09,114.3499984741211,117.8499984741211,113.4000015258789,116.05000305175781,649329
2019-10-10,115.9000015258789,117.94999694824219,114.4000015258789,114.9000015258789,403145
2019-10-11,115.8499984741211,117.69999694824219,114.55000305175781,116.4000015258789,242289
2019-10-14,118.8499984741211,122.19999694824219,115.19999694824219,115.19999694824219,687791
2019-10-15,119.9000015258789,123.5,119.0,119.80000305175781,654682
2019-10-16,129.0,132.35000610351562,120.25,120.8499984741211,1692299
2019-10-17,130.6999969482422,133.5,128.0500030517578,130.60000610351562,1210844
2019-10-18,132.5,134.9499969482422,130.5,130.89999389648438,783061
2019-10-22,132.60000610351562,134.89999389648438,130.35000610351562,132.5,570889
2019-10-23,129.3000030517578,134.0,127.69999694824219,133.0,487780
2019-10-24,127.5,130.8000030517578,125.05000305175781,129.75,447262
2019-10-25,125.0,129.6999969482422,123.8499984741211,127.80000305175781,694419
2019-10-27,128.4499969482422,129.0,126.0,126.0999984741211,144039
2019-10-29,128.8000030517578,132.5,126.4000015258789,129.0,715663
2019-10-30,141.5500030517578,143.75,127.0,129.4499969482422,2792131
2019-10-31,139.5,144.4499969482422,138.10000610351562,139.89999389648438,1456832
2019-11-01,143.39999389648438,147.39999389648438,139.8000030517578,140.1999969482422,1432257
2019-11-04,145.9499969482422,151.89999389648438,135.1999969482422,143.39999389648438,3281933
2019-11-05,142.60000610351562,147.3000030517578,140.60000610351562,144.3000030517578,632029
2019-11-06,152.89999389648438,159.8000030517578,148.5500030517578,151.0,4259828
2019-11-07,164.5500030517578,167.10000610351562,149.10000610351562,153.3000030517578,2849857
2019-11-08,157.25,163.8000030517578,155.4499969482422,163.0,853254
2019-11-11,158.64999389648438,161.0,154.0,154.89999389648438,993703
2019-11-13,153.10000610351562,159.1999969482422,152.0500030517578,158.4499969482422,586038
2019-11-14,148.1999969482422,154.60000610351562,146.5500030517578,152.0,777215
2019-11-15,151.85000610351562,154.5,148.5500030517578,149.8000030517578,850758
2019-11-18,154.75,157.3000030517578,150.1999969482422,152.9499969482422,1045416
2019-11-19,153.5,157.0,151.85000610351562,155.39999389648438,562608
2019-11-20,158.60000610351562,164.3000030517578,152.75,152.75,2492981
2019-11-21,160.10000610351562,165.0,157.35000610351562,158.8000030517578,1271541
2019-11-22,163.85000610351562,168.3000030517578,161.10000610351562,162.14999389648438,1883527
2019-11-25,171.8000030517578,174.0,164.4499969482422,165.4499969482422,3067973
2019-11-26,166.5500030517578,175.89999389648438,164.64999389648438,174.0,1367841
2019-11-27,170.10000610351562,171.6999969482422,162.25,166.25,869954
2019-11-28,166.0500030517578,171.8000030517578,163.10000610351562,171.8000030517578,762791
2019-11-29,161.89999389648438,167.6999969482422,160.10000610351562,167.0500030517578,681919
2019-12-02,156.3000030517578,163.39999389648438,155.5500030517578,161.75,496009
2019-12-03,152.5500030517578,158.0,150.1999969482422,156.5,518921
2019-12-04,156.0,157.89999389648438,150.5,152.3000030517578,685606
2019-12-05,156.14999389648438,159.0,153.0500030517578,156.0,702834
2019-12-06,153.8000030517578,161.60000610351562,150.75,155.5,930659
2019-12-09,162.5,169.35000610351562,151.60000610351562,154.75,2868570
2019-12-10,170.0500030517578,172.1999969482422,163.1999969482422,163.1999969482422,2663556
2019-12-11,163.0500030517578,170.75,160.10000610351562,170.0,694654
2019-12-12,163.10000610351562,166.0,161.10000610351562,162.8000030517578,694899
2019-12-13,167.0,168.14999389648438,162.6999969482422,164.0,955647
2019-12-16,164.0,167.5,163.0,165.0,593360
2019-12-17,163.9499969482422,165.3000030517578,163.0,164.35000610351562,313784
2019-12-18,162.6999969482422,165.9499969482422,162.0,164.0,716915
2019-12-19,164.60000610351562,170.8000030517578,161.10000610351562,163.0,1780162
2019-12-20,162.6999969482422,165.39999389648438,162.14999389648438,163.89999389648438,342454
2019-12-23,159.4499969482422,163.64999389648438,157.6999969482422,161.10000610351562,445105
2019-12-24,158.39999389648438,160.85000610351562,156.6999969482422,159.60000610351562,479103
2019-12-26,155.85000610351562,159.1999969482422,154.8000030517578,158.60000610351562,286277
2019-12-27,155.9499969482422,158.39999389648438,154.14999389648438,156.14999389648438,345448
2019-12-30,157.89999389648438,159.5,157.0,157.8000030517578,412776
2019-12-31,156.1999969482422,158.9499969482422,155.64999389648438,158.5,317208
2020-01-01,156.60000610351562,158.5,155.6999969482422,157.1999969482422,228579
2020-01-02,160.4499969482422,164.25,155.1999969482422,156.9499969482422,958246
2020-01-03,164.4499969482422,168.3000030517578,160.1999969482422,161.0,1482391
2020-01-06,160.35000610351562,164.4499969482422,157.3000030517578,164.4499969482422,723680
2020-01-07,163.9499969482422,167.0,159.35000610351562,162.0,577647
2020-01-08,168.85000610351562,173.85000610351562,162.14999389648438,162.25,2133496
2020-01-09,171.4499969482422,175.89999389648438,169.1999969482422,171.5,1274290
2020-01-10,183.14999389648438,185.39999389648438,172.10000610351562,172.89999389648438,2938465
2020-01-13,185.9499969482422,188.8000030517578,182.25,184.1999969482422,1275141
2020-01-14,192.39999389648438,194.5,188.39999389648438,191.0,1480490
2020-01-15,189.0500030517578,191.60000610351562,187.0,191.10000610351562,543696
2020-01-16,190.64999389648438,193.5,188.25,190.0,455328
2020-01-17,188.64999389648438,191.6999969482422,187.5,190.64999389648438,515593
2020-01-20,193.3000030517578,197.0,187.5,189.5,1322092
2020-01-21,186.14999389648438,194.0,184.0,191.85000610351562,475198
2020-01-22,182.5,188.89999389648438,181.35000610351562,186.6999969482422,479831
2020-01-23,184.6999969482422,186.5500030517578,181.1999969482422,181.1999969482422,385211
2020-01-24,185.85000610351562,188.0,183.5,185.60000610351562,311209
2020-01-27,198.25,201.25,183.60000610351562,184.64999389648438,2277865
2020-01-28,200.6999969482422,210.89999389648438,195.10000610351562,198.89999389648438,4089496
2020-01-29,201.35000610351562,204.39999389648438,196.39999389648438,201.89999389648438,945289
2020-01-30,203.60000610351562,207.89999389648438,197.5,201.64999389648438,1584797
2020-01-31,194.8000030517578,204.75,191.0,202.85000610351562,551116
2020-02-03,177.25,183.89999389648438,174.10000610351562,178.0,1047659
2020-02-04,182.89999389648438,186.35000610351562,176.5,176.5,683250
2020-02-05,189.60000610351562,191.39999389648438,182.89999389648438,183.89999389648438,835159
2020-02-06,190.14999389648438,196.0,187.5,190.10000610351562,950771
2020-02-07,204.9499969482422,207.5,188.75,189.1999969482422,1716007
2020-02-10,198.60000610351562,206.0,197.14999389648438,203.1999969482422,928904
2020-02-11,191.0500030517578,201.14999389648438,189.60000610351562,200.0,768889
2020-02-12,172.85000610351562,182.85000610351562,171.25,182.85000610351562,1943692
2020-02-13,168.10000610351562,176.5,166.0500030517578,173.8000030517578,877039
2020-02-14,165.85000610351562,170.75,163.6999969482422,169.14999389648438,497879
2020-02-17,166.75,168.8000030517578,161.10000610351562,165.1999969482422,616971
2020-02-18,163.64999389648438,166.39999389648438,160.3000030517578,165.89999389648438,385863
2020-02-19,164.35000610351562,168.5,161.0,165.25,777034
2020-02-20,167.14999389648438,170.5,164.35000610351562,164.8000030517578,602277
2020-02-24,161.64999389648438,172.3000030517578,160.1999969482422,165.6999969482422,675857
2020-02-25,159.35000610351562,164.5,156.14999389648438,163.60000610351562,373095
2020-02-26,154.64999389648438,160.6999969482422,152.89999389648438,158.0,416791
2020-02-27,155.75,157.39999389648438,148.3000030517578,155.3000030517578,502368
2020-02-28,145.9499969482422,153.85000610351562,145.0500030517578,150.0,494927
2020-03-02,141.0500030517578,153.89999389648438,137.5,149.0,459108
2020-03-03,148.0500030517578,149.0,142.0,144.0,603060
2020-03-04,155.5,161.6999969482422,145.10000610351562,148.89999389648438,3001673
2020-03-05,155.5500030517578,164.39999389648438,154.0,155.5,1363622
2020-03-06,148.10000610351562,151.8000030517578,144.0,145.1999969482422,509033
2020-03-09,136.39999389648438,146.25,134.1999969482422,143.0,566291
2020-03-11,134.14999389648438,140.0,129.0,136.0,485070
2020-03-12,112.69999694824219,125.69999694824219,108.80000305175781,125.0,747831
2020-03-13,117.25,121.5,94.0,103.9000015258789,1109515
2020-03-16,104.8499984741211,118.5,101.0,112.0,1219371
2020-03-17,102.69999694824219,114.30000305175781,101.5999984741211,108.0,744099
2020-03-18,99.0999984741211,106.9000015258789,97.0,104.0,542079
2020-03-19,93.19999694824219,100.25,91.0,94.0999984741211,776791
2020-03-20,104.55000305175781,106.80000305175781,94.6500015258789,95.4000015258789,1602418
2020-03-23,87.0999984741211,99.05000305175781,86.0999984741211,93.0,481975
2020-03-24,83.30000305175781,94.19999694824219,82.1500015258789,92.80000305175781,423966
2020-03-25,84.1500015258789,86.0,81.0,81.0,378793
2020-03-26,97.6500015258789,99.94999694824219,89.05000305175781,89.05000305175781,1681211
2020-03-27,95.0999984741211,104.0,94.0,100.0,545341
2020-03-30,88.25,93.4000015258789,85.5999984741211,92.0,499254
2020-03-31,96.44999694824219,97.94999694824219,89.25,91.5,672248
2020-04-01,97.75,103.4000015258789,96.25,99.0,585766
2020-04-03,102.9000015258789,109.30000305175781,94.44999694824219,98.0,2783619
2020-04-07,115.8499984741211,117.4000015258789,105.8499984741211,108.0,2281113
2020-04-08,119.55000305175781,124.3499984741211,114.0,116.80000305175781,1356538
2020-04-09,122.19999694824219,126.4000015258789,121.25,123.4000015258789,1053182
2020-04-13,136.89999389648438,143.3000030517578,118.19999694824219,123.80000305175781,3849277
2020-04-15,138.0500030517578,147.9499969482422,132.5500030517578,143.0,1865184
2020-04-16,138.75,142.89999389648438,136.0,137.14999389648438,915926
2020-04-17,137.35000610351562,144.89999389648438,136.0,142.10000610351562,601874
2020-04-20,136.89999389648438,141.8000030517578,135.1999969482422,139.39999389648438,920195
2020-04-21,139.75,147.0,133.60000610351562,134.8000030517578,2965883
2020-04-22,142.8000030517578,146.5,139.0,140.0,2580567
2020-04-23,141.35000610351562,147.60000610351562,140.10000610351562,143.9499969482422,1079759
2020-04-24,139.85000610351562,145.39999389648438,138.64999389648438,139.89999389648438,1204478
2020-04-27,139.5500030517578,144.5500030517578,138.5,140.5,655117
2020-04-28,136.89999389648438,142.0,136.1999969482422,140.6999969482422,541878
2020-04-29,136.9499969482422,140.14999389648438,135.5,137.8000030517578,575619
2020-04-30,131.64999389648438,140.39999389648438,130.8000030517578,139.0500030517578,1004650
2020-05-04,134.89999389648438,139.8000030517578,127.5999984741211,129.0,1559148
2020-05-05,131.9499969482422,138.39999389648438,131.10000610351562,136.60000610351562,873294
2020-05-06,131.39999389648438,134.85000610351562,130.3000030517578,133.0,452414
2020-05-07,135.8000030517578,138.64999389648438,132.0,132.0,1302208
2020-05-08,134.3000030517578,137.5,133.60000610351562,137.0,597251
2020-05-11,132.14999389648438,135.6999969482422,131.35000610351562,135.6999969482422,342934
2020-05-12,131.35000610351562,133.89999389648438,128.8000030517578,132.10000610351562,403255
2020-05-13,132.75,135.0,131.0,134.0,310277
2020-05-14,133.4499969482422,137.0,131.8000030517578,132.75,899584
2020-05-15,132.0,134.6999969482422,131.1999969482422,133.0,240365
2020-05-18,125.69999694824219,132.89999389648438,122.0999984741211,132.75,434109
2020-05-19,126.0999984741211,128.4499969482422,125.4000015258789,127.4000015258789,305195
2020-05-20,129.0,130.6999969482422,125.19999694824219,126.0,439388
2020-05-21,130.0,132.5,127.0,129.0,490674
2020-05-22,129.25,130.9499969482422,126.69999694824219,129.5,347867
2020-05-26,128.25,131.4499969482422,127.0,130.1999969482422,251292
2020-05-27,126.69999694824219,129.60000610351562,125.8499984741211,129.35000610351562,248702
2020-05-28,136.3000030517578,139.35000610351562,127.0,130.0,1593308
2020-05-29,137.14999389648438,142.0,135.10000610351562,139.89999389648438,1698148
2020-06-01,137.85000610351562,141.0,135.14999389648438,138.85000610351562,851379
2020-06-02,140.39999389648438,143.8000030517578,137.85000610351562,138.89999389648438,1602875
2020-06-03,134.89999389648438,139.0,132.85000610351562,139.0,848416
2020-06-04,137.9499969482422,139.8000030517578,132.60000610351562,132.60000610351562,910889
2020-06-05,141.85000610351562,145.5,138.5500030517578,139.60000610351562,2119917
2020-06-08,140.75,144.8000030517578,140.10000610351562,143.0,594188
2020-06-09,145.1999969482422,148.8000030517578,141.0500030517578,141.0500030517578,2642368
2020-06-10,154.6999969482422,158.6999969482422,146.1999969482422,146.35000610351562,5227296
2020-06-11,148.5,156.8000030517578,145.64999389648438,155.8000030517578,1389759
2020-06-12,145.5,146.89999389648438,141.5500030517578,142.0,694326
2020-06-15,145.5500030517578,150.0,143.0,146.39999389648438,710711
2020-06-16,146.6999969482422,154.60000610351562,142.35000610351562,147.4499969482422,1984092
2020-06-17,145.8000030517578,148.6999969482422,145.0,146.10000610351562,508710
2020-06-18,146.25,146.89999389648438,144.8000030517578,145.9499969482422,917613
2020-06-19,145.6999969482422,150.6999969482422,144.6999969482422,147.25,1098591
2020-06-22,164.4499969482422,168.8000030517578,145.60000610351562,146.0,5875840
2020-06-23,175.4499969482422,184.64999389648438,173.0,173.0,8314660
2020-06-24,164.3000030517578,175.4499969482422,162.3000030517578,175.0,1248948
2020-06-25,165.9499969482422,169.6999969482422,161.0,164.3000030517578,1022871
2020-06-26,162.0,167.0,161.10000610351562,166.0,560560
2020-06-29,166.39999389648438,168.6999969482422,161.64999389648438,162.6999969482422,1263796
2020-06-30,162.39999389648438,167.85000610351562,161.1999969482422,167.39999389648438,550718
2020-07-01,159.35000610351562,163.6999969482422,158.5500030517578,163.25,615996
2020-07-02,159.10000610351562,162.85000610351562,158.39999389648438,160.60000610351562,669937
2020-07-03,157.6999969482422,161.1999969482422,157.0,158.60000610351562,483142
2020-07-06,163.8000030517578,166.3000030517578,156.14999389648438,159.1999969482422,1260577
2020-07-07,161.89999389648438,165.60000610351562,160.5,164.14999389648438,803705
2020-07-08,162.4499969482422,169.3000030517578,160.89999389648438,162.75,1538172
2020-07-09,162.75,164.6999969482422,161.6999969482422,163.60000610351562,579439
2020-07-10,169.4499969482422,173.89999389648438,161.39999389648438,162.0,3726831
2020-07-13,167.3000030517578,172.10000610351562,166.4499969482422,170.0,1040521
2020-07-14,164.14999389648438,168.5,162.64999389648438,166.64999389648438,779846
2020-07-15,161.35000610351562,166.6999969482422,160.5,165.39999389648438,754456
2020-07-16,161.89999389648438,163.89999389648438,157.0,161.5,808695
2020-07-17,168.0,169.89999389648438,161.25,162.8000030517578,1387147
2020-07-20,162.4499969482422,168.85000610351562,162.0,168.0500030517578,598173
2020-07-21,165.8000030517578,167.5,162.14999389648438,163.39999389648438,801398
2020-07-22,170.25,176.85000610351562,164.1999969482422,166.6999969482422,3225721
2020-07-23,171.89999389648438,175.5,167.5,170.8000030517578,1145453
2020-07-24,174.39999389648438,177.64999389648438,172.1999969482422,172.1999969482422,1785994
2020-07-27,169.9499969482422,176.89999389648438,168.8000030517578,175.5,743645
2020-07-28,169.0,173.75,168.10000610351562,170.14999389648438,612768
2020-07-29,169.14999389648438,172.5500030517578,168.0,170.3000030517578,915863
2020-07-30,174.8000030517578,176.5,168.5,170.0,2449640
2020-07-31,176.10000610351562,180.8000030517578,171.1999969482422,175.8000030517578,4073407
2020-08-03,178.5,182.0,173.39999389648438,175.8000030517578,2020598
2020-08-04,174.8000030517578,181.6999969482422,173.5,179.5500030517578,1141194
2020-08-05,186.35000610351562,200.0,185.0500030517578,192.0,7782063
2020-08-06,184.4499969482422,188.3000030517578,183.0,188.3000030517578,1424266
2020-08-07,180.85000610351562,185.39999389648438,180.10000610351562,184.60000610351562,667668
2020-08-10,187.6999969482422,191.6999969482422,181.5,181.5,2141008
2020-08-11,182.9499969482422,189.75,182.0,188.85000610351562,692861
2020-08-12,181.8000030517578,185.6999969482422,180.9499969482422,182.9499969482422,500869
2020-08-13,181.9499969482422,184.5,181.1999969482422,182.60000610351562,444522
2020-08-14,178.5500030517578,188.0,175.3000030517578,182.85000610351562,1341108
2020-08-17,178.5500030517578,181.25,177.5,180.0,401985
2020-08-18,177.75,180.60000610351562,176.8000030517578,179.4499969482422,387847
2020-08-19,183.5500030517578,186.0,178.0,178.64999389648438,1353236
2020-08-20,182.4499969482422,186.5,181.89999389648438,181.89999389648438,497193
2020-08-21,182.0500030517578,186.4499969482422,181.39999389648438,183.5500030517578,549489
2020-08-24,186.0,188.5,182.4499969482422,182.75,937649
2020-08-25,181.89999389648438,187.3000030517578,181.3000030517578,186.9499969482422,427391
2020-08-26,180.85000610351562,188.0,180.10000610351562,182.85000610351562,1162114
2020-08-27,182.35000610351562,184.5,181.0,182.0,713846
2020-08-28,190.14999389648438,195.4499969482422,182.8000030517578,183.6999969482422,6085483
2020-08-31,180.35000610351562,193.89999389648438,176.4499969482422,193.0,1724139
2020-09-01,177.14999389648438,182.8000030517578,164.10000610351562,181.0,685344
2020-09-02,178.5500030517578,181.35000610351562,177.35000610351562,178.39999389648438,372891
2020-09-03,180.3000030517578,184.0,178.4499969482422,179.8000030517578,577169
2020-09-04,175.5500030517578,182.0,174.5,178.60000610351562,778799
2020-09-07,177.5,179.14999389648438,172.75,176.10000610351562,446722
2020-09-08,183.0,189.39999389648438,177.60000610351562,177.9499969482422,2107354
2020-09-09,178.14999389648438,183.39999389648438,176.10000610351562,182.89999389648438,859877
2020-09-10,180.0500030517578,185.64999389648438,178.5,179.39999389648438,828738
2020-09-11,176.5,182.0,175.89999389648438,182.0,597353
2020-09-14,176.6999969482422,180.4499969482422,175.75,178.0,467828
2020-09-15,178.6999969482422,183.89999389648438,177.75,177.8000030517578,1020932
2020-09-16,179.39999389648438,182.0,177.0500030517578,179.0,772718
2020-09-17,176.64999389648438,181.25,176.10000610351562,178.39999389648438,484304
2020-09-18,179.3000030517578,186.8000030517578,178.0,178.35000610351562,2279507
2020-09-21,168.89999389648438,182.0,168.0500030517578,179.9499969482422,863940
2020-09-22,172.85000610351562,175.85000610351562,167.39999389648438,173.4499969482422,1420971
2020-09-23,169.6999969482422,176.5,166.39999389648438,174.4499969482422,558690
2020-09-24,165.9499969482422,169.39999389648438,165.25,167.0,446935
2020-09-25,168.25,169.6999969482422,164.0500030517578,167.8000030517578,393913
2020-09-28,174.8000030517578,176.0,169.1999969482422,169.6999969482422,803938
2020-09-29,173.89999389648438,177.5,170.5500030517578,176.0,577820
2020-09-30,173.6999969482422,179.0500030517578,172.0,174.25,962865
2020-10-01,172.5,175.5,171.5500030517578,174.60000610351562,365392
2020-10-05,177.39999389648438,178.5,171.75,173.0,708123
2020-10-06,176.1999969482422,179.5,175.5,178.5,420766
2020-10-07,173.25,177.5,172.6999969482422,176.9499969482422,269440
2020-10-08,175.10000610351562,177.85000610351562,172.5500030517578,174.0,842915
2020-10-09,172.85000610351562,176.5,171.5,175.0,351489
2020-10-12,171.39999389648438,173.75,169.14999389648438,173.5,270035
2020-10-13,169.0500030517578,173.8000030517578,167.39999389648438,171.1999969482422,460995
2020-10-14,172.0,173.5,168.25,172.25,584969
2020-10-15,168.10000610351562,173.0,167.0500030517578,172.6999969482422,287887
2020-10-16,167.14999389648438,169.8000030517578,165.35000610351562,169.25,328649
2020-10-19,167.5,168.85000610351562,166.39999389648438,167.35000610351562,252441
2020-10-20,169.0,171.64999389648438,166.25,167.89999389648438,391699
2020-10-21,169.39999389648438,171.0,167.10000610351562,169.8000030517578,202297
2020-10-22,168.1999969482422,170.25,167.35000610351562,169.39999389648438,175855
2020-10-23,171.25,175.0,168.6999969482422,169.3000030517578,684383
2020-10-26,168.64999389648438,172.9499969482422,167.64999389648438,171.10000610351562,235888
2020-10-27,168.0500030517578,169.89999389648438,167.10000610351562,169.4499969482422,229200
2020-10-28,167.0500030517578,169.5500030517578,166.14999389648438,168.0500030517578,196034
2020-10-29,164.85000610351562,167.0500030517578,163.0,166.5,172540
2020-10-30,163.9499969482422,166.5,161.1999969482422,164.6999969482422,280791
2020-11-02,161.0500030517578,165.10000610351562,160.1999969482422,165.0,170245
2020-11-03,168.4499969482422,170.6999969482422,162.10000610351562,163.0,831357
2020-11-04,168.1999969482422,172.6999969482422,167.10000610351562,169.0,954375
2020-11-05,169.14999389648438,170.60000610351562,168.35000610351562,169.0500030517578,235712
2020-11-06,170.1999969482422,172.0,169.0,169.89999389648438,294825
2020-11-09,172.0,173.14999389648438,171.10000610351562,172.60000610351562,386701
2020-11-10,161.9499969482422,168.14999389648438,161.0500030517578,166.0,644577
2020-11-11,167.1999969482422,169.39999389648438,161.85000610351562,162.1999969482422,1019675
2020-11-12,166.6999969482422,169.14999389648438,166.1999969482422,167.0,284846
2020-11-13,166.64999389648438,168.75,166.14999389648438,167.89999389648438,194131
2020-11-14,168.0,171.0,166.0,168.0,336673
2020-11-17,166.75,169.25,166.0500030517578,167.8000030517578,366521
2020-11-18,166.75,167.5,165.1999969482422,167.0,238116
2020-11-19,166.4499969482422,169.6999969482422,166.0,166.0,306013
2020-11-20,165.35000610351562,168.0,165.0,167.4499969482422,207337
2020-11-23,173.8000030517578,176.85000610351562,165.89999389648438,166.0,1786086
2020-11-24,179.8000030517578,181.5,169.64999389648438,174.4499969482422,2051394
2020-11-25,174.5,181.10000610351562,174.0,180.8000030517578,947267
2020-11-26,175.5500030517578,176.5,173.0,175.5,363264
2020-11-27,181.6999969482422,183.8000030517578,175.5,175.85000610351562,1597573
2020-12-01,185.1999969482422,190.5,180.5500030517578,182.60000610351562,2217940
2020-12-02,185.14999389648438,188.10000610351562,182.10000610351562,186.60000610351562,880617
2020-12-03,186.35000610351562,189.6999969482422,182.0,185.0,938719
2020-12-04,191.9499969482422,196.5,185.1999969482422,186.5,2906031
2020-12-07,193.75,197.3000030517578,190.0,191.0,1464297
2020-12-08,188.10000610351562,195.0,185.5500030517578,195.0,741026
2020-12-09,192.89999389648438,195.0,188.0500030517578,189.10000610351562,1349113
2020-12-10,191.10000610351562,193.89999389648438,188.5500030517578,192.0,383012
2020-12-11,188.10000610351562,192.5,186.5,191.3000030517578,470203
2020-12-14,185.9499969482422,190.5,185.0,189.0,404213
2020-12-15,184.0500030517578,188.5500030517578,183.0,186.0,409693
2020-12-16,187.4499969482422,189.8000030517578,184.8000030517578,185.0,473861
2020-12-17,186.39999389648438,191.89999389648438,185.5500030517578,187.5,773623
2020-12-18,186.4499969482422,188.0,182.6999969482422,187.0,377293
2020-12-21,173.89999389648438,190.5,170.64999389648438,187.0,799830
2020-12-22,175.75,177.39999389648438,170.0,174.89999389648438,476177
2020-12-23,179.75,180.64999389648438,175.4499969482422,176.60000610351562,476795
2020-12-24,185.60000610351562,188.0,180.0,180.0,955138
2020-12-28,183.85000610351562,188.8000030517578,183.39999389648438,188.0,512088
2020-12-29,182.85000610351562,187.0,181.0,184.8000030517578,435014
2020-12-30,181.5500030517578,183.8000030517578,180.5500030517578,183.8000030517578,210255
2020-12-31,193.75,201.0,181.6999969482422,182.60000610351562,9049724
2021-01-01,196.60000610351562,198.8000030517578,192.0500030517578,196.89999389648438,2320496
2021-01-04,203.8000030517578,206.6999969482422,195.0500030517578,197.6999969482422,4836211
2021-01-05,203.60000610351562,209.6999969482422,201.0500030517578,205.0,3275653
2021-01-06,195.39999389648438,205.25,191.5,203.8000030517578,1847901
2021-01-07,194.89999389648438,198.1999969482422,194.3000030517578,196.5,644327
2021-01-08,200.39999389648438,203.39999389648438,196.0500030517578,196.60000610351562,1712126
2021-01-11,198.5500030517578,204.6999969482422,197.1999969482422,201.0,1040893
2021-01-12,195.64999389648438,199.5500030517578,194.5,198.14999389648438,658756
2021-01-13,193.10000610351562,197.5,190.39999389648438,196.1999969482422,583771
2021-01-14,196.5500030517578,198.0,191.0,194.10000610351562,1060738
2021-01-15,191.35000610351562,197.1999969482422,188.5,196.0,755991
2021-01-18,186.64999389648438,192.3000030517578,185.0500030517578,191.10000610351562,505999
2021-01-19,191.5,192.8000030517578,187.4499969482422,188.0,494373
2021-01-20,190.0500030517578,192.39999389648438,189.39999389648438,191.10000610351562,322604
2021-01-21,186.0500030517578,191.39999389648438,185.1999969482422,191.39999389648438,394338
2021-01-22,181.85000610351562,186.3000030517578,179.14999389648438,185.9499969482422,462975
2021-01-25,184.14999389648438,187.9499969482422,178.10000610351562,182.0,852088
2021-01-27,184.0500030517578,188.4499969482422,182.5500030517578,184.14999389648438,702055
2021-01-28,181.0,184.5,180.25,181.75,358678
2021-01-29,179.6999969482422,185.89999389648438,176.0,182.0,915051
2021-02-01,182.0500030517578,184.4499969482422,178.35000610351562,179.6999969482422,523269
2021-02-02,188.4499969482422,189.89999389648438,181.1999969482422,183.4499969482422,1307959
2021-02-03,189.75,194.89999389648438,188.35000610351562,189.4499969482422,1662732
2021-02-04,189.89999389648438,192.8000030517578,189.39999389648438,190.0,444221
2021-02-05,187.5,191.3000030517578,186.3000030517578,190.8000030517578,537946
2021-02-08,190.0,193.4499969482422,188.3000030517578,188.6999969482422,726798
2021-02-09,182.75,188.60000610351562,181.8000030517578,188.60000610351562,731538
2021-02-10,182.35000610351562,185.35000610351562,181.3000030517578,183.0500030517578,330416
2021-02-11,185.5500030517578,187.89999389648438,181.5500030517578,183.0,586879
2021-02-12,183.39999389648438,190.64999389648438,181.5500030517578,189.0500030517578,931053
2021-02-15,182.39999389648438,184.85000610351562,181.6999969482422,183.89999389648438,303172
2021-02-16,181.10000610351562,183.5,180.5,183.5,374815
2021-02-17,179.35000610351562,182.0,178.5500030517578,181.39999389648438,315834
2021-02-18,176.14999389648438,180.64999389648438,175.0,180.10000610351562,440914
2021-02-19,175.60000610351562,179.60000610351562,172.6999969482422,176.0,450324
2021-02-22,172.9499969482422,178.6999969482422,172.0,176.0500030517578,354890
2021-02-23,173.89999389648438,175.39999389648438,171.6999969482422,174.89999389648438,326301
2021-02-24,169.75,173.1999969482422,167.0,172.85000610351562,543160
2021-02-25,168.3000030517578,170.39999389648438,167.5,170.0,759964
2021-02-26,163.64999389648438,170.0,163.0,166.9499969482422,657200
2021-03-01,166.10000610351562,167.6999969482422,163.6999969482422,166.5,260618
2021-03-02,170.4499969482422,171.9499969482422,166.5500030517578,166.60000610351562,798218
2021-03-03,170.60000610351562,174.4499969482422,170.0,171.0,623454
2021-03-04,173.5500030517578,178.0,169.1999969482422,170.0,1493610
2021-03-05,169.89999389648438,173.8000030517578,168.8000030517578,171.25,344364
2021-03-08,170.6999969482422,173.1999969482422,169.8000030517578,170.0,360524
2021-03-09,167.1999969482422,173.1999969482422,165.4499969482422,173.0,334942
2021-03-10,163.8000030517578,169.89999389648438,163.3000030517578,168.10000610351562,773710
2021-03-12,165.39999389648438,167.85000610351562,164.4499969482422,166.89999389648438,425259
2021-03-15,162.85000610351562,166.3000030517578,161.75,165.8000030517578,256429
2021-03-16,163.0,164.35000610351562,162.5,163.6999969482422,234393
2021-03-17,156.6999969482422,163.8000030517578,155.64999389648438,163.0,276458
2021-03-18,152.39999389648438,159.5,151.39999389648438,158.0,420391
2021-03-19,153.85000610351562,155.0,145.10000610351562,151.0,503447
2021-03-22,156.0,158.10000610351562,154.64999389648438,155.0,277832
2021-03-23,153.64999389648438,158.0500030517578,152.89999389648438,156.60000610351562,322290
2021-03-24,151.1999969482422,155.9499969482422,150.14999389648438,153.0,357426
2021-03-25,142.6999969482422,151.4499969482422,141.5,151.1999969482422,599400
2021-03-26,148.25,148.64999389648438,144.0,144.0,739451
2021-03-30,144.89999389648438,152.5,144.25,149.0,497744
2021-03-31,142.14999389648438,146.9499969482422,141.0,145.0,409287
2021-04-01,152.25,153.0,142.3000030517578,142.6999969482422,1081036
2021-04-05,158.60000610351562,159.5,147.35000610351562,152.0,951397
2021-04-06,162.0,163.0,156.39999389648438,157.5,646081
2021-04-07,164.4499969482422,166.6999969482422,160.1999969482422,160.1999969482422,650095
2021-04-08,161.75,166.10000610351562,160.8000030517578,164.4499969482422,341936
2021-04-09,167.60000610351562,170.6999969482422,161.75,162.0,1250248
2021-04-12,157.10000610351562,167.60000610351562,155.0500030517578,167.60000610351562,1048124
2021-04-13,162.0500030517578,164.8000030517578,158.0,158.0,478265
2021-04-15,162.1999969482422,165.0,160.5,161.89999389648438,457427
2021-04-16,164.64999389648438,167.64999389648438,161.25,162.60000610351562,1012044
2021-04-19,159.60000610351562,163.8000030517578,157.64999389648438,161.0,495468
2021-04-20,165.5,171.3000030517578,159.64999389648438,161.14999389648438,1590667
2021-04-22,176.0,178.5,166.0,167.4499969482422,3100677
2021-04-23,175.64999389648438,181.64999389648438,173.10000610351562,178.0,1550398
2021-04-26,171.0,179.0500030517578,170.0,177.0,653393
2021-04-27,172.14999389648438,174.39999389648438,169.9499969482422,171.10000610351562,539345
2021-04-28,175.85000610351562,177.0,172.35000610351562,173.39999389648438,800890
2021-04-29,176.0,183.39999389648438,174.9499969482422,175.10000610351562,1515375
2021-04-30,174.89999389648438,182.3000030517578,172.5500030517578,173.85000610351562,1462493
2021-05-03,174.5500030517578,177.0,173.25,175.39999389648438,791322
2021-05-04,170.89999389648438,176.60000610351562,170.1999969482422,176.60000610351562,559562
2021-05-05,185.6999969482422,187.85000610351562,170.8000030517578,171.9499969482422,4999881
2021-05-06,181.5500030517578,188.3000030517578,180.25,186.64999389648438,1703137
2021-05-07,184.89999389648438,190.4499969482422,182.5,183.0500030517578,2011775
2021-05-10,220.35000610351562,221.85000610351562,187.0,187.89999389648438,15791690
2021-05-11,225.75,241.6999969482422,220.0,223.0,11221227
2021-05-12,240.25,247.8000030517578,222.39999389648438,229.39999389648438,6792946
2021-05-14,222.1999969482422,239.75,217.35000610351562,239.75,4550844
2021-05-17,227.14999389648438,243.0,222.75,225.0,4048614
2021-05-18,221.85000610351562,231.6999969482422,216.25,227.0,1376009
2021-05-19,226.35000610351562,229.6999969482422,220.10000610351562,222.39999389648438,1756550
2021-05-20,223.4499969482422,232.0,222.1999969482422,227.4499969482422,1190185
2021-05-21,224.39999389648438,227.9499969482422,223.10000610351562,226.0,656515
2021-05-24,222.9499969482422,228.89999389648438,221.8000030517578,225.0,745493
2021-05-25,228.8000030517578,236.39999389648438,221.3000030517578,225.0,2811731
2021-05-26,233.1999969482422,239.25,229.0,229.8000030517578,1804135
2021-05-27,231.4499969482422,235.6999969482422,228.0,235.0,971785
2021-05-28,223.6999969482422,232.4499969482422,222.60000610351562,232.0,1206430
2021-05-31,224.25,228.8000030517578,223.3000030517578,223.85000610351562,811625
2021-06-01,220.0500030517578,226.5,218.75,224.6999969482422,870269
2021-06-02,225.35000610351562,227.8000030517578,221.0,221.5500030517578,1472394
2021-06-03,227.0500030517578,231.6999969482422,225.3000030517578,226.10000610351562,934293
2021-06-04,223.60000610351562,228.14999389648438,221.64999389648438,226.0,625494
2021-06-07,232.5,238.39999389648438,222.5500030517578,224.75,2904725
2021-06-08,255.75,259.0,229.5500030517578,234.3000030517578,10646586
2021-06-09,244.1999969482422,264.8999938964844,239.9499969482422,257.79998779296875,5467610
2021-06-10,251.25,254.5,246.14999389648438,246.14999389648438,1887813
2021-06-11,248.5,254.8000030517578,244.5500030517578,252.6999969482422,1503755
2021-06-14,243.35000610351562,249.6999969482422,237.14999389648438,249.0,909519
2021-06-15,245.64999389648438,251.8000030517578,243.75,245.0,1171559
2021-06-16,238.0,247.64999389648438,236.0,246.6999969482422,1270345
2021-06-17,234.3000030517578,241.8000030517578,231.10000610351562,237.5,1115123
2021-06-18,232.0,239.5,216.0500030517578,235.5,1467153
2021-06-21,232.64999389648438,236.6999969482422,223.10000610351562,229.0,697398
2021-06-22,233.5500030517578,238.89999389648438,230.89999389648438,234.75,865265
2021-06-23,228.75,237.75,226.0500030517578,234.89999389648438,652679
2021-06-24,227.89999389648438,231.89999389648438,226.1999969482422,226.1999969482422,487976
2021-06-25,229.60000610351562,233.3000030517578,226.3000030517578,229.0500030517578,658394
2021-06-28,229.3000030517578,233.5,227.0,230.60000610351562,786900
2021-06-29,235.14999389648438,241.5500030517578,228.25,229.89999389648438,1748489
2021-06-30,229.75,237.39999389648438,227.8000030517578,237.0,621134
2021-07-01,232.8000030517578,235.4499969482422,228.60000610351562,230.6999969482422,798986
2021-07-02,238.75,244.0,234.75,234.89999389648438,2409898
2021-07-05,236.4499969482422,241.4499969482422,233.6999969482422,240.10000610351562,784073
2021-07-06,239.0,241.8000030517578,236.0,236.89999389648438,754372
2021-07-07,246.25,250.6999969482422,236.0,240.0,2832887
2021-07-08,245.8000030517578,255.0,242.10000610351562,247.5,3275293
2021-07-09,247.9499969482422,252.8000030517578,246.3000030517578,247.0500030517578,1657522
2021-07-12,245.0,251.1999969482422,242.60000610351562,250.0,628096
2021-07-13,249.1999969482422,251.0,245.0,246.89999389648438,1304924
2021-07-14,255.4499969482422,263.0,248.5,250.4499969482422,3146890
2021-07-15,250.9499969482422,259.5,249.5,257.29998779296875,1294948
2021-07-16,247.5500030517578,255.6999969482422,246.5,252.25,757531
2021-07-19,245.3000030517578,247.85000610351562,242.0,244.5,827831
2021-07-20,243.64999389648438,250.8000030517578,238.1999969482422,247.0,1183930
2021-07-22,247.64999389648438,253.6999969482422,245.39999389648438,245.39999389648438,1253788
2021-07-23,265.8999938964844,268.45001220703125,247.64999389648438,248.64999389648438,6949334
2021-07-26,260.45001220703125,271.95001220703125,257.1000061035156,268.0,3306726
2021-07-27,241.60000610351562,256.8999938964844,239.0500030517578,250.4499969482422,2471135
2021-07-28,239.85000610351562,243.64999389648438,230.35000610351562,243.64999389648438,1425425
2021-07-29,245.4499969482422,249.8000030517578,239.85000610351562,239.89999389648438,1271087
2021-07-30,271.3500061035156,277.1000061035156,242.25,244.10000610351562,13497659
2021-08-02,280.95001220703125,283.0,262.5,269.79998779296875,7984005
2021-08-03,278.1499938964844,288.79998779296875,276.04998779296875,280.95001220703125,4278470
2021-08-04,274.25,283.20001220703125,271.1499938964844,278.0,1948660
2021-08-05,288.75,294.45001220703125,269.29998779296875,275.20001220703125,5656308
2021-08-06,285.29998779296875,291.6000061035156,282.1000061035156,290.20001220703125,1676435
2021-08-09,284.1499938964844,286.75,277.8999938964844,285.0,1149969
2021-08-10,284.54998779296875,290.25,258.1499938964844,284.0,2448378
2021-08-11,277.04998779296875,283.0,270.0,283.0,1458590
2021-08-12,281.8999938964844,284.0,273.79998779296875,277.70001220703125,877169
2021-08-13,280.20001220703125,294.95001220703125,277.8500061035156,280.0,2118900
2021-08-16,300.1499938964844,302.79998779296875,278.75,280.0,4215073
2021-08-17,302.20001220703125,312.0,297.0,301.5,4367883
2021-08-18,289.6499938964844,303.29998779296875,287.0,302.0,1382468
2021-08-20,275.79998779296875,286.8999938964844,272.54998779296875,285.75,2172351
2021-08-23,272.8999938964844,281.0,266.75,278.1000061035156,1294654
2021-08-24,282.95001220703125,284.45001220703125,270.75,274.29998779296875,1207624
2021-08-25,293.3999938964844,295.8999938964844,278.0,283.0,1571145
2021-08-26,288.70001220703125,294.54998779296875,286.29998779296875,290.0,662159
2021-08-27,287.6000061035156,293.70001220703125,285.1499938964844,288.70001220703125,948593
2021-08-30,300.04998779296875,304.95001220703125,288.0,290.3999938964844,1794834
2021-08-31,300.5,303.8999938964844,294.70001220703125,298.5,1333516
2021-09-01,302.54998779296875,307.0,296.8500061035156,302.04998779296875,1245855
2021-09-02,305.25,310.3999938964844,298.04998779296875,304.25,1257549
2021-09-03,299.79998779296875,306.5,298.0,305.25,808212
2021-09-06,300.29998779296875,306.0,296.0,301.0,753327
2021-09-07,293.3500061035156,300.0,291.5,298.0,507677
2021-09-08,291.1000061035156,297.54998779296875,289.29998779296875,294.0,514401
2021-09-09,292.45001220703125,296.70001220703125,289.29998779296875,292.45001220703125,459413
2021-09-13,291.45001220703125,296.45001220703125,287.25,293.0,951220
2021-09-14,293.54998779296875,297.0,292.0,292.0,539884
2021-09-15,296.3500061035156,300.0,292.6000061035156,295.04998779296875,1126086
2021-09-16,300.1499938964844,305.8999938964844,295.6499938964844,297.79998779296875,967822
2021-09-17,290.6499938964844,303.0,289.1000061035156,300.0,769381
2021-09-20,284.45001220703125,291.70001220703125,283.04998779296875,287.79998779296875,427662
2021-09-21,285.6499938964844,286.8500061035156,275.04998779296875,286.8500061035156,575198
2021-09-22,288.8999938964844,292.0,285.1499938964844,287.0,464392
2021-09-23,290.1000061035156,294.5,287.75,289.0,483313
2021-09-24,290.6499938964844,292.95001220703125,289.0,291.0,391863
2021-09-27,289.25,309.5,287.04998779296875,292.25,2530323
2021-09-28,293.25,295.0,287.5,290.20001220703125,774916
2021-09-29,294.8999938964844,305.0,293.3500061035156,294.3500061035156,1883767
2021-09-30,295.8500061035156,300.8999938964844,292.45001220703125,296.5,1114695
2021-10-01,293.45001220703125,297.95001220703125,292.45001220703125,294.0,516065
2021-10-04,294.0,297.95001220703125,292.5,294.20001220703125,526020
2021-10-05,289.8500061035156,295.29998779296875,288.5,293.3500061035156,385444
2021-10-06,280.54998779296875,293.0,279.5,291.29998779296875,494460
2021-10-07,286.1000061035156,288.29998779296875,282.6499938964844,283.0,337947
2021-10-08,289.3500061035156,290.0,285.20001220703125,287.5,585866
2021-10-11,291.54998779296875,294.0,288.79998779296875,290.79998779296875,438007
2021-10-12,293.6499938964844,298.20001220703125,291.20001220703125,292.0,583724
2021-10-13,295.1499938964844,302.0,293.5,295.6499938964844,664056
2021-10-14,293.70001220703125,302.79998779296875,292.04998779296875,297.29998779296875,688319
2021-10-18,297.29998779296875,305.0,292.0,293.0,878533
2021-10-19,292.95001220703125,299.95001220703125,289.04998779296875,299.95001220703125,404543
2021-10-20,280.5,292.79998779296875,277.04998779296875,291.1000061035156,610508
2021-10-21,284.04998779296875,287.5,271.0,282.25,482103
2021-10-22,284.70001220703125,295.0,280.1000061035156,285.5,790858
2021-10-25,274.8500061035156,284.70001220703125,272.79998779296875,284.70001220703125,331074
2021-10-26,279.1000061035156,280.0,273.5,273.5,179787
2021-10-27,274.20001220703125,287.79998779296875,270.3500061035156,280.0,806091
2021-10-28,269.6000061035156,278.95001220703125,262.1499938964844,274.0,407362
2021-10-29,262.5,274.20001220703125,261.0,269.20001220703125,415110
2021-11-01,267.25,269.3999938964844,263.79998779296875,265.0,226066
2021-11-02,270.79998779296875,275.8999938964844,266.04998779296875,269.3999938964844,563933
2021-11-03,269.1000061035156,276.0,266.0,272.6499938964844,212025
2021-11-04,269.70001220703125,271.0,268.20001220703125,270.95001220703125,41067
2021-11-08,270.04998779296875,271.0,267.79998779296875,270.0,145729
2021-11-09,270.75,275.70001220703125,270.04998779296875,271.45001220703125,203059
2021-11-10,270.6499938964844,274.79998779296875,270.0,271.20001220703125,152108
2021-11-11,265.3500061035156,271.75,264.0,270.75,219101
2021-11-12,264.3999938964844,268.29998779296875,261.79998779296875,266.25,162205
2021-11-15,271.3500061035156,275.8999938964844,263.29998779296875,266.0,495629
2021-11-16,272.3999938964844,279.95001220703125,265.04998779296875,272.75,777777
2021-11-17,264.5,275.3999938964844,262.5,272.0,324161
2021-11-18,264.04998779296875,271.79998779296875,258.3500061035156,264.0,451215
2021-11-22,247.25,266.6499938964844,245.5,265.0,407925
2021-11-23,257.29998779296875,259.3500061035156,243.10000610351562,246.0,319420
2021-11-24,255.0,260.8999938964844,253.0,259.0,158488
2021-11-25,257.04998779296875,259.79998779296875,253.0,256.0,156549
2021-11-26,252.35000610351562,266.0,248.5,258.8999938964844,608263
2021-11-29,247.10000610351562,260.8999938964844,245.0,255.0,313314
2021-11-30,246.8000030517578,253.89999389648438,244.39999389648438,248.0,237149
2021-12-01,243.14999389648438,251.85000610351562,241.25,248.5,237529
2021-12-02,248.85000610351562,252.0,242.9499969482422,243.0,414436
2021-12-03,254.5,260.45001220703125,247.1999969482422,249.9499969482422,687531
2021-12-06,245.35000610351562,256.95001220703125,244.8000030517578,254.5,215428
2021-12-07,249.60000610351562,251.39999389648438,245.5500030517578,246.89999389648438,185795
2021-12-08,253.35000610351562,262.8500061035156,252.0,258.0,531465
2021-12-09,248.75,255.75,248.0,253.3000030517578,296894
2021-12-10,258.1000061035156,259.20001220703125,248.0,250.8000030517578,615847
2021-12-13,279.25,284.29998779296875,273.1000061035156,278.1000061035156,3733828
2021-12-14,272.1499938964844,278.0,271.0,275.0,525050
2021-12-15,274.79998779296875,278.3999938964844,265.5,272.3999938964844,844125
2021-12-16,266.1499938964844,277.54998779296875,265.0,277.1499938964844,306320
2021-12-17,252.8000030517578,265.75,248.64999389648438,265.0,495201
2021-12-20,246.25,257.3999938964844,242.60000610351562,252.0,466391
2021-12-21,246.10000610351562,253.0500030517578,244.1999969482422,247.0,272916
2021-12-22,254.3000030517578,257.0,247.3000030517578,248.0,402807
2021-12-23,251.3000030517578,257.45001220703125,250.14999389648438,256.0,195500
2021-12-24,246.25,252.10000610351562,245.14999389648438,251.8000030517578,147041
2021-12-27,251.0500030517578,253.60000610351562,245.4499969482422,246.25,269109
2021-12-28,256.1000061035156,258.8500061035156,251.10000610351562,252.85000610351562,436608
2021-12-29,285.8500061035156,293.95001220703125,257.0,257.3999938964844,3249365
2021-12-30,279.29998779296875,290.75,277.1000061035156,285.5,1604729
2021-12-31,286.8999938964844,289.0,276.54998779296875,276.54998779296875,1466013
2022-01-03,292.0,296.3999938964844,283.3999938964844,286.79998779296875,1503806
2022-01-04,294.20001220703125,300.0,287.54998779296875,292.8500061035156,1147721
2022-01-05,295.8999938964844,301.8999938964844,290.0,290.25,1030731
2022-01-06,295.75,298.6499938964844,290.5,294.8500061035156,593921
2022-01-07,327.1499938964844,333.70001220703125,295.04998779296875,297.5,6780791
2022-01-10,316.25,333.70001220703125,314.3999938964844,332.0,2302489
2022-01-11,314.45001220703125,327.5,312.8500061035156,317.0,1523386
2022-01-12,312.20001220703125,322.0,307.3500061035156,317.75,1291759
2022-01-13,317.75,328.3999938964844,314.04998779296875,314.70001220703125,2105295
2022-01-14,312.75,319.79998779296875,311.1000061035156,317.79998779296875,510625
2022-01-17,321.0,332.79998779296875,311.8500061035156,313.8999938964844,1775504
2022-01-18,314.5,324.79998779296875,311.3999938964844,323.45001220703125,718498
2022-01-19,315.25,321.79998779296875,310.29998779296875,314.20001220703125,538704
2022-01-20,321.20001220703125,322.95001220703125,314.25,315.79998779296875,543132
2022-01-21,322.1499938964844,337.8500061035156,316.20001220703125,321.20001220703125,3413154
2022-01-24,306.45001220703125,324.6000061035156,303.0,320.20001220703125,1274803
2022-01-25,320.95001220703125,328.8999938964844,303.04998779296875,305.0,1158248
2022-01-27,310.45001220703125,317.95001220703125,307.6000061035156,316.0,842055
2022-01-28,313.8999938964844,322.8999938964844,310.70001220703125,312.1000061035156,563314
2022-01-31,312.45001220703125,324.95001220703125,311.0,316.70001220703125,1148260
2022-02-01,327.95001220703125,332.1499938964844,313.8500061035156,315.29998779296875,1420520
2022-02-02,344.20001220703125,349.0,329.45001220703125,332.0,2882717
2022-02-03,333.75,346.95001220703125,331.8500061035156,344.0,764083
2022-02-04,334.8500061035156,348.3999938964844,330.0,334.1000061035156,1539056
2022-02-07,325.70001220703125,338.0,324.0,336.0,642927
2022-02-08,322.1499938964844,329.8999938964844,316.3999938964844,325.0,645437
2022-02-09,324.3500061035156,328.79998779296875,321.6000061035156,323.1000061035156,411051
2022-02-10,324.5,328.8999938964844,322.1499938964844,326.0,325343
2022-02-11,319.25,324.0,317.04998779296875,324.0,220841
2022-02-14,295.25,318.3500061035156,288.0,316.0,528233
2022-02-15,305.04998779296875,307.29998779296875,286.0,297.0,527137
2022-02-16,315.3500061035156,324.0,303.95001220703125,304.75,655515
2022-02-17,309.1499938964844,319.6000061035156,306.95001220703125,315.5,241530
2022-02-18,305.6499938964844,314.25,303.20001220703125,307.20001220703125,247205
2022-02-21,293.1000061035156,304.5,290.1000061035156,304.5,313359
2022-02-22,282.20001220703125,288.6499938964844,278.3999938964844,288.0,295220
2022-02-23,277.8999938964844,290.75,275.1000061035156,287.0,306230
2022-02-24,254.60000610351562,273.3999938964844,250.10000610351562,268.0,550956
2022-02-25,270.0,273.6499938964844,261.8999938964844,261.8999938964844,401604
2022-02-28,268.75,272.79998779296875,261.0,265.0,341063
2022-03-02,264.0,277.20001220703125,262.1000061035156,268.0,401190
2022-03-03,266.3500061035156,270.45001220703125,264.1000061035156,264.8999938964844,217924
2022-03-04,264.20001220703125,269.20001220703125,260.1499938964844,264.0,292875
2022-03-07,259.79998779296875,262.8999938964844,250.0,258.0,480279
2022-03-08,277.20001220703125,279.8500061035156,259.79998779296875,259.79998779296875,1106279
2022-03-09,278.54998779296875,290.79998779296875,276.75,278.8999938964844,1024862
2022-03-10,275.0,286.3999938964844,272.25,282.70001220703125,830263
2022-03-11,281.3500061035156,286.70001220703125,273.6499938964844,275.3999938964844,1275023
2022-03-14,276.20001220703125,284.1499938964844,275.3999938964844,282.0,589590
2022-03-15,267.6000061035156,281.79998779296875,265.3500061035156,277.6000061035156,1015740
2022-03-16,266.79998779296875,273.0,265.0,271.3999938964844,779541
2022-03-17,272.54998779296875,275.75,268.75,268.75,876740
2022-03-21,292.8999938964844,297.70001220703125,272.04998779296875,274.79998779296875,2173489
2022-03-22,289.95001220703125,299.20001220703125,284.29998779296875,291.95001220703125,1848748
2022-03-23,289.04998779296875,296.45001220703125,288.04998779296875,290.75,464920
2022-03-24,290.29998779296875,301.70001220703125,287.79998779296875,289.0,953018
2022-03-25,289.6000061035156,296.8999938964844,286.04998779296875,291.0,761161
2022-03-28,287.5,295.45001220703125,285.1000061035156,291.95001220703125,482864
2022-03-29,302.0,305.0,287.5,290.29998779296875,1078758
2022-03-30,299.20001220703125,309.04998779296875,297.1000061035156,304.95001220703125,516082
2022-03-31,296.95001220703125,307.79998779296875,295.6499938964844,300.79998779296875,499698
2022-04-01,300.0,302.95001220703125,298.0,299.29998779296875,313794
2022-04-04,299.20001220703125,305.20001220703125,297.20001220703125,302.3999938964844,380189
2022-04-05,299.54998779296875,305.8500061035156,297.1000061035156,300.8999938964844,433692
2022-04-06,292.1000061035156,301.95001220703125,290.95001220703125,299.0,423996
2022-04-07,286.79998779296875,300.3999938964844,284.20001220703125,294.75,503810
2022-04-08,291.8500061035156,294.3999938964844,287.70001220703125,289.0,309768
2022-04-11,289.8999938964844,294.70001220703125,288.1499938964844,292.70001220703125,181102
2022-04-12,284.8999938964844,294.0,283.1499938964844,289.8999938964844,307142
2022-04-13,289.1499938964844,295.5,283.3999938964844,286.3500061035156,710293
2022-04-18,280.3999938964844,291.3500061035156,279.0,290.0,276748
2022-04-19,273.3500061035156,286.6000061035156,265.04998779296875,282.6000061035156,267219
2022-04-20,275.1499938964844,283.0,273.0,282.0,427763
2022-04-21,280.1000061035156,284.3999938964844,277.1499938964844,277.1499938964844,354131
2022-04-22,275.3500061035156,281.8999938964844,274.20001220703125,281.0,212179
2022-04-25,264.6000061035156,273.8999938964844,263.0,273.70001220703125,218764
2022-04-26,267.04998779296875,270.0,265.6000061035156,268.0,178434
2022-04-27,262.1499938964844,268.3500061035156,261.04998779296875,265.5,169994
2022-04-28,258.6000061035156,267.29998779296875,257.04998779296875,264.3999938964844,237679
2022-04-29,265.25,272.0,260.25,260.25,433167
2022-05-02,260.8999938964844,263.45001220703125,256.20001220703125,260.0,287357
2022-05-04,248.89999389648438,267.0,245.3000030517578,262.3500061035156,311732
2022-05-05,252.9499969482422,255.0,249.5,251.75,176421
2022-05-06,240.85000610351562,249.5,238.14999389648438,248.0,341399
2022-05-09,233.4499969482422,237.89999389648438,231.0,237.89999389648438,230859
2022-05-10,222.3000030517578,237.8000030517578,220.6999969482422,234.64999389648438,268183
2022-05-11,218.3000030517578,225.0,210.60000610351562,222.3000030517578,367353
2022-05-12,203.9499969482422,214.0,201.0,214.0,372584
2022-05-13,210.0500030517578,216.9499969482422,205.4499969482422,205.4499969482422,335482
2022-05-16,226.14999389648438,229.0,210.14999389648438,211.0500030517578,807584
2022-05-17,231.75,239.89999389648438,225.35000610351562,227.9499969482422,623719
2022-05-18,228.6999969482422,235.0,226.4499969482422,232.14999389648438,272459
2022-05-19,216.1999969482422,226.3000030517578,214.0500030517578,224.0,449679
2022-05-20,223.5500030517578,225.6999969482422,218.9499969482422,219.89999389648438,527066
2022-05-23,216.4499969482422,227.75,212.89999389648438,227.0,537780
2022-05-24,219.89999389648438,224.60000610351562,215.0,217.10000610351562,644653
2022-05-25,212.35000610351562,224.14999389648438,210.0,221.39999389648438,478713
2022-05-26,213.0500030517578,215.64999389648438,204.5,214.9499969482422,432295
2022-05-27,218.64999389648438,223.39999389648438,215.0500030517578,218.8000030517578,524786
2022-05-30,222.75,227.4499969482422,219.10000610351562,220.89999389648438,594819
2022-05-31,222.3000030517578,225.35000610351562,218.64999389648438,220.0,497367
2022-06-01,218.5,224.9499969482422,216.75,224.9499969482422,435623
2022-06-02,221.25,222.0,217.0,217.85000610351562,434604
2022-06-03,219.0,224.6999969482422,216.5,223.0,424614
2022-06-06,216.0500030517578,218.8000030517578,215.14999389648438,217.9499969482422,418095
2022-06-07,212.1999969482422,216.5,211.10000610351562,214.0,378514
2022-06-08,213.0,219.8000030517578,209.0,212.5500030517578,446853
2022-06-09,215.25,216.3000030517578,210.64999389648438,211.9499969482422,120128
2022-06-10,212.1999969482422,214.9499969482422,211.0,212.5,84741
2022-06-13,201.75,209.85000610351562,200.60000610351562,208.0,137946
2022-06-14,199.9499969482422,205.0,192.0,201.75,189682
2022-06-15,204.39999389648438,206.10000610351562,199.0500030517578,199.0500030517578,162275
2022-06-16,187.3000030517578,205.89999389648438,185.0,204.39999389648438,338683
2022-06-17,185.14999389648438,190.0,170.4499969482422,185.39999389648438,760931
2022-06-20,174.1999969482422,189.6999969482422,172.0500030517578,186.8000030517578,710253
2022-06-21,194.5500030517578,200.0,176.9499969482422,177.89999389648438,582565
2022-06-22,186.0,192.6999969482422,185.0,189.0500030517578,349710
2022-06-23,188.75,191.0,186.3000030517578,186.9499969482422,200002
2022-06-24,203.1999969482422,205.64999389648438,189.5500030517578,189.60000610351562,805134
2022-06-27,207.64999389648438,209.64999389648438,203.5,206.6999969482422,249655
2022-06-28,209.89999389648438,215.10000610351562,204.0,204.0,396723
2022-06-29,212.85000610351562,217.8000030517578,205.25,206.8000030517578,447061
2022-06-30,209.10000610351562,216.60000610351562,206.5500030517578,213.39999389648438,217045
2022-07-01,204.3000030517578,209.6999969482422,202.35000610351562,209.10000610351562,145955
2022-07-04,205.10000610351562,207.89999389648438,203.5,204.3000030517578,129535
2022-07-05,202.85000610351562,209.75,200.64999389648438,206.14999389648438,122865
2022-07-06,204.35000610351562,205.75,202.0500030517578,202.85000610351562,92448
2022-07-07,211.4499969482422,213.60000610351562,204.0,204.35000610351562,345575
2022-07-08,211.4499969482422,217.4499969482422,207.5500030517578,212.5500030517578,563183
2022-07-11,214.8000030517578,215.5,209.60000610351562,210.39999389648438,182124
2022-07-12,211.89999389648438,219.6999969482422,209.3000030517578,213.6999969482422,507589
2022-07-13,214.39999389648438,217.0500030517578,210.0500030517578,212.0500030517578,184213
2022-07-14,214.5500030517578,218.5,212.8000030517578,215.4499969482422,311184
2022-07-15,214.35000610351562,218.10000610351562,212.64999389648438,214.64999389648438,183289
2022-07-18,220.35000610351562,222.0,215.3000030517578,215.3000030517578,408852
2022-07-19,220.0,226.0,218.0,218.0500030517578,183884
2022-07-20,219.85000610351562,222.75,217.5,222.75,148517
2022-07-21,219.3000030517578,222.39999389648438,217.64999389648438,220.35000610351562,172195
2022-07-22,220.1999969482422,225.8000030517578,218.64999389648438,220.3000030517578,357492
2022-07-25,218.5500030517578,221.9499969482422,216.5,219.8000030517578,157228
2022-07-26,216.6999969482422,219.60000610351562,215.6999969482422,218.89999389648438,78376
2022-07-27,220.6999969482422,223.5,214.25,216.0,225158
2022-07-28,221.9499969482422,228.0,220.10000610351562,220.6999969482422,436476
2022-07-29,227.5,230.85000610351562,221.89999389648438,224.0,808786
2022-08-01,223.85000610351562,229.3000030517578,222.89999389648438,228.64999389648438,277328
2022-08-02,222.85000610351562,226.0,221.8000030517578,223.85000610351562,166467
2022-08-03,223.14999389648438,226.6999969482422,220.35000610351562,222.85000610351562,160210
2022-08-04,224.0,225.6999969482422,217.4499969482422,224.8000030517578,158998
2022-08-05,223.5500030517578,228.0,222.0,223.75,156600
2022-08-08,221.35000610351562,224.35000610351562,214.0,223.5500030517578,475803
2022-08-10,218.9499969482422,222.5,218.0,218.0,133302
2022-08-11,218.9499969482422,222.39999389648438,218.0,218.9499969482422,101039
2022-08-12,217.60000610351562,220.9499969482422,216.35000610351562,220.3000030517578,97930
2022-08-16,218.0,221.0,215.0,218.3000030517578,121610
2022-08-17,229.1999969482422,230.4499969482422,219.0,219.39999389648438,755176
2022-08-18,235.10000610351562,238.5,231.5,232.0,958547
2022-08-19,241.4499969482422,244.14999389648438,232.39999389648438,235.4499969482422,1035114
2022-08-22,238.9499969482422,244.0,237.0500030517578,244.0,320733
2022-08-23,233.5,239.5500030517578,231.5,239.0,212136
2022-08-24,233.75,236.85000610351562,229.0,234.3000030517578,231021
2022-08-25,232.60000610351562,242.0,230.10000610351562,234.9499969482422,577336
2022-08-26,232.35000610351562,236.5500030517578,230.39999389648438,234.0,145606
2022-08-29,229.39999389648438,230.9499969482422,227.35000610351562,229.6999969482422,128633
2022-08-30,229.9499969482422,235.0,228.75,229.4499969482422,235897
2022-09-01,230.5500030517578,235.8000030517578,227.5,227.5500030517578,205094
2022-09-02,226.35000610351562,234.6999969482422,225.10000610351562,234.6999969482422,149446
2022-09-05,227.85000610351562,231.0,225.75,226.6999969482422,297385
2022-09-06,228.64999389648438,231.89999389648438,225.0,229.0,234756
2022-09-07,233.14999389648438,233.89999389648438,225.64999389648438,225.64999389648438,239847
2022-09-08,235.8000030517578,238.89999389648438,233.60000610351562,236.0,357226
2022-09-09,230.85000610351562,241.35000610351562,229.8000030517578,238.4499969482422,326244
2022-09-12,232.85000610351562,234.89999389648438,231.9499969482422,231.9499969482422,134605
2022-09-13,228.0500030517578,235.8000030517578,227.5,233.0,401080
2022-09-14,226.0,230.10000610351562,225.25,227.0,178725
2022-09-15,225.5,228.5,222.10000610351562,226.25,150803
2022-09-16,221.3000030517578,229.8000030517578,220.5,225.4499969482422,308567
2022-09-19,220.10000610351562,227.5,218.89999389648438,222.25,196105
2022-09-20,224.8000030517578,228.8000030517578,221.64999389648438,221.6999969482422,295207
2022-09-21,221.6999969482422,228.75,220.25,225.4499969482422,208026
2022-09-22,223.25,224.89999389648438,217.85000610351562,221.64999389648438,150082
2022-09-23,217.14999389648438,224.5500030517578,216.1999969482422,222.85000610351562,174302
2022-09-26,206.5500030517578,216.8000030517578,205.0,216.8000030517578,217357
2022-09-27,202.0500030517578,209.64999389648438,200.10000610351562,208.0,139145
2022-09-28,201.1999969482422,204.85000610351562,196.3000030517578,202.0,139858
2022-09-29,231.10000610351562,238.8000030517578,203.0,203.0,8011409
2022-09-30,220.14999389648438,229.0,218.5,228.0,2054034
2022-10-03,225.4499969482422,234.39999389648438,219.39999389648438,221.85000610351562,2248097
2022-10-04,223.14999389648438,228.89999389648438,220.85000610351562,228.14999389648438,495243
2022-10-06,227.75,231.8000030517578,222.0500030517578,224.60000610351562,877541
2022-10-07,218.6999969482422,228.89999389648438,217.10000610351562,227.75,755031
2022-10-10,227.75,232.0,216.10000610351562,217.5,772055
2022-10-11,228.5,235.5,225.1999969482422,228.0,1422511
2022-10-12,229.64999389648438,233.0,220.10000610351562,228.6999969482422,589589
2022-10-13,236.75,242.1999969482422,232.0500030517578,232.8000030517578,2688198
2022-10-14,230.14999389648438,242.0,228.14999389648438,242.0,917907
2022-10-17,223.60000610351562,229.1999969482422,223.0,227.14999389648438,361330
2022-10-18,227.60000610351562,229.6999969482422,224.0,225.0,748962
2022-10-19,225.4499969482422,230.6999969482422,224.14999389648438,227.60000610351562,207815
2022-10-20,234.8000030517578,237.10000610351562,224.0,225.4499969482422,470508
2022-10-21,230.4499969482422,236.85000610351562,228.0500030517578,232.60000610351562,291381
2022-10-24,230.5,233.75,228.5,232.0,56052
2022-10-25,231.4499969482422,233.9499969482422,228.3000030517578,230.0,293532
2022-10-27,239.0500030517578,242.75,232.0,232.0,1130668
2022-10-28,251.39999389648438,253.0,237.25,239.0500030517578,3014340
2022-10-31,258.29998779296875,260.0,253.10000610351562,257.3999938964844,1215283
2022-11-01,255.64999389648438,260.79998779296875,254.35000610351562,260.0,552262
2022-11-02,248.60000610351562,259.5,247.25,256.95001220703125,575933
2022-11-03,245.6999969482422,250.3000030517578,243.35000610351562,249.8000030517578,303185
2022-11-04,260.75,264.54998779296875,243.14999389648438,246.89999389648438,1373621
2022-11-07,254.64999389648438,261.70001220703125,252.1999969482422,260.75,539442
2022-11-09,248.89999389648438,265.8500061035156,246.89999389648438,254.0,796549
2022-11-10,246.14999389648438,252.75,240.5500030517578,249.60000610351562,391148
2022-11-11,245.85000610351562,249.85000610351562,243.6999969482422,247.39999389648438,229672
2022-11-14,244.85000610351562,246.6999969482422,242.35000610351562,246.6999969482422,163234
2022-11-15,248.3000030517578,249.4499969482422,244.14999389648438,244.9499969482422,207145
2022-11-16,244.9499969482422,251.4499969482422,243.5,248.3000030517578,185599
2022-11-17,239.64999389648438,246.64999389648438,237.5,244.8000030517578,194355
2022-11-18,243.10000610351562,249.85000610351562,238.5500030517578,240.8000030517578,531650
2022-11-21,246.1999969482422,248.39999389648438,241.5,245.5500030517578,283855
2022-11-22,243.0,247.5,241.0,245.5,212055
2022-11-23,253.60000610351562,256.1499938964844,243.8000030517578,244.0,600572
2022-11-24,249.39999389648438,254.1999969482422,248.0500030517578,251.10000610351562,193675
2022-11-25,247.75,255.0,245.3000030517578,249.39999389648438,412634
2022-11-28,248.64999389648438,250.89999389648438,247.60000610351562,249.0,153740
2022-11-29,247.35000610351562,251.39999389648438,244.1999969482422,246.39999389648438,180812
2022-11-30,250.6999969482422,253.0,245.0500030517578,248.0,206832
2022-12-01,256.1000061035156,259.70001220703125,248.60000610351562,250.64999389648438,703914
2022-12-02,254.25,256.1000061035156,252.5500030517578,255.75,153856
2022-12-05,249.75,255.35000610351562,248.0,255.3000030517578,181068
2022-12-06,251.85000610351562,254.8000030517578,249.39999389648438,249.9499969482422,211406
2022-12-07,248.3000030517578,253.8000030517578,247.10000610351562,252.89999389648438,132034
2022-12-08,240.8000030517578,249.10000610351562,239.0,248.0,254108
2022-12-09,235.5,244.89999389648438,233.6999969482422,244.39999389648438,243759
2022-12-12,220.75,236.6999969482422,219.0,235.6999969482422,1487112
2022-12-13,225.14999389648438,226.35000610351562,221.0,225.9499969482422,574909
2022-12-14,225.9499969482422,228.0,224.5500030517578,226.0,211490
2022-12-15,224.39999389648438,228.25,223.1999969482422,226.0,184915
2022-12-16,217.0500030517578,224.85000610351562,216.0500030517578,224.1999969482422,302379
2022-12-19,210.89999389648438,218.75,210.0,217.89999389648438,320068
2022-12-20,208.8000030517578,214.0,207.85000610351562,211.89999389648438,290282
2022-12-21,210.5500030517578,218.0,208.0,209.85000610351562,921882
2022-12-22,215.6999969482422,225.8000030517578,212.0,212.0,2718499
2022-12-23,204.10000610351562,220.0,202.0,218.5,751540
2022-12-26,213.8000030517578,215.0,203.75,205.25,322155
2022-12-27,213.3000030517578,216.39999389648438,211.3000030517578,215.0,206646
2022-12-28,210.14999389648438,213.5,209.1999969482422,211.10000610351562,231651
2022-12-29,210.6999969482422,212.5,209.5,211.10000610351562,209562
2022-12-30,208.60000610351562,212.8000030517578,208.10000610351562,211.85000610351562,195240
2023-01-02,209.3000030517578,210.1999969482422,208.25,208.75,125839
2023-01-03,210.1999969482422,212.5,209.0,210.3000030517578,211266
2023-01-04,208.60000610351562,214.5,208.0,210.64999389648438,347657
2023-01-05,210.9499969482422,212.85000610351562,208.5,209.60000610351562,218174
2023-01-06,208.89999389648438,213.60000610351562,207.5500030517578,211.64999389648438,205418
2023-01-09,210.0,212.25,208.39999389648438,210.5,110422
2023-01-10,210.14999389648438,212.0,208.5500030517578,210.10000610351562,116016
2023-01-11,209.64999389648438,211.8000030517578,208.6999969482422,211.0,138216
2023-01-12,208.8000030517578,211.25,208.0500030517578,210.25,114316
2023-01-13,204.4499969482422,209.85000610351562,203.0,209.0500030517578,292012
2023-01-16,206.14999389648438,207.5,205.3000030517578,205.5,120660
2023-01-17,209.1999969482422,213.85000610351562,206.35000610351562,206.8000030517578,1140019
2023-01-18,206.9499969482422,210.1999969482422,206.0,210.0,227047
2023-01-19,204.5500030517578,208.85000610351562,203.0,206.85000610351562,217407
2023-01-20,204.39999389648438,206.8000030517578,202.0,205.39999389648438,153274
2023-01-23,202.9499969482422,206.75,201.35000610351562,204.5500030517578,161713
2023-01-24,200.1999969482422,203.89999389648438,199.3000030517578,203.89999389648438,167497
2023-01-25,199.4499969482422,202.0,196.5,199.9499969482422,110819
2023-01-27,196.39999389648438,202.85000610351562,192.6999969482422,200.89999389648438,174400
2023-01-30,192.64999389648438,197.0,192.0,196.39999389648438,134186
2023-01-31,200.25,202.0,191.0500030517578,193.60000610351562,211994
2023-02-01,193.0,203.25,189.5500030517578,200.8000030517578,282763
2023-02-02,193.5500030517578,197.5,193.0,193.89999389648438,144989
2023-02-03,196.5,199.0,191.64999389648438,194.60000610351562,186469
2023-02-06,193.5,197.25,193.0,196.5,99961
2023-02-07,189.60000610351562,195.39999389648438,187.8000030517578,194.5,245869
2023-02-08,189.8000030517578,191.5500030517578,187.9499969482422,189.85000610351562,137647
2023-02-09,189.35000610351562,190.1999969482422,187.8000030517578,190.0,80167
2023-02-10,188.5,190.0500030517578,187.75,188.60000610351562,258880
2023-02-13,220.75,224.0,188.0500030517578,188.5,7012262
2023-02-14,200.39999389648438,218.8000030517578,197.5500030517578,217.6999969482422,3435800
2023-02-15,195.25,204.0,192.6999969482422,199.60000610351562,1282245
2023-02-16,206.35000610351562,210.0,195.60000610351562,197.60000610351562,2871024
2023-02-17,202.39999389648438,205.8000030517578,201.5,203.5,534772
2023-02-20,193.64999389648438,203.9499969482422,192.35000610351562,202.3000030517578,771884
2023-02-21,195.39999389648438,199.6999969482422,193.6999969482422,194.0,627566
2023-02-22,190.8000030517578,195.35000610351562,189.5,195.35000610351562,436242
2023-02-23,190.8000030517578,192.9499969482422,188.14999389648438,192.3000030517578,495198
2023-02-24,189.3000030517578,196.0,187.89999389648438,191.0,1096453
2023-02-27,185.0500030517578,189.5,183.35000610351562,189.5,639148
2023-02-28,190.25,193.35000610351562,183.1999969482422,185.14999389648438,514845
2023-03-01,193.5,195.60000610351562,189.3000030517578,191.25,541011
2023-03-02,189.89999389648438,196.39999389648438,187.0,194.5,566472
2023-03-03,193.25,194.0,190.25,190.60000610351562,297963
2023-03-06,192.75,195.5500030517578,192.35000610351562,194.1999969482422,222288
2023-03-08,190.6999969482422,193.8000030517578,189.5500030517578,193.8000030517578,228611
2023-03-09,190.0,192.39999389648438,189.39999389648438,190.89999389648438,222586
2023-03-10,186.75,190.60000610351562,185.64999389648438,189.35000610351562,265760
2023-03-13,182.6999969482422,186.6999969482422,182.0,186.6999969482422,244518
2023-03-14,179.14999389648438,185.9499969482422,178.0500030517578,183.39999389648438,358086
2023-03-15,169.35000610351562,182.9499969482422,167.35000610351562,180.14999389648438,1711151
2023-03-16,168.6999969482422,171.89999389648438,166.10000610351562,169.4499969482422,425605
2023-03-17,170.5500030517578,171.5500030517578,168.0,169.85000610351562,311898
2023-03-20,164.35000610351562,173.9499969482422,162.9499969482422,173.9499969482422,457642
2023-03-21,163.3000030517578,166.60000610351562,162.10000610351562,165.0,524515
2023-03-22,162.89999389648438,165.5,162.1999969482422,164.10000610351562,273851
2023-03-23,181.4499969482422,186.3000030517578,163.5500030517578,163.5500030517578,14918733
2023-03-24,173.1999969482422,181.1999969482422,170.5500030517578,179.0,2316547
2023-03-27,168.5,173.1999969482422,167.3000030517578,172.1999969482422,838124
2023-03-28,178.89999389648438,184.89999389648438,163.25,168.9499969482422,7717557
2023-03-29,177.89999389648438,181.75,174.6999969482422,176.64999389648438,1404601
2023-03-31,179.35000610351562,183.5500030517578,176.10000610351562,179.14999389648438,1273421
2023-04-03,179.5,184.0,177.89999389648438,180.89999389648438,605615
2023-04-05,181.85000610351562,184.6999969482422,178.3000030517578,180.0,896748
2023-04-06,183.75,187.0,181.85000610351562,181.85000610351562,619328
2023-04-10,182.9499969482422,186.8000030517578,182.14999389648438,184.75,293468
2023-04-11,183.60000610351562,186.3000030517578,182.0500030517578,183.0,323311
2023-04-12,190.0,198.89999389648438,183.75,184.14999389648438,5478747
2023-04-13,187.14999389648438,190.0,186.5,189.1999969482422,422733
2023-04-17,187.6999969482422,190.0500030517578,183.35000610351562,185.85000610351562,530490
2023-04-18,194.4499969482422,197.9499969482422,185.60000610351562,188.6999969482422,1827188
2023-04-19,194.9499969482422,198.9499969482422,193.0,194.4499969482422,1152380
2023-04-20,194.8000030517578,198.89999389648438,193.0,194.9499969482422,740532
2023-04-21,194.3000030517578,197.5,191.5,195.0,634139
2023-04-24,196.0500030517578,199.39999389648438,192.75,194.75,797626
2023-04-25,196.8000030517578,200.89999389648438,195.64999389648438,197.0,533221
2023-04-26,198.75,202.5,197.4499969482422,198.0,547486
2023-04-27,194.5,200.75,193.5,199.8000030517578,378920
2023-04-28,194.6999969482422,197.89999389648438,192.6999969482422,195.5,479395
2023-05-02,195.39999389648438,198.39999389648438,194.6999969482422,195.1999969482422,319183
2023-05-03,195.4499969482422,197.1999969482422,195.10000610351562,195.5,197992
2023-05-04,196.60000610351562,198.6999969482422,195.6999969482422,196.39999389648438,211537
2023-05-05,193.4499969482422,196.60000610351562,192.0500030517578,196.60000610351562,218191
2023-05-08,193.35000610351562,194.89999389648438,192.64999389648438,194.0,136792
2023-05-09,194.89999389648438,200.5,193.6999969482422,194.0,520492
2023-05-10,196.39999389648438,198.3000030517578,194.14999389648438,195.6999969482422,545721
2023-05-11,195.85000610351562,198.9499969482422,195.0500030517578,198.25,242139
2023-05-12,195.10000610351562,197.10000610351562,194.1999969482422,195.9499969482422,204103
2023-05-15,197.60000610351562,198.9499969482422,194.1999969482422,196.0,404984
2023-05-16,194.9499969482422,199.39999389648438,194.5,198.5,305737
2023-05-17,196.10000610351562,198.8000030517578,194.60000610351562,196.8000030517578,230386
2023-05-18,195.8000030517578,198.4499969482422,194.64999389648438,197.0500030517578,174728
2023-05-19,194.39999389648438,196.75,192.3000030517578,196.1999969482422,163660
2023-05-22,185.14999389648438,201.5,180.3000030517578,195.60000610351562,2811356
2023-05-23,185.3000030517578,188.0,182.3000030517578,185.0,470868
2023-05-24,184.9499969482422,187.60000610351562,183.5,186.6999969482422,331684
2023-05-25,180.6999969482422,186.89999389648438,178.8000030517578,185.10000610351562,765435
2023-05-26,182.4499969482422,184.5,181.14999389648438,182.1999969482422,700518
2023-05-29,181.8000030517578,184.8000030517578,181.35000610351562,184.8000030517578,239096
2023-05-30,184.14999389648438,184.5500030517578,181.8000030517578,182.75,200494
2023-05-31,189.25,191.1999969482422,182.64999389648438,184.5500030517578,515688
2023-06-01,188.8000030517578,191.14999389648438,188.25,190.0,172757
2023-06-02,187.5500030517578,192.0,186.25,189.8000030517578,334907
2023-06-05,188.14999389648438,191.14999389648438,187.14999389648438,189.0,248698
2023-06-06,192.89999389648438,193.60000610351562,188.3000030517578,188.3000030517578,413643
2023-06-07,194.0,195.0,192.6999969482422,193.3000030517578,245459
2023-06-08,190.0500030517578,195.39999389648438,189.0500030517578,195.25,214536
2023-06-09,189.0,191.10000610351562,188.10000610351562,191.0,159917
2023-06-12,191.39999389648438,193.3000030517578,188.1999969482422,188.1999969482422,180325
2023-06-13,191.0500030517578,192.39999389648438,190.25,192.0,99474
2023-06-14,192.0,193.8000030517578,189.64999389648438,191.10000610351562,252602
2023-06-15,192.0,195.4499969482422,191.3000030517578,192.0,322531
2023-06-16,195.35000610351562,199.8000030517578,192.25,193.0,1342052
2023-06-19,196.6999969482422,197.3000030517578,194.4499969482422,196.3000030517578,440936
2023-06-20,201.75,205.60000610351562,195.14999389648438,196.9499969482422,1844735
2023-06-21,204.3000030517578,208.10000610351562,202.1999969482422,202.75,821788
2023-06-22,195.85000610351562,205.1999969482422,195.0,204.0,667876
2023-06-23,193.35000610351562,196.35000610351562,192.14999389648438,195.6999969482422,258806
2023-06-26,210.89999389648438,213.3000030517578,194.4499969482422,194.89999389648438,10488159
2023-06-27,211.9499969482422,212.89999389648438,207.4499969482422,211.0,2154867
2023-06-28,207.39999389648438,213.0,206.64999389648438,212.89999389648438,606113
2023-06-30,208.75,211.75,207.10000610351562,209.1999969482422,691352
2023-07-03,205.64999389648438,210.0500030517578,204.25,210.0500030517578,356744
2023-07-04,205.75,210.75,201.60000610351562,207.3000030517578,518428
2023-07-05,218.64999389648438,220.0,206.5,207.0,3698105
2023-07-06,218.6999969482422,221.85000610351562,216.64999389648438,217.64999389648438,759015
2023-07-07,211.60000610351562,218.60000610351562,211.0,217.5,768390
2023-07-10,226.10000610351562,228.6999969482422,208.85000610351562,212.4499969482422,5746939
2023-07-11,230.25,234.0,221.25,224.0500030517578,1937808
2023-07-12,229.85000610351562,237.0,228.35000610351562,231.89999389648438,1264439
2023-07-13,221.0,232.5500030517578,220.0500030517578,230.5500030517578,692543
2023-07-14,227.14999389648438,234.0,224.14999389648438,226.89999389648438,2454931
2023-07-17,224.10000610351562,228.8000030517578,222.89999389648438,225.3000030517578,363449
2023-07-18,219.64999389648438,225.64999389648438,218.5,225.4499969482422,402868
2023-07-19,220.85000610351562,224.8000030517578,218.25,219.9499969482422,455629
2023-07-20,227.35000610351562,234.0,220.0500030517578,220.0500030517578,2114019
2023-07-21,229.85000610351562,231.39999389648438,224.0,226.64999389648438,644561
2023-07-24,227.14999389648438,233.0,225.35000610351562,230.85000610351562,523293
2023-07-25,222.10000610351562,230.0,221.5,228.39999389648438,460061
2023-07-26,227.4499969482422,229.5,223.14999389648438,223.14999389648438,465442
2023-07-27,234.0,238.60000610351562,228.39999389648438,229.39999389648438,2215813
2023-07-28,239.10000610351562,241.0,233.5500030517578,236.0,959929
2023-07-31,240.35000610351562,246.75,237.0500030517578,240.75,1436581
2023-08-01,243.64999389648438,245.6999969482422,237.10000610351562,241.60000610351562,647443
2023-08-02,233.10000610351562,244.75,229.0,244.0,591931
2023-08-03,238.10000610351562,239.1999969482422,231.0,231.0,623411
2023-08-04,241.60000610351562,248.39999389648438,238.10000610351562,238.10000610351562,1110944
2023-08-07,234.25,246.0,228.60000610351562,242.85000610351562,800735
2023-08-08,228.5500030517578,231.64999389648438,223.5,229.5,876368
2023-08-09,226.3000030517578,231.8000030517578,225.5,228.60000610351562,363937
2023-08-10,225.35000610351562,230.3000030517578,224.0500030517578,228.0500030517578,333173
2023-08-11,228.89999389648438,230.60000610351562,225.0500030517578,226.6999969482422,442557
2023-08-14,228.39999389648438,233.4499969482422,227.0,231.0,453858
2023-08-16,231.0,231.9499969482422,226.0,229.39999389648438,289838
2023-08-17,227.0,232.0,226.0500030517578,231.75,253922
2023-08-18,224.10000610351562,227.35000610351562,222.35000610351562,227.0,238915
2023-08-21,226.64999389648438,227.9499969482422,224.25,224.8000030517578,186992
2023-08-22,224.39999389648438,227.60000610351562,224.0,226.75,141617
2023-08-23,223.25,226.6999969482422,222.3000030517578,224.0500030517578,165428
2023-08-24,222.75,227.5,222.0,224.60000610351562,298393
2023-08-25,219.3000030517578,223.1999969482422,216.35000610351562,222.0,369339
2023-08-28,218.5500030517578,223.6999969482422,217.3000030517578,221.14999389648438,278132
2023-08-29,230.0500030517578,232.0500030517578,219.5,219.5,1605351
2023-08-30,249.75,259.0,234.0,235.0,20574039
2023-08-31,256.70001220703125,259.6499938964844,250.35000610351562,251.89999389648438,4516517
2023-09-01,250.35000610351562,258.79998779296875,248.75,258.0,1278735
2023-09-04,249.35000610351562,255.0,248.25,252.0,741273
2023-09-05,260.95001220703125,263.3999938964844,250.25,251.5,3293755
2023-09-06,257.75,264.6000061035156,255.39999389648438,262.75,1286962
2023-09-07,260.25,262.75,256.6000061035156,258.8500061035156,830933
2023-09-08,256.29998779296875,263.5,254.3000030517578,261.6000061035156,553288
2023-09-11,253.4499969482422,258.8500061035156,252.0500030517578,256.5,478242
2023-09-12,239.1999969482422,255.60000610351562,237.0,255.0,682544
2023-09-13,246.0,246.9499969482422,236.5500030517578,239.75,461711
2023-09-14,243.6999969482422,248.75,242.0,246.5,288678
2023-09-15,239.9499969482422,247.5,238.25,243.9499969482422,406762
2023-09-18,234.75,242.0500030517578,232.75,240.89999389648438,513738
2023-09-20,231.35000610351562,235.3000030517578,230.35000610351562,232.39999389648438,247434
2023-09-21,227.60000610351562,233.75,226.0500030517578,231.35000610351562,334799
2023-09-22,225.3000030517578,228.1999969482422,223.5,227.5,265538
2023-09-25,222.64999389648438,227.35000610351562,222.0,223.3000030517578,272706
2023-09-26,223.85000610351562,231.8000030517578,222.0,223.0,1318342
2023-09-27,225.9499969482422,228.0,223.4499969482422,225.0,443610
2023-09-28,223.10000610351562,229.5,222.1999969482422,225.9499969482422,268509
2023-09-29,233.10000610351562,234.14999389648438,223.25,224.25,1045630
2023-10-03,234.0500030517578,238.35000610351562,228.5,232.35000610351562,901821
2023-10-04,235.25,241.35000610351562,232.0,233.25,739048
2023-10-05,232.75,237.5,232.0,236.1999969482422,262170
2023-10-06,232.10000610351562,236.25,230.5,233.8000030517578,216730
2023-10-09,227.39999389648438,230.9499969482422,224.3000030517578,230.9499969482422,229126
2023-10-10,228.35000610351562,230.0,226.39999389648438,228.35000610351562,124465
2023-10-11,225.9499969482422,231.5,225.10000610351562,229.5,254736
2023-10-12,229.1999969482422,231.64999389648438,226.9499969482422,227.35000610351562,177859
2023-10-13,229.1999969482422,231.3000030517578,227.39999389648438,228.6999969482422,209322
2023-10-16,227.4499969482422,230.89999389648438,227.0500030517578,229.1999969482422,150526
2023-10-17,228.14999389648438,229.89999389648438,226.5,229.39999389648438,139125
2023-10-18,240.35000610351562,246.5,228.14999389648438,229.3000030517578,6190483
2023-10-19,243.3000030517578,245.39999389648438,235.1999969482422,240.0,1342268
2023-10-20,233.64999389648438,244.5500030517578,229.3000030517578,242.0,713753
2023-10-23,222.3000030517578,239.0,219.60000610351562,234.89999389648438,598014
2023-10-25,218.4499969482422,227.10000610351562,215.3000030517578,224.10000610351562,423891
2023-10-26,219.6999969482422,224.1999969482422,213.5500030517578,218.0500030517578,1077395
2023-10-27,228.3000030517578,232.0,220.64999389648438,221.6999969482422,569126
2023-10-30,231.64999389648438,242.3000030517578,230.0,230.0,1339493
2023-10-31,228.5,234.1999969482422,226.25,232.8000030517578,427738
2023-11-01,229.5500030517578,234.85000610351562,227.8000030517578,228.8000030517578,486416
2023-11-02,237.89999389648438,247.14999389648438,232.4499969482422,232.4499969482422,4371552
2023-11-03,240.3000030517578,242.35000610351562,236.5,239.0,586325
2023-11-06,241.64999389648438,244.60000610351562,235.0,235.0,798771
2023-11-07,235.89999389648438,240.5,234.5,240.5,997687
2023-11-08,237.60000610351562,240.39999389648438,236.0,238.89999389648438,395956
2023-11-09,256.79998779296875,258.95001220703125,236.64999389648438,238.8000030517578,6019108
2023-11-10,253.85000610351562,260.8999938964844,251.3000030517578,255.9499969482422,2412348
2023-11-13,259.29998779296875,267.29998779296875,253.5500030517578,258.0,1902510
2023-11-15,252.35000610351562,261.8500061035156,250.5500030517578,261.0,722853
2023-11-16,252.35000610351562,256.95001220703125,249.89999389648438,254.0,748943
2023-11-17,248.4499969482422,258.6000061035156,246.35000610351562,253.64999389648438,1074771
2023-11-20,246.5500030517578,250.60000610351562,244.39999389648438,248.4499969482422,408956
2023-11-21,250.8000030517578,253.6999969482422,245.5500030517578,247.75,750249
2023-11-22,248.0,254.4499969482422,246.85000610351562,251.9499969482422,439692
2023-11-23,257.25,260.8999938964844,248.8000030517578,248.8000030517578,2041627
2023-11-24,273.04998779296875,278.8500061035156,257.8500061035156,257.8999938964844,10961383
2023-11-28,280.04998779296875,285.25,274.3500061035156,276.5,4246424
2023-11-29,277.25,282.8999938964844,275.0,281.8999938964844,1105312
2023-11-30,274.8500061035156,286.70001220703125,270.0,278.29998779296875,2746042
2023-12-01,272.5,277.29998779296875,272.0,277.0,593475
2023-12-04,273.20001220703125,275.5,270.04998779296875,275.0,622668
2023-12-05,281.8500061035156,284.8999938964844,272.6000061035156,274.3999938964844,2152400
2023-12-06,279.6000061035156,289.04998779296875,277.6000061035156,283.3500061035156,1070940
2023-12-07,283.25,286.45001220703125,276.54998779296875,280.0,1134919
2023-12-08,280.3999938964844,285.3999938964844,277.29998779296875,284.0,693248
2023-12-11,273.20001220703125,281.8500061035156,272.0,281.8500061035156,747101
2023-12-12,266.6000061035156,275.3999938964844,265.0,273.20001220703125,972153
2023-12-13,268.5,272.45001220703125,264.3999938964844,268.0,879956
2023-12-14,265.79998779296875,270.0,265.0,270.0,512548
2023-12-15,267.8500061035156,270.8500061035156,266.6000061035156,268.0,734193
2023-12-18,267.70001220703125,275.0,266.70001220703125,268.29998779296875,1375950
2023-12-19,264.3999938964844,269.5,263.8500061035156,269.3500061035156,501091
2023-12-20,247.25,266.5,242.35000610351562,265.70001220703125,932105
2023-12-21,256.95001220703125,259.5,240.60000610351562,244.85000610351562,795836
2023-12-22,261.3999938964844,263.70001220703125,253.4499969482422,257.8999938964844,560092
2023-12-26,258.54998779296875,262.0,256.0,261.3999938964844,369302
2023-12-27,264.6499938964844,269.6000061035156,259.3500061035156,259.8999938964844,1702649
2023-12-28,271.0,276.3500061035156,265.8999938964844,266.8999938964844,1670912
2023-12-29,286.79998779296875,291.0,269.1499938964844,270.0,3910786
2024-01-01,307.5,310.0,287.95001220703125,287.95001220703125,7510877
2024-01-02,338.3999938964844,344.70001220703125,308.1000061035156,309.0,18403129
2024-01-03,387.25,399.0,339.0,340.0,26734140
2024-01-04,384.8999938964844,401.20001220703125,374.0,390.3500061035156,4400438
2024-01-05,420.54998779296875,423.3500061035156,385.0,387.0,7511505
2024-01-08,398.1499938964844,420.5,393.0,412.0,2655082
2024-01-09,399.6499938964844,412.0,385.0,402.1000061035156,2304524
2024-01-10,388.3500061035156,404.0,385.0,401.0,705027
2024-01-11,385.6000061035156,397.79998779296875,383.1000061035156,392.20001220703125,905225
2024-01-12,384.45001220703125,394.95001220703125,371.5,385.0,1051960
2024-01-15,394.54998779296875,403.3999938964844,383.6000061035156,386.25,1493762
2024-01-16,380.3999938964844,397.5,377.1000061035156,396.0,681162
2024-01-17,372.95001220703125,385.0,371.1499938964844,378.0,549078
2024-01-18,379.1000061035156,384.79998779296875,360.1499938964844,373.0,701614
2024-01-19,374.1499938964844,385.0,370.04998779296875,383.0,421929
2024-01-23,362.3500061035156,385.95001220703125,357.0,383.0,477982
2024-01-24,376.95001220703125,380.20001220703125,359.5,363.0,418833
2024-01-25,372.25,377.79998779296875,370.29998779296875,376.1000061035156,180153
2024-01-29,370.79998779296875,389.79998779296875,343.0,372.20001220703125,770752
2024-01-30,371.95001220703125,377.0,368.0,370.0,355209
2024-01-31,382.25,385.0,368.0,376.70001220703125,191180
2024-02-01,370.6499938964844,387.20001220703125,369.0,382.0,204865
2024-02-02,363.79998779296875,375.0,362.25,374.0,198534
2024-02-05,353.5,377.5,349.0,370.0,379488
2024-02-06,371.1000061035156,371.1499938964844,345.0,354.0,305498
2024-02-07,361.6000061035156,376.0,352.54998779296875,371.0,270620
2024-02-08,356.1499938964844,370.0,355.0,366.0,101958
2024-02-09,358.3500061035156,363.5,348.5,356.1499938964844,107935
2024-02-12,341.20001220703125,361.0,340.45001220703125,361.0,116053
2024-02-13,354.3500061035156,356.8999938964844,325.1000061035156,343.95001220703125,183333
2024-02-14,341.8500061035156,350.95001220703125,336.6499938964844,349.8999938964844,386472
2024-02-15,352.3999938964844,353.45001220703125,338.1000061035156,341.79998779296875,129825
2024-02-16,360.6000061035156,365.0,350.0,350.1000061035156,150921
2024-02-19,378.6000061035156,378.6000061035156,363.0,364.0,351495
2024-02-20,368.5,386.0,365.0,383.0,301876
2024-02-21,360.75,379.0,358.04998779296875,374.0,496512
2024-02-22,348.45001220703125,363.79998779296875,345.0,359.0,260220
2024-02-23,357.54998779296875,359.3999938964844,348.8999938964844,354.0,265984
2024-02-26,351.54998779296875,365.0,348.0,357.0,198435
2024-02-27,344.8500061035156,354.75,342.95001220703125,349.0,170685
2024-02-28,354.54998779296875,356.8999938964844,338.5,342.04998779296875,534547
2024-02-29,364.8500061035156,372.25,346.0,353.95001220703125,967278
2024-03-01,379.79998779296875,383.0,365.8500061035156,365.95001220703125,422727
2024-03-04,381.04998779296875,388.0,366.1000061035156,384.0,241840
2024-03-05,391.8500061035156,394.8999938964844,375.0,382.3999938964844,568162
2024-03-06,391.95001220703125,393.5,375.0,391.54998779296875,290034
2024-03-07,389.8999938964844,395.0,381.1499938964844,391.54998779296875,162271
2024-03-11,395.8999938964844,402.5,387.0,389.1000061035156,389738
2024-03-12,376.1000061035156,396.0,376.1000061035156,395.0,234562
2024-03-13,357.29998779296875,376.0,357.29998779296875,376.0,215806
2024-03-14,350.0,368.0,339.45001220703125,351.04998779296875,234625
2024-03-15,345.75,353.75,334.5,350.0,252987
2024-03-18,363.0,363.0,340.8999938964844,342.54998779296875,153328
2024-03-19,359.04998779296875,381.1499938964844,354.0,369.0,340169
2024-03-20,352.79998779296875,363.8999938964844,345.79998779296875,360.0,132868
2024-03-21,367.25,368.29998779296875,356.8500061035156,361.0,152651
2024-03-22,376.79998779296875,384.0,361.0,367.0,152032
2024-03-26,366.95001220703125,384.0,363.0,376.79998779296875,213192
2024-03-27,372.1000061035156,375.0,365.0,373.0,516694
2024-03-28,368.29998779296875,374.0,363.1000061035156,370.25,151452
2024-04-01,379.25,386.0,365.20001220703125,365.20001220703125,214745
2024-04-02,384.25,387.0,374.0,382.8999938964844,140922
2024-04-03,393.3500061035156,395.0,375.0,383.95001220703125,289889
2024-04-04,413.0,413.0,396.0,398.0,593643
2024-04-05,433.6499938964844,433.6499938964844,410.0,419.0,770561
2024-04-08,455.29998779296875,455.29998779296875,455.29998779296875,455.29998779296875,464118
2024-04-09,452.29998779296875,472.79998779296875,437.29998779296875,472.79998779296875,534772
2024-04-10,429.70001220703125,429.70001220703125,429.70001220703125,429.70001220703125,65304
2024-04-12,408.25,408.25,408.25,408.25,55137
2024-04-15,387.8500061035156,387.8500061035156,387.8500061035156,387.8500061035156,43221
2024-04-16,368.45001220703125,368.45001220703125,368.45001220703125,368.45001220703125,62488
2024-04-18,350.04998779296875,350.04998779296875,350.04998779296875,350.04998779296875,83387
2024-04-19,332.54998779296875,332.54998779296875,332.54998779296875,332.54998779296875,63338
2024-04-22,315.95001220703125,315.95001220703125,315.95001220703125,315.95001220703125,92823
2024-04-23,300.1499938964844,300.1499938964844,300.1499938964844,300.1499938964844,119875
2024-04-24,285.1499938964844,285.1499938964844,285.1499938964844,285.1499938964844,216781
2024-04-25,270.8999938964844,283.70001220703125,270.8999938964844,270.8999938964844,14322218
2024-04-26,257.3500061035156,257.3500061035156,257.3500061035156,257.3500061035156,592866
2024-04-29,244.5,253.6999969482422,244.5,244.5,4763671
2024-04-30,232.3000030517578,232.3000030517578,232.3000030517578,232.3000030517578,410800
2024-05-02,237.35000610351562,243.8000030517578,220.6999969482422,220.6999969482422,12162582
2024-05-03,225.5,239.5,225.5,238.5500030517578,2436000
2024-05-06,214.25,227.0,214.25,222.0,2266070
2024-05-07,210.25,223.39999389648438,208.1999969482422,213.5,2037804
2024-05-08,220.3000030517578,220.75,211.0,211.0,1178205
2024-05-09,212.14999389648438,229.6999969482422,210.0,223.39999389648438,2222178
2024-05-10,219.0,220.75,210.0,215.89999389648438,772695
2024-05-13,214.5500030517578,223.10000610351562,213.14999389648438,222.5,613196
2024-05-14,219.39999389648438,225.25,215.0,216.8000030517578,1295655
2024-05-15,217.39999389648438,220.6999969482422,216.0,220.0,522641
2024-05-16,218.64999389648438,222.39999389648438,217.0,220.0,507202
2024-05-17,216.3000030517578,220.0,215.60000610351562,219.0,460922
2024-05-21,215.8000030517578,220.8000030517578,214.14999389648438,220.8000030517578,402554
2024-05-22,211.4499969482422,216.9499969482422,208.0,216.25,658206
2024-05-23,213.0,215.0,209.89999389648438,211.75,487823
2024-05-24,223.64999389648438,223.64999389648438,215.25,216.0,1252563
2024-05-27,217.89999389648438,227.5,217.0,222.4499969482422,1124178
2024-05-28,213.5500030517578,220.0,212.0,219.6999969482422,502771
2024-05-29,212.0500030517578,215.0,211.10000610351562,213.89999389648438,484025
2024-05-30,205.75,213.75,204.5,212.0,487389
2024-05-31,205.85000610351562,208.8000030517578,202.5,208.8000030517578,326334
2024-06-03,211.6999969482422,216.0,207.3000030517578,216.0,595956
2024-06-04,203.39999389648438,209.0,201.14999389648438,207.0,980348
2024-06-05,210.0,213.0,196.10000610351562,204.10000610351562,700191
2024-06-06,219.85000610351562,220.4499969482422,210.5,210.5,974868
2024-06-07,220.8000030517578,226.60000610351562,218.85000610351562,220.9499969482422,1448966
2024-06-10,218.0800018310547,229.60000610351562,215.25,222.0,2489722
2024-06-11,218.94000244140625,223.72999572753906,217.8000030517578,219.1999969482422,1583834
2024-06-12,222.36000061035156,225.39999389648438,219.64999389648438,219.8000030517578,1056722
2024-06-13,234.39999389648438,238.8000030517578,220.0,224.0,2950880
2024-06-14,234.27000427246094,241.6999969482422,231.55999755859375,235.89999389648438,2616801
2024-06-18,235.89999389648438,238.3699951171875,229.75,234.5,1176942
2024-06-19,232.97999572753906,238.27999877929688,231.5,235.0,977417
2024-06-20,238.11000061035156,241.39999389648438,231.25,232.0,1528819
2024-06-21,237.75,245.13999938964844,234.25,241.0,1551799
2024-06-24,240.94000244140625,242.0,233.52000427246094,236.11000061035156,754808
2024-06-25,240.4499969482422,246.38999938964844,237.0,243.0,1147819
2024-06-26,247.64999389648438,250.0,237.44000244140625,242.39999389648438,1554931
2024-06-27,244.85000610351562,250.5500030517578,238.10000610351562,247.64999389648438,1144132
2024-06-28,240.38999938964844,246.32000732421875,239.0,244.0,506829
2024-07-01,241.22999572753906,243.80999755859375,239.35000610351562,242.0,485267
2024-07-02,235.08999633789062,242.49000549316406,233.10000610351562,241.10000610351562,757621
2024-07-03,240.27000427246094,245.49000549316406,235.25,235.25,1006900
2024-07-04,242.92999267578125,245.0,238.0399932861328,241.0,663799
2024-07-05,251.42999267578125,258.0,241.00999450683594,242.92999267578125,2251361
2024-07-08,244.50999450683594,253.19000244140625,243.0,252.10000610351562,1042364
2024-07-09,244.5800018310547,248.0,242.8000030517578,245.00999450683594,503354
2024-07-10,239.64999389648438,246.9499969482422,236.0,242.1999969482422,585504
2024-07-11,237.7899932861328,244.0,235.10000610351562,241.0,450714
2024-07-12,235.89999389648438,241.5500030517578,235.0,239.5,474527
2024-07-15,237.16000366210938,239.49000549316406,234.4199981689453,236.8000030517578,305941
2024-07-16,237.08999633789062,238.3000030517578,234.8000030517578,237.39999389648438,259041
2024-07-18,231.17999267578125,237.39999389648438,230.0,237.08999633789062,502045
2024-07-19,221.0,230.69000244140625,219.91000366210938,230.0,574433
2024-07-22,223.3300018310547,226.89999389648438,217.3000030517578,220.8000030517578,320244
2024-07-23,223.17999267578125,224.6999969482422,215.00999450683594,224.6999969482422,367868
2024-07-24,229.42999267578125,233.0,221.5,221.5,613306
2024-07-25,226.9499969482422,229.05999755859375,224.64999389648438,226.52000427246094,554934
2024-07-26,226.66000366210938,232.0,225.5,229.0,410138
2024-07-29,226.97999572753906,228.49000549316406,225.0,226.89999389648438,367622
2024-07-30,227.99000549316406,228.6999969482422,225.1999969482422,226.5500030517578,427585
2024-07-31,229.5399932861328,235.39999389648438,228.10000610351562,228.10000610351562,626284
2024-08-01,227.25,232.75999450683594,226.0,232.0500030517578,374365
2024-08-02,226.24000549316406,231.2899932861328,222.97000122070312,224.25,490633
2024-08-05,217.02000427246094,225.35000610351562,214.5,222.49000549316406,747184
2024-08-06,212.8800048828125,221.0,210.1300048828125,221.0,526868
2024-08-07,215.6199951171875,218.83999633789062,212.10000610351562,216.89999389648438,689216
2024-08-08,218.82000732421875,221.89999389648438,213.85000610351562,216.02000427246094,570325
2024-08-09,218.7100067138672,221.1999969482422,215.91000366210938,221.14999389648438,359489
2024-08-12,215.13999938964844,219.99000549316406,214.10000610351562,217.22999572753906,312456
2024-08-13,215.6999969482422,220.83999633789062,212.8300018310547,215.8000030517578,352370
2024-08-14,214.22000122070312,216.61000061035156,212.55999755859375,215.00999450683594,255553
2024-08-16,213.2899932861328,216.7899932861328,210.8300018310547,216.44000244140625,299263
2024-08-19,212.5,218.2899932861328,208.5,215.0,594155
2024-08-20,213.41000366210938,217.08999633789062,212.64999389648438,214.0,417457
2024-08-21,213.97000122070312,216.6999969482422,213.10000610351562,213.10000610351562,369950
2024-08-22,214.89999389648438,216.16000366210938,212.02000427246094,214.64999389648438,439895
2024-08-23,222.8000030517578,229.66000366210938,213.77999877929688,218.0,2205468
2024-08-26,232.63999938964844,239.85000610351562,224.0,224.00999450683594,4143281
2024-08-27,232.91000366210938,236.60000610351562,230.94000244140625,232.14999389648438,780132
2024-08-28,229.27000427246094,234.97999572753906,228.3000030517578,233.1999969482422,510749
2024-08-29,225.77000427246094,229.10000610351562,224.35000610351562,229.10000610351562,357452
2024-08-30,221.36000061035156,227.8300018310547,220.5,225.77000427246094,537770
2024-09-02,227.49000549316406,229.39999389648438,219.7899932861328,222.60000610351562,790841
2024-09-03,220.77000427246094,231.5,220.0,228.35000610351562,848716
2024-09-04,225.75999450683594,228.36000061035156,220.13999938964844,220.77000427246094,751539
2024-09-05,224.5399932861328,227.72999572753906,223.19000244140625,226.89999389648438,409558
2024-09-06,225.72000122070312,232.27000427246094,224.08999633789062,228.5,1212886
2024-09-09,231.02000427246094,235.35000610351562,221.10000610351562,225.72000122070312,1150047
2024-09-10,230.88999938964844,236.0,229.1999969482422,235.49000549316406,732642
2024-09-11,224.1199951171875,232.9499969482422,222.99000549316406,231.0,535414
2024-09-12,225.36000061035156,231.0,223.9499969482422,226.0,630981
2024-09-13,226.05999755859375,230.8000030517578,225.0,226.75,563272
2024-09-16,224.57000732421875,227.64999389648438,223.39999389648438,227.3000030517578,299462
2024-09-17,224.22999572753906,228.0,223.50999450683594,225.64999389648438,367244
2024-09-18,219.74000549316406,225.64999389648438,217.6999969482422,225.0,588065
2024-09-19,218.25,221.89999389648438,215.25999450683594,221.39999389648438,629876
2024-09-20,218.41000366210938,221.97999572753906,217.60000610351562,219.8000030517578,306464
2024-09-23,217.63999938964844,220.22000122070312,217.1999969482422,219.94000244140625,831125
2024-09-24,219.1199951171875,220.85000610351562,217.0,218.5,383885
2024-09-25,216.25999450683594,221.0,215.74000549316406,219.0,247530
2024-09-26,212.6699981689453,217.22999572753906,211.99000549316406,216.0,483746
2024-09-27,212.4600067138672,216.92999267578125,211.7100067138672,212.99000549316406,475403
2024-09-30,215.94000244140625,218.0,209.6999969482422,212.4600067138672,658443
2024-10-01,215.80999755859375,217.5,213.64999389648438,217.5,211220
2024-10-03,209.4199981689453,213.99000549316406,208.8300018310547,212.1999969482422,350947
2024-10-04,210.39999389648438,214.75,205.8300018310547,209.5,379303
2024-10-07,201.9499969482422,212.2100067138672,200.0,211.0,491947
2024-10-08,205.89999389648438,207.0,198.6999969482422,202.0,268308
2024-10-09,207.19000244140625,209.61000061035156,205.0,206.89999389648438,397173
2024-10-10,206.13999938964844,209.0,205.44000244140625,208.0,148686
2024-10-11,213.17999267578125,223.38999938964844,205.22999572753906,206.30999755859375,2255357
2024-10-14,215.69000244140625,221.75,211.33999633789062,213.19000244140625,938603
2024-10-15,213.10000610351562,216.85000610351562,211.1999969482422,215.6999969482422,447964
2024-10-16,213.3000030517578,214.6999969482422,211.10000610351562,211.10000610351562,227233
2024-10-17,210.02000427246094,213.8000030517578,209.52000427246094,213.0,200558
2024-10-18,215.58999633789062,218.7899932861328,206.1999969482422,210.02000427246094,799445
2024-10-21,209.2899932861328,218.1999969482422,207.74000549316406,217.0,1071841
2024-10-22,208.05999755859375,210.9199981689453,206.10000610351562,210.89999389648438,644648
2024-10-23,208.02000427246094,211.42999267578125,203.6999969482422,208.5500030517578,507973
2024-10-24,207.77000427246094,210.57000732421875,206.25,208.39999389648438,231852
2024-10-25,205.49000549316406,210.0,202.10000610351562,207.10000610351562,368544
2024-10-28,208.5800018310547,211.55999755859375,204.6999969482422,206.89999389648438,279458
2024-10-29,211.5800018310547,213.89999389648438,206.1199951171875,209.0500030517578,365394
2024-10-30,215.77999877929688,223.94000244140625,210.2100067138672,210.2100067138672,928082
2024-10-31,215.89999389648438,216.94000244140625,213.35000610351562,216.6999969482422,314354
2024-11-01,215.94000244140625,218.5800018310547,215.05999755859375,217.0,113725
2024-11-04,205.1300048828125,216.75,202.3000030517578,214.50999450683594,1325547
2024-11-05,209.83999633789062,211.60000610351562,202.5,202.5500030517578,515662
2024-11-06,214.6300048828125,216.25,208.72999572753906,211.0,435517
2024-11-07,211.8800048828125,215.8000030517578,210.72999572753906,215.0,206016
2024-11-08,207.44000244140625,212.8800048828125,204.4499969482422,212.5,212806
2024-11-11,206.83999633789062,208.57000732421875,204.39999389648438,205.0,197357
2024-11-12,205.3699951171875,209.22000122070312,203.1999969482422,206.11000061035156,366514
2024-11-13,198.7100067138672,205.88999938964844,197.5500030517578,205.0500030517578,329396
2024-11-14,197.3800048828125,201.25,192.97000122070312,198.99000549316406,448958
2024-11-18,194.36000061035156,199.57000732421875,193.0,198.10000610351562,390106
2024-11-19,195.97999572753906,199.75999450683594,195.0,195.5,152116
2024-11-21,190.3300018310547,196.49000549316406,189.75,195.0,259141
2024-11-22,204.5,209.6999969482422,190.5399932861328,192.0,5043926
2024-11-25,202.1999969482422,206.99000549316406,200.5500030517578,205.0,480364
2024-11-26,211.42999267578125,215.27999877929688,201.74000549316406,202.5,822625
2024-11-27,209.02000427246094,213.97000122070312,206.52000427246094,212.14999389648438,531890
2024-11-28,204.14999389648438,211.89999389648438,203.10000610351562,210.4499969482422,646686
2024-11-29,216.47000122070312,220.0,203.63999938964844,204.1999969482422,1221487
2024-12-02,217.2899932861328,221.0,213.5,217.77000427246094,1038236
2024-12-03,216.2100067138672,221.0,214.2100067138672,215.0500030517578,604997
2024-12-04,219.4600067138672,220.89999389648438,214.39999389648438,216.8000030517578,644104
2024-12-05,216.55999755859375,221.39999389648438,215.30999755859375,221.0,416218
2024-12-06,216.77999877929688,218.4499969482422,214.35000610351562,217.14999389648438,276279
2024-12-09,217.83999633789062,218.89999389648438,215.5,217.0,163155
2024-12-10,218.6199951171875,219.91000366210938,215.0500030517578,218.0,298996
2024-12-11,217.0800018310547,220.00999450683594,215.91000366210938,220.0,274248
2024-12-12,215.22999572753906,222.0,211.86000061035156,217.0800018310547,308075
2024-12-13,211.97000122070312,215.22999572753906,208.75999450683594,215.0,284610
2024-12-16,230.7100067138672,241.0,214.3000030517578,214.75,22298754
2024-12-17,223.32000732421875,234.0,222.0,231.8000030517578,2928981
2024-12-18,218.0,224.0,216.14999389648438,222.66000366210938,1376449
2024-12-19,214.49000549316406,216.60000610351562,212.6199951171875,215.9499969482422,1019302
2024-12-20,206.3699951171875,218.38999938964844,205.14999389648438,215.9600067138672,857459
2024-12-23,203.3800048828125,209.9499969482422,200.4499969482422,209.9499969482422,778596
2024-12-24,201.2899932861328,205.0399932861328,200.1199951171875,204.82000732421875,581256
2024-12-26,199.77999877929688,203.05999755859375,199.0,202.99000549316406,444894
2024-12-27,201.47999572753906,204.0,199.5,201.0,691243
2024-12-30,199.60000610351562,202.63999938964844,198.85000610351562,202.10000610351562,480385
2024-12-31,200.5500030517578,201.44000244140625,196.32000732421875,198.97999572753906,498408
2025-01-01,200.69000244140625,202.02999877929688,199.77000427246094,200.5,357044
2025-01-02,199.8699951171875,201.66000366210938,198.74000549316406,201.60000610351562,394947
2025-01-03,202.02000427246094,208.3000030517578,199.8000030517578,199.99000549316406,1494320
2025-01-06,192.67999267578125,202.02999877929688,191.5,202.00999450683594,567862
2025-01-07,195.00999450683594,195.94000244140625,191.3699951171875,192.2100067138672,511254
2025-01-08,192.42999267578125,195.1300048828125,190.8800048828125,195.0,384184
2025-01-09,189.4499969482422,193.0399932861328,188.0500030517578,193.0,451817
2025-01-10,183.52000427246094,189.77999877929688,181.05999755859375,189.74000549316406,501859
2025-01-13,174.8300018310547,183.99000549316406,170.2100067138672,183.99000549316406,824432
2025-01-14,179.91000366210938,180.89999389648438,175.63999938964844,176.57000732421875,696722
2025-01-15,176.5500030517578,182.60000610351562,175.64999389648438,182.60000610351562,494902
2025-01-16,178.2100067138672,179.82000732421875,175.2100067138672,178.35000610351562,642662
2025-01-17,178.6999969482422,179.6999969482422,176.86000061035156,179.6999969482422,355761
2025-01-20,180.0399932861328,183.1300048828125,178.8800048828125,180.47999572753906,475473
2025-01-21,177.00999450683594,181.8000030517578,174.8800048828125,181.8000030517578,606305
2025-01-22,175.22999572753906,178.8699951171875,173.14999389648438,177.5,374805
2025-01-23,175.58999633789062,177.16000366210938,174.10000610351562,175.35000610351562,210465
2025-01-24,170.92999267578125,176.0,170.36000061035156,175.85000610351562,278215
2025-01-27,165.13999938964844,171.00999450683594,162.25,171.0,493456
2025-01-28,162.0500030517578,167.0,158.0,167.0,568231
2025-01-29,159.10000610351562,163.99000549316406,157.6999969482422,163.99000549316406,631948
2025-01-30,157.8300018310547,161.99000549316406,156.35000610351562,161.0,389312
2025-01-31,159.89999389648438,160.89999389648438,157.00999450683594,158.9600067138672,413976
2025-02-01,158.61000061035156,163.69000244140625,156.50999450683594,161.5,469997
2025-02-03,155.47000122070312,158.0500030517578,154.02999877929688,157.5,354891
2025-02-04,158.86000061035156,159.72999572753906,156.47999572753906,157.0,377040
2025-02-05,159.83999633789062,162.72999572753906,158.75,160.0,468962
2025-02-06,159.4499969482422,161.10000610351562,158.00999450683594,158.00999450683594,464855
2025-02-07,158.42999267578125,160.44000244140625,156.5,160.0,410181
2025-02-10,156.1999969482422,158.2899932861328,154.25,158.2899932861328,432516
2025-02-11,149.8699951171875,156.3300018310547,148.3000030517578,156.2100067138672,566959
2025-02-12,146.38999938964844,150.50999450683594,141.8000030517578,150.0,821883
2025-02-13,144.44000244140625,148.1199951171875,143.82000732421875,146.38999938964844,466282
2025-02-14,141.32000732421875,146.19000244140625,135.97999572753906,145.0,874164
2025-02-17,137.0399932861328,143.07000732421875,133.57000732421875,141.3000030517578,1746095
2025-02-18,130.02000427246094,137.89999389648438,128.35000610351562,137.89999389648438,1305727
2025-02-19,131.60000610351562,133.67999267578125,128.9600067138672,130.10000610351562,1306308
2025-02-20,135.25,136.61000061035156,128.6300048828125,130.85000610351562,1958069
2025-02-21,129.42999267578125,136.3000030517578,128.39999389648438,132.33999633789062,1584726
2025-02-24,127.30999755859375,129.89999389648438,125.0999984741211,128.69000244140625,792543
2025-02-25,124.62999725341797,128.1999969482422,124.0,127.4000015258789,936756
2025-02-27,121.76000213623047,125.04000091552734,119.58000183105469,125.0,1060600
2025-02-28,112.38999938964844,121.31999969482422,110.41000366210938,121.11000061035156,3945159
2025-03-03,112.01000213623047,115.80000305175781,109.30000305175781,111.80999755859375,961360
2025-03-04,127.04000091552734,132.6999969482422,111.04000091552734,111.95999908447266,5197809
2025-03-05,124.5999984741211,125.79000091552734,121.69000244140625,123.63999938964844,1738926
2025-03-06,126.05000305175781,129.08999633789062,124.80000305175781,124.80000305175781,1206518
2025-03-07,136.60000610351562,142.25,125.91999816894531,127.51000213623047,24709113
2025-03-10,127.3499984741211,135.8300018310547,126.55000305175781,135.60000610351562,2956090
2025-03-11,126.0999984741211,127.2300033569336,121.6500015258789,127.0,2617550
2025-03-12,124.4800033569336,127.0,123.0,127.0,1249956
2025-03-13,122.41000366210938,126.25,120.66000366210938,124.68000030517578,1447200
2025-03-17,117.25,125.70999908447266,116.44999694824219,123.55000305175781,2041244
2025-03-18,117.25,117.25,117.25,117.25,0
2025-03-19,130.33999633789062,133.5,125.5999984741211,125.5999984741211,2481753
2025-03-20,144.49000549316406,153.39999389648438,130.91000366210938,132.00999450683594,19942551
2025-03-21,147.77000427246094,149.3000030517578,142.30999755859375,144.0,5900970
2025-03-24,156.0399932861328,161.9499969482422,146.61000061035156,146.8000030517578,9552985
2025-03-25,153.8300018310547,159.6999969482422,150.0,156.5,4551050
2025-03-26,147.7100067138672,154.9499969482422,141.10000610351562,153.0,2172581
2025-03-27,150.72999572753906,158.0,145.11000061035156,147.3300018310547,3249489
2025-03-28,147.91000366210938,152.8800048828125,144.72999572753906,151.5,1373849
2025-04-01,146.2899932861328,153.94000244140625,143.97999572753906,146.39999389648438,1384632
2025-04-02,145.60000610351562,147.6999969482422,142.5500030517578,147.4499969482422,610799
2025-04-03,150.0,153.0,147.19000244140625,147.19000244140625,1471296
2025-04-04,145.5399932861328,151.0,139.32000732421875,150.0,1628387
2025-04-07,142.5800018310547,143.8000030517578,131.1300048828125,131.1300048828125,1424725
2025-04-08,143.0800018310547,149.7899932861328,142.0500030517578,146.86000061035156,625442
2025-04-09,143.6300048828125,145.5,141.36000061035156,142.0,773935
2025-04-11,145.47999572753906,148.25,144.02999877929688,148.0,493585
2025-04-15,147.97999572753906,150.8300018310547,145.22999572753906,146.89999389648438,824386
2025-04-16,150.36000061035156,151.9499969482422,147.8000030517578,149.64999389648438,678192
2025-04-17,149.92999267578125,152.32000732421875,148.3300018310547,150.36000061035156,540298
2025-04-21,152.83999633789062,153.22000122070312,150.64999389648438,151.0,505753
2025-04-22,152.44000244140625,156.97999572753906,149.8300018310547,153.5,865948
2025-04-23,153.75999450683594,155.6999969482422,150.61000061035156,153.1999969482422,808295
2025-04-24,154.99000549316406,159.5,154.1300048828125,156.0,933491
2025-04-25,149.77000427246094,155.72999572753906,146.30999755859375,155.0,946026
2025-04-28,150.55999755859375,151.5500030517578,147.35000610351562,147.60000610351562,405260
2025-04-29,148.4499969482422,153.5399932861328,147.64999389648438,152.0,340376
2025-04-30,145.9499969482422,149.4499969482422,145.10000610351562,148.5,354129
2025-05-02,144.97000122070312,147.55999755859375,143.50999450683594,147.4499969482422,238077
2025-05-05,147.47999572753906,148.27999877929688,143.83999633789062,145.25,325365
2025-05-06,144.77999877929688,148.74000549316406,143.4600067138672,148.0,397006
2025-05-07,145.0800018310547,145.89999389648438,140.0,140.1999969482422,280960
2025-05-08,142.5800018310547,151.8000030517578,141.0,145.0,762385
2025-05-09,140.66000366210938,141.60000610351562,138.57000732421875,139.9499969482422,338433
2025-05-12,148.6300048828125,149.8000030517578,144.0,144.0,449281
2025-05-13,149.74000549316406,151.8800048828125,148.38999938964844,149.3000030517578,378675
2025-05-14,150.67999267578125,152.7899932861328,149.91000366210938,151.27999877929688,310859
2025-05-15,151.57000732421875,153.38999938964844,150.10000610351562,150.85000610351562,341330
2025-05-16,160.7100067138672,162.8000030517578,151.5500030517578,153.0,1583056
2025-05-19,167.02999877929688,171.0,163.0,163.0,2057467
2025-05-20,160.00999450683594,168.3699951171875,158.82000732421875,167.5,799660
2025-05-21,165.77999877929688,167.69000244140625,159.1199951171875,160.47999572753906,732028
2025-05-22,162.50999450683594,165.60000610351562,161.60000610351562,165.60000610351562,395657
2025-05-23,163.3000030517578,165.35000610351562,158.75,163.39999389648438,532833
2025-05-26,164.5800018310547,166.88999938964844,163.25,163.3000030517578,336535
2025-05-27,161.30999755859375,165.8000030517578,160.89999389648438,165.8000030517578,353320
2025-05-28,169.82000732421875,177.89999389648438,162.0,162.0,5667870
2025-05-29,180.7100067138672,182.0,169.41000366210938,171.17999267578125,2474079
2025-05-30,185.14999389648438,188.5800018310547,181.0,182.8000030517578,2197908
2025-06-02,198.5399932861328,204.39999389648438,185.22000122070312,187.0,6171086
2025-06-03,195.17999267578125,199.49000549316406,192.5,199.4499969482422,1111200
2025-06-04,156.8300018310547,185.0,156.13999938964844,185.0,17337981
2025-06-05,162.0399932861328,165.6999969482422,156.8300018310547,156.8300018310547,6549366
2025-06-06,165.5500030517578,166.50999450683594,160.49000549316406,163.02000427246094,2350692
2025-06-09,166.83999633789062,168.44000244140625,165.60000610351562,166.10000610351562,1301367
2025-06-10,164.8800048828125,168.0,164.1999969482422,166.83999633789062,904723
2025-06-11,165.8000030517578,169.5,163.30999755859375,164.8800048828125,1275205
2025-06-12,166.94000244140625,172.8000030517578,165.6999969482422,166.0,2679935
2025-06-13,165.89999389648438,167.27999877929688,162.8000030517578,165.0,784168
2025-06-16,162.88999938964844,167.25,159.61000061035156,165.0,1246349
2025-06-17,159.8800048828125,165.0,159.0500030517578,165.0,783826
2025-06-18,157.32000732421875,160.4199981689453,156.5,159.9499969482422,564276
2025-06-19,150.6199951171875,157.89999389648438,150.10000610351562,156.39999389648438,1123130
2025-06-20,156.6699981689453,158.27000427246094,150.0,150.60000610351562,2284756
2025-06-23,156.6300048828125,157.52000427246094,154.1999969482422,155.0,500422
2025-06-24,157.07000732421875,159.3000030517578,156.25999450683594,156.64999389648438,467249
2025-06-25,159.07000732421875,160.5500030517578,157.07000732421875,157.25,445283
2025-06-26,159.57000732421875,160.97999572753906,158.0,160.0,338129
2025-06-27,161.36000061035156,163.5,159.47999572753906,159.57000732421875,523133
2025-06-30,162.38999938964844,163.27000427246094,160.13999938964844,161.1999969482422,588634
2025-07-01,160.92999267578125,163.19000244140625,160.0,163.0,308253
2025-07-02,160.44000244140625,161.60000610351562,158.60000610351562,161.49000549316406,321989
2025-07-03,159.3000030517578,160.88999938964844,159.0,160.1999969482422,272491
2025-07-04,158.83999633789062,159.8000030517578,157.72000122070312,159.3000030517578,224256
2025-07-07,157.1699981689453,159.6999969482422,156.49000549316406,158.83999633789062,238608
2025-07-08,156.47000122070312,158.8000030517578,155.0,156.99000549316406,232881
2025-07-09,158.0500030517578,159.69000244140625,155.4600067138672,156.1199951171875,290741
2025-07-10,156.02000427246094,158.0500030517578,155.1999969482422,158.0500030517578,245557
2025-07-11,159.33999633789062,163.5,155.5800018310547,156.0,1252773
2025-07-14,161.2100067138672,163.14999389648438,158.00999450683594,159.14999389648438,522811
2025-07-15,162.25,163.8000030517578,161.1999969482422,161.2100067138672,541533
2025-07-16,163.0399932861328,166.4600067138672,162.10000610351562,162.25,596912
2025-07-17,161.4199981689453,165.75,160.5800018310547,163.14999389648438,673191
2025-07-18,161.02999877929688,162.36000061035156,159.0,159.35000610351562,520172
2025-07-21,160.8699951171875,163.1999969482422,159.22000122070312,161.0,434680
2025-07-22,157.4600067138672,162.8699951171875,156.8000030517578,160.8699951171875,344997
2025-07-23,155.9199981689453,159.5800018310547,155.5,158.8000030517578,233168
2025-07-24,154.4499969482422,156.99000549316406,153.89999389648438,155.9199981689453,288607
2025-07-25,151.66000366210938,154.86000061035156,151.24000549316406,154.5,250275
2025-07-28,149.97000122070312,153.8000030517578,148.5,151.64999389648438,216762
2025-07-29,153.52999877929688,154.25,148.10000610351562,149.64999389648438,250578
2025-07-30,151.92999267578125,154.35000610351562,150.97000122070312,153.5,196001
2025-07-31,150.5399932861328,152.0,149.10000610351562,149.8000030517578,152211
2025-08-01,149.83999633789062,153.99000549316406,148.50999450683594,150.0,307014
2025-08-04,148.61000061035156,151.64999389648438,146.69000244140625,149.8300018310547,249563
2025-08-05,145.72999572753906,149.77000427246094,145.0,148.0,237541
2025-08-06,140.5,145.72999572753906,140.00999450683594,145.72999572753906,334914
2025-08-07,145.9600067138672,147.64999389648438,138.0,140.0,370339
2025-08-08,142.61000061035156,145.9499969482422,141.3000030517578,145.89999389648438,139366
2025-08-11,142.41000366210938,143.5,139.0,143.3000030517578,652596
2025-08-12,141.89999389648438,143.8000030517578,141.10000610351562,142.64999389648438,125329
2025-08-13,142.27999877929688,143.39999389648438,141.3800048828125,141.89999389648438,193743
2025-08-14,140.24000549316406,143.32000732421875,139.5800018310547,142.27999877929688,250224
2025-08-18,143.61000061035156,148.0,141.0,141.0,352974
2025-08-19,147.0500030517578,147.89999389648438,143.6999969482422,144.25,205894
2025-08-20,146.86000061035156,148.08999633789062,146.0,148.0,159965
2025-08-21,145.0500030517578,149.60000610351562,144.35000610351562,146.86000061035156,234366
2025-08-22,146.0800018310547,146.89999389648438,143.86000061035156,145.0500030517578,195028
2025-08-25,144.72000122070312,148.0500030517578,144.0500030517578,146.10000610351562,150383
2025-08-26,142.58999633789062,145.17999267578125,142.10000610351562,144.3000030517578,195509
2025-08-28,140.27000427246094,144.0,139.8000030517578,142.99000549316406,142247
2025-08-29,140.08999633789062,141.5,138.39999389648438,141.0,139750
2025-09-01,141.85000610351562,142.5,139.91000366210938,140.08999633789062,98527
2025-09-02,143.52000427246094,146.5,141.0500030517578,143.1999969482422,180842
2025-09-03,146.82000732421875,147.89999389648438,143.41000366210938,144.3000030517578,261660
2025-09-04,144.32000732421875,148.00999450683594,143.5,147.8000030517578,222835
2025-09-05,144.9600067138672,146.0,143.3699951171875,144.32000732421875,205972
2025-09-08,141.08999633789062,146.58999633789062,140.8000030517578,146.58999633789062,305679
2025-09-09,141.5800018310547,142.6699981689453,140.6999969482422,141.08999633789062,152188
2025-09-10,143.94000244140625,144.8000030517578,141.0,141.0,244826
2025-09-11,144.5399932861328,147.0,143.0,143.67999267578125,270126
2025-09-12,143.10000610351562,145.8800048828125,142.6199951171875,144.60000610351562,131456
2025-09-15,143.6699981689453,145.35000610351562,143.10000610351562,143.10000610351562,165952
2025-09-16,143.82000732421875,145.2899932861328,143.0,143.89999389648438,99116
2025-09-17,144.3000030517578,145.3800048828125,143.52000427246094,144.89999389648438,116748
2025-09-18,143.8699951171875,146.89999389648438,143.11000061035156,144.99000549316406,254083
2025-09-19,143.27999877929688,149.27000427246094,141.14999389648438,144.4499969482422,810769
2025-09-22,141.00999450683594,143.86000061035156,140.6999969482422,143.27999877929688,176637
2025-09-23,139.38999938964844,141.94000244140625,138.91000366210938,141.6999969482422,238223
2025-09-24,137.2100067138672,139.86000061035156,136.57000732421875,139.38999938964844,212480
2025-09-25,135.72999572753906,137.88999938964844,135.39999389648438,137.1999969482422,162220
2025-09-26,131.75999450683594,133.49000549316406,130.1199951171875,133.0,396382
2025-09-29,128.77999877929688,133.0,128.10000610351562,133.0,292891
2025-09-30,129.52000427246094,131.66000366210938,127.70999908447266,128.77999877929688,184468
2025-10-01,132.14999389648438,132.8000030517578,129.11000061035156,130.0399932861328,193224
2025-10-03,132.11000061035156,133.5399932861328,130.4199981689453,133.0,120979
2025-10-06,131.91000366210938,133.2899932861328,130.39999389648438,132.10000610351562,181640
2025-10-07,130.44000244140625,132.1199951171875,130.0800018310547,131.89999389648438,164671
2025-10-08,128.0500030517578,131.52999877929688,127.5,130.44000244140625,212186
2025-10-09,128.02999877929688,130.42999267578125,127.16000366210938,128.0500030517578,314469
2025-10-10,134.00999450683594,135.97000122070312,128.5500030517578,130.0,907584
2025-10-13,134.2100067138672,136.9499969482422,133.8300018310547,134.0,381611
2025-10-14,130.4600067138672,134.89999389648438,130.11000061035156,134.1999969482422,176431
2025-10-15,131.27999877929688,132.16000366210938,130.0,130.5,147777
2025-10-16,131.8300018310547,133.6999969482422,131.2100067138672,132.0,145134
2025-10-17,129.39999389648438,133.00999450683594,129.0,132.3000030517578,156945
