Date,Close,High,Low,Open,Volume
,BSOFT.NS,BSOFT.NS,BSOFT.NS,BSOFT.NS,BSOFT.NS
2017-10-31,81.79588317871094,82.54073591565499,75.80947364315057,77.24400383702287,8174174
2017-11-01,80.52686309814453,83.64421163714813,80.00270481199611,82.76142087257186,8005940
2017-11-02,82.01657104492188,82.70624839039847,80.0302951435077,81.29930606389553,3865173
2017-11-03,84.08562469482422,85.18911008555473,80.5544741531407,81.98900448392683,4586046
2017-11-06,86.3477554321289,87.00985196633262,82.65107969087592,83.31316945344543,4179241
2017-11-07,87.06503295898438,90.48583958512712,82.34763425945984,85.54773975199876,6180636
2017-11-08,87.42366027832031,91.53415092844168,86.15465592286223,87.8650557473802,5122405
2017-11-09,87.89261627197266,89.29956516522958,86.56843704494575,88.0305544296349,2735062
2017-11-10,88.74784851074219,90.07203494515589,87.67195084182569,88.27886539199349,1956223
2017-11-13,89.05130767822266,89.8237480884701,88.33404255036932,88.72026275549304,1340516
2017-11-14,89.90650939941406,93.21696533896582,88.83061172693236,88.91336787740408,6174900
2017-11-15,88.69266510009766,89.8237379465635,86.09947452181432,89.38234250888317,3096422
2017-11-16,92.99626922607422,93.4928332060524,88.80302240663141,90.34790317019639,4078974
2017-11-17,91.78243255615234,94.04457840100525,90.8996416215052,94.04457840100525,2605318
2017-11-20,92.44451904296875,93.3273099458321,90.81688220358474,91.78242925163849,2474335
2017-11-21,95.1756362915039,95.86531363767996,92.1962258221778,92.25140109333327,3167480
2017-11-22,94.8170166015625,96.0860209229278,92.94109098718224,95.45151876224516,2242143
2017-11-23,98.43092346191406,99.03784471687337,94.23767703888048,94.23767703888048,4782732
2017-11-24,96.94122314453125,98.70680495414986,96.25154571273909,98.70680495414986,1971484
2017-11-27,97.60330200195312,98.26539849219678,95.56185757430029,96.49981688039203,2136545
2017-11-28,98.34815979003906,100.25167290967255,97.21709374483687,97.6584823993203,2187204
2017-11-29,95.20323181152344,98.92749520661323,94.54114204609286,98.65162559962286,2152516
2017-11-30,94.15491485595703,95.2859876089442,92.94107919556339,94.89976747934776,3337032
2017-12-01,88.58231353759766,95.36875053900177,88.0029866877473,94.62389786254606,4997846
2017-12-04,87.09262084960938,89.85133762609584,86.48570627373454,89.38235448748244,2966723
2017-12-05,85.32704162597656,87.03744147777904,83.6718102835062,86.87192240651294,5026821
2017-12-06,89.21682739257812,89.71339135672086,84.14078979250597,85.93395248887606,6826663
2017-12-07,92.41693878173828,93.18937919049957,89.18924571260833,89.35476478783715,2842762
2017-12-08,92.00312805175781,93.13420098829468,91.2031000269348,92.05830333231593,1845585
2017-12-11,95.1204605102539,95.58944354092677,91.86518047424092,91.94793660889667,2548677
2017-12-12,93.6583480834961,95.20322866621747,93.43764698788789,95.12046575536439,1254800
2017-12-13,93.85147094726562,95.8377472919347,92.88592380245485,93.79630243548844,2302758
2017-12-14,93.49282836914062,95.1204719690397,91.56173428622562,93.90663617880368,1853683
2017-12-15,92.44451904296875,94.62390188955096,91.23068324444029,93.87904918139581,1855218
2017-12-18,93.52041625976562,94.62390149796092,89.13406294581196,92.41693102157035,1306031
2017-12-19,97.46539306640625,97.98955149794615,93.5204279378091,93.5204279378091,4479169
2017-12-20,94.84458923339844,97.90676253833747,94.34801857616593,97.90676253833747,1630867
2017-12-21,96.11360931396484,96.55500477461861,92.7479782374776,95.45151950880154,1935989
2017-12-22,95.39635467529297,96.52742770447612,94.45839514388115,96.16879512310759,1204236
2017-12-26,94.29285430908203,95.61704062567344,93.71352745107187,94.51355541433108,1583256
2017-12-27,94.92735290527344,96.49981425122127,94.01697448826307,95.23081012039903,1702419
2017-12-28,95.69981384277344,98.40334850005087,94.15493302625204,95.1480677918865,4434667
2017-12-29,99.72753143310547,100.25168305269871,94.89978243798961,96.52741934870548,6461256
2018-01-01,101.93449401855469,103.14832977505418,99.64476069548778,100.25167518792038,4331671
2018-01-02,104.91389465332031,105.71392253468008,100.69306093549933,103.72764664894663,6795085
2018-01-03,109.57613372802734,110.01752916183906,105.13460529533836,105.49323781562896,6523107
2018-01-04,112.44519805908203,113.21763840398098,107.81056276132281,109.85200740738827,5849749
2018-01-05,111.59000396728516,112.5003825813084,110.43134335472605,111.53483545665999,3373234
2018-01-08,109.85200500488281,112.00380015934024,108.9416264855785,110.37616336018445,3650345
2018-01-09,111.59000396728516,112.44520729904819,108.47266146429915,109.85201643426402,3587843
2018-01-10,113.79695892333984,114.32112403247436,109.32784970827822,111.75551439125206,4843692
2018-01-11,114.87284088134766,116.8591097522607,113.93487493816694,114.21075125770997,6968670
2018-01-12,111.97620391845703,116.14186248767864,110.9830693323057,115.47977276357776,4841714
2018-01-15,110.98307037353516,113.54867315722161,110.10027955202919,112.80382051771154,1997463
2018-01-16,111.25894165039062,114.07283320427295,109.87958689608331,111.03824732748969,3877234
2018-01-17,111.09342193603516,113.74178088152726,108.83127636039903,111.17617807435633,3815352
2018-01-18,106.10015106201172,115.86600545225198,102.87245841720495,115.86600545225198,5132918
2018-01-19,108.50023651123047,108.96921281273553,105.41047523638453,105.74152011988456,2226389
2018-01-22,110.32099151611328,111.83828458107223,108.00367045999766,108.41747827513507,2857345
2018-01-23,112.25209045410156,113.05211843141669,108.30712584480752,110.9003164756043,3913415
2018-01-24,116.0039291381836,117.82468611274066,110.90031104254138,112.16932204294665,11807788
2018-01-25,116.66604614257812,118.43161450676074,113.49351488294307,114.92805187565686,6591799
2018-01-29,114.98322296142578,119.09369999096918,114.21078259800744,118.07298441509911,4963734
2018-01-30,121.02482604980469,123.25938456082284,110.48652898522839,110.90033686930238,24636830
2018-01-31,116.74877166748047,121.74205232379758,115.31424173949628,119.17644290840258,6439135
2018-02-01,115.14874267578125,118.26607805995211,112.74865202293769,116.96948615778001,4088879
2018-02-02,108.88645935058594,115.61772128124161,106.45878778298828,112.27967795452064,5317119
2018-02-05,114.26596069335938,114.95563815520245,104.4725177116293,105.93463555592898,6028573
2018-02-06,113.8245620727539,115.78325750307364,106.67949169344331,109.24510168430874,6305112
2018-02-07,116.88671112060547,119.34197002328084,115.28665536575039,116.91429875580184,6192027
2018-02-08,122.01792907714844,125.32839146984372,117.24536249771062,117.57640061101901,10665544
2018-02-09,118.76265716552734,121.5213668358605,117.57640225613059,119.7281974241827,5681629
2018-02-12,118.87300872802734,123.03866090731114,118.10056838858682,119.67303670613603,4217148
2018-02-14,120.27995300292969,122.32139766493914,118.92818577461624,119.75578786043621,3387642
2018-02-15,114.87284088134766,121.24546197340133,113.41072347430077,120.88683630126097,5364007
2018-02-16,113.6038589477539,117.71434266381787,112.99694443405004,115.86601148375297,4277542
2018-02-19,109.54855346679688,115.20391125873695,107.12088180317882,115.20391125873695,6771590
2018-02-20,109.71407318115234,112.39002684621798,108.9692204481771,111.45206740585107,3845433
2018-02-21,110.59684753417969,112.99693121248133,109.35542424144087,111.42446306267223,3877366
2018-02-22,111.03825378417969,113.30039950489872,110.34857636692244,110.84514031523241,3817670
2018-02-23,114.07283782958984,114.56940176915965,111.06583946769854,111.45205962716075,4500592
2018-02-26,114.87284088134766,115.86598208843695,113.35554821039217,114.98319140916486,4298495
2018-02-27,117.68675994873047,118.90060257019285,114.8452871907317,115.31426352929039,7578389
2018-02-28,119.23162841796875,120.16959454167132,115.92116611937999,117.24535916477639,5817637
2018-03-01,118.48677825927734,120.55581046798929,118.12815251053614,119.12128038648754,3184646
2018-03-05,121.07997131347656,121.60412287079886,118.12814834111904,118.597124624695,5439717
2018-03-06,118.98335266113281,123.45248266902139,118.32126283784885,123.45248266902139,4247246
2018-03-07,116.2246322631836,119.45233170924186,110.3485737642446,118.01780163172006,5291744
2018-03-08,116.03152465820312,117.65916828231092,113.49350925660377,117.65916828231092,2778435
2018-03-09,115.94874572753906,117.63156439756712,114.95561794134811,116.96947469235074,2621445
2018-03-12,120.00408935546875,120.50065336834506,116.2798254007202,117.52124220454621,3826217
2018-03-13,121.3282699584961,122.37658681908006,118.62473519532197,118.79026104856217,2484116
2018-03-14,126.45948791503906,126.90087663927721,120.27996451608274,120.27996451608274,6287518
2018-03-15,127.61810302734375,128.22501741759794,125.4111329897955,127.14912680379877,6617958
2018-03-16,126.54220581054688,128.39055025929082,124.39041092166607,128.36296262443594,3620647
2018-03-19,124.80424499511719,126.65257619013586,123.3421272053005,125.76978527975673,2809765
2018-03-20,127.34222412109375,127.97673967513622,122.3765450227537,124.14212643442686,4143746
2018-03-21,126.266357421875,130.40442186297562,125.5766800150249,128.8319535832422,4726604
2018-03-22,125.54910278320312,128.1146991572207,124.99734997737598,127.34225877233236,2981561
2018-03-23,121.2178955078125,124.25248137960523,120.55580576856454,121.93517406387136,2792478
2018-03-26,121.2454605102539,122.76275316289924,120.30750812165765,121.93515130078852,2657144
2018-03-27,123.03865051269531,124.693881606411,120.72132969014689,121.93517214573,2868617
2018-03-28,119.47992706298828,123.01107720929264,118.62472378014684,121.38343356226561,3679626
2018-04-02,123.28694915771484,123.86627602413974,119.72819795695735,119.72819795695735,2163642
2018-04-03,123.06624603271484,124.14215037553329,120.94203852845132,123.03865839461005,3061700
2018-04-04,120.85929870605469,123.92147294768539,120.33514702518539,122.76280546917236,3022061
2018-04-05,121.99034118652344,122.65244449830648,121.1627391333317,121.65930307390045,2735285
2018-04-06,124.03180694580078,125.21804836589128,120.85928255463729,121.71448584172853,5322707
2018-04-09,122.9007339477539,124.80425410331334,121.82484302788997,124.36285184427574,3340439
2018-04-10,121.88001251220703,123.59040555480078,120.55581934135873,123.03866630052117,1941303
2018-04-11,122.98348999023438,123.83869327599986,121.4661968962274,122.2938125423466,1559290
2018-04-12,124.85941314697266,126.87327006210714,122.48691694301334,122.59726749342099,5227841
2018-04-13,126.65257263183594,128.00433982696873,124.14215171038038,125.24563015990027,4188150
2018-04-16,126.37672424316406,126.8181129647942,118.597144756997,124.96978161033454,1667956
2018-04-17,126.045654296875,128.16986175937618,125.46632745133256,126.3491183100616,1412570
2018-04-18,128.0319366455078,129.0526657962804,126.07325480837092,126.45948177368422,3500116
2018-04-19,129.5216522216797,129.88027799376064,128.03193322426324,129.05266234776008,2330951
2018-04-20,134.1287078857422,135.92187757176671,129.52166636527565,129.88029217651808,7760705
2018-04-23,135.61837768554688,138.43227586337582,133.16313231078124,134.12867246215924,6518891
2018-04-24,133.35623168945312,136.14254222093047,132.22516573031982,136.00460404462953,1822441
2018-04-25,134.59767150878906,136.58394076198468,132.4182887947462,133.96316939498774,2972886
2018-04-26,136.61151123046875,137.65982777148025,135.0390431905847,135.72872049223795,3544020
2018-04-27,136.74945068359375,138.3770940063557,134.7907692954282,137.90810422740626,1735403
2018-04-30,142.68072509765625,143.34281496401815,135.1770218878608,135.1770218878608,5705414
2018-05-02,139.6737518310547,143.26007823946804,138.184045973462,143.0393906058316,1912602
2018-05-03,138.4598846435547,142.4600111233225,137.8253689331697,141.0806562307633,1862179
2018-05-04,138.9840545654297,140.39099728295514,135.4529039500075,138.32196467149245,3031202
2018-05-07,139.20469665527344,141.24614075746138,137.77016690311268,140.6944016704608,1591264
2018-05-08,143.7290496826172,145.5222058836614,139.06681918201394,140.14271019398623,5010249
2018-05-09,143.922119140625,146.76360519439342,143.06692945831924,144.80491000390373,4177197
2018-05-10,142.95657348632812,145.88080879904965,142.54275893645178,144.28075295939678,2024255
2018-05-11,143.34278869628906,144.83249400843076,142.21172266531053,142.9565753213814,1900006
2018-05-14,142.4048614501953,144.55667063796938,141.35655804412255,144.55667063796938,797790
2018-05-15,142.2393341064453,145.05321937956438,141.79793184037467,143.50833853485778,1821869
2018-05-16,143.922119140625,145.3842503957003,140.25303104225543,140.25303104225543,2314921
2018-05-17,144.39109802246094,145.21871354751528,142.95656805723806,145.1083630050724,1141053
2018-05-18,144.08763122558594,146.51530248226462,143.7565931479694,145.08077254496973,2422748
2018-05-21,138.90126037597656,144.97043217168033,138.5426346381354,144.11522896768795,1384412
2018-05-22,136.5563507080078,139.4529983963801,136.33564961380256,137.49431681511223,2612008
2018-05-23,142.4875946044922,144.77732799316217,136.8598246401706,137.93571546592904,5669388
2018-05-24,149.43959045410156,150.90170854333084,144.08768216077894,145.10841147606558,10927394
2018-05-25,149.5223388671875,153.60524218853658,148.5291972931792,150.2947793040227,5712452
2018-05-28,150.6809844970703,151.39824961032318,146.79120842708545,148.94300376684404,3157484
2018-05-29,150.4051055908203,153.10863991164265,149.30161362637608,151.45340873661053,2723698
2018-05-30,151.3430633544922,152.22584062527676,148.97056727399803,148.97056727399803,2499879
2018-05-31,152.88795471191406,154.04660842634965,150.6258090160111,152.28102667330927,3693872
2018-06-01,157.66053771972656,159.39853201561507,151.7844785348188,153.99144918428308,6617033
2018-06-04,153.77073669433594,160.22613586306798,152.7224335006791,159.45369551566708,4813451
2018-06-05,143.646240234375,154.7638538363605,141.27374428704158,152.83276004291247,7018521
2018-06-06,146.6256561279297,147.86707264600096,137.99087514294447,143.09450648005387,7312225
2018-06-07,147.72915649414062,149.7430271109017,146.54291507051647,147.81191941345432,3444520
2018-06-08,150.62583923339844,151.95001904219112,147.31537616814546,147.45331438640955,3698627
2018-06-11,151.78445434570312,153.10863381569996,150.65337478859945,151.72927907251426,2102178
2018-06-12,157.02601623535156,158.81918559299723,151.61893406808016,151.7292846184914,4076483
2018-06-13,152.80519104003906,158.57089903205275,151.86722489193195,157.6605205219273,2423102
2018-06-14,154.70870971679688,155.81220178042503,152.75002789436218,152.80520317470706,3029072
2018-06-15,155.81219482421875,156.75014746166792,153.63281197770263,154.84664100455979,1989992
2018-06-18,153.74317932128906,156.1432637528302,153.19143997689267,155.06737270842078,765765
2018-06-19,152.28103637695312,154.5983574967571,151.72929712269584,152.69485097509818,1050032
2018-06-20,151.86724853515625,153.43971705837984,150.3775429387624,152.28104962603427,1383390
2018-06-21,152.63966369628906,154.4604071551897,151.72928519520454,151.72928519520454,1469757
2018-06-22,153.77073669433594,154.40525239024333,152.47414475010663,153.71556141643094,1731416
2018-06-25,151.4534149169922,155.70184357871005,150.90167568388935,152.83278331465266,977712
2018-06-26,149.85336303710938,151.4534053577917,147.5636297894932,151.4534053577917,1283597
2018-06-27,151.48101806640625,152.6672731138008,149.10853505815777,150.7361652853056,2630723
2018-06-28,146.18426513671875,152.1982618239197,144.74973505933764,151.72928552513804,4377461
2018-06-29,149.9361114501953,150.54303946203186,146.625662738336,147.28775248070787,1595024
2018-07-02,150.7913360595703,151.95000343067457,148.2809149181726,150.074070941561,954019
2018-07-03,153.93626403808594,154.7914673107334,149.85337469267952,150.51546449076517,2450184
2018-07-04,152.00514221191406,157.32946080847447,150.7637122164542,153.93623597568865,5478985
2018-07-05,148.7498779296875,152.1982650064083,147.94984996096528,151.17754947419866,1473054
2018-07-06,147.97744750976562,149.4119777132174,146.29462854458464,147.86709694899707,1621417
2018-07-09,154.48802185058594,156.6398308821239,148.50161176568471,149.24646457097992,3265168
2018-07-10,158.23988342285156,159.81235205947146,155.64669903493214,156.69501597376927,5187465
2018-07-11,160.72267150878906,162.65377880875093,157.82602410211285,158.12948807713352,6649206
2018-07-12,165.32972717285156,166.40563137241523,160.61232294465728,162.2123786551536,5276117
2018-07-13,167.59190368652344,168.28158113211137,163.26072553611579,165.27458259377102,4825209
2018-07-16,162.846923828125,166.48843836435017,161.93655873733906,165.52288444681955,2084354
2018-07-17,160.6675262451172,163.17796078658233,157.93640413296316,160.5571756881382,1591765
2018-07-18,166.1849822998047,166.90224747620584,158.8743923204716,162.10207884264128,4588749
2018-07-19,161.68824768066406,167.53671857684776,160.25371759455368,166.9573917234702,4071932
2018-07-20,161.4951171875,164.69522867753588,160.0054119825891,160.7778522200713,2326262
2018-07-23,158.70884704589844,162.65381180511957,157.30190450828357,162.65381180511957,1992793
2018-07-24,160.8882293701172,162.90208643034921,157.30190393981724,158.81919703070596,3266576
2018-07-25,160.8330535888672,163.1779623168542,159.67439981626003,161.10892998390187,3136568
2018-07-26,158.51573181152344,161.13651692315602,153.6879897222812,154.48800417786663,5697812
2018-07-27,164.47454833984375,166.2953053946985,157.38466067650396,158.4605514916982,4073823
2018-07-30,163.012451171875,165.9366870497221,161.68827144290094,164.83320845666722,3080142
2018-07-31,163.97796630859375,165.27455808886384,161.66064555942557,161.66064555942557,2487705
2018-08-01,169.90924072265625,170.59891823295987,163.75730487093915,163.86765543951103,4685760
2018-08-02,167.37120056152344,171.01271476591185,166.62634784576565,170.48854962067068,2910547
2018-08-03,169.46783447265625,169.936810797335,167.39878861236548,168.28157952641007,1858667
2018-08-06,167.0953369140625,170.48854880595766,165.96425725458474,170.48854880595766,1327298
2018-08-07,167.7022705078125,168.9436873216044,165.05389748358036,167.17811884872023,960257
2018-08-08,167.20567321777344,169.7436816247642,166.15735656492862,167.56429895212304,2159892
2018-08-09,162.40550231933594,168.5574368386915,161.4675362328866,167.72982129691474,2993794
2018-08-10,159.89508056640625,164.69524837557432,158.901952673196,162.73655314094276,3270998
2018-08-13,161.99169921875,163.01242828580078,157.7708718465003,157.79845948461707,3221161
2018-08-14,163.1503448486328,165.38490261006257,161.6606396743463,161.6606396743463,3746636
2018-08-16,163.84007263183594,165.88151758084118,162.48830521348475,163.84007263183594,2904059
2018-08-17,163.7021026611328,164.99870808531765,161.88135920898233,164.14350486281901,1533680
2018-08-20,161.83541870117188,165.30133145433342,160.99690558664287,164.91001252718578,2766468
2018-08-21,164.2112579345703,165.21749297743762,159.9627343701502,161.50003142811414,3360231
2018-08-23,165.4970245361328,166.53119732431225,163.40070015850682,164.40693531089428,3043133
2018-08-24,162.3665313720703,166.3076042840772,160.46586645091895,165.18956367366604,2137242
2018-08-27,162.81373596191406,164.18332504647373,160.99693887568242,161.33234144648014,2666103
2018-08-28,164.23919677734375,165.41313985822813,162.81370524627326,162.81370524627326,2520937
2018-08-29,164.93797302246094,166.41936731371072,163.03732215070514,164.35100832102333,2707370
2018-08-30,165.69264221191406,167.34174458793785,164.37895607039925,165.58085052223376,2335893
2018-08-31,169.38218688964844,170.38840827419472,165.52496832402258,167.64923024029457,5061792
2018-09-03,167.70509338378906,172.8480456838947,166.53115041637184,170.50017347088146,3293749
2018-09-04,167.78897094726562,171.8977376044828,166.0839658175955,167.76101959360471,5251718
2018-09-05,172.8201141357422,173.93815453177604,166.13986427795376,167.7051125993075,4252210
2018-09-06,173.29527282714844,174.6089588635157,171.19894897290254,173.71452936490465,4052602
2018-09-07,172.20518493652344,175.8108405820305,170.02502073873265,173.35116287612993,4437014
2018-09-10,173.35121154785156,174.86055747177892,172.2052332864894,172.98785760711195,2776051
2018-09-11,171.50645446777344,174.18972987757766,170.97539240162988,174.07793817035653,2870669
2018-09-12,171.64617919921875,172.51265739068577,169.24240408910876,171.19895756655328,2183531
2018-09-14,169.43807983398438,171.89774416269393,167.84488005817445,171.89774416269393,1916177
2018-09-17,169.15855407714844,172.28905069335997,168.43183262851525,169.43806760424684,2128658
2018-09-18,167.03431701660156,170.10891137983532,165.77651968139025,169.15857896967725,1378260
2018-09-19,162.98143005371094,167.98462660111412,161.83543820789802,167.14611338551546,2500640
2018-09-21,155.2669677734375,162.67393849857953,147.0773729496868,161.9751684521598,4148409
2018-09-24,154.68003845214844,156.74839771300148,149.81658464551649,155.01544101567404,2944935
2018-09-25,149.5929718017578,157.1117632687432,146.51839116933903,154.8197931814313,3994461
2018-09-26,138.38467407226562,150.40353709642773,124.4651463638737,150.06813456039075,24169785
2018-09-27,134.89080810546875,139.9219553528194,133.43736526241585,138.35670710309748,6407579
2018-09-28,119.29424285888672,135.28212980392914,116.19169733277111,134.13615168947004,11051644
2018-10-01,124.01795196533203,126.89688693938,111.35621325708868,117.39360364486893,7175088
2018-10-03,123.01171112060547,126.56147851971114,120.18867899273208,124.01794623587179,3816584
2018-10-04,115.07366180419922,121.64211350257838,112.41833114241766,120.74768387680984,4773215
2018-10-05,109.39964294433594,117.22588524736497,106.71636084914198,114.3189923087062,4635077
2018-10-08,107.58283996582031,110.48972606572555,104.36848895380723,108.98038030448059,4090866
2018-10-09,111.57980346679688,114.15128690815968,106.66045428035982,106.96791231809118,3802550
2018-10-10,114.85005187988281,116.35939750712511,111.94315917714518,112.39037396686723,2803398
2018-10-11,110.3499755859375,113.39661844854442,107.77849204506943,109.87480940328666,5071404
2018-10-12,113.14505767822266,114.90596565355075,109.6791513001921,112.3624334360573,4193319
2018-10-15,121.5582504272461,122.9837419631477,114.06742516471637,114.65438984623658,5623001
2018-10-16,119.37809753417969,123.65457255168452,118.48366788900789,122.64835120746213,2671032
2018-10-17,115.63267517089844,121.75391169300082,114.37488487075221,121.30669004575448,1975266
2018-10-19,118.34392547607422,121.58622818764967,113.17302018581542,115.15752548172078,3545358
2018-10-22,119.26628112792969,120.94333484292882,117.5612760602865,118.23209480192163,3042223
2018-10-23,115.85629272460938,119.85325409812044,114.17923889366108,119.29424072841219,2128767
2018-10-24,115.99603271484375,118.56751610256481,114.4028398505771,115.94013000716569,3393541
2018-10-25,117.70104217529297,119.85325533442006,113.67612254477605,115.18546140292203,3359064
2018-10-26,122.31291961669922,122.98373833605572,115.77242681160658,120.0209499414719,3016759
2018-10-29,121.67005920410156,124.38128558822562,120.24456762875562,120.74767826657686,1712920
2018-10-30,120.02096557617188,125.61114059478437,119.126535926575,122.42474097139349,2766157
2018-10-31,123.7663803100586,125.47138556694773,120.69178606523849,120.74768877673151,2590006
2018-11-01,122.28499603271484,125.21983374200796,121.13901779579051,124.52106351226318,2498747
2018-11-02,117.28176879882812,122.67628346338958,115.71652059392466,122.28496455125284,3904239
2018-11-05,121.67005920410156,122.14521848860923,116.3314467739712,116.3314467739712,2420554
2018-11-06,123.65457153320312,124.52104981601957,120.83153956667044,122.0334341093476,1839176
2018-11-07,123.29119110107422,124.38126626732941,122.48061570271537,124.38126626732941,179566
2018-11-09,120.21662139892578,123.34711821617122,118.84703247183678,122.9837506076086,1824869
2018-11-12,120.44023132324219,121.86572294854997,117.72899112226933,120.41227996894895,2173995
2018-11-13,119.12653350830078,121.47440614514667,117.28178525766565,119.68556060409051,1587884
2018-11-14,117.5053939819336,119.96507228091687,116.58302662641177,119.96507228091687,1549005
2018-11-15,118.7631607055664,119.07061183746742,116.69478822416718,117.50536366215952,1122122
2018-11-16,118.4836654663086,120.07686523754488,117.39359007871973,119.07063019207365,1203498
2018-11-19,117.6730728149414,118.51159961075973,115.8003734910104,118.37184285781974,1170692
2018-11-20,115.10160827636719,117.1979254788045,113.899720661758,117.1979254788045,1877001
2018-11-21,116.16374206542969,117.58923368263754,110.12635934698544,114.59849367754983,4438816
2018-11-22,112.83760833740234,117.50539593404619,112.02703267679207,116.2755636250359,1820204
2018-11-26,114.5426025390625,115.1575117725634,109.70710040596241,112.92145137626798,3025039
2018-11-27,114.6543960571289,116.24759579457582,113.03325182653938,114.59849334902036,1936940
2018-11-28,116.02398681640625,117.225881338125,113.87177368530111,114.59849518050315,1971739
2018-11-29,116.9463882446289,117.95262346081059,110.90900439119065,116.02400710661452,3882788
2018-11-30,116.52711486816406,117.2258850308772,112.89350041677899,115.82834470545092,1790279
2018-12-03,117.9526138305664,119.07064067119724,114.43080458329464,116.83457326811077,2836813
2018-12-04,117.30973052978516,122.8160373632152,116.58300906476367,117.98054928812631,4878375
2018-12-05,117.53331756591797,119.76938447610489,115.52086146329627,117.39357453301147,3210266
2018-12-06,118.90293884277344,119.6017090050908,114.37489474356947,115.60473379692225,2531893
2018-12-07,115.88422393798828,118.79110942142971,115.15748884530676,118.67930402255563,1783536
2018-12-10,117.19792175292969,117.89669184455681,112.50217685748315,114.59848713236454,2184178
2018-12-11,118.6792984008789,119.60167917607698,115.10158755457486,117.3376611215838,1750532
2018-12-12,120.52409362792969,121.05515567399326,118.31596393141284,118.51162342484523,2163999
2018-12-13,121.75392150878906,122.56449708794884,119.1824379952781,120.74768644318497,2083266
2018-12-14,120.35637664794922,121.53030607864461,119.76939821077818,120.49613341870422,1509637
2018-12-17,121.36259460449219,121.94957302546437,118.70727092071941,121.94957302546437,1730025
2018-12-18,121.67005920410156,121.97752409055077,119.93710274230641,119.93710274230641,1797589
2018-12-19,127.76335906982422,128.51803197381287,119.35015169990264,121.6700731248918,6720846
2018-12-20,128.12672424316406,130.25098613176502,125.80680286274054,128.46212679303568,4966186
2018-12-21,125.30365753173828,128.04284879438592,123.62660389694535,127.39996771431846,3194371
2018-12-24,122.17318725585938,125.38753845778467,121.25081990868811,123.03966561026031,1762235
2018-12-26,120.85948944091797,122.31293243885969,119.9091571047796,120.74768402233421,1128251
2018-12-27,123.0955581665039,124.40924440743089,121.11105312761796,121.36260160071274,2311231
2018-12-28,121.809814453125,124.52104080347176,121.47439821754094,124.10178423081445,1464511
2018-12-31,121.92163848876953,122.70426276952372,120.74769520672582,122.70426276952372,726992
2019-01-01,121.36259460449219,122.28497554419694,120.6079217850652,121.61415678490883,606207
2019-01-02,120.775634765625,123.01170196051068,120.52408629690844,121.36259948839499,1340563
2019-01-03,118.31594848632812,121.86571537362819,117.5612756891433,121.86571537362819,2013710
2019-01-04,117.64515686035156,119.07064872558516,115.15752707502934,118.70729478044018,2185278
2019-01-07,116.24759674072266,118.9588369405841,115.71653473119244,118.12031003395441,1945101
2019-01-08,115.63267517089844,117.44947194736848,115.18545352365209,115.71652922975713,1439964
2019-01-09,115.91217803955078,116.91841305060443,115.15750521171633,115.99603210062385,1273563
2019-01-10,114.7382583618164,116.83456890101088,114.29104352573285,115.91218787278154,1077866
2019-01-11,117.8128433227539,118.23209990870127,113.03325100602035,114.5984925171391,2435782
2019-01-14,115.21340942382812,118.51161431515192,114.71029877264205,117.9526009558537,1643173
2019-01-15,118.4277572631836,119.43399226197586,115.38111463527932,115.7165308754844,3013472
2019-01-16,120.85948944091797,121.86572448634823,110.82513150673213,111.80341519751644,23351551
2019-01-17,119.37809753417969,122.36883765527598,117.75694637514778,120.18867311369566,7488638
2019-01-18,120.83154296875,121.53031314131034,118.00851092273327,119.93711330576201,3380910
2019-01-21,122.00548553466797,123.65457435109198,120.07686944016629,120.49613977454669,4172959
2019-01-22,121.05516052246094,122.70426316093464,119.48991195595961,122.17318737177622,3698024
2019-01-23,121.11104583740234,122.87193993036462,118.65136791172934,120.1886649000471,7011293
2019-01-24,115.96131134033203,139.38738800409473,110.70056290719862,121.40191858421154,35704029
2019-01-25,101.07833099365234,115.736483219009,92.98487043677308,113.30844779630984,17465748
2019-01-28,100.49380493164062,105.79951949484472,95.77261946505348,100.7186232871924,11058081
2019-01-29,103.3714828491211,104.67543349990545,98.92008190764204,99.45964461859221,5056042
2019-01-30,103.73118591308594,104.85527766953662,101.25818404889446,103.68622635937487,3365805
2019-01-31,102.7869644165039,104.31572663139212,98.47044884601239,103.8660898786706,3635838
2019-02-01,103.01176452636719,104.31570813367365,101.39306975923883,102.74197977820874,1785983
2019-02-04,102.2923355102539,103.41642710926769,100.13407826796532,103.41642710926769,1146840
2019-02-05,101.34810638427734,102.42723854833409,99.36970770820699,102.29234617021308,1371634
2019-02-06,103.55134582519531,105.08010804453093,99.95425179295864,101.93265076632386,1689383
2019-02-07,102.96682739257812,104.31573779510099,101.21324661366366,102.96682739257812,1295166
2019-02-08,102.65206909179688,103.82112049899463,100.85352213218908,102.15746593353987,1301812
2019-02-11,101.03337860107422,103.28156240110218,99.68446832105744,102.69703324091242,1182409
2019-02-12,101.61788940429688,102.74198110124706,98.56035861641013,100.71861604673673,1593244
2019-02-14,101.5279769897461,102.1125061223485,99.63950405903319,100.89848143890036,1275147
2019-02-15,97.9308853149414,101.61790528495648,96.17729787710495,101.43805332970202,1736917
2019-02-18,91.141357421875,97.48123761565357,83.27271519742506,97.43627120143496,26870013
2019-02-19,89.74748992919922,94.06399822234364,88.89317606490077,90.37697857791454,7623140
2019-02-20,97.48123931884766,99.23481972942763,89.65755651100926,90.51187036970876,7647079
2019-02-21,97.30138397216797,99.81935236169254,96.2222585828928,97.75102069451793,4366009
2019-02-22,96.8967056274414,99.27978143036817,96.04239867021829,97.12152396996447,2151738
2019-02-25,97.12152862548828,98.38051277614916,96.26722162731393,97.97583562366263,2590018
2019-02-26,96.85173797607422,97.12152272801654,93.16471857802621,96.22224936942379,727762
2019-02-27,96.58196258544922,97.97583221080706,95.77261516958033,97.34634358785982,764963
2019-02-28,97.75102996826172,98.69526991914245,96.22226771160129,97.0765748207505,1215243
2019-03-01,96.6269302368164,97.93088086637164,96.35715231618953,97.93088086637164,489876
2019-03-05,96.76180267333984,97.12151335424137,95.77260344654357,97.03158739924363,541524
2019-03-06,103.86607360839844,105.93440509128517,96.53699431493092,97.0765569614936,2928895
2019-03-07,97.3463363647461,105.6196481197412,96.8966997071722,104.3157045571413,1891246
2019-03-08,93.43450164794922,97.97582791054234,92.26544355845968,97.57115765082501,1655156
2019-03-11,94.69348907470703,95.99743272330541,93.52443094354813,93.97406763077673,704994
2019-03-12,94.19889831542969,96.49204846508668,93.6593355922493,95.36795659974743,1407053
2019-03-13,92.04063415527344,95.32298354577738,91.54603788549808,94.42371011610024,925991
2019-03-14,90.55682373046875,93.34457660819454,89.0280617776414,92.04062613227835,1472566
2019-03-15,90.7816390991211,94.10895450661265,90.0172581477078,91.2312757600596,1473906
2019-03-18,91.8158187866211,93.52443973080867,90.8266193539584,91.45610803085866,858658
2019-03-19,89.88237762451172,92.40034600202158,89.47770732069243,92.40034600202158,1171923
2019-03-20,88.48851776123047,91.27626436471917,86.60004469828088,90.15217243904529,2213323
2019-03-22,86.51009368896484,89.38777253094455,85.02629814739241,88.98309540613383,1751981
2019-03-25,85.02630615234375,87.13959735561089,84.35185107507263,86.77988660888393,1015572
2019-03-26,86.73491668701172,88.03886723357935,84.75651795134495,85.74571731917834,859301
2019-03-27,87.27448272705078,88.12878967854977,85.9705322326071,87.22951631448294,894936
2019-03-28,88.44354248046875,89.83741907304511,86.91478035905308,87.36441708428262,1078195
2019-04-01,92.49027252197266,93.9291086629711,88.62340082184633,89.07303754471533,1510359
2019-04-02,91.50108337402344,93.7942336624058,90.01728064982971,93.47948243233996,825213
2019-04-03,90.51184844970703,92.13053608417489,90.0172454480888,91.72586589078543,487430
2019-04-04,90.06224060058594,90.73669571213165,89.11800070005707,90.01727418211802,501702
2019-04-05,92.98487854003906,93.74925962039704,89.74749540734447,90.82662083127195,869852
2019-04-08,91.23127746582031,94.73844485889677,90.96149958075972,94.4237005625372,705044
2019-04-09,90.7816390991211,91.99566357238385,90.2870428886353,91.27624217051783,448207
2019-04-10,89.1629638671875,91.27625510078688,88.39858280749138,90.15216328920083,646769
2019-04-11,89.25289154052734,89.52267632481316,87.27449265880492,89.38778393267026,752210
2019-04-12,89.38777923583984,90.06223430020346,88.57843178642116,88.57843178642116,402943
2019-04-15,91.45610809326172,93.20969545595811,89.56763520036039,90.15216432125919,1388152
2019-04-16,91.7708740234375,93.02985158018178,90.60181559398853,91.81583358708515,1102271
2019-04-18,90.19713592529297,92.580205241443,88.89318521739612,91.27626139445856,1285176
2019-04-22,90.55682373046875,91.23127874393573,88.75827702789013,89.97230154085965,1097476
2019-04-23,89.29785919189453,90.64676941013516,88.89318200987505,89.92734788270863,613395
2019-04-24,87.67915344238281,90.8266102326222,87.2295167580629,89.70251852182243,933858
2019-04-25,86.86981964111328,88.03887794776897,86.55507528498671,87.2744968369152,820106
2019-04-26,86.28528594970703,87.18455941186515,85.74572324459457,86.77988909825882,577804
2019-04-30,84.1719970703125,86.42018078939623,83.54250837333394,86.06047002216039,717167
2019-05-02,84.48674774169922,85.70077252959052,82.73316705394271,84.17200336965482,631948
2019-05-03,82.91300201416016,86.24031760149374,82.7331500844281,85.29607781812214,780850
2019-05-06,79.63067626953125,82.9130192660281,79.1360730684881,82.32849694232063,843422
2019-05-07,78.82131958007812,79.90044498003137,76.66306191925969,79.67562661663177,956272
2019-05-08,76.84291076660156,78.50657207739397,75.89867779495063,78.37167969261192,1103021
2019-05-09,77.11268615722656,77.56232281120457,75.53895786830357,76.43823117625956,1109438
2019-05-10,77.06771850585938,77.96699179932756,76.48319635383365,77.33750323826413,879714
2019-05-13,75.85371398925781,77.56233491315018,74.63969620627785,77.06773177223778,824663
2019-05-14,77.69723510742188,78.23679785840073,74.72962968566921,75.53897724259382,529049
2019-05-15,73.33575439453125,77.6972293620583,72.21166255439995,77.6972293620583,1628919
2019-05-16,74.9544448852539,75.44904805483287,72.07677242837353,73.20086430385997,719820
2019-05-17,78.46161651611328,78.77636088353694,74.23503361433814,75.53897750548443,752778
2019-05-20,80.57490539550781,80.97958259291978,77.74219245727372,79.18103556685527,410666
2019-05-21,77.83212280273438,81.38425032099872,76.4382461578441,80.93461357889375,878606
2019-05-22,77.8770751953125,78.77634859678473,74.68465873663304,77.69722325938268,1344809
2019-05-23,77.69723510742188,80.12527091728306,76.79796156881957,79.04614541532534,574300
2019-05-24,79.90045166015625,80.664832787439,77.78716023969952,79.04614455217775,566436
2019-05-27,82.82308197021484,85.07126555714201,74.729621057277,78.32671479636049,2774406
2019-05-28,87.0946273803711,88.93814059394309,82.73315276442864,82.95797111433197,2291940
2019-05-29,84.21695709228516,89.92734193283803,83.18279128787518,86.6449925801071,2234717
2019-05-30,86.82484436035156,87.81404366944935,82.95796622552885,85.16118318037897,2073484
2019-05-31,85.880615234375,88.53346919096732,82.7331581315445,86.73492227506419,1031847
2019-06-03,85.880615234375,86.33025196335078,84.6216310210604,85.79068926076224,726217
2019-06-04,86.06047058105469,86.68996614303354,84.26192359410757,85.70076667239508,1033900
2019-06-06,80.88963317871094,86.24031360145318,79.76554151774546,85.43096623337584,1159723
2019-06-07,80.35008239746094,80.79971912812486,77.5173696220958,80.75475957160569,1153745
2019-06-10,81.33927917480469,82.86804812565346,78.41664052099263,79.36088036889663,736820
2019-06-11,84.9363784790039,85.38601522449554,80.88964776957924,81.83388767947656,788276
2019-06-12,81.78890991210938,84.98133310650668,81.02452892301618,84.93636669383184,1249680
2019-06-13,82.32847595214844,83.00293094838916,79.54072314562465,81.02452550953645,613276
2019-06-14,81.51913452148438,82.91300416535024,80.2601503979615,82.01373077153555,810391
2019-06-17,81.20440673828125,81.78892907453482,79.63067797870923,81.78892907453482,539256
2019-06-18,80.21517944335938,81.60905586923695,79.13605417622978,80.93460086205319,733215
2019-06-19,81.69898223876953,82.73314796045749,79.27094694516404,80.84467530310754,635039
2019-06-20,85.25111389160156,85.43096581210476,80.52992893882735,80.93459919041503,749897
2019-06-21,82.41841125488281,85.25112393236256,81.33927902203196,85.25112393236256,668376
2019-06-24,81.78890991210938,83.27271233853223,81.384239641681,81.96876870189745,383263
2019-06-25,80.35008239746094,81.47417422412074,79.40584937961391,81.33928183273916,1140047
2019-06-26,79.63067626953125,81.06951258950303,78.68643628968987,80.03534662608456,938844
2019-06-27,81.159423828125,81.69898649247317,79.58569538824446,79.67562135548391,584524
2019-06-28,77.6072998046875,81.0245347244003,77.33751503114438,80.97957516941763,668842
2019-07-01,80.6648178100586,81.11445449096396,77.33750911572338,77.33750911572338,1055209
2019-07-02,81.74396514892578,82.19360191337431,79.58570730739031,80.03534407183885,861234
2019-07-03,81.0245361328125,83.63243049905132,80.30512149237856,82.10366838483128,917587
2019-07-04,82.50833892822266,82.95797565262714,79.90044455449427,80.48497366840249,472026
2019-07-05,79.94539642333984,82.95796055646005,79.27094145946619,82.91299414783754,427949
2019-07-08,73.9652328491211,79.99036153441148,73.65048854960493,79.99036153441148,1346818
2019-07-09,73.33575439453125,74.54977220969064,72.21166255439995,74.45984623466255,817773
2019-07-10,69.1990966796875,74.45985241702982,66.5462424610772,73.60553843104947,2331589
2019-07-11,67.17572784423828,70.05340716672318,65.37718084052734,70.05340716672318,2582751
2019-07-12,67.08580017089844,68.74945473510608,65.96170832198622,67.17572614662899,1046637
2019-07-15,64.92754364013672,67.76025652355436,61.6901604280504,67.53543814964681,3073186
2019-07-16,68.34478759765625,70.05340865978016,64.43294915339395,64.92754547340844,3160932
2019-07-17,67.98506164550781,70.09835257612419,66.5462257051463,68.25484638597413,1247506
2019-07-18,67.85017395019531,69.4239023692209,66.7260822223199,67.76024798414757,612615
2019-07-19,66.32141876220703,68.16493212979255,65.0624345253861,67.85018092490321,1494238
2019-07-22,68.6595230102539,69.64872238228482,64.38797434206043,66.54623188343524,861622
2019-07-23,68.03003692626953,68.83938439228771,67.04083751709703,68.34478125724553,897740
2019-07-24,67.53544616699219,68.52464575743396,66.14157619984204,68.34479378132204,1328816
2019-07-25,67.58039855957031,68.56959794462186,66.68112514390315,66.68112514390315,1051157
2019-07-26,67.44549560546875,69.10914979155486,66.09658569335937,67.04082537620017,2167025
2019-07-29,68.07500457763672,69.06421096536556,66.54624229627652,67.44551584082079,576955
2019-07-30,68.99867248535156,70.66129398621888,67.47461099783588,68.62920730480025,1838466
2019-07-31,68.81393432617188,70.66128826781407,68.16736326543551,68.44446212842423,2607003
2019-08-01,69.59906005859375,70.84602259053904,67.6131531129273,68.81393602345014,1189837
2019-08-02,66.82803344726562,70.10708980779374,63.91844931775565,69.41433201729596,3212979
2019-08-05,66.78185272216797,67.5669767957062,64.74975900860818,66.50474679169727,942146
2019-08-06,68.67537689208984,69.18340201174622,65.21158847742059,65.76579321434856,909266
2019-08-07,63.77988815307617,68.72155780141496,62.9947572071583,68.67537114091567,1919586
2019-08-08,59.48480224609375,63.872268146314305,58.422572250305265,63.41042963050162,3089340
2019-08-09,58.053096771240234,60.87031437847981,53.80418407356266,60.039003687237305,4538573
2019-08-13,55.420623779296875,58.006918850954385,54.54312986474833,57.96073570251465,1481701
2019-08-14,55.6053581237793,55.97482682306609,53.11142942851337,55.328255718427144,1016256
2019-08-16,56.20574951171875,56.80614102958086,53.388535092197195,55.512991694284835,1239323
2019-08-19,58.14546203613281,59.530973873937455,53.61944377962913,56.390474502333966,2682295
2019-08-20,56.29811477661133,58.14546880686241,55.512987199625705,57.45271104551826,757077
2019-08-21,55.420623779296875,56.390483990724896,53.34235038757324,56.29811769384541,1565952
2019-08-22,54.45075607299805,55.882454618854155,53.66562856339782,55.37443300884688,1055583
2019-08-23,56.759952545166016,57.26797419216104,53.15761082365921,54.49694318286293,708910
2019-08-26,60.685569763183594,61.886352557008536,56.113371908033855,56.852312726393066,839402
2019-08-27,59.62336349487305,62.76386020109152,58.69968281135477,60.685586591160046,1644755
2019-08-28,61.84017562866211,63.36424416934919,58.33020706975798,60.03900820145705,1107641
2019-08-29,61.93254089355469,62.62529859013988,59.300056008854376,60.26991960291193,1246279
2019-08-30,60.91650390625,61.8863677116142,59.16152299688202,61.8863677116142,797203
2019-09-03,61.424522399902344,62.39438609873939,59.39243575588702,60.50084537133238,361457
2019-09-04,59.530982971191406,60.77795262464125,57.72981554502527,60.68557928209191,1441852
2019-09-05,60.685569763183594,62.3020043448965,59.11532184550069,59.530973633388655,699679
2019-09-06,64.84212493896484,65.76580197255178,60.87031792279889,60.96268421673828,981694
2019-09-09,66.08910369873047,66.73567489269264,63.73372411897291,64.79595426370862,966307
2019-09-11,67.10513305664062,67.65933782737741,64.88830692659745,65.99671646807104,1064652
2019-09-12,66.64330291748047,67.84407889657479,65.71962583490166,67.05895478580219,835550
2019-09-13,68.49066162109375,68.90631351695816,65.90436279965618,66.68948696245415,847704
2019-09-16,66.04290771484375,68.16736770492906,65.4425162352895,68.16736770492906,728635
2019-09-17,61.84017562866211,66.36619457942204,61.33215747983083,66.04290902160275,927001
2019-09-18,61.88636016845703,62.90240347822137,60.731763896657455,62.62530460124731,699615
2019-09-19,61.65544509887695,62.53293550616455,60.50084874871072,61.8863643689102,616042
2019-09-20,69.04485321044922,70.79984085531797,60.96267975772105,61.60925081510091,1829281
2019-09-23,67.65935516357422,70.1994674734695,65.62726813449711,69.27579026987121,1020829
2019-09-24,68.16736602783203,69.27577561889584,66.36619163348296,67.70552752370607,850123
2019-09-25,64.70357513427734,68.1673638021274,63.687524820697796,68.1673638021274,1207608
2019-09-26,66.64330291748047,68.62921005444429,60.68558150658902,63.733718697937846,3027384
2019-09-27,67.05895233154297,67.84407641358119,64.9344993476217,66.4123812162401,465909
2019-09-30,63.96462631225586,67.38222807616631,63.13331568000598,67.38222807616631,271039
2019-10-01,61.51689147949219,64.93450086824534,61.193605914270115,64.61120825592648,377871
2019-10-03,57.31416320800781,62.02491852044246,56.34430296012519,61.60925959821613,971266
2019-10-04,57.498897552490234,58.83823000741856,57.26797828521116,57.314161433957295,353696
2019-10-07,56.9446907043457,58.88441107139591,56.344299221257266,57.54507866388588,206526
2019-10-09,56.20574951171875,57.452715697228875,55.23588927202096,56.94469400248703,334537
2019-10-10,55.28207015991211,56.39048332716476,54.219843664104076,56.39048332716476,418597
2019-10-11,54.31220626831055,56.11337710222747,53.85036777364201,54.54312551564482,285377
2019-10-14,58.3302001953125,61.23978396697337,56.39047650635595,56.80613183424292,1283694
2019-10-15,59.530982971191406,59.808088904646176,58.33020703611285,58.33020703611285,442495
2019-10-16,59.346248626708984,61.33215563219713,57.36034162122084,59.53098121215589,355826
2019-10-17,59.80809020996094,60.13137577464948,58.422574606641376,59.30006500323839,195415
2019-10-18,60.962684631347656,61.88636167121656,59.20769684617743,59.80808833151153,342509
2019-10-22,62.07109832763672,62.62531022555073,60.96268862600275,60.96268862600275,267738
2019-10-23,65.07304382324219,66.50474603590938,59.76190091065221,62.71767162939495,532073
2019-10-24,64.3341064453125,67.75170863197003,62.44056571802336,66.5047460528975,627501
2019-10-25,64.79595184326172,66.41238681488288,63.45661578137443,63.73372173820552,292706
2019-10-27,65.30397033691406,66.96659199140156,64.88831844684081,66.96659199140156,31380
2019-10-29,63.36425018310547,65.58107672112638,62.94859829033162,65.30397076121228,188119
2019-10-30,61.65544509887695,65.30396674656352,61.424525828843706,64.38028966643053,294380
2019-10-31,61.51689147949219,63.641351560260276,60.9626866466691,62.53293484751731,256941
2019-11-01,61.055049896240234,62.348199139667436,60.223739164958715,61.56307507843906,187740
2019-11-04,61.470706939697266,62.53292984806067,61.055048062988945,62.53292984806067,193697
2019-11-05,60.408477783203125,62.30201142293091,60.26992482246784,62.30201142293091,120515
2019-11-06,58.93058776855469,61.79398838216804,58.69966853472528,61.79398838216804,207497
2019-11-07,57.22179412841797,60.870319191862876,56.621402634649804,58.93059526676071,473481
2019-11-08,58.561126708984375,60.87031934697984,56.436666663189875,57.54507983413737,888267
2019-11-11,59.99281692504883,60.50084208198023,58.42256888069083,58.561121836862675,282365
2019-11-13,62.57911682128906,64.28791786381645,60.03900506839541,60.91649540055653,764698
2019-11-14,62.16347122192383,63.91845206219368,60.96268818133154,62.579123095230486,301839
2019-11-15,60.91650390625,62.94859782056135,60.54703869191816,62.94859782056135,213573
2019-11-18,60.54703140258789,61.79399396857764,60.13137251586038,61.378335081850125,221538
2019-11-19,60.91650390625,61.70163510444827,60.13137975514897,60.54703869191816,395707
2019-11-20,63.73371505737305,70.19945426609206,60.3622924891217,60.916497297592606,2349662
2019-11-21,65.2577896118164,66.50475230817527,62.02491970794677,63.96464024084913,560430
2019-11-22,66.18145751953125,67.61315262094102,64.47265650321835,65.95053827281069,424053
2019-11-25,65.81198120117188,66.50473889802632,64.9806705555274,65.67342825238184,239446
2019-11-26,66.32001495361328,66.5047475446208,65.35015123308224,66.08909569130557,280009
2019-11-27,64.10317993164062,67.7055213444699,63.73370775264096,66.45855185945908,449384
2019-11-28,64.51884460449219,65.48870838703334,63.040962640650925,63.040962640650925,160175
2019-11-29,64.51884460449219,66.04291324258668,63.73372047186687,64.74976388156416,117403
2019-12-02,62.394386291503906,65.21159700908804,61.97872739910538,64.3341066480742,600680
2019-12-03,62.44055938720703,63.364236322068365,61.5168824523457,63.364236322068365,247587
2019-12-04,63.271873474121094,63.687525298543285,61.19360025781784,62.44056277818056,515235
2019-12-05,62.85622787475586,64.28792311507486,62.16347006737984,63.45661233680427,324439
2019-12-06,62.34819412231445,62.85621926363092,62.071088218488036,62.7638459309582,188901
2019-12-09,62.394386291503906,63.04095739466184,62.07109369282844,62.348199621094125,82304
2019-12-10,61.84017562866211,62.348200824590016,60.22374079246904,61.56307674214413,571817
2019-12-11,60.685569763183594,63.17950163179796,60.08518541336664,61.00886231720259,371361
2019-12-12,61.239784240722656,62.348193755312096,59.85426882393794,60.68557243633211,1036482
2019-12-13,61.51689147949219,62.62530819223515,60.777954051426995,60.777954051426995,736336
2019-12-16,62.16347122192383,62.71767606869836,60.87032188138528,61.51689302810607,1147534
2019-12-17,62.948604583740234,63.13333721075377,62.163480348285695,62.71768527642431,231338
2019-12-18,62.99477005004883,63.27187597534877,62.07109302851089,63.040956719964285,232322
2019-12-19,62.99477005004883,64.10318670415221,62.48675191646081,63.45660856081779,170534
2019-12-20,61.65544509887695,64.47266301212132,61.424525828843706,62.39438958182209,877461
2019-12-23,63.271873474121094,63.687525298543285,61.60925208224004,61.886357996585595,239266
2019-12-24,64.70357513427734,65.21159324397104,62.532928598081114,63.687524820697796,252901
2019-12-26,65.95053100585938,66.41236944841148,64.74974823638576,64.74974823638576,133298
2019-12-27,65.11922454833984,67.61314947816133,64.2879138893674,66.04290149228792,354495
2019-12-30,64.98066711425781,66.13526321453637,64.05699023403497,64.05699023403497,137046
2019-12-31,65.30397033691406,65.99672818510098,64.74976546778399,65.48870999135559,123617
2020-01-01,66.13526916503906,66.50474135979043,65.25777886871354,65.71961735037877,56070
2020-01-02,67.751708984375,69.18341120485479,65.48870307158721,65.9967212116536,292223
2020-01-03,66.64330291748047,67.75171259773629,65.58107286309546,67.75171259773629,281102
2020-01-06,65.85816955566406,67.05894536608638,64.74975298400975,67.05894536608638,205715
2020-01-07,65.48870086669922,67.98262595385022,64.74975644608604,65.11922865639262,473333
2020-01-08,64.79595184326172,66.13528085805179,64.65739886484619,65.48870968824221,174057
2020-01-09,65.21159362792969,66.50474281429351,64.74975513616376,64.7959418041788,178301
2020-01-10,65.35015106201172,66.3200147800039,64.93449920978456,66.3200147800039,154685
2020-01-13,67.15130615234375,68.16735635492097,65.6734245582705,65.6734245582705,728921
2020-01-14,67.56697082519531,67.89025635077984,66.68947348764196,67.42841787220311,200753
2020-01-15,67.474609375,69.46050933753843,66.96658419331558,67.42842270499362,743476
2020-01-16,66.45856475830078,68.25973933785049,65.39634172726805,67.24369593372086,1060240
2020-01-17,67.01276397705078,67.89025424022907,66.59710513099604,66.59710513099604,226700
2020-01-20,66.96658325195312,67.79789397070698,66.68947733000306,67.05894954357103,398300
2020-01-21,66.4123764038086,67.24368709688498,65.85817162412305,65.95053791288795,379486
2020-01-22,68.16736602783203,69.92234670583368,64.74975686904205,66.50474459414,738767
2020-01-23,67.38223266601562,69.73761177664814,67.05894713342389,69.73761177664814,1046376
2020-01-24,67.38223266601562,67.79789153400164,66.22763644454794,67.79789153400164,611733
2020-01-27,67.05895233154297,68.16736901832925,66.59711380715618,66.78185344516888,323726
2020-01-28,66.27383422851562,68.07500181728098,65.67344268322809,68.07500181728098,337489
2020-01-29,66.3661880493164,66.96657948167474,65.8581699504716,66.96657948167474,270683
2020-01-30,65.2577896118164,67.33606312144688,64.84213068163203,66.8280378891428,302058
2020-01-31,73.29377746582031,78.18926898079994,63.82608706290655,65.25778940608845,9283457
2020-02-03,82.5305404663086,85.3015715309665,72.4624595219656,76.66519278886865,8288774
2020-02-04,81.23738098144531,84.97827526578833,79.80568600685511,81.97632532433386,3190806
2020-02-05,82.57672119140625,84.8859135790457,81.56067795026406,82.11488271387836,2758829
2020-02-06,85.9481430053711,88.580620903116,82.66908701445116,82.66908701445116,3136071
2020-02-07,84.87438201904297,88.42248166408483,84.50089597123491,86.83517486546792,2153450
2020-02-10,82.8202133178711,86.18158066507381,82.25998780122195,85.01444120386563,833763
2020-02-11,84.1274185180664,85.34124651653642,83.1003371244058,83.9406790369116,887367
2020-02-12,85.52796936035156,87.208652858428,83.5671766950312,85.24786019310763,1902196
2020-02-13,84.92105102539062,87.20864828466628,84.31414429969877,84.96773944597591,1382924
2020-02-14,88.84265899658203,91.03687980300046,84.50089868893889,85.1544939508834,3925239
2020-02-17,88.0023193359375,90.28990993340467,87.53546353044182,89.3561983224133,913800
2020-02-18,86.18157196044922,87.90893676383698,84.78100474846134,87.53545074924288,791490
2020-02-19,87.39540100097656,88.23574283364684,85.94815235038422,86.60174759598671,904863
2020-02-20,92.06395721435547,96.07891972049113,86.74180423985358,87.76888551799296,4445380
2020-02-24,93.6512680053711,98.7866813489155,92.53080991076928,93.09103539624341,3390715
2020-02-25,93.27777862548828,96.82587798856237,91.59709510574305,95.61205733421596,1675472
2020-02-26,91.45703125,94.91176779747406,90.3832688099291,92.67085895223602,1977583
2020-02-27,93.60458374023438,95.05183950538034,91.45704430620886,91.45704430620886,1457165
2020-02-28,83.75391387939453,92.34406345911,81.37295396564228,90.57001028649951,2158209
2020-03-02,83.5205078125,88.00232677350378,81.51303337812911,84.967763781314,2381541
2020-03-03,85.24786376953125,86.74180076180068,82.446729237656,85.43460322219487,1282882
2020-03-04,89.21614837646484,91.41036926453835,80.29919953241514,84.78101816973262,1820683
2020-03-05,88.98271179199219,93.1377252572659,87.86225368011861,90.5700185459127,1551392
2020-03-06,87.53546142578125,88.60923117733499,82.72684532006085,83.28707084845503,857897
2020-03-09,81.93318176269531,85.57465793243463,78.01159642522417,83.80060470885361,1287262
2020-03-11,82.7268295288086,84.92104991830848,80.71934857190978,81.23289269704182,893322
2020-03-12,70.02835845947266,78.43176147460937,67.08716597944421,78.43176147460937,1702514
2020-03-13,70.16841888427734,72.82949516759338,56.02268859045645,61.81169689534232,1187635
2020-03-16,63.58575439453125,68.81453758929929,62.09181735654805,65.35980774373479,600200
2020-03-17,62.65205001831055,66.29352686223463,60.87799646628041,64.28604539871775,713820
2020-03-18,56.44286346435547,64.42609644147753,54.24863920207859,63.49238489884742,717297
2020-03-19,48.879798889160156,54.10858577807656,46.59220840970036,53.081500921872845,1111982
2020-03-20,53.73509979248047,53.73509979248047,49.48671288891104,50.420424452852764,408168
2020-03-23,48.36625671386719,51.354134332872405,48.36625671386719,48.36625671386719,159777
2020-03-24,50.56047821044922,51.35413154597453,43.60432695231098,48.459627374477535,467525
2020-03-25,54.43537902832031,55.46246380203302,49.48670885516877,51.16738882090351,268466
2020-03-26,56.676292419433594,59.85090958718145,50.51379398469904,58.63708527122412,421861
2020-03-27,55.60252380371094,60.504513154108906,53.4083030183195,59.570798013506476,290531
2020-03-30,54.10858154296875,56.06937424669826,51.35413193586174,54.155266405090565,388295
2020-03-31,56.956398010253906,59.24399175745727,53.64172310071098,54.9956054051233,1070392
2020-04-01,57.283199310302734,57.93679807506455,54.295325348808824,57.843428349452886,289581
2020-04-03,54.762184143066406,56.95640487329027,54.201955072790355,56.95640487329027,185321
2020-04-07,57.75005340576172,58.730453305700244,56.02268859869914,56.95640007534413,231463
2020-04-08,57.65668487548828,61.62495873331541,57.04977097838404,57.04977097838404,280213
2020-04-09,63.07221603393555,65.92003189612602,56.67628998398015,59.944276742592436,1527818
2020-04-13,61.29815673828125,64.33271888251643,60.784612602872606,64.33271888251643,266555
2020-04-15,61.67165756225586,64.33273434996192,60.831315649386944,62.55868078360635,589840
2020-04-16,62.37194061279297,63.30565225595661,60.69125680563661,61.62496844880025,336104
2020-04-17,64.84626007080078,66.2935157284177,60.83130494172241,63.49238126101978,1234575
2020-04-20,64.84626007080078,67.13385749336776,62.55866977188713,65.63992053548618,576073
2020-04-21,59.8975944519043,64.37940540032226,58.82382479675662,63.02552656795352,386824
2020-04-22,60.411136627197266,61.15810874375822,58.683771621760854,60.691252951821134,306393
2020-04-23,64.28604125976562,66.34021102278729,60.41113675383423,60.41113675383423,678059
2020-04-24,66.76038360595703,67.69409526478161,61.905085829531096,63.49239280007102,908363
2020-04-27,66.66699981689453,72.82949404185973,65.45317206673562,67.97419728853033,1484644
2020-04-28,67.5073471069336,68.16094233465373,65.45317744731345,67.97420287634903,476317
2020-04-29,69.18803405761719,71.05545741746464,68.34769212095487,69.3280922343367,582524
2020-04-30,68.02088165283203,72.26927184619059,67.3205980247171,71.00876274031442,607879
2020-05-04,64.33272552490234,65.82666254081421,62.88546981106839,65.82666254081421,393262
2020-05-05,62.83879089355469,66.71368817209053,62.5586745758431,66.01340450146542,295016
2020-05-06,65.12638092041016,66.57363667921413,63.49238570018481,64.28603909670636,938134
2020-05-07,66.90044403076172,67.22724169761638,64.7062229834177,65.54655780571403,819322
2020-05-08,66.99380493164062,68.76785833365527,66.20015152442862,67.367290983168,603632
2020-05-11,65.77997589111328,67.97420373397317,65.35980854279967,67.08717348670004,330742
2020-05-12,65.49986267089844,66.2935160153658,64.00592570655044,65.73329054419197,185182
2020-05-13,67.83413696289062,68.16093453937623,65.54653968018557,67.97419510242814,252217
2020-05-14,65.77997589111328,67.69408741932823,65.35980854279967,67.69408741932823,225586
2020-05-15,65.59323120117188,66.01339851598856,64.23935241018194,65.4998614782852,347166
2020-05-18,59.010562896728516,65.73328588326177,58.87050475795278,65.40648830855362,790157
2020-05-19,62.55867385864258,63.21226909427135,58.403656748203176,59.990967095787845,890050
2020-05-20,64.00593566894531,64.98632861518236,61.998454221429746,63.86587749843875,703707
2020-05-21,71.4289321899414,75.07040858906132,66.38688849297952,66.38688849297952,7326736
2020-05-22,66.20014953613281,70.86870723087202,65.5465471846771,70.86870723087202,1383771
2020-05-26,68.1142578125,70.26179732436756,66.38689279138259,67.69409044540397,1454893
2020-05-27,71.75572967529297,75.16377818545098,66.76037441316453,68.53442774537795,3195373
2020-05-28,69.84162139892578,74.51017878859587,68.62779362815027,72.82949527885334,1333784
2020-05-29,69.56150817871094,72.54938219061697,68.6277966595336,70.16842209090692,2748993
2020-06-01,71.94247436523438,72.36264169334727,69.65487690202681,70.21510238072848,1617946
2020-06-02,71.70904541015625,72.82949635070577,70.68195707039028,72.45601032930482,1061254
2020-06-03,70.0750503540039,72.2692709364108,69.3280783106234,71.89578491472055,1304840
2020-06-04,75.16377258300781,76.75107921666599,70.30847583704495,70.40184555838017,3349353
2020-06-05,76.23756408691406,78.80527134130479,74.7903080577045,75.63065003841795,2488940
2020-06-08,78.05828094482422,82.25998274701318,75.8173718922594,77.35799731112606,3417867
2020-06-09,76.79776763916016,79.738960164965,75.8173677560075,78.71187898297129,814595
2020-06-10,75.53726959228516,78.3384043821821,74.88366720045005,77.03120672216603,821863
2020-06-11,75.95742797851562,80.11244836634555,75.3038327876294,78.85193216103836,1200051
2020-06-12,75.11707305908203,76.05078438174881,72.2225693835454,72.82948316800923,779936
2020-06-15,75.6306381225586,76.09749391343858,73.20298943471344,74.650238112249,1024266
2020-06-16,74.79029846191406,77.31132408060026,73.24967288221488,77.12457748459337,979381
2020-06-17,75.58394622802734,77.40468800315969,74.23006734602053,74.23006734602053,678666
2020-06-18,75.9107437133789,77.03119460360652,74.60354625901134,75.58393900704725,668003
2020-06-19,76.28421783447266,78.15164061743309,75.72399242431504,76.70439223483031,946340
2020-06-22,77.68479919433594,78.15165497584914,76.23755054583734,76.93783421810714,775603
2020-06-23,83.70723724365234,84.96774634157134,76.56434285724012,78.29170770428863,2840267
2020-06-24,81.51302337646484,86.74180677362658,80.76605126673289,86.64843704082358,2477184
2020-06-25,82.16661834716797,82.91359045433107,79.83233941685069,81.18621834697312,715782
2020-06-26,85.99483489990234,90.28990673351369,82.82021411030995,83.10033043314169,2698297
2020-06-29,85.99483489990234,86.6951185833277,82.30667701665709,85.34123964483362,1222026
2020-06-30,83.5205078125,86.78849872716593,82.86691247902877,86.36833131617082,1013466
2020-07-01,81.93318176269531,83.61386526369905,81.51301444927097,83.52048841746858,574127
2020-07-02,84.78101348876953,85.34123900658923,82.21330666874644,82.21330666874644,987695
2020-07-03,83.94065856933594,85.34122570745504,83.56717257444026,85.34122570745504,475860
2020-07-06,84.54757690429688,86.555050876472,83.6138654293677,84.68762792661367,1005884
2020-07-07,85.201171875,87.30202268835616,84.50088827054795,84.50088827054795,1009142
2020-07-08,92.71755981445312,94.30486660084745,87.30202997207165,89.3561925337177,5187381
2020-07-09,95.0985107421875,97.75958697750319,91.8305206333587,92.43743450687181,2962969
2020-07-10,91.13024139404297,94.2114922076637,90.61670434087515,94.2114922076637,1061849
2020-07-13,96.59245300292969,98.69330390353753,91.13024208608003,91.13024208608003,4732272
2020-07-14,94.11812591552734,98.50656729632885,92.90429806620588,97.01263025969347,2090788
2020-07-15,97.89964294433594,100.84083540161359,94.91176918930486,94.91176918930486,5130645
2020-07-16,103.45523834228516,104.57568930682545,98.59993420741901,99.16015968968917,5753716
2020-07-17,101.40107727050781,105.22929336557881,100.23393778276335,104.85581442842387,1694181
2020-07-20,100.09387969970703,102.33478894270283,98.97342864003619,102.05467973961217,1127626
2020-07-21,100.187255859375,102.24141849567116,99.53365347607782,101.2610184825524,1023949
2020-07-22,95.84548950195312,100.32730054944307,94.7717198230694,100.04719136603009,1130676
2020-07-23,98.83335876464844,99.44027265157179,95.9388546004601,96.12559404705809,919324
2020-07-24,97.52616882324219,98.27314091481155,94.95846205349652,98.03971302665285,1359836
2020-07-27,101.21432495117188,102.42814559011994,97.75958823188925,100.7941505147392,3669070
2020-07-28,109.89784240722656,111.11167022553839,101.58781562709652,103.08175262556632,9658141
2020-07-29,109.01081848144531,113.35257841528711,106.48980026110026,110.17795786561497,5559473
2020-07-30,107.56356048583984,110.83155069133944,106.62984899855424,109.80446948005594,2042152
2020-07-31,112.32550048828125,114.0995467055159,106.8166010081138,108.26384961289226,2541604
2020-08-03,117.50759887695312,118.30125228143515,109.94453663506778,112.2788155445172,3478976
2020-08-04,114.37965393066406,117.8343834856392,113.07245646101156,117.41421617780412,1793617
2020-08-05,116.80730438232422,119.00152492918893,114.1462280968222,115.5001068894091,2072388
2020-08-06,133.94090270996094,139.58985974997285,118.58135242974282,118.58135242974282,22520824
2020-08-07,133.38072204589844,138.84292694259338,130.29947058639084,136.74207561756228,7276612
2020-08-10,138.28268432617188,141.13049311612548,131.32652197779925,134.17434501506025,4629321
2020-08-11,136.83541870117188,139.916669399904,135.5749025184567,139.0296321060567,1957525
2020-08-12,137.44235229492188,138.6561802917186,132.77379403594145,135.06138473338004,2054470
2020-08-13,137.63034057617188,139.69856763866437,136.83126588816975,138.99349414320292,1131727
2020-08-14,142.84788513183594,147.97141625172495,137.30131279007662,138.5704364556876,3656792
2020-08-17,141.15574645996094,145.19817180277806,139.83961464823486,144.77513045934901,1797777
2020-08-18,161.13279724121094,167.33745000164697,141.3437451072717,141.57876961570096,18976386
2020-08-19,162.44894409179688,176.45639914220627,158.12448737226714,164.51715690971028,12463084
2020-08-20,162.11990356445312,166.77338597729548,156.99637213324777,159.81666624342586,2794624
2020-08-21,162.8249969482422,165.7863147319117,154.17609682459485,162.91901250128288,3879207
2020-08-24,163.38906860351562,165.26926498711245,159.25262795274662,162.6369871811249,2597001
2020-08-25,162.73098754882812,165.17523401250097,160.42773571810054,163.57707010456897,1306780
2020-08-26,166.53836059570312,171.99093204910238,161.55585250296213,162.63695950163063,2887252
2020-08-27,163.48306274414062,171.4738970287719,162.96602023682493,167.71350442423952,2533594
2020-08-28,162.44894409179688,166.11532070788164,160.75676475177403,164.9872059294523,1462951
2020-08-31,150.93275451660156,164.89320285130717,144.86912457255212,164.61118489395136,2472389
2020-09-01,158.35952758789062,160.89778967728535,147.45439785518317,150.22768447775812,1639148
2020-09-02,157.0433807373047,161.93188768526684,155.63323367473342,159.81666709140995,820981
2020-09-03,159.9106903076172,160.99179736956785,157.46642954395688,157.46642954395688,1129997
2020-09-04,157.8424530029297,159.8166645976269,152.38989592187548,153.23597840831286,947265
2020-09-07,153.33001708984375,158.50055701894044,151.44982075199042,157.74847561484717,631383
2020-09-08,163.38906860351562,165.6452985259278,152.29590707134238,152.29590707134238,4587077
2020-09-09,154.505126953125,161.69687160948047,153.37699776841487,161.64986383599114,1581815
2020-09-10,155.11619567871094,158.31252366994423,153.5650394598276,155.91528484889898,852665
2020-09-11,156.2443084716797,157.88948022165624,152.85996376429773,155.9622761598747,1337613
2020-09-14,171.75592041015625,176.40940314728874,155.63324369465684,159.95768635810214,5921834
2020-09-15,168.41856384277344,172.8840296842929,164.61117812738968,172.41398064834348,2152164
2020-09-16,187.7375946044922,192.6731098109798,165.9273207514415,168.13655710558248,6758570
2020-09-17,182.37901306152344,191.77999311624114,180.49881705057987,187.45553655316812,4236859
2020-09-18,183.97718811035156,194.13025006247372,181.62694295221024,183.78917136665189,4956418
2020-09-21,178.75967407226562,191.30999127725258,177.2555254995466,184.1652389363649,2885661
2020-09-22,182.23800659179688,189.71178296859446,161.69685915331317,179.464705961908,4547197
2020-09-23,182.33201599121094,188.01961212700442,179.93476306764003,185.10530240113266,2077389
2020-09-24,172.5550079345703,181.29792307325917,171.09785302066243,176.3624080822785,1939587
2020-09-25,179.41770935058594,181.2979053538627,174.858228304737,177.3964900402092,1698106
2020-09-28,186.46844482421875,187.50254402172516,180.59283229944197,183.08408627204446,1571226
2020-09-29,187.5025634765625,189.71179975300672,182.9430962911101,188.0196203013429,1579506
2020-09-30,183.50714111328125,188.95971280957383,181.6269449659223,188.95971280957383,1198107
2020-10-01,182.89610290527344,186.7975045955409,181.48595564207898,186.7975045955409,694743
2020-10-05,192.2970733642578,197.79663876081258,184.25923156724508,185.10531413755845,4307895
2020-10-06,192.2030487060547,194.31826937635924,188.20763188436834,193.56618804685488,1197510
2020-10-07,183.97718811035156,193.0961364549883,181.53294175273942,193.0961364549883,1247962
2020-10-08,186.7034912109375,196.8565393681051,184.91729618717,190.32286034361485,3598916
2020-10-09,186.5154571533203,189.28875802191504,184.25922745302344,188.01961985002393,857872
2020-10-12,181.532958984375,188.06663827525207,178.05458434434198,186.70349882308858,1238959
2020-10-13,191.07492065429688,193.37815791131356,177.725531772739,182.19099732308544,3394197
2020-10-14,188.16062927246094,192.48508627715267,186.46846416561155,192.43807850312717,1213666
2020-10-15,182.61404418945312,192.01502458530658,181.90897065976412,188.11362345893048,1282071
2020-10-16,179.32371520996094,186.60947559201702,161.88489232976528,183.8361890252184,1630948
2020-10-19,179.88778686523438,181.43894307590702,174.90526379782494,179.6997557592964,727160
2020-10-20,182.66107177734375,185.29334944271093,177.67854875803434,179.08869597039967,697815
2020-10-21,183.50714111328125,184.96429599643605,177.67853592542016,182.84907533065726,631861
2020-10-22,181.25091552734375,188.44266021390453,179.55873608792987,182.00299687205643,1053368
2020-10-23,181.67396545410156,183.88320181977826,180.87487629764166,182.66107136950518,342590
2020-10-26,177.58453369140625,182.75507348421306,175.79835295543123,179.558745532018,687602
2020-10-27,174.67022705078125,178.52462059217973,173.07206317533513,178.14858709610712,639858
2020-10-28,172.97802734375,180.0287621539572,171.56788038170856,176.26837025518003,549933
2020-10-29,164.18814086914062,171.23887719638273,162.63698461505126,170.0637544751757,1251177
2020-10-30,168.04254150390625,174.85825297749125,165.45727163461538,165.45727163461538,1102996
2020-11-02,164.04713439941406,171.75593669994743,162.7779961031192,169.5937079907739,518850
2020-11-03,169.82870483398438,171.3328674327511,165.45725469500243,167.337450771082,436497
2020-11-04,170.86282348632812,175.5163060438267,168.27755380496689,168.27755380496689,825493
2020-11-05,174.95223999023438,176.7384204161115,172.41396396589968,174.38817546376958,657781
2020-11-06,169.96974182128906,172.4609960846228,166.96143072648263,172.03795480242104,1033849
2020-11-09,173.21304321289062,174.85821458669014,169.21762701937755,172.97801873091927,536138
2020-11-10,166.6793975830078,174.67023150894957,165.9273162269086,174.67023150894957,1174608
2020-11-11,167.94851684570312,170.34576982709922,167.57248335028186,168.74760595442126,882699
2020-11-12,167.33401489257812,172.06096446581478,166.48316973959763,170.07563987485327,528467
2020-11-13,171.44647216796875,172.25004496531542,165.53778501612953,167.33402014008635,485846
2020-11-14,171.96641540527344,173.10089481489436,170.1701803825485,172.4391103507805,126790
2020-11-17,173.38450622558594,176.59884062126912,170.26473101797444,173.00635602633164,898493
2020-11-18,174.94439697265625,175.369819525758,172.48637755950583,173.8099320225501,591307
2020-11-19,173.24270629882812,179.3404685194702,171.58827390579702,174.89713869185923,834295
2020-11-20,172.81727600097656,174.66078341443114,167.52308680928166,174.61351103449536,454651
2020-11-23,182.4602813720703,187.18723166668354,173.00638078284388,174.14084596844955,2224476
2020-11-24,182.50750732421875,187.37625911869713,178.96229550527707,184.35101458496766,845263
2020-11-25,177.68600463867188,184.1619303425674,176.78788724099738,184.1619303425674,423966
2020-11-26,175.98431396484375,178.58413603989814,173.19541680579533,178.58413603989814,356288
2020-11-27,186.80906677246094,189.07799696584857,175.18076707395997,175.93708194692465,2450095
2020-12-01,182.69659423828125,189.03070354669381,182.46024676837402,187.65989110633288,711634
2020-12-02,180.0495147705078,185.29643192701164,179.15139719473828,184.35104196820035,549409
2020-12-03,177.78057861328125,184.16196061894578,176.40976610457292,180.56947601213724,894433
2020-12-04,177.96966552734375,180.61676038310407,174.89714806140023,179.43502289620272,857621
2020-12-07,181.5621337890625,182.9329462635592,178.20599674770497,179.57680922220166,773973
2020-12-08,190.0233612060547,191.4414459911745,182.41296997414415,182.93293728045563,2462531
2020-12-09,194.98667907714844,197.30288159199398,190.49607677112925,193.80494162819602,1913277
2020-12-10,194.18309020996094,196.54656508800576,188.27440301484887,196.54656508800576,5170589
2020-12-11,189.6452178955078,196.54655255906565,186.24180851787264,195.1757401022838,1173031
2020-12-14,186.3836212158203,191.15784330599075,185.29642855318502,190.87422343841027,592266
2020-12-15,189.0307159423828,190.73242072240504,183.5474513958693,186.71451347050805,597646
2020-12-16,192.1032257080078,194.65577556503965,187.6598960419887,190.68514085126736,1134431
2020-12-17,189.97608947753906,194.5139636905358,187.6598872056931,192.76498667937418,566464
2020-12-18,195.83753967285156,206.04775491993698,186.1472918293019,189.97612435014733,7579755
2020-12-21,190.87420654296875,213.6581078889378,184.39829467154917,202.50250468043217,5691551
2020-12-22,220.08676147460938,223.96285123089172,194.32488788541647,197.01924032109363,7760522
2020-12-23,247.40859985351562,252.41915582575524,220.27589253708229,220.65404280556933,10935764
2020-12-24,240.7908172607422,260.92762607087855,237.71829992476262,248.63755672696033,3827784
2020-12-28,234.0785675048828,245.80139762123127,232.5659377493188,242.87068287939093,1872947
2020-12-29,237.5292510986328,242.39800410716796,232.75502844020556,236.1584384052546,1675597
2020-12-30,239.93997192382812,242.96521687530668,232.61319981961168,238.2382671306509,1057293
2020-12-31,233.41676330566406,241.45257755088423,232.565918155784,241.07442735660538,909027
2021-01-01,235.5911407470703,237.5764651433857,234.1730560141319,234.83482600440237,511639
2021-01-04,239.93997192382812,241.736207056595,233.5113173859951,237.29287718171975,1193569
2021-01-05,253.26991271972656,259.9349278853283,235.40205189993287,239.18361096659845,3544097
2021-01-06,245.1868896484375,257.4296722075939,241.5471325656028,254.02629146360417,1887601
2021-01-07,247.5030517578125,251.0010057512465,244.38327678605359,247.36124905018866,768057
2021-01-08,250.0556182861328,254.97165710475147,244.47782387528287,250.10287623878898,1628361
2021-01-11,251.4737091064453,266.59994724818637,249.20477915538606,253.26994411557513,2819264
2021-01-12,251.5682373046875,255.25525183882453,249.77200241380103,250.10286577056368,696264
2021-01-13,251.7100830078125,258.8477658400233,247.6921755795188,252.70273094969178,1068697
2021-01-14,251.75732421875,255.2552784640318,246.27407422177882,252.70271413898715,713245
2021-01-15,243.532470703125,253.08091550990576,238.23828091264144,252.37187300718955,1095552
2021-01-18,234.17308044433594,244.76144466981094,223.11202125856738,243.48516250681615,935943
2021-01-19,240.97988891601562,244.85599342381494,237.29287393582064,237.29287393582064,722688
2021-01-20,244.85598754882812,249.58293711540782,242.0670757641419,242.91794976693467,801844
2021-01-21,239.7981719970703,247.26674735977298,238.23828423951434,246.84133916281064,616153
2021-01-22,235.21302795410156,243.81606804529264,232.75500825632915,239.79816066368792,734980
2021-01-25,233.74766540527344,238.6636902658039,225.94819830883864,236.3474877707517,453053
2021-01-27,243.8160400390625,247.50305473670147,228.16984933773162,233.51129629658118,1007728
2021-01-28,236.394775390625,240.79083317631384,235.16576548989804,237.29289301694234,481779
2021-01-29,236.53656005859375,242.44526160799268,235.40209501590738,238.61641504110304,484466
2021-02-01,236.20567321777344,239.04184292897102,229.6352018464283,233.93672879351232,839589
2021-02-02,235.02395629882812,242.63433414601528,234.45671653700379,239.65636146020347,975972
2021-02-03,246.22679138183594,250.24469813678348,235.0239161890159,237.1037709182409,2070801
2021-02-04,254.64080810546875,261.8730360009975,247.21949066520162,247.40858020994,2170964
2021-02-05,256.5788269042969,259.22593607742635,249.5829470378327,256.62611371244896,1778584
2021-02-08,242.39796447753906,269.4361213752192,240.12903448879186,267.54534157609487,2618613
2021-02-09,242.35072326660156,249.48840596102337,239.37273622193317,244.76145613663485,1037043
2021-02-10,238.90005493164062,246.7467949749492,237.9073925265251,244.76147016471813,664245
2021-02-11,237.5292510986328,241.6417036042748,236.44205830659328,239.98727100955793,551145
2021-02-12,231.0060272216797,242.01981375722647,227.88623767486445,238.8054938759653,1313472
2021-02-15,229.9661102294922,234.97667995618153,229.1625229846954,233.5113226174083,1152630
2021-02-16,229.9661102294922,232.84955252343187,227.83898279674253,230.67515270707543,687422
2021-02-17,229.7770233154297,233.5113106204121,228.12259095273444,229.96609841463663,518074
2021-02-18,229.3988494873047,233.32222615958122,228.78435183316134,230.67513160037754,514802
2021-02-19,225.23915100097656,231.00603534874836,223.1592960384296,229.58795045262468,980597
2021-02-22,219.14137268066406,226.84629427816648,213.46903351425604,225.94817679525278,1164548
2021-02-23,222.59205627441406,226.84631096210921,214.60351424595433,215.78525165920297,1333126
2021-02-24,220.70127868652344,222.1193635970286,215.54890639678905,222.07209121491064,629936
2021-02-25,219.28321838378906,225.47552607299153,218.38510072478425,222.54481115886293,737716
2021-02-26,214.5089874267578,217.91239723181752,212.99637206656985,217.91239723181752,557212
2021-03-01,212.99635314941406,219.283190385238,210.82195343516108,216.49429298947035,448211
2021-03-02,224.19921875,226.1372710142553,213.51632395653027,215.54890655958727,1040771
2021-03-03,229.16250610351562,233.41676065562672,224.2937538863016,225.99545859224708,1319881
2021-03-04,224.38829040527344,228.64254480113533,223.53743087079832,228.2171078211455,501948
2021-03-05,220.98492431640625,224.57740939360332,217.43971162683823,221.97758675458678,438206
2021-03-08,218.85777282714844,226.3736200240163,217.91238287973096,221.3157924606362,726347
2021-03-09,218.85777282714844,221.69394266940088,211.9564233258996,220.84309748692746,825051
2021-03-10,227.31900024414062,232.51864473243685,220.41765103821004,223.1120180432565,2194525
2021-03-12,231.05328369140625,237.43466545845146,227.46081364443657,227.83896383080025,1918095
2021-03-15,233.22769165039062,242.9652107645779,225.94819211180592,232.23502934387784,1369173
2021-03-16,240.4126434326172,242.72884569632248,234.4566844505861,235.0239241347812,2821551
2021-03-17,232.47137451171875,245.7068333321616,229.68247714536938,241.92527366917793,1886636
2021-03-18,228.16986083984375,238.427332721129,224.19921167237308,234.36215321784087,1100998
2021-03-19,231.6205291748047,235.49663359650353,213.327228549368,222.35570512271144,1815144
2021-03-22,234.64576721191406,237.05651431034053,227.3189955831797,229.72974268160618,1141179
2021-03-23,236.48928833007812,240.1290453786577,233.70039088499405,235.35482328425647,1306759
2021-03-24,237.90736389160156,247.55035246578433,233.70038169824034,237.10379112742308,2684226
2021-03-25,231.2896270751953,237.90735619809652,228.50072982993075,237.90735619809652,942604
2021-03-26,239.04185485839844,240.12904753174533,230.7696927879151,236.1584126230145,1290793
2021-03-30,238.94729614257812,240.97987864816858,235.7329762673409,240.97987864816858,1305713
2021-03-31,239.23094177246094,240.12905938505966,235.35483701218453,238.94732188808592,614077
2021-04-01,247.83396911621094,253.83720105665444,239.42000434859492,239.42000434859492,3776867
2021-04-05,255.11349487304688,258.8950548375137,242.49253272143622,248.3066753966014,3315204
2021-04-06,255.86978149414062,263.574703735039,252.98635371750748,257.14606368335956,2992351
2021-04-07,256.20062255859375,262.2038532485258,251.80456598599983,256.20062255859375,2092180
2021-04-08,252.32455444335938,259.2731758657519,250.52831943272292,257.7132883262784,1309871
2021-04-09,256.90972900390625,258.8477669371277,252.23003702718344,252.23003702718344,1195258
2021-04-12,242.82339477539062,253.6953783204935,238.42732320837231,253.6953783204935,1271455
2021-04-13,243.15428161621094,249.20477090232788,235.40207328489913,244.66688229948366,737779
2021-04-15,239.08909606933594,244.85598013618153,234.92938634687687,236.53654626575855,486094
2021-04-16,239.04185485839844,245.56503974949155,238.23826762992056,241.26351258773903,571399
2021-04-19,235.0712127685547,238.80551473014648,228.97345028235097,233.51132507167918,530352
2021-04-20,231.6678009033203,240.60173268980535,227.83896887325378,238.19098552824457,295062
2021-04-22,230.2024688720703,236.06388408555964,228.78438384821771,228.78438384821771,317230
2021-04-23,241.0271453857422,243.34334769092786,230.91147662346904,231.7150637862193,972770
2021-04-26,240.88536071777344,247.2194704601405,239.18365593275544,243.72151612546241,696631
2021-04-27,238.04917907714844,244.61963597971513,236.442019136489,243.15429317898463,502312
2021-04-28,236.82017517089844,242.01981973552896,235.26028757171144,239.7981476513483,525671
2021-04-29,232.4241180419922,240.12904013436918,231.6205308382695,238.7109552516859,484449
2021-04-30,232.2823028564453,236.06386257547743,230.67514286095778,231.6205327907158,386070
2021-05-03,229.54067993164062,234.12581247763754,228.78436509580953,231.62053491104686,424016
2021-05-04,228.642578125,235.4021108800684,227.17722073442033,229.824315629418,647606
2021-05-05,230.91146850585938,233.84218278115077,228.0280266076864,230.86419612874096,384642
2021-05-06,239.23094177246094,242.9652293777966,227.7917170315527,232.56593940442787,2033725
2021-05-07,238.61642456054688,241.35806415071264,234.74033430794225,240.79082439398695,830919
2021-05-10,236.86744689941406,240.97988438844237,234.59850244034175,239.79814699064596,554053
2021-05-11,241.87799072265625,245.51774729241592,234.64574995914103,235.59113977720807,1268970
2021-05-12,239.93997192382812,243.72151729404695,238.33281189574635,243.72151729404695,385492
2021-05-14,242.16162109375,244.38329316545625,238.427333812493,241.8780156594941,743456
2021-05-17,246.1795654296875,255.63346601340066,243.91063505979935,243.91063505979935,2526569
2021-05-18,252.13552856445312,253.31726608331348,245.8014039229561,248.2594237323884,1110316
2021-05-19,254.78257751464844,261.87300174974996,253.78992966213823,254.45168528014167,1905245
2021-05-20,255.11349487304688,258.46961780110604,252.41912762816168,257.9969228055477,768150
2021-05-21,252.513671875,257.80786158450195,204.1096928895719,257.14607705168436,1435059
2021-05-24,281.67889404296875,295.24521418724123,264.70913609907217,264.70913609907217,12339605
2021-05-25,291.79461669921875,297.6087594084814,278.9373069744264,281.7262190049816,6602142
2021-05-26,303.65924072265625,308.95340096507596,293.1654072939145,293.6381022334883,4182099
2021-05-27,308.9534606933594,323.32340117487075,302.8557121046178,311.033330369978,5105964
2021-05-28,304.1319580078125,314.24761314731825,300.87035114470797,309.9933583785793,2020128
2021-05-31,299.2159118652344,307.06263671813633,295.4343521576169,305.69183863473154,1110751
2021-06-01,294.2526550292969,304.13199265823664,291.51102963617467,301.5794279657693,1185256
2021-06-02,299.40496826171875,303.4228750064791,288.58024325602025,294.2525821897995,1622919
2021-06-03,309.99334716796875,315.28753645892033,297.1360385616607,301.57938269983686,2285539
2021-06-04,315.09844970703125,320.77078924343874,311.9786745024115,312.8295196626704,2187151
2021-06-07,323.8905334472656,326.15946307235043,317.65095534002825,317.98184752204185,1375055
2021-06-08,356.1756591796875,363.78603664099893,320.20358357533524,326.82131314204474,6694560
2021-06-09,357.8773498535156,398.3400565516796,347.1471971271103,361.0444119192393,13478836
2021-06-10,369.6002197265625,376.07611792999666,360.71353094182666,361.1389679680578,4873301
2021-06-11,380.4248962402344,387.5626074131141,370.92373912953303,373.3817586801207,5089203
2021-06-14,376.02886962890625,385.7191170549183,366.81131719928504,383.7337922998742,2669248
2021-06-15,378.628662109375,382.74111402233814,376.2651873146848,379.47950726526136,2346018
2021-06-16,385.15185546875,391.76958504330247,371.5382461141587,380.70854006501446,3393733
2021-06-17,378.2505187988281,384.15920589312685,373.7126297998,382.693834183134,2643244
2021-06-18,372.483642578125,384.82096996067594,354.52123341826615,381.7011946469999,2015934
2021-06-21,361.6589050292969,368.8911610515727,359.7208672193735,363.9751218908247,1694769
2021-06-22,364.589599609375,375.22523570562873,362.08432221023713,365.8658817111273,2810224
2021-06-23,366.6222229003906,372.2000468661948,362.6043154832339,366.7167676686439,2315832
2021-06-24,364.7787170410156,372.43638138655444,363.07699782477835,367.7566896056664,1192065
2021-06-25,361.7062072753906,368.4184818137238,360.24083551540264,367.33126027047035,816225
2021-06-28,364.873291015625,367.7094610853896,358.91731655851095,362.9352241573441,1004761
2021-06-29,371.44366455078125,377.1160036241483,362.08431084992736,363.73874307965946,2035242
2021-06-30,377.7778015136719,385.71907072906845,374.3743921782135,374.3743921782135,2949249
2021-07-01,381.6539306640625,384.3010109580554,371.53824675649633,380.61399595891834,1343226
2021-07-02,375.6979675292969,384.58462745868,373.66538486821116,384.58462745868,1306689
2021-07-05,369.032958984375,377.6832709339364,367.66213206761483,376.3124440171762,1323776
2021-07-06,363.7860107421875,372.200003673086,360.9025831766611,370.54557139919166,974887
2021-07-07,362.6515808105469,368.4184651202332,360.47716667357747,362.6988387663678,741659
2021-07-08,370.0729064941406,375.3198091624299,362.9351950798149,362.9351950798149,2014419
2021-07-09,366.7640380859375,374.0908101074039,364.4950791533195,372.20003023089646,930563
2021-07-12,366.9530944824219,370.07289855287297,363.3606242993689,368.70207161799146,856042
2021-07-13,363.8805847167969,369.08022942367785,363.0297395349641,369.08022942367785,607091
2021-07-14,369.6947021484375,377.6832581989314,363.313320439194,365.3931897218698,2869023
2021-07-15,399.0000915527344,402.4253991573289,372.69187661161783,373.07245989287435,13950730
2021-07-16,399.6661376953125,413.7479525456716,396.621442159814,404.37593966608154,6617610
2021-07-19,386.8687744140625,399.9990850000285,383.44346716309394,393.76695093250527,2959491
2021-07-20,382.5871887207031,391.91160981569783,368.2199447587066,390.0562554230081,2968493
2021-07-22,385.7746276855469,393.00579716097707,382.87261845442,386.67850935165404,2048610
2021-07-23,378.6861877441406,398.00107465010024,377.73471491061264,388.0106098980563,4119395
2021-07-26,381.20751953125,385.86972980818234,377.7822121109955,381.35023462446026,4000712
2021-07-27,385.10858154296875,387.24939515253436,378.6861407142719,382.49203157572185,1644278
2021-07-28,386.1075744628906,394.8611341108472,375.83168186454134,389.1522984369555,4496488
2021-07-29,385.5843200683594,392.4824972935182,378.115253403445,380.5890882846237,4076345
2021-07-30,382.1590576171875,391.9116541567152,381.01730763942584,387.53487331701245,1326418
2021-08-02,377.92498779296875,386.29793637561517,376.878361960977,385.3464636259215,1175008
2021-08-03,374.9278259277344,381.54057316203324,373.2151865905425,379.8279338248413,1251896
2021-08-04,373.1675720214844,378.16280326099445,370.88401451125355,378.16280326099445,782393
2021-08-05,382.634765625,387.2494143303689,371.0743773681667,375.0705745852509,2839787
2021-08-06,382.82501220703125,384.53765129827684,379.30455191913336,383.4434635990566,1182473
2021-08-09,380.6842346191406,384.2998192791271,375.451134747946,384.2998192791271,1478764
2021-08-10,390.76983642578125,400.5699932931178,379.30457335253254,381.0172415771959,6285354
2021-08-11,388.3435974121094,402.3778204857017,378.0201122591211,393.7194126465295,3064589
2021-08-12,402.7108154296875,407.13515762412646,388.8668994259109,390.10380230637185,4756366
2021-08-13,401.23602294921875,415.4605214614334,398.6670352126671,405.51764981904455,3813826
2021-08-16,406.8021240234375,419.88487309377734,394.3854174295169,400.56998971731394,3822826
2021-08-17,407.8963623046875,416.697484870311,403.70985915226595,408.84783501448464,2329621
2021-08-18,401.4263610839844,412.2731449959276,399.618568604768,409.13329642869104,1282983
2021-08-20,394.5757751464844,403.0438771169062,392.0067870149806,396.38356762878755,1470276
2021-08-23,394.24273681640625,401.3787823879474,378.68615166311776,397.43017631235676,1861165
2021-08-24,392.7679443359375,399.1428234527003,389.2475125403437,393.3388338001713,1075345
2021-08-25,390.484375,400.5699910328587,389.152319079428,394.0999885405712,1183821
2021-08-26,385.44158935546875,395.81263578382226,383.4434909155778,390.1037996907864,1287968
2021-08-27,387.2494201660156,389.9611233872835,383.91926544714323,386.297947389195,982995
2021-08-30,393.19610595703125,398.2864908735435,389.1999088734821,390.10381958229357,1383804
2021-08-31,396.8592529296875,405.9933962876622,392.958209210104,392.958209210104,2621887
2021-09-01,389.53289794921875,398.6670412163976,388.486272224616,396.764095912262,1110467
2021-09-02,392.1970520019531,394.38542756073343,386.2979097458571,390.1038004822695,2351622
2021-09-03,394.5757751464844,400.28461185058603,392.3873703212584,394.0048856687452,1238357
2021-09-06,389.7232360839844,398.1913375751475,388.8669164341622,396.95443464058695,844661
2021-09-07,391.48345947265625,395.52721850387877,389.77079116685866,391.05528513704616,1500982
2021-09-08,380.3035888671875,393.6242045327753,379.68510848197496,392.4824258610698,1928870
2021-09-09,384.0619812011719,388.10574050944916,379.1143401753842,380.11337497806534,852087
2021-09-13,388.91448974609375,391.5310398300124,383.44352138880924,385.91735636638845,1509605
2021-09-14,389.0572204589844,391.3407493619492,388.2009007499533,390.5795827398427,1208780
2021-09-15,405.0419006347656,410.0846938399514,385.39396806022194,386.7736149557779,3976090
2021-09-16,402.5205078125,416.7450360692464,401.0457367652679,412.93914532888795,2537656
2021-09-17,400.0467224121094,407.8487814047721,386.2979297984671,402.94870263460797,2058273
2021-09-20,391.29315185546875,408.7050908279365,389.1523382586911,392.5300547633943,1461923
2021-09-21,390.3892517089844,395.00390028287336,383.4435123554171,392.33978823848565,1148123
2021-09-22,413.7479248046875,420.55094905561134,391.05529425759335,392.67280952246466,4337194
2021-09-23,418.5528259277344,430.92197076191445,414.1284837751445,417.88681247403287,3689406
2021-09-24,423.2150573730469,435.584202824576,419.8849028284044,424.5947044419132,3211002
2021-09-27,410.0847473144531,425.4986171808371,403.6147443543117,425.30831101986206,1791904
2021-09-28,397.5728759765625,412.32070291834333,393.2436577426348,411.5119453109817,1318913
2021-09-29,390.1513671875,397.0495442300939,388.533881027084,394.8611686450314,1830811
2021-09-30,389.7708435058594,394.86122901250656,388.2960722169774,392.2922407271641,994915
2021-10-01,377.9725341796875,393.3864037017353,376.0220267381625,388.1057127374028,2678537
2021-10-04,386.773681640625,388.58147409926704,381.54058139702494,381.54058139702494,1136650
2021-10-05,391.00775146484375,392.19709244260923,385.346476796022,386.7736859693406,1278602
2021-10-06,388.05816650390625,396.66898326807427,385.8697617591244,393.90971810318274,864326
2021-10-07,404.9943542480469,408.1342316211256,400.09427558624543,402.4729573673765,2936052
2021-10-08,414.2712097167969,419.5994626691302,405.0419419054705,408.6099645472148,2693032
2021-10-11,406.37396240234375,414.8420629253731,403.0438082274841,414.27117354521204,1498622
2021-10-12,396.6689758300781,404.3759107601293,395.90780925977526,403.37687600702634,941204
2021-10-13,402.901123046875,406.04097131585564,397.76314728069974,399.0952322788295,1115287
2021-10-14,409.3235778808594,413.60520514305813,405.51768698112716,407.0400201117055,1730276
2021-10-18,409.1808166503906,424.16651144209976,407.3254623362595,412.41584700934305,1786737
2021-10-19,411.7022705078125,421.50242821739687,409.1332824683536,412.6537432577389,2120702
2021-10-20,395.5272216796875,413.51005029677333,394.24272769918645,411.51195177562084,1889151
2021-10-21,397.049560546875,403.3768774614862,395.05149103346463,399.47583344217026,1141334
2021-10-22,394.5281982421875,398.6671108085072,384.39501853612626,397.71563799034845,1065196
2021-10-25,377.92498779296875,397.71560937193874,374.1190967941942,394.86119112285786,1640610
2021-10-26,380.7793884277344,385.82218215318056,379.30458831194505,381.54055497762124,1171704
2021-10-27,386.53582763671875,393.6243116597304,381.5405954026442,386.2979594350961,2423784
2021-10-28,399.0952453613281,403.94773302033883,387.7726967259214,389.29505889037165,3111512
2021-10-29,386.7261047363281,400.52245939314747,381.6832818190908,399.6185486802847,2268421
2021-11-01,392.62518310546875,396.4786647588766,382.01626886826114,389.86591822856786,1462940
2021-11-02,389.66485595703125,397.44767224022456,387.8027327935204,393.43689610830376,770094
2021-11-03,385.8451232910156,395.0603564856596,383.887499688442,393.0549681960848,910327
2021-11-04,390.3333435058594,391.52702345541854,388.2324551376044,390.09460751594753,174533
2021-11-08,397.4954528808594,401.02875745238754,386.752332532728,391.5270526874531,1132496
2021-11-09,414.82763671875,423.4698967573636,393.86663497337366,399.166562119606,5809548
2021-11-10,405.89892578125,420.1753498949385,404.37103873205757,412.5357980786669,1695439
2021-11-11,401.8881530761719,405.85116450101964,398.3548489281916,405.85116450101964,706128
2021-11-12,406.4718933105469,415.4006252214075,402.98635366306655,404.0367978542108,1736375
2021-11-15,401.6017150878906,409.38453253575835,399.64409141065306,409.0502962843183,664729
2021-11-16,418.79071044921875,428.5788871715744,400.1215655284896,403.2728693040208,5081677
2021-11-17,453.6461181640625,457.41815847658916,415.5438598522524,422.08523183017206,15193443
2021-11-18,448.1074523925781,479.09539549369873,435.12020873233325,460.2829878598245,21590554
2021-11-22,436.1706848144531,451.6885252703587,421.2258166038968,451.6885252703587,6639380
2021-11-23,477.80621337890625,479.7638368282577,424.9500596780733,431.6346673584025,12873858
2021-11-24,465.3919677734375,490.79348419543817,460.8082190529759,487.02144370967505,10124934
2021-11-25,477.2332458496094,485.1115335499781,459.7577829712768,463.14782238531376,6873893
2021-11-26,450.0650939941406,474.79816682308814,446.9137904620166,466.9676143930045,4797026
2021-11-29,452.7867126464844,464.5325418735537,426.8599876796902,444.239980937998,5009344
2021-11-30,453.5506591796875,472.6017742724691,448.05973124357786,456.4632266887667,4854946
2021-12-01,466.1081848144531,469.54598913579696,458.37313237707417,458.37313237707417,3695350
2021-12-02,466.7766418457031,470.78741852874055,459.8055619099159,467.92258636730804,2295194
2021-12-03,461.1902160644531,476.2783195945784,459.56679960880376,468.40003160128464,2562892
2021-12-06,446.6273193359375,468.40003082425386,443.52375134372784,463.1478388374375,2371962
2021-12-07,452.2137145996094,459.757795431204,446.91378711457656,452.1182435147155,1943627
2021-12-08,459.90106201171875,464.819018058916,456.55875782434083,458.3731456975443,2118718
2021-12-09,462.9568176269531,466.68112236470995,454.60105802250825,462.1928741201489,1965396
2021-12-10,457.4181823730469,463.14784645287625,455.4127941165909,462.19290243957136,1360715
2021-12-13,481.6260070800781,486.92593456639224,459.6622953148636,460.6172393046555,7401475
2021-12-14,482.867431640625,492.6078430331265,478.14047628829553,481.2917798565152,6622803
2021-12-15,478.76116943359375,486.0664850403607,477.47198923414606,484.1565970834241,2003829
2021-12-16,482.5331726074219,494.46997213899846,472.9837329821606,481.29175711316867,5555423
2021-12-17,475.4188537597656,498.38527335989755,468.2090094149629,485.3025295211693,10424308
2021-12-20,446.5318603515625,466.0127138734958,437.12565527785387,466.0127138734958,4908989
2021-12-21,452.8345031738281,463.8640958546679,446.4363660567313,455.98580704190204,5063948
2021-12-22,478.18817138671875,485.1115148566213,455.8902248654829,455.9857250866864,3464942
2021-12-23,504.6878967285156,508.3166722192014,487.26016897961233,487.97637696929326,12350521
2021-12-24,506.6455383300781,514.1418838607783,500.6771382030035,508.9851628369229,11336432
2021-12-27,502.9212951660156,509.55810952596687,497.7168385614987,505.16539031554703,3904503
2021-12-28,515.6697387695312,520.4444585729528,505.4040911921748,506.9319782152082,6030178
2021-12-29,510.60858154296875,518.3436048271403,508.84190012659826,515.6220376714542,2599888
2021-12-30,516.72021484375,524.5985034499263,503.255526721804,508.03024708918355,4247915
2021-12-31,520.1580200195312,524.2642676537771,514.7148274415042,518.9643399929971,2358677
2022-01-03,541.405517578125,545.2252936142559,522.0201658517924,522.927316032248,6117415
2022-01-04,534.3866577148438,546.6099879690784,530.5191460370522,544.3180989751198,2553963
2022-01-05,526.1264038085938,533.1452188325186,522.3543633848893,533.1452188325186,1867208
2022-01-06,534.1478881835938,539.2568734121505,512.9959141448124,518.0093700049406,3262562
2022-01-07,551.2891845703125,556.1594341625051,536.248815887512,542.4082166241668,9110065
2022-01-10,545.845947265625,559.4538987715041,544.3180602351669,553.6764994383196,2937337
2022-01-11,546.0846557617188,559.3583995254659,539.5433132426602,545.8459197824078,4125892
2022-01-12,549.0927734375,553.199020781828,543.1721092668823,548.997302356181,1783139
2022-01-13,543.9360961914062,553.7720663288486,535.9623368547134,550.4297622237412,2189970
2022-01-14,531.9037475585938,543.267603181356,528.0839719926433,543.267603181356,2063358
2022-01-17,524.7894897460938,537.5857632990836,521.0174491007218,531.9038345583494,3256402
2022-01-18,510.60858154296875,528.6569886344217,507.07527699538554,525.2192134603805,2514178
2022-01-19,489.790771484375,508.03017747437514,479.95483138983286,508.03017747437514,5539545
2022-01-20,479.4773864746094,492.27363019928566,474.60716626390877,490.8412142045254,3023445
2022-01-21,465.29644775390625,482.77191068670913,460.37849215413513,474.6071514288177,2753113
2022-01-24,430.2022399902344,461.2379176809838,421.9419808333655,456.9884055401431,6146783
2022-01-25,440.3246765136719,446.722783716025,411.5808567887712,423.04018458799453,4044257
2022-01-27,418.1700134277344,441.18417194881886,411.58090499987213,440.2292278536915,4719874
2022-01-28,425.04559326171875,441.18414152806054,423.1357052031557,432.7328810404033,5734166
2022-01-31,454.17138671875,460.2830226852247,431.01399397991867,436.6958934756515,6051319
2022-02-01,450.7335510253906,463.0523223329505,442.66426287224846,460.56946219793934,4056465
2022-02-02,455.2695617675781,458.2776296035991,450.78131321425377,453.6461452757173,1491646
2022-02-03,453.78936767578125,464.96219418312154,451.6884793705159,457.27490719547404,2113638
2022-02-04,446.3407897949219,456.4632013436092,440.4201548781028,447.4867341749907,1861340
2022-02-07,432.3508605957031,451.6884750121868,428.76982088894687,448.4416715065763,1295173
2022-02-08,422.6104431152344,436.60039561789335,420.6050840882686,432.58961927880733,1517358
2022-02-09,435.2157287597656,443.0940167735189,425.47528828573024,425.9050247435117,2815110
2022-02-10,442.186767578125,444.9083635606628,435.4544246436255,437.4120480096642,2075464
2022-02-11,432.589599609375,438.3192631803601,429.24729585963365,438.2715276409656,2074346
2022-02-14,403.5115661621094,423.9951261429377,399.69179025091177,410.625910453746,1956388
2022-02-15,427.0032043457031,432.87610412508513,405.80346500274135,414.82766832932987,3614022
2022-02-16,424.18609619140625,438.31925439279297,420.46179163087123,436.409366574088,2353074
2022-02-17,420.0321350097656,429.43833947971666,415.973622905593,427.8149229810161,1440200
2022-02-18,407.474609375,419.0294082601116,403.60706875667216,416.2600765367591,1532920
2022-02-21,394.2963562011719,405.8034484323168,389.2351648580638,405.8034484323168,2951140
2022-02-22,397.9251708984375,400.6467379463576,374.9110149914053,377.2983749580564,3623024
2022-02-23,396.1107482910156,405.8989240129719,394.86933278331065,402.50888456630094,1928531
2022-02-24,364.97955322265625,381.9775421932253,362.87866508356404,377.20282291581,3598722
2022-02-25,385.3676452636719,392.48198982631413,379.3037740877175,381.0226616562028,3130605
2022-02-28,389.2829284667969,391.09731629745215,372.8579086166903,379.20828059527327,2654325
2022-03-02,402.1746826171875,405.8512230545506,384.3172462883352,384.3172462883352,3465837
2022-03-03,410.4826965332031,417.31054050935995,405.94671239723186,410.72143254035956,3486602
2022-03-04,418.2177734375,425.4275896179892,397.6864756220415,404.9917920394908,4290597
2022-03-07,411.67633056640625,423.2311578501023,405.5169306130192,410.62588642378375,3154297
2022-03-08,430.8707580566406,433.5445896840037,411.4376412147559,411.7241127667666,3155855
2022-03-09,435.5976867675781,439.751698872084,431.92114664881836,436.40939497186184,2402749
2022-03-10,429.72479248046875,448.82367214626737,425.14107301770815,448.82367214626737,2765700
2022-03-11,432.828369140625,437.2211173807168,424.09063734611425,428.38788535743873,1698204
2022-03-14,431.8734130859375,438.17604915517643,430.20226112816994,430.20226112816994,1536087
2022-03-15,417.21502685546875,434.4040188177295,413.6817515487731,431.8734230518012,1272469
2022-03-16,422.5627136230469,429.7247935149629,420.17535365907486,426.66896110404764,1319047
2022-03-17,423.9474182128906,433.0671221378129,420.46184915284476,430.6797620378249,2495071
2022-03-21,423.75640869140625,432.58964087257925,421.60778464733716,428.72212925028634,1287493
2022-03-22,444.90838623046875,447.7254825764328,423.37441153650127,423.8041188340127,6214056
2022-03-23,446.48406982421875,453.550678964314,440.84990587251986,449.396666602928,3919329
2022-03-24,458.4685974121094,461.1901935051805,444.0966734418038,446.91376975863784,4084827
2022-03-25,444.90838623046875,464.10276570222425,442.1390545681684,462.0496420116866,2647923
2022-03-28,433.5445556640625,447.1525070257649,432.3508757200535,445.86332685771987,1741295
2022-03-29,435.502197265625,443.8102216792116,431.34821420140963,436.40940571791225,1993390
2022-03-30,433.73553466796875,443.0939733092812,429.1995511049966,440.61111331998137,2023598
2022-03-31,434.45172119140625,439.17867581751193,429.91573785194413,435.836372304224,1173562
2022-04-01,445.5768737792969,447.6777330822021,431.1572136300423,434.49951761167057,2251442
2022-04-04,450.59033203125,455.9857598003723,445.95884780476206,449.7786238030898,1657647
2022-04-05,467.58831787109375,474.6071620110402,450.9722983092832,453.5983942761451,6633629
2022-04-06,460.7127380371094,475.5621053731557,450.685826176832,468.87749746630413,3812795
2022-04-07,463.0523376464844,469.54597430223123,456.8929663602973,460.66497765744026,2825692
2022-04-08,467.54058837890625,473.65222415235655,462.43163214874727,466.0126721498992,2494640
2022-04-11,474.0819091796875,478.99986441923915,462.2405815463991,467.9225093888653,3637691
2022-04-12,439.751708984375,475.4666085109422,405.994432987352,475.4666085109422,13785887
2022-04-13,432.01666259765625,452.6434589611085,422.84919430916875,444.0489629048849,5731891
2022-04-18,405.8511657714844,424.95004416073067,403.55930619328996,424.95004416073067,4784745
2022-04-19,406.7106628417969,420.9393232804509,395.3468345374724,415.40065947777896,3518154
2022-04-20,400.646728515625,414.4456804550891,396.7792171177178,407.76107270581343,3309317
2022-04-21,412.2015686035156,415.3051365796632,402.03142091019373,405.99443265122045,2817254
2022-04-22,400.885498046875,421.1303234383585,399.6440824466055,411.19891120846415,3470345
2022-04-25,391.956787109375,400.12154687424027,386.8478307420115,400.12154687424027,2357276
2022-04-26,402.55657958984375,409.67092312871245,395.72873669954674,401.0286927010922,1696588
2022-04-27,398.9755859375,402.50889034488955,394.1531304622851,394.1531304622851,1730324
2022-04-28,405.9466857910156,408.5727816976185,398.2593693788683,402.60438190988475,1729266
2022-04-29,395.2513427734375,411.151155631132,393.4369548780016,407.7611158565696,1881430
2022-05-02,388.3279724121094,398.0206481995838,386.75232063802565,387.373028410534,1528762
2022-05-04,387.0865478515625,396.11075097072256,382.455063723277,390.6198230895519,1568088
2022-05-05,396.9224548339844,400.2170231836307,390.57208326948734,391.1450554793272,2015524
2022-05-06,377.05963134765625,387.75498629674183,370.6614951091939,382.93253091851454,3126841
2022-05-09,369.51556396484375,373.47857543075276,355.7166125718064,372.42813128323354,3528432
2022-05-10,359.4408874511719,374.09928252475396,356.67155589788285,365.2660512207234,1685514
2022-05-11,346.8356628417969,364.31112590029795,333.51418275407354,362.830974398363,3370371
2022-05-12,347.12213134765625,351.99235139865596,332.3682354283935,339.96005160870874,2857836
2022-05-13,341.8222351074219,359.0589635908552,339.1961389641377,355.2391873824419,1707191
2022-05-16,345.8329772949219,351.3239055096389,339.24386926577733,347.5996295925206,982942
2022-05-17,366.60296630859375,370.5182422224492,346.167172179479,349.03200394924016,1785580
2022-05-18,371.8074645996094,382.93255674125726,364.5976196741704,367.65345223287795,2763383
2022-05-19,365.69580078125,370.99572809703403,360.01387256777815,367.653424240304,2146623
2022-05-20,366.2210388183594,375.2930071854374,364.31115074107976,375.2930071854374,1816816
2022-05-23,361.0643310546875,370.1840345680079,358.48597060603856,368.1309108031983,1246814
2022-05-24,356.8625793457031,367.5579345069671,352.231095183524,364.78860277514775,3066271
2022-05-25,327.7845458984375,360.5868799181008,325.25394998877175,360.5868799181008,4732740
2022-05-26,337.7637023925781,339.5780901529728,323.0098060257245,332.32050996881634,3123783
2022-05-27,346.3104553222656,352.3743558931157,340.0555834261813,341.1537632596628,2210418
2022-05-30,356.38507080078125,359.48863843801917,349.89143487424633,352.0878233030672,1716336
2022-05-31,353.9022216796875,360.44359334355215,351.8968336242769,356.38508169388274,1575617
2022-06-01,351.5626220703125,361.15982660022473,347.21763859780486,355.2391622392069,1049132
2022-06-02,355.525634765625,358.00849496077745,349.50949930349753,351.4193872778336,1309097
2022-06-03,364.2633972167969,372.9056286828903,359.96614925502223,360.96882878907184,4712523
2022-06-06,352.0400695800781,364.2156045358887,350.6076537029239,364.2156045358887,1795247
2022-06-07,345.11676025390625,351.8013683407268,344.0185804681586,348.55456452707256,981608
2022-06-08,349.0320129394531,354.09320420603154,346.0716808726005,346.88338905678893,1468886
2022-06-09,351.7536315917969,353.23378314891806,345.68973130530145,348.5545633326935,770744
2022-06-10,341.20147705078125,350.2257094418981,339.96006151688,347.59961346107957,1172220
2022-06-13,322.7232971191406,333.27541537587416,318.95125712189673,333.27541537587416,1677416
2022-06-14,332.94122314453125,337.0952354151314,317.99635522163953,318.0918554511227,2067925
2022-06-15,334.99432373046875,340.9627233774809,333.08443584342484,333.32317182930535,1482824
2022-06-16,327.6890563964844,347.59964636427276,325.7791682296477,343.73213448346075,2376496
2022-06-17,315.561279296875,330.7926197137493,314.1765987396227,321.8161512925618,2219007
2022-06-20,307.58746337890625,319.6674989599295,302.1920356924894,318.9512909712217,1865464
2022-06-21,320.2404479980469,322.0548356095858,308.6856207881352,315.131492219906,1801191
2022-06-22,327.1160583496094,328.64397459123444,315.5134944785755,318.9512987365874,2522925
2022-06-23,336.760986328125,338.19340228795755,327.25931128011524,332.32050268115944,2209239
2022-06-24,345.35546875,347.16985640053684,337.09520952914664,340.58074906828404,1978029
2022-06-27,356.28961181640625,360.9688315824783,347.5996155979421,349.4140033673278,2721452
2022-06-28,353.1382751464844,358.96343930247815,348.9365274273107,353.3292756011377,1645109
2022-06-29,354.23651123046875,359.5841746602011,344.8303063972396,345.5942499893213,2913484
2022-06-30,337.3339538574219,357.6265130066652,335.185329947502,354.28420914678986,2151632
2022-07-01,333.7052001953125,341.01051613619967,328.07100715059886,337.7637122894252,1752456
2022-07-04,329.3124084472656,341.4401784439829,327.068284462584,338.90958294745894,2128360
2022-07-05,328.5484313964844,333.99162318839296,327.78448794686454,332.32047139259686,2196450
2022-07-06,324.6332092285156,331.84302443327255,322.054848892435,330.41060850046705,1848847
2022-07-07,325.1584167480469,328.78719212080347,323.2485288376325,328.4052203672359,2211420
2022-07-08,328.16650390625,331.74754395136966,326.30438056833486,328.5007401389769,1774915
2022-07-11,322.5323181152344,326.59082989018555,313.5558508415048,326.59082989018555,2828231
2022-07-12,321.577392578125,327.54579258885485,318.99903211645847,321.8161285785542,2274166
2022-07-13,330.1241760253906,331.1745911863198,321.8161509752295,325.062954978511,2578766
2022-07-14,305.89703369140625,329.30532783591553,304.2112524615579,324.2961375652895,6740664
2022-07-15,298.2388000488281,310.08742255422857,295.541532333746,309.22045519490297,5485081
2022-07-18,306.3305358886719,309.12411036786665,299.6355643043552,300.8878765865405,3009874
2022-07-19,315.7708740234375,316.5896878740405,304.30756830806416,305.3672080325099,3213676
2022-07-20,322.9474792480469,324.19976196480303,317.45663786417265,322.5139809396454,2798736
2022-07-21,325.98193359375,327.8122045611359,321.3099052365357,324.39248852727525,2604631
2022-07-22,321.26171875,330.89475379497753,319.57593761712894,327.5231915292354,1545422
2022-07-25,320.5392761230469,323.57367661401946,318.13101709883165,320.7801020254684,1018447
2022-07-26,307.72735595703125,321.4544326664407,305.8007486995703,321.4544326664407,2231893
2022-07-27,314.0370178222656,315.7227993596551,304.40398046575444,306.3305879370567,2370041
2022-07-28,317.2158508300781,319.33513042303315,313.84428836708986,317.89017508175243,2517947
2022-07-29,323.6699523925781,328.2456436838423,319.43142318126047,320.7800421033587,2514792
2022-08-01,329.83514404296875,330.89478387377704,322.5140308637484,326.6562539482366,1880283
2022-08-02,322.2731628417969,329.8351009306213,321.26170596141367,329.64245787600436,1732053
2022-08-03,329.7869567871094,334.2663121510948,322.0323460279875,323.09198575007935,4939662
2022-08-04,337.30072021484375,341.92459472980534,329.9796076144224,330.413105955656,5268225
2022-08-05,333.2548522949219,340.286955974238,331.95438671102386,340.286955974238,2178320
2022-08-08,330.9910583496094,336.19289089655155,325.9818688465171,335.2295874842405,2013739
2022-08-10,323.6699523925781,332.6768453401829,321.50251967566356,332.24334703772496,1922983
2022-08-11,330.50946044921875,339.99800648472143,327.5232135053667,327.5232135053667,3460158
2022-08-12,328.0530090332031,331.66539731090404,326.5599003041632,330.4131144670442,1304455
2022-08-16,323.5736389160156,331.52089277002966,321.8397043796703,328.6791650911476,1857000
2022-08-17,326.5599060058594,330.12414092783183,321.93606068874686,324.9222781989658,3008023
2022-08-18,322.2250061035156,326.41538201758334,320.3947354162471,326.41538201758334,2001328
2022-08-19,319.3351135253906,329.78696248713226,315.57823571639466,322.89934827102456,2710173
2022-08-22,311.14703369140625,317.3603530892116,308.69062150028697,316.58969264269314,2323609
2022-08-23,309.5093994140625,310.5208857166407,302.66996815683507,304.64472855121375,3145777
2022-08-24,308.546142578125,314.27781096632015,307.293859611513,309.5094462132708,1536007
2022-08-25,312.0140075683594,315.38556992423355,310.61723508811167,310.76172473811096,1193710
2022-08-26,309.8465881347656,316.5415597209819,308.25714312009103,314.6149525764813,1027518
2022-08-29,300.6951599121094,302.4772771378412,294.9153393298576,299.7800392918655,2119808
2022-08-30,309.5575866699219,311.3397040305932,301.5621499537906,303.92225529598915,1700071
2022-09-01,310.08740234375,311.9658559979348,304.50025359429867,305.3672208971182,1335617
2022-09-02,309.1722717285156,313.6516271478027,308.1607854095218,311.53234767745465,1437386
2022-09-05,310.6654052734375,313.36264354464157,305.3672355710998,305.3672355710998,2290268
2022-09-06,311.3396911621094,312.9291359973458,306.52317384461196,310.66536697858425,1156589
2022-09-07,306.2823791503906,310.9543779057013,305.46356524354417,308.25713969246885,3796332
2022-09-08,306.6194763183594,315.0002280908613,305.70435567964415,311.5323297919747,3028681
2022-09-09,316.68603515625,319.19063021116835,306.52319468445654,309.6057483386178,4075468
2022-09-12,325.644775390625,328.67920529695175,317.4085412389496,319.8168002771814,5357436
2022-09-13,322.6585693359375,329.4498483095567,321.7434191093332,328.8718602400011,1766155
2022-09-14,312.59197998046875,317.6011698470897,311.14702475713835,312.59197998046875,2710077
2022-09-15,307.48651123046875,315.96357088539025,306.5713610801081,314.7112880037628,1805972
2022-09-16,296.7937927246094,307.87178217192627,294.7708496416488,307.4864666793832,2542624
2022-09-19,289.13555908203125,299.97272418553837,286.3419846237767,299.7800811112022,3489957
2022-09-20,293.61492919921875,298.7686094033207,291.88099445657383,292.36264626260777,1821692
2022-09-21,291.3993225097656,295.44520915988676,288.26858598693343,293.8075813734827,1921494
2022-09-22,292.4589538574219,295.58969028999144,287.7387725001628,288.9910553141144,1648633
2022-09-23,288.1722412109375,295.4452004023951,287.0644480460027,292.45895362036504,1815085
2022-09-26,280.0323791503906,287.4979823402175,273.385560534196,287.4979823402175,2968854
2022-09-27,280.2250061035156,285.71584827958606,278.15390928190743,283.88557735346,1455093
2022-09-28,274.83050537109375,279.7433596115292,273.77089492905463,278.97272849046567,1282175
2022-09-29,270.4956359863281,280.12867187469726,269.147016841495,279.3580407627047,2125356
2022-09-30,272.0851135253906,274.7341984248679,267.6539110867264,270.6883115465891,1767526
2022-10-03,268.6653747558594,273.8672084440193,266.9795934144756,272.6149254923545,995894
2022-10-04,276.4199523925781,280.17683018082425,271.07360030365595,274.44516256961606,3012926
2022-10-06,284.31903076171875,287.4497672315954,279.8878286478937,280.2249907626493,2089120
2022-10-07,282.87408447265625,286.34198316768203,281.86262749388237,284.07821392247826,933206
2022-10-10,278.4910583496094,279.2135360021606,269.3396747506274,278.3947221163977,4479425
2022-10-11,271.36260986328125,283.35572089487437,270.3511235416377,281.76627598679454,2868007
2022-10-12,272.7593994140625,274.10801852979534,269.0025213782025,272.0369217380244,1271565
2022-10-13,270.1584777832031,272.9038692344532,266.353417206886,272.9038692344532,1074518
2022-10-14,272.4222106933594,280.32131093938676,271.79606931478514,276.46809704331275,2267921
2022-10-17,271.26629638671875,273.3855466426906,268.7617011772134,271.8442844193265,915070
2022-10-18,271.0736389160156,275.4085053040042,269.86950936379657,274.25255857249044,1362739
2022-10-19,262.21124267578125,272.51857320325263,259.08050608327835,271.6516058725594,2008682
2022-10-20,275.50482177734375,276.3717891131886,260.4291267449401,262.21124423387744,3501417
2022-10-21,270.11029052734375,277.5277390993046,267.124043853008,276.94975113045103,2047060
2022-10-24,271.79608154296875,273.5781989296188,268.32818300094254,273.5781989296188,438800
2022-10-25,264.04150390625,271.65159592678856,262.01856061023574,271.65159592678856,2799096
2022-10-27,260.28460693359375,266.8350587096283,259.4176103005018,266.3534069791055,1992315
2022-10-28,253.39700317382812,262.35574439684257,252.57821862244091,260.4772905958753,2292558
2022-10-31,260.9107360839844,262.50018084073025,255.56438448696449,255.949729371486,2530321
2022-11-01,269.43505859375,270.3068540765985,262.024752647426,262.7996753963118,2175522
2022-11-02,270.6458740234375,271.8567092056839,265.6572389848634,269.28974453160265,1647234
2022-11-03,269.2897033691406,270.161498654818,265.5603256655971,266.7711606627605,1155414
2022-11-04,265.5119323730469,270.64586148333393,263.47772344884476,270.1131058523925,1437224
2022-11-07,263.09027099609375,269.04757410540856,252.3864703830497,252.3864703830497,2623565
2022-11-09,265.70562744140625,271.17862543195236,264.44637083342695,266.0931183005403,1895353
2022-11-10,264.10736083984375,267.15865954985935,261.8309848125159,264.4464005990467,1008514
2022-11-11,273.2128601074219,277.8140341605221,270.2584338557839,273.16443852089986,5472847
2022-11-14,276.40948486328125,278.7827042858193,272.77697900708273,274.13310861444853,2928151
2022-11-15,273.64874267578125,277.6202878622948,271.1301996627674,276.99065949939256,1092548
2022-11-16,270.6943359375,277.5234348125121,268.75699956882625,276.45789389746017,1431356
2022-11-17,266.8196716308594,270.210010383163,265.41509089462755,268.32109553945924,1113069
2022-11-18,276.9906921386719,277.76561489795637,266.38376319769134,267.35243142750113,3820918
2022-11-21,270.5005798339844,276.55475574790523,269.2897446512002,276.55475574790523,1434177
2022-11-22,265.94781494140625,271.6145292367901,264.44639121147065,270.59743955669234,1565137
2022-11-23,269.6287841796875,270.30683414461225,266.04470021720743,267.8851637811543,1596749
2022-11-24,283.14166259765625,284.7884101270337,270.25838920218507,270.93646866990593,5323676
2022-11-25,284.6915588378906,286.9679348664116,281.8824271599182,285.36963835665193,3518144
2022-11-28,290.2129821777344,294.4751161037977,284.4978460340537,285.56335734451517,5038833
2022-11-29,286.2898864746094,291.133227674054,285.8055523546649,290.79421743921984,1707230
2022-11-30,295.6859436035156,297.42953439479743,285.4180556201543,286.9195089428628,3774440
2022-12-01,313.65472412109375,315.1077262950236,300.77145000347775,301.2557840614544,14224521
2022-12-02,321.1618957519531,322.5664763172356,311.66896022543705,315.2045928673842,5883877
2022-12-05,319.12774658203125,324.2132545725509,318.06220566221236,322.7602522895453,3717789
2022-12-06,313.5578918457031,318.6433996310321,310.60343625262084,315.7858167651896,2358626
2022-12-07,307.6005859375,312.6860941669153,305.80857335340426,311.4268372870521,1968986
2022-12-08,313.7031555175781,315.7373643453169,304.83984872679105,307.60052903436184,2661288
2022-12-09,299.6575012207031,318.20749057319085,297.04208536403223,316.7544883331306,3829455
2022-12-12,297.9623107910156,300.8198639234588,289.9707990379286,299.27001862652884,2916041
2022-12-13,296.364013671875,302.41818922848785,295.49218874259947,300.2871076079985,1570184
2022-12-14,302.6603698730469,305.0335890612117,297.96232351738234,297.96232351738234,2737777
2022-12-15,294.4267272949219,302.85412335834656,292.29564531396807,302.85412335834656,2269711
2022-12-16,293.0705261230469,298.20448486508667,288.4209309995059,290.60043425642914,2021663
2022-12-19,291.2300720214844,294.9110287110912,287.3553994396282,292.537779930142,1523678
2022-12-20,289.4864807128906,290.40669771273974,282.85109801498396,290.40669771273974,1893667
2022-12-21,290.2613830566406,298.0591788051625,288.9052536625423,291.5690908715012,2165019
2022-12-22,286.9678955078125,295.4437405228112,283.8681460777667,293.94231694471483,1887343
2022-12-23,271.17864990234375,285.66022044648975,269.2897352585224,282.8510888326926,2148394
2022-12-26,282.5120544433594,283.81976233225663,269.0475733371477,271.22707663150806,1703065
2022-12-27,287.88818359375,289.5349016981166,281.59184067147635,285.75710185703355,1546220
2022-12-28,284.20721435546875,287.113218652685,279.6544920266726,287.113218652685,1857151
2022-12-29,283.9166259765625,284.93371565683697,279.9450808549212,281.1074943992957,1137712
2022-12-30,289.38958740234375,295.8796753293176,287.791290990896,289.0989988044091,3410280
2023-01-02,288.03350830078125,291.2785528308585,284.5947182973169,290.60047323541227,1379929
2023-01-03,290.2129821777344,290.9394832865431,283.1416869818195,285.272768725554,2515189
2023-01-04,285.5149230957031,290.50355790926744,283.48071416899995,290.50355790926744,1599439
2023-01-05,282.5605163574219,286.5320321960743,279.9935220637575,285.5149424444987,1806809
2023-01-06,274.7626953125,282.3667456619905,273.89089995172486,281.7855389010058,2295178
2023-01-09,284.4494323730469,285.7087188644336,278.3952556685235,278.3952556685235,3174952
2023-01-10,281.2527770996094,284.2556539975305,278.97640124660126,284.2556539975305,1398351
2023-01-11,285.0790100097656,288.6146722239428,281.3980830542715,282.70579090157224,1536020
2023-01-12,280.6231689453125,287.500689015751,278.83112699342706,286.5320208862351,1262689
2023-01-13,284.49786376953125,285.75712061207224,278.2983636054314,283.626038735487,2186938
2023-01-16,287.54913330078125,292.29560110992077,284.06192220541595,285.95083683748186,2150824
2023-01-17,286.9678955078125,290.11606651338343,285.7570605056698,287.6943965090981,1047676
2023-01-18,285.5149230957031,289.53488980716156,284.8852947416152,287.6944263254413,1004351
2023-01-19,285.5633544921875,286.38672831956103,281.3012206086962,283.86818525523256,755390
2023-01-20,282.5605163574219,289.3896151155012,281.9793095444902,284.7884413186857,878033
2023-01-23,293.21588134765625,294.66888367433165,282.36678548391683,284.93375034876175,2610113
2023-01-24,296.5577392578125,302.8056604612643,294.0391962315604,295.63752227993535,5137387
2023-01-25,286.6773376464844,296.4124402821703,285.66021839886946,296.4124402821703,1965674
2023-01-27,281.78558349609375,292.683101133922,278.5405389983254,288.13037816874106,1568159
2023-01-30,285.5633544921875,289.63177248544156,278.00775486060775,281.930848984427,1560058
2023-01-31,292.4893493652344,293.506439062175,280.6231649477042,286.7257622521578,1772504
2023-02-01,286.7257385253906,296.17025187208844,282.0276926406502,294.18449422375403,1939798
2023-02-02,263.47772216796875,285.7570883807014,259.7967952269486,285.7570883807014,9755632
2023-02-03,259.4093017578125,264.9307216758003,242.40918866314087,250.44912195707704,10557093
2023-02-06,274.9079895019531,275.87665758273715,258.00474922911366,260.4264194310738,4371731
2023-02-07,268.9991149902344,276.94217484056867,267.6914072800655,274.90796613157283,1559908
2023-02-08,278.6373596191406,279.3638606591148,270.25838687038595,270.35525958799644,2929571
2023-02-09,279.2669982910156,280.13882322041644,274.90799188962785,278.4436540643212,1510346
2023-02-10,283.2869873046875,284.01348835310637,274.6173963023278,277.232811901197,1732448
2023-02-13,278.5404968261719,282.173002155472,274.2299415722448,281.3980795097829,3345334
2023-02-14,278.7826843261719,285.6602341671196,278.00776162356067,279.9450979414949,1826849
2023-02-15,283.8681640625,286.3867069388017,275.5860639476845,277.52340007385453,1518654
2023-02-16,286.38671875,290.1160968589654,285.12746204061636,285.32117792438066,2210344
2023-02-17,282.076171875,285.0305978531639,280.3810026439277,283.72288996262705,1298150
2023-02-20,282.2698669433594,287.0163345279649,279.94506951022635,280.9137375708154,1101333
2023-02-21,278.1046447753906,284.7884494104984,277.1843981653176,282.36677892231387,856874
2023-02-22,273.6971740722656,277.0875125986818,271.4692491508974,275.586088790117,1501101
2023-02-23,274.1815185546875,276.2641788062346,270.6943367299912,274.95647084126995,1796972
2023-02-24,274.08465576171875,278.49208387323756,273.3097035306198,275.5860795197777,629355
2023-02-27,269.04754638671875,275.97351691607656,263.8167449165032,273.5518468315877,1433566
2023-02-28,266.62591552734375,273.06755298747595,265.41508030696525,269.77408710032785,1017556
2023-03-01,268.3210754394531,270.3068333067713,265.75411077442544,267.35240729707243,1276137
2023-03-02,267.9336242675781,272.2926310737923,266.9165049426174,267.35241744780154,1179640
2023-03-03,271.7113952636719,272.77693605933956,268.6116455965302,269.6771863921979,926305
2023-03-06,279.21856689453125,284.78840821159474,273.2128131280929,273.2128131280929,3394370
2023-03-08,277.1359558105469,280.5747158214929,272.58320380939676,280.5747158214929,1358145
2023-03-09,272.486328125,280.0903787177078,271.85669976437936,278.2014936358459,943696
2023-03-10,270.54901123046875,270.93650215213995,265.60882715463663,269.289754419258,1023782
2023-03-13,267.64300537109375,274.6174280672045,265.65724743361847,270.25842127248694,1718599
2023-03-14,265.4150695800781,269.8224977795646,261.54039703146384,268.99915351210853,1505215
2023-03-15,266.044677734375,271.22705778650493,264.83384265497097,269.2897216594585,876676
2023-03-16,262.36376953125,267.8851601482119,255.53464146206883,263.8167717296198,1749445
2023-03-17,267.88519287109375,269.0960281843086,265.221355182021,265.802562044646,907042
2023-03-20,264.4463806152344,267.15863936108576,256.9392031435565,266.3837167369577,1007637
2023-03-21,259.2640380859375,266.09316663984697,258.24694829944826,265.4150870745825,1330396
2023-03-22,263.47772216796875,265.94781398873175,261.05605192745435,261.34664053175436,1083636
2023-03-23,259.60308837890625,264.0589681961991,258.9250087861889,260.91079641548475,1320289
2023-03-24,256.406494140625,265.8510094507179,254.8081679005593,260.9107955300799,2453889
2023-03-27,252.6770782470703,258.150047066212,251.85370445484094,257.76258574086995,1101294
2023-03-28,243.8621826171875,253.79103017161123,242.79664184540775,252.8223621175211,1752493
2023-03-29,247.49468994140625,248.65710344083914,242.65134962944134,245.07301978542378,1292904
2023-03-31,252.9676971435547,254.32382672535,249.33519135584882,249.4804856750755,1436959
2023-04-03,258.34381103515625,259.5546462395554,252.43492932540735,256.2127292508513,1008929
2023-04-05,259.0703125,260.2811477059985,255.0503159669599,259.0218613549162,1884700
2023-04-06,257.66571044921875,259.9905079394873,256.30958104334576,257.66571044921875,748621
2023-04-10,258.3922424316406,259.99053904986414,257.27827991357015,257.6657412814111,722146
2023-04-11,257.47198486328125,260.8139018367266,256.69706216056653,259.1187325583077,852555
2023-04-12,261.3466796875,262.2669263413313,257.1814180743249,257.8594976678226,717121
2023-04-13,254.85659790039062,260.66860683968616,253.93635132710637,258.9249864210538,1119774
2023-04-17,250.44912719726562,251.65996233080762,244.0074901991031,249.4320375096522,1947730
2023-04-18,255.09877014160156,255.58310422975293,247.97905313349526,250.73976334823934,1376861
2023-04-19,250.01324462890625,256.3580089128058,249.14144924384135,256.01896916266816,1542730
2023-04-20,250.7881622314453,252.09587006336318,248.6571101733237,250.1585338861231,903815
2023-04-21,248.9477081298828,252.2896249857604,247.78530933600052,251.27250571764736,911187
2023-04-24,256.6002197265625,257.71418232875646,247.44630749853178,248.9477462785316,1676286
2023-04-25,256.939208984375,261.2982153573427,253.06453665284815,256.8907874047925,1594968
2023-04-26,259.0703125,260.08740224847617,255.72839550688158,256.6970636716804,845386
2023-04-27,262.7027587890625,266.67427371868337,256.45483871258136,259.60300953719286,2306301
2023-04-28,264.3979797363281,269.241320419819,262.84810480532997,264.4464013186008,2199682
2023-05-02,269.580322265625,271.61453120194255,264.49481470553343,265.89939528478726,2686833
2023-05-03,266.9164733886719,270.6943024899144,264.9791372593797,269.72563442526825,1040500
2023-05-04,278.00775146484375,279.1701650376909,266.4321555636096,266.91648962539506,3084961
2023-05-05,272.82537841796875,279.6060554650547,271.7598375411455,278.00775893052275,1642424
2023-05-08,278.7342834472656,279.8482460005421,271.8083115084684,275.34394463904516,2382236
2023-05-09,298.5919494628906,303.7743298427352,283.2870049159566,289.63176930869196,20222326
2023-05-10,297.3811340332031,302.2244749783693,292.24720445588986,299.3184704112696,4394968
2023-05-11,296.50933837890625,301.11051227376566,294.4751292710028,298.7372633876438,1784869
2023-05-12,297.8654479980469,302.2244545541159,294.5235311471653,296.4124458126906,2277457
2023-05-15,298.93096923828125,300.0449315950379,294.4750902498515,299.0278419565651,2054933
2023-05-16,318.06219482421875,324.01949806926484,298.2044976331278,299.8027941776905,16881729
2023-05-17,310.99090576171875,317.72316140258624,306.5350558058078,317.72316140258624,5372474
2023-05-18,309.0051574707031,319.2730463585002,307.9396165326606,312.39549618903374,2825454
2023-05-19,324.1647644042969,326.780180023434,310.0706557803115,310.94245113288935,10244689
2023-05-22,329.44403076171875,330.3158261501273,321.7915585901698,324.1647777274261,3643637
2023-05-23,324.26165771484375,335.0623014919443,323.09924412998936,328.8628313493337,3079002
2023-05-24,320.4353942871094,326.1989812820594,314.81713115566237,323.9710564861349,1588833
2023-05-25,324.89129638671875,328.7659690438327,317.0935294888396,321.113496458314,2917161
2023-05-26,328.86285400390625,333.2218609052835,324.6975925671532,327.16768465337066,4851118
2023-05-29,328.9112548828125,332.64063313149,325.9568288824373,332.1078774794242,3389349
2023-05-30,326.15057373046875,330.31583489727984,325.4724942096364,328.9597054170208,2186123
2023-05-31,332.73748779296875,334.19048992306904,323.53514096900017,326.15055662774233,3074082
2023-06-01,333.0765380859375,339.3728808491446,331.3329177377449,333.221832391269,2102679
2023-06-02,336.90277099609375,344.31310599823183,334.67484607399854,335.11075856638524,4103271
2023-06-05,335.5950622558594,342.9084943070559,333.94831472417377,340.293078712356,1932526
2023-06-06,332.7859191894531,335.1591678965193,321.79155972983284,335.1591678965193,4504948
2023-06-07,329.7830810546875,335.78880580345657,329.05657994755694,333.17341955463,1279098
2023-06-08,323.24456787109375,329.9283720778449,321.6946929457037,329.347165285648,1493151
2023-06-09,318.20745849609375,326.7317256205906,316.8513291210242,325.42404738548277,1069100
2023-06-12,327.1192321777344,330.26740353144424,318.2074737519016,318.2074737519016,3123973
2023-06-13,325.3756103515625,331.7688257528025,324.50381496989445,328.81439985898174,1540537
2023-06-14,327.6520080566406,329.2987557679624,323.05083425540175,326.4411728457883,1179052
2023-06-15,324.4554138183594,329.5409216866007,323.7289126943249,326.8770842318076,1135497
2023-06-16,329.05657958984375,335.06230433208407,325.95682971156083,325.95682971156083,3232641
2023-06-19,324.8428649902344,330.31583404079936,323.6804514036518,329.3471659057824,1315878
2023-06-20,326.73175048828125,328.37849814424527,322.56648932753296,324.5038255997704,1024639
2023-06-21,328.9112548828125,331.5750922659528,327.4098310914229,327.4582526738269,981946
2023-06-22,333.4155578613281,335.15914854364127,324.60067260873785,328.9112277361133,2659471
2023-06-23,332.9312438964844,339.03384121377024,329.1534145881212,338.0651730960166,5871422
2023-06-26,329.492431640625,331.9141017681636,324.5522186681656,331.9141017681636,1283233
2023-06-27,341.7945251464844,345.2332848772058,329.347134872125,329.347134872125,6798031
2023-06-28,340.7290344238281,344.8458742143079,336.70906736422927,343.00541057319833,2091878
2023-06-30,347.65496826171875,351.9655530455288,341.60079275715617,341.9882540771674,4356450
2023-07-03,343.15069580078125,352.64363194756004,342.42419468052555,349.6407842996281,1734803
2023-07-04,342.860107421875,346.10512211220754,339.3244449849828,343.1506960456221,1341376
2023-07-05,342.5694885253906,346.7832009294119,340.14781812783883,342.86010670994057,995480
2023-07-06,342.7147521972656,345.039579220194,338.54949131042554,343.8287441296703,1989456
2023-07-07,343.58660888671875,349.2532939853062,341.9882827702902,344.845865672759,2437598
2023-07-10,335.11077880859375,344.5068427013057,332.8344026046155,344.3131267963038,1895779
2023-07-11,344.0224914550781,344.9427380325591,334.28738826192426,336.12785185547995,1520560
2023-07-12,338.3557434082031,344.6036642543829,337.5808207804707,344.02245750288193,1044238
2023-07-13,350.5610046386719,354.9684625468527,337.24181730770863,338.7432707073157,7094935
2023-07-14,369.84722900390625,371.11348359308505,353.1909485982929,354.35979212853135,7264128
2023-07-17,373.9869079589844,383.43518519290006,367.41206345198134,373.30506034206076,7245327
2023-07-18,382.1202392578125,383.48393459483776,370.2855241949211,375.0096780321506,4160551
2023-07-19,383.28912353515625,387.57494260540665,379.87994454564404,383.2404328684359,3453054
2023-07-20,382.266357421875,385.33461237220223,379.39289485172475,383.2890991634241,2027313
2023-07-21,375.5941467285156,383.2891452237023,371.11350528648177,372.57458207894825,2981417
2023-07-24,373.4024963378906,376.5681624231298,369.99331747686375,375.4967002645281,2470379
2023-07-25,368.239990234375,375.2044790729563,365.3665574514313,373.40247867224423,1695144
2023-07-26,369.45758056640625,373.9869420873245,368.1913259916282,369.50630095816314,1085762
2023-07-27,391.76336669921875,401.1629539264007,371.2595730837797,373.2563956863645,12816622
2023-07-28,405.10784912109375,413.67951669101245,389.6691331427771,394.83162184101565,10057454
2023-07-31,416.1632995605469,418.54973645707526,405.4974289688409,406.1792765751856,4248556
2023-08-01,420.9361877441406,423.61482833802125,409.10147251994977,416.8938815203298,3174123
2023-08-02,414.653564453125,420.59525237244765,407.54297359984304,420.30304893321824,2299029
2023-08-03,422.5433654785156,423.46872593610107,409.39367531143716,411.146985169123,2555345
2023-08-04,427.4136047363281,431.30980908114674,422.2024552056773,423.7122224990225,2614983
2023-08-07,436.9593200683594,437.9820618112336,425.7577326577105,428.5824748422164,2203307
2023-08-08,439.8327331542969,442.949708357917,435.4495034949002,438.27427527816536,2318513
2023-08-09,442.36529541015625,443.728960987419,435.79045057001923,439.2483497657957,1549021
2023-08-10,433.74493408203125,440.95293585537786,433.06311616136327,440.95293585537786,1661347
2023-08-11,434.28070068359375,439.4431597636337,429.26434332738864,434.42680240742857,1486040
2023-08-14,436.52099609375,437.25153442138395,427.26751061038635,433.3066393424328,1172380
2023-08-16,439.8327331542969,442.70619559906163,434.67027455683444,438.322965939665,2240944
2023-08-17,457.90142822265625,459.7521193681972,440.2710973610702,441.0503263510831,5942124
2023-08-18,441.7808837890625,457.9501386996425,436.6184246241032,457.9014480327904,2847473
2023-08-21,450.5960388183594,451.7648822874214,440.27109135040416,443.1932446115794,1350315
2023-08-22,454.20001220703125,456.7812713807941,450.4012188942229,452.1545286948362,1984953
2023-08-23,453.56689453125,459.5573029272064,452.1058178626908,456.24553509027515,966232
2023-08-24,462.5768737792969,466.7165910646808,454.5896723817296,457.3170036441806,2438414
2023-08-25,471.9764404296875,474.9960047324582,464.4762649251643,465.5964177256024,3630212
2023-08-28,472.4634704589844,475.7752679535529,465.93734597558,472.80439428644644,1287199
2023-08-29,480.8890380859375,485.3696493479292,473.6323455289493,474.2167821318075,2848502
2023-08-30,480.6455383300781,485.07745904756956,479.67148720749265,482.3501277946027,905479
2023-08-31,496.4738464355469,498.6167409721217,480.74289774249326,481.1812326179435,4221568
2023-09-01,514.639892578125,517.1237705295148,494.8179757929488,499.5908501274024,3248231
2023-09-04,505.33770751953125,521.6530637263821,503.1947831722396,516.1984012526963,2455401
2023-09-05,511.1820068359375,519.6562633201846,505.43514100049543,507.28580242491455,2255475
2023-09-06,505.2403259277344,517.0263206547147,502.4155539098488,510.8411198465996,2392443
2023-09-07,499.5420837402344,510.74367141009685,496.5225491054246,507.38324267022705,3104273
2023-09-08,505.0455017089844,508.3085491545247,500.6622717037955,501.538941485378,1310209
2023-09-11,495.20758056640625,507.237117773182,492.5776603931973,507.18842710773924,1986284
2023-09-12,484.2494812011719,506.1656598975683,481.6195611600935,499.15248033666705,3948677
2023-09-13,481.2786560058594,489.26585721618653,476.310989434717,485.0774493629633,1815178
2023-09-14,492.6263427734375,500.66226433128395,483.42154800781384,484.54173055096715,3601415
2023-09-15,490.9217834472656,499.49342174416716,489.11978286050726,495.54852644602454,1947037
2023-09-18,476.3596496582031,488.63269871858427,474.36285691464496,487.9995714871399,1682037
2023-09-20,472.4147644042969,481.81435119421553,468.8107635897037,475.3369175861791,1886250
2023-09-21,478.5513000488281,482.78842833659627,466.2782798024389,468.51858547263856,2815870
2023-09-22,475.3856506347656,479.0870628305788,467.98288569450335,478.84355004371014,1428385
2023-09-25,475.7265625,483.51897148354027,472.4147946271316,477.0902281269833,1287496
2023-09-26,471.1971740722656,479.6714297132937,470.4179451578694,476.7492766957913,931591
2023-09-27,478.7461242675781,480.207200943878,465.59643418087967,468.9082020353564,1605406
2023-09-28,462.1385498046875,483.1780294891057,460.1417272422807,481.08382559860894,1680115
2023-09-29,470.8076171875,476.7006146031472,463.64833547401497,465.0120011038023,1618689
2023-10-03,483.9573059082031,489.4606888023369,467.5445385574562,469.4926408014456,2451623
2023-10-04,478.6487121582031,484.83394268607475,467.5445353878772,483.08066256864265,1785367
2023-10-05,500.02911376953125,501.49019043520786,481.52217239664105,482.1552996732981,7291721
2023-10-06,499.39599609375,506.9935825588265,496.132919060099,502.56166207514514,3080842
2023-10-09,502.36688232421875,511.0846520366957,492.96729463982786,493.8439347326784,3470714
2023-10-10,525.1109619140625,529.5916329664346,502.26950954093377,503.4383233837248,6462169
2023-10-11,526.1337280273438,534.2670309717104,522.334904938158,528.9097498954216,3418506
2023-10-12,529.6403198242188,534.6079569744379,526.9616791262572,528.9097814520475,3194908
2023-10-13,529.396728515625,534.266983607765,522.1400365380651,523.2115283291496,1601894
2023-10-16,529.981201171875,533.6826430627199,526.1824373989981,527.4486919899571,1073524
2023-10-17,540.111328125,542.3029430723061,527.0590197693882,530.3708172480839,2739949
2023-10-18,532.465087890625,545.4686470349297,529.6890064268607,543.4718540565926,3051782
2023-10-19,535.4845581054688,540.939220137369,525.2570222071379,527.9356625614627,1808144
2023-10-20,533.8286743164062,537.1404717181572,526.5232913284487,533.7312929904438,1178794
2023-10-23,512.7891845703125,534.0234854626887,509.28256513722573,532.7085403323797,1728468
2023-10-25,511.6690673828125,521.0686849478346,506.70143019954224,512.7892500081407,1054661
2023-10-26,515.1757202148438,518.6822808683355,496.3277932110602,506.06830552783646,2237755
2023-10-27,528.3253173828125,529.3480591029435,515.2730094314167,521.0686251139698,1436568
2023-10-30,527.984375,530.7604562434333,522.6270940703874,529.8837864925891,823028
2023-10-31,533.4390869140625,537.6761852455081,525.9875725227797,532.026700986461,1369699
2023-11-01,559.3001708984375,568.1640124034624,530.0786369899649,546.8810189873367,13001342
2023-11-02,562.7092895507812,570.209494340457,561.2969036729597,564.2190567506498,3252737
2023-11-03,572.49853515625,577.6123034413547,563.9755880144088,564.9496391163335,3063927
2023-11-06,581.9468383789062,584.4306567799489,572.7907343088094,578.4889688832303,2437161
2023-11-07,568.69970703125,583.6027363195295,566.1185073048732,572.7420428489081,2095314
2023-11-08,570.3670654296875,579.6843850674122,568.4055244533243,575.2218913184822,1268454
2023-11-09,571.7891235351562,576.692975366504,570.8083531688867,572.230482172272,1247108
2023-11-10,572.1814575195312,582.4795463994368,568.8468143185918,573.3583340737708,2069707
2023-11-13,572.0343627929688,581.5968746442014,570.4651540235113,580.6161041979211,806673
2023-11-15,600.6728515625,604.644959763836,578.7035703612838,580.5670580910343,4323893
2023-11-16,607.096923828125,611.559417515632,593.6113298012482,604.1546124040791,2912928
2023-11-17,610.6276245117188,612.9814974063489,604.1545638436975,605.1353342395477,1310073
2023-11-20,609.4508056640625,625.7315718329935,607.096932546431,609.0584735239639,2497155
2023-11-21,604.0565795898438,617.5912006227504,602.1930916807668,613.9133112191627,1246438
2023-11-22,612.7853393554688,614.7959067209168,599.7411048926498,605.184368688391,1718394
2023-11-23,610.2353515625,619.2584511661511,606.2632434362087,615.0410905797073,851855
2023-11-24,602.0458984375,612.4421008075095,600.2314971048942,612.3439878486133,872220
2023-11-28,599.937255859375,606.4593429960286,588.5602834881993,606.1160973062214,1833462
2023-11-29,616.0709838867188,622.5440449307737,601.7516993585847,603.1738284874767,2880187
2023-11-30,618.2286376953125,621.5142546647794,611.6575234793356,616.8555949633602,1678958
2023-12-01,622.4949951171875,630.0469392940133,617.8363356403665,620.2392351322851,2255086
2023-12-04,622.9364013671875,633.0873520054874,619.25851202556,632.5969667599371,1012029
2023-12-05,625.3392333984375,627.0555817365026,612.0498053817151,622.789254097904,1174337
2023-12-06,640.786376953125,647.1613851506228,627.7421413828488,630.4392602356362,3523055
2023-12-07,642.7478637695312,648.7796257311227,638.9719216384375,643.7777205884433,1636475
2023-12-08,645.1016845703125,654.1738101229927,635.5882003968295,644.366106822798,1855127
2023-12-11,647.3575439453125,653.928718139634,644.6113985710903,648.044095254238,806069
2023-12-12,651.1824951171875,656.9199778017086,647.9459648884456,648.4363500704208,1566679
2023-12-13,658.244140625,660.7941199633835,650.741222405499,655.1546896260337,2119842
2023-12-14,686.931640625,693.4047015891623,665.1094983189761,666.9238996897176,4534231
2023-12-15,705.7623291015625,716.9921617275235,685.5584835731794,690.6585014318551,5448159
2023-12-18,702.6730346679688,713.4615101368115,692.2278049285424,705.0759343583253,2558759
2023-12-19,702.918212890625,709.440300646274,697.7201413344332,704.1932025385242,1423500
2023-12-20,692.4239501953125,725.1817077610419,686.931659520791,705.7624046114239,4419054
2023-12-21,709.2442016601562,714.6874658910289,679.6249209787265,682.6162589919556,3011794
2023-12-22,726.947021484375,731.6547073610521,709.1950415953258,714.1479799297773,2855709
2023-12-26,720.5720825195312,731.6547769541821,715.9134227466997,728.1240271762068,1544968
2023-12-27,720.8662719726562,728.957628086635,712.627776348378,723.8085832868304,990093
2023-12-28,707.3806762695312,722.8278106213443,701.4470271098603,721.798013636852,1611193
2023-12-29,707.1845092773438,714.7364535894521,702.2316305592421,707.8220340038667,1649162
2024-01-01,688.8440551757812,708.8027684046887,686.8334878611154,705.1739060120261,2508444
2024-01-02,674.1815795898438,692.7181037568926,668.8853956212738,690.1681247269726,2436418
2024-01-03,672.5633544921875,677.1239611540794,657.5085516173041,673.7402910366899,3079989
2024-01-04,674.2796630859375,688.0104489524148,672.9556469648318,675.7508187144887,2220674
2024-01-05,700.6133422851562,703.4085739656806,676.3392738114582,679.5758641637997,5019317
2024-01-08,696.6412353515625,708.8028128183495,694.3854752995798,706.1547206436404,2134893
2024-01-09,705.9095458984375,716.8451605853251,702.2316566353335,703.3104802079191,2683538
2024-01-10,725.3287353515625,727.3393026937343,705.2229422068947,706.890263854601,3695731
2024-01-11,732.635498046875,745.3855134077978,727.33931387544,730.6739572221176,2891950
2024-01-12,771.5721435546875,774.7106210425085,742.6884411348241,743.2768794743935,5713008
2024-01-15,771.1307983398438,789.324078970669,762.1076978527922,782.6548516059718,2923562
2024-01-16,765.6384887695312,771.8663572884489,745.8269133700098,770.8855868217545,1549767
2024-01-17,783.09619140625,790.5009964603508,750.2894073103826,750.2894073103826,2816486
2024-01-18,762.8922119140625,784.1259144680749,750.3383630918713,781.6739885316518,2189268
2024-01-19,783.7827758789062,792.4625709352756,769.9048492378606,773.8279312721936,2195289
2024-01-23,785.3519287109375,802.1721656775609,778.1923164814348,794.1788626583598,1862109
2024-01-24,806.8798217773438,811.7836737878278,778.5845597599658,786.1855303762161,2691584
2024-01-25,802.515380859375,825.3673192372462,792.8548163512122,819.826002386816,3452703
2024-01-29,816.5894165039062,819.6298406809285,805.3105568292032,809.1846119071571,2154245
2024-01-30,828.9962158203125,842.2366167828375,820.1202552955078,821.7875770186398,2399686
2024-01-31,832.1346435546875,838.166345494167,823.945174938513,827.7702033773818,1361383
2024-02-01,812.9115600585938,833.5077394204408,802.5644438276756,832.1346967132041,1831246
2024-02-02,829.9769897460938,834.390456752129,822.0817996298148,822.1308261798087,1239815
2024-02-05,818.1096801757812,834.6356380180341,815.1182824676164,830.0260050132068,1162903
2024-02-06,836.9895629882812,845.2770257680907,820.2183516347313,824.0433805034744,2122369
2024-02-07,817.1779174804688,842.874114191499,810.3615511595398,840.5202412632079,1508432
2024-02-08,821.7875366210938,830.0749985566148,817.2269303469352,821.9836428106056,736555
2024-02-09,817.3740844726562,832.9682980906838,801.387478884163,828.7509972956755,1606503
2024-02-12,808.59619140625,827.7702413029994,800.7990545306859,800.7990545306859,1401828
2024-02-13,826.9366455078125,829.339485269498,786.2836975646984,807.1740965979136,1789205
2024-02-14,817.7173461914062,822.8663909500328,798.4451832930991,817.9625387989599,1091416
2024-02-15,828.015380859375,839.5394326510217,816.9326877043839,823.8471068070774,1128765
2024-02-16,826.3971557617188,836.0577805939947,818.2077464633146,829.7808257805212,997886
2024-02-19,815.2164306640625,828.7510512446377,812.9115841312876,828.7510512446377,684258
2024-02-20,790.9422607421875,815.5105460377781,785.9893824469042,814.0393905127551,1653400
2024-02-21,781.0856323242188,802.6134964188786,776.0346404198642,792.7077385394696,1464276
2024-02-22,801.8779296875,807.0269747664731,783.9298416702323,784.5673664341258,2185607
2024-02-23,794.5711669921875,819.9240579988787,791.7269088751134,811.6855626581278,2379477
2024-02-26,764.0692138671875,796.8269711318978,761.0778759404902,794.2769320224268,2502443
2024-02-27,782.8510131835938,784.6163880844879,761.0288698899939,765.9817488674813,1909443
2024-02-28,752.6922607421875,792.0211301139994,747.6412692020995,786.5778663280394,1508353
2024-02-29,761.1759643554688,771.8663867957068,742.884630369257,749.4558047196107,2292534
2024-03-01,759.8518676757812,775.200948385942,757.9393534227922,765.981682678006,1186813
2024-03-04,768.5807495117188,778.7316992283548,767.2076470042576,773.6316811653957,952162
2024-03-05,744.355712890625,765.9326618598631,739.0595287444947,765.9326618598631,1729577
2024-03-06,754.310546875,757.1548051914248,724.4951604112925,742.4432480957364,1687647
2024-03-07,757.7432250976562,763.5788212426173,750.632639341047,758.6259424465161,1366724
2024-03-11,759.7047729492188,767.6490495772339,742.1980442155832,750.289400495436,1317040
2024-03-12,745.7778930664062,775.7894456540706,741.6096185480374,760.0971180555053,1812995
2024-03-13,709.3912353515625,770.34614111722,703.7027788675072,750.6817060981654,3411153
2024-03-14,749.014404296875,751.4173038705785,701.2508714312876,705.272006329869,1904372
2024-03-15,741.168212890625,745.87589889955,720.9152799226612,744.4047432804188,1372116
2024-03-18,713.167236328125,740.0893365238346,711.058555976157,736.5585869490951,1237226
2024-03-19,707.08642578125,718.3162587371255,699.8777274862591,710.911394391524,991546
2024-03-20,704.0950927734375,719.8854722389946,698.7498821312481,708.1162274612453,978451
2024-03-21,724.7402954101562,726.1624244553043,709.0969956364758,711.4998950766951,985126
2024-03-22,716.8451538085938,724.740344046457,699.3873917155812,711.1076106955043,2154342
2024-03-26,730.575927734375,734.3028434495559,715.9624241731002,716.8451415173566,1020997
2024-03-27,745.8268432617188,753.0845081161438,731.6546993778821,734.4498710006212,1555331
2024-03-28,727.731689453125,754.2124921690743,725.5739824447148,750.28941028523,1502553
2024-04-01,747.101806640625,750.0931442059139,731.9488929123771,733.6162144629964,793292
2024-04-02,752.9865112304688,759.6557383026111,741.4624584698591,744.4047698129935,979511
2024-04-03,762.107666015625,768.9240326137697,743.5711404320011,752.9865128051297,1717444
2024-04-04,764.3143310546875,774.710532807688,754.2614348452347,774.710532807688,1174035
2024-04-05,734.7442016601562,764.0201754527469,730.6739803752201,764.0201754527469,2129193
2024-04-08,717.9239501953125,741.4624403656505,711.8431615956799,741.4624403656505,1920143
2024-04-09,714.6873779296875,733.420067982335,712.1373390603006,717.9239081663396,1678670
2024-04-10,724.5932006835938,730.3307437662047,715.9624326459112,716.9432031015906,1077352
2024-04-12,718.2181396484375,736.3623917377226,716.7960106204961,722.8767989686594,1412111
2024-04-15,693.64990234375,715.4720449059959,692.5219923790877,711.0585778709349,1211186
2024-04-16,694.4835815429688,699.1913279300222,681.8807043005609,687.5691613465216,1450885
2024-04-18,684.9700927734375,706.6450953482018,681.6354493643307,697.3277762561714,1730243
2024-04-19,668.5911865234375,680.8017898455369,659.2248412756012,676.8296218787104,2701126
2024-04-22,647.0142822265625,677.1729737686554,645.5431265415824,673.446058005668,2233611
2024-04-23,640.9334716796875,656.086386693224,638.579598718982,654.1738723953353,1632136
2024-04-24,645.7882690429688,656.1353845854369,643.5815356867397,645.7882690429688,1920772
2024-04-25,647.2594604492188,653.1440830582975,640.7373131128991,646.7690752317955,1887949
2024-04-26,661.1864013671875,680.4094776191156,646.3277055870229,647.3084760052127,3825557
2024-04-29,661.725830078125,671.337368450334,651.6239064842576,663.9815901254582,2699673
2024-04-30,637.5988159179688,680.4094680120752,636.5199924177828,678.6931198044772,7209957
2024-05-02,630.83154296875,641.2276854242879,624.5055618190185,641.2276854242879,4330078
2024-05-03,622.004638671875,635.9806177486157,615.1882719919759,635.9806177486157,3388284
2024-05-06,606.9006958007812,628.6247835417079,604.1545507243288,627.6930397135884,2577481
2024-05-07,601.3103637695312,611.0200155698888,586.5007533078548,608.0777040984448,2639870
2024-05-08,604.2526245117188,610.3824395626065,590.4237857015061,601.3103132872926,1995219
2024-05-09,592.6795654296875,607.979620223739,590.5709448987593,604.3017310705742,2581050
2024-05-10,571.88720703125,595.327643975879,566.00258452078,593.7584352510107,4241605
2024-05-13,574.6334228515625,578.5565045986659,553.7429646590554,572.7699350770976,2056129
2024-05-14,598.171875,600.9180200746888,572.9660644178939,578.6545206143505,2777125
2024-05-15,600.6728515625,603.1247775956056,587.530504080464,598.1718989810274,3596174
2024-05-16,603.6641845703125,611.8045669634661,594.3958922662719,607.0968809894775,2290759
2024-05-17,598.95654296875,607.0969259649667,597.2892211836263,606.1161554868326,1093483
2024-05-21,583.5584106445312,603.1247928560845,582.4305006961738,602.3401884779335,2825047
2024-05-22,589.7372436523438,594.837261826615,584.0487871685889,586.8930453412044,3375934
2024-05-23,604.4487915039062,610.1863343173284,589.7372353589394,591.8949422324963,3330014
2024-05-24,606.3123168945312,615.9238555340729,603.2228659675634,606.1161508281164,1894903
2024-05-27,622.9364013671875,627.6440877521748,610.2354115351377,611.4613746490136,2998587
2024-05-28,608.51904296875,629.3604152125644,605.1843994651484,627.6930934607636,2636250
2024-05-29,608.51904296875,610.2353912711818,601.2122910803877,608.7642355833831,965735
2024-05-30,598.8583984375,608.0776643905931,596.2103661753026,608.0776643905931,1925845
2024-05-31,593.0228881835938,606.6065352382749,590.7180416639418,599.2507567188131,2965080
2024-06-03,601.6046142578125,606.7045726771223,594.0526698671737,603.6151816955954,1290779
2024-06-04,587.0891723632812,601.2122909066586,554.429528075884,598.2699795319115,2586686
2024-06-05,619.1603393554688,623.3776400882418,579.7824438517773,587.5304940674592,2461133
2024-06-06,634.313232421875,639.9036354646058,625.8295448353082,631.6161139229803,2833576
2024-06-07,665.1094970703125,673.2498797407119,637.5498118209293,640.1488774285492,7518741
2024-06-10,666.9238891601562,675.407577283034,650.5940376353943,674.7700525620405,3199599
2024-06-11,659.9603881835938,669.8661447098241,658.2930666271023,668.0026571123093,1862250
2024-06-12,659.3229370117188,674.3777395202773,657.1652300428806,662.1181088581033,1765178
2024-06-13,670.1113891601562,686.2941010827946,663.0498301670735,666.9238852966063,6601573
2024-06-14,664.913330078125,671.8277496902327,656.7238610080806,671.7787231406529,2187215
2024-06-18,670.6508178710938,674.1325409762245,653.3892819952055,666.9239021548766,3428629
2024-06-19,677.5652465820312,681.8806605393852,665.1095096616485,676.7316156377933,4390773
2024-06-20,674.7210083007812,685.5585092428403,670.8959797981842,681.0469893497805,3307590
2024-06-21,668.2478637695312,687.961384008795,664.9623069937235,682.616173551079,5821354
2024-06-24,672.0729370117188,683.596989561719,662.5104253212929,668.2479083909578,2583488
2024-06-25,682.3710327148438,685.4113971301754,667.953695293884,673.789291376353,2511410
2024-06-26,672.4652709960938,695.1700705918488,669.6210127972198,686.5393027580429,3728794
2024-06-27,673.6912841796875,681.6355013297293,661.2845133403885,673.7403107326668,3494940
2024-06-28,677.0258178710938,685.5585326097769,671.8767730982736,673.7892874147592,2697396
2024-07-01,703.80078125,709.9796823620395,677.8103668998654,678.6930841620058,6757562
2024-07-02,695.2191162109375,711.4018287912666,692.6201104103777,708.8518495413817,4129173
2024-07-03,697.6219482421875,702.6729395635579,693.6008136926398,698.3084994695785,1198405
2024-07-04,703.6047973632812,711.5980412113241,698.259586038975,698.259586038975,2151459
2024-07-05,700.9566650390625,708.0672509278747,696.7883905525174,706.0566834419545,1218415
2024-07-08,694.1402587890625,710.0777779770841,688.5008289225318,708.6066223597282,2427072
2024-07-09,689.9719848632812,699.7796889835837,687.0296736271905,696.5921851444854,1440384
2024-07-10,678.7421264648438,693.0123234575956,669.9151930844027,690.462344425613,2617578
2024-07-11,682.6162109375,690.4623742816092,676.9767810339215,681.6354405194863,1060920
2024-07-12,722.4190673828125,724.8358566129397,692.6779474921633,697.4128458610354,10233997
2024-07-15,723.9973754882812,738.4980500308607,720.3475368308639,736.8704005650877,5221826
2024-07-16,717.19091796875,729.6694033193777,715.7112585299008,727.0060042879496,2387542
2024-07-18,739.2871704101562,743.4302287724884,713.6890507435099,717.1415893442041,8205992
2024-07-19,714.0836791992188,750.138035985593,710.6311404605715,748.707686466654,4779608
2024-07-22,694.3055419921875,713.9850255733621,690.9023732753865,701.4572296444502,2895803
2024-07-23,713.8370971679688,719.1145253630101,672.2586406514285,699.8296416969013,3066461
2024-07-24,708.263671875,718.8678981600366,699.6323248988074,712.8506403510617,2251051
2024-07-25,696.8703002929688,709.2007958738923,694.5028210584323,700.3721489964514,1744820
2024-07-26,717.9800415039062,720.4461405132726,697.9060196506628,697.9060196506628,2876480
2024-07-29,709.4474487304688,723.8001344139747,705.3043899229873,723.8001344139747,1460903
2024-07-30,699.92822265625,713.0478576043639,697.3141937790581,709.4473891038929,1466105
2024-07-31,666.4879760742188,705.8468821305081,664.6137166492771,699.977554149768,8877305
2024-08-01,634.2807006835938,666.3399895983944,630.8281618773844,666.3399895983944,8274918
2024-08-02,597.1411743164062,628.7072408048525,592.7515663613517,621.851533905388,8573646
2024-08-05,570.9512939453125,586.7343293561435,543.3802919205166,582.0487407185531,8738210
2024-08-06,568.3865356445312,598.0783448840785,566.3643464132329,584.9587096435228,6149954
2024-08-07,568.041259765625,585.0573440695041,566.413670434971,580.0265258365744,3393226
2024-08-08,563.700927734375,572.5788842331691,558.2755098740008,569.9647951810814,3625933
2024-08-09,569.8661499023438,578.694796068569,564.3420522025999,571.9376489100645,2857882
2024-08-12,579.3359985351562,584.9587166217555,562.2706045099504,569.6689019377129,2259250
2024-08-13,557.9796142578125,581.9007758625844,553.639255698071,580.9636461499699,2978182
2024-08-14,558.3248291015625,561.7773677974202,545.5011139455195,560.2977083563383,3477564
2024-08-16,592.5050048828125,598.5222627158687,564.4407845606922,568.2385531624165,9597224
2024-08-19,615.193115234375,629.1512002351736,597.7824312318345,599.2127807738065,11423410
2024-08-20,605.279296875,618.2016913837036,601.4815286084402,616.4261121968378,4544686
2024-08-21,600.8403930664062,605.4766716661106,596.7960144071433,604.9341418763316,2237857
2024-08-22,593.491455078125,608.0907502396964,592.1104154488886,603.7010816405161,2770531
2024-08-23,593.0968627929688,599.2621108469498,583.1831559636674,593.4914627514238,3030039
2024-08-26,620.4705200195312,627.2276073230729,600.7910375894952,602.1720771383559,7945766
2024-08-27,637.5852661132812,638.7196958336693,612.5790441895115,619.4841219823079,5608221
2024-08-28,652.3818359375,659.6322034616369,626.9810150476114,638.621051038879,8388597
2024-08-29,669.7925415039062,677.1415291480632,648.0908685833084,650.5569677788309,12523455
2024-08-30,661.4570922851562,679.8049058169711,659.9774328168243,672.2093085047009,4864275
2024-09-02,656.5741577148438,663.3806148723681,652.0365597481566,661.9009555083405,2807690
2024-09-03,660.2239990234375,669.7431650558996,653.5162219191996,655.9823208698381,2230806
2024-09-04,651.3460693359375,657.609997050238,629.1511778760066,644.1943820877376,4453478
2024-09-05,650.6555786132812,657.4127264395235,646.61120007188,655.982376884516,1887159
2024-09-06,644.7369384765625,667.0305109441556,642.9120491863441,650.852876417495,3206649
2024-09-09,616.6234130859375,642.41883451651,611.9871948070578,638.2264659227362,3875271
2024-09-10,632.3571166992188,639.4101841805425,619.6813914579556,619.7307013982626,3948557
2024-09-11,620.3719482421875,635.85900328703,617.5605589870562,634.6753238190809,3071336
2024-09-12,631.6172485351562,634.6752473455616,623.6764219890522,626.5371208427389,2104860
2024-09-13,652.03662109375,656.3769797195826,631.2720781064701,634.2807070548884,3142393
2024-09-16,625.6000366210938,656.5742054347836,623.6271573256678,652.6284468439316,4135800
2024-09-17,639.65673828125,641.6789273173852,615.5382792406584,625.5999746928215,4345241
2024-09-18,622.24609375,638.8182671512675,618.9908550795271,638.8182671512675,3267684
2024-09-19,616.8206787109375,644.9835176545367,596.7959665843982,632.3077926952054,5440552
2024-09-20,622.7886352539062,629.3484828652022,612.0857893696833,623.42984509531,4071481
2024-09-23,621.8515625,629.3484795527394,613.6640654620784,629.3484795527394,3463746
2024-09-24,623.3312377929688,628.5593558870331,616.5247801372543,621.2596784072088,1909097
2024-09-25,611.296630859375,624.1203456320592,609.0771417641027,619.0401576198825,2686231
2024-09-26,607.5975341796875,618.1030806686654,602.7639556548056,613.5654822143886,2049371
2024-09-27,595.8588256835938,626.9316729451456,594.0339365147228,619.4347561015469,6483640
2024-09-30,593.738037109375,599.0154650444708,591.8637777302305,595.8095362484321,4211108
2024-10-01,587.12890625,600.495151796748,583.1338376101418,596.7960030177127,3507352
2024-10-03,581.9993286132812,589.4469350989528,574.6503419986152,577.0671309131686,2252315
2024-10-04,573.2694091796875,587.9180134519945,572.1349795338202,581.9993757326791,2521388
2024-10-07,559.261962890625,582.2459943358257,555.414824232599,580.0758150981571,2599783
2024-10-08,562.4678955078125,567.2027937445282,554.2310883785021,559.2619666736043,2043061
2024-10-09,583.232421875,587.4247902352008,565.2792088556995,568.6824375660676,2121113
2024-10-10,576.7219848632812,591.8638099173329,575.2916352811476,589.8909305509418,1766931
2024-10-11,590.9266357421875,592.5049752411176,574.2064723277921,574.2064723277921,2174691
2024-10-14,587.37548828125,596.746664743216,572.6775137473784,595.8095350555201,3697300
2024-10-15,585.156005859375,597.7824211962787,581.4568572133584,591.8637833626522,1878428
2024-10-16,591.3705444335938,592.7515839664786,575.2915908799844,581.5061483629751,2527555
2024-10-17,585.4519653320312,600.3471808050772,582.4926462149359,592.8009531809851,2951371
2024-10-18,586.7835693359375,589.4962782237278,568.1892070426272,585.0573000437073,2764403
2024-10-21,589.2496948242188,596.105462363174,579.0400686340283,587.4248055733626,2197519
2024-10-22,568.8304443359375,591.3212561594635,564.243475912045,590.8773462785226,2254289
2024-10-23,592.8502197265625,594.4778692048174,562.2705910884204,570.6060180328973,3726692
2024-10-24,561.33349609375,580.9143601533788,548.5097800657063,572.1350227896409,6743105
2024-10-25,563.4049682617188,571.1484945801981,553.6885026525694,561.2840991643052,3811297
2024-10-28,567.0547485351562,570.5072869437212,558.3247826422103,563.4542803192908,1080447
2024-10-29,575.3409423828125,577.0672118198805,555.2175488619911,567.2028150366348,1710047
2024-10-30,567.3507690429688,581.4075335664488,566.2163394019351,573.1214167117148,1074457
2024-10-31,545.0093994140625,567.6479838317165,542.3839585602093,566.7067629530233,5427675
2024-11-01,551.8455810546875,552.638165845437,547.9816470530612,548.8733427366192,354672
2024-11-04,544.712158203125,551.7960165448163,531.3370867243834,551.7960165448163,2376849
2024-11-05,552.2914428710938,553.5794007474439,542.9784050506945,542.9784050506945,1110307
2024-11-06,577.3077392578125,579.0910700655717,553.827045623019,553.8765708317794,2941305
2024-11-07,567.697509765625,579.5864628497219,566.1123402092157,578.5957167593805,1324155
2024-11-08,562.0502319335938,578.4966529343938,560.4650624139138,567.697496611758,1455717
2024-11-11,564.3785400390625,569.4313209607993,554.9664520892973,560.3659699578882,876886
2024-11-12,559.32568359375,571.5614338813477,557.1956158183358,567.5984495881031,1307650
2024-11-13,544.811279296875,560.2173683429068,541.9380915520644,559.573359219654,1004196
2024-11-14,554.0747680664062,555.7590485658625,543.4242472676331,545.0590025551174,923393
2024-11-18,541.3931884765625,557.7900234300383,535.1019148075368,556.84880259306,1319187
2024-11-19,547.0404663085938,557.6414008729871,542.9288459331895,542.9288459331895,907440
2024-11-21,540.3529663085938,551.7960720757114,537.7274648622613,544.910374342227,728899
2024-11-22,556.5020751953125,558.7807790441549,541.0464003438017,541.0464003438017,3836258
2024-11-25,563.8335571289062,568.2423891788007,560.0192089957094,562.2979128338662,1761123
2024-11-26,586.9180297851562,592.317547800683,564.725292353647,565.8646745877616,4289369
2024-11-27,595.0916748046875,598.4106500830704,588.5031889889798,592.4166482152143,2326262
2024-11-28,585.7290649414062,597.0235333994934,583.945734181744,594.9429909249438,1660565
2024-11-29,585.1842041015625,589.8406623630486,582.2614910327295,585.7291023587212,867033
2024-12-02,591.9707641601562,596.6768078919735,579.6854889668556,585.3327535391041,1123032
2024-12-03,595.8842163085938,602.373590759717,589.4938922730782,594.3485720446394,1619978
2024-12-04,598.1629638671875,602.9185331007585,593.555970267899,598.9555486610587,791921
2024-12-05,600.93701171875,606.5347511563173,595.8347057824463,601.3333343316248,1633012
2024-12-06,602.47265625,605.3458440185846,598.6583080985756,601.3333345606474,700289
2024-12-09,603.0176391601562,608.9621157720549,600.3921378017637,603.265325685652,747611
2024-12-10,602.47265625,609.4078786855648,598.9059946141315,598.9059946141315,1389562
2024-12-11,607.674072265625,611.6866421885474,594.9925347801575,604.3055719407652,1489403
2024-12-12,603.9588012695312,618.5723063146438,602.7203686385895,611.3893970551817,2245026
2024-12-13,597.7666015625,603.1661795973005,587.6114546097463,601.4818992281416,1273049
2024-12-16,599.0050659179688,604.1074325044625,596.2309889410861,597.7666332970084,807488
2024-12-17,602.3735961914062,606.0393686570337,596.7758568412943,599.005035445621,1481792
2024-12-18,595.78515625,604.2560839689978,591.624070914061,598.9555559343275,726517
2024-12-19,584.1934204101562,590.4846335085633,579.3387406780745,584.9860051395899,1297096
2024-12-20,571.6604614257812,596.9740104919018,566.7067312574469,590.880958667054,4187693
2024-12-23,568.3910522460938,578.5957250283818,562.8924234601837,571.6605022968772,1527988
2024-12-24,574.3355102539062,580.82488493394,564.9729477758282,565.7160073301147,1257397
2024-12-26,564.9729614257812,578.992042876829,562.8924188116489,578.992042876829,700317
2024-12-27,570.71923828125,575.0290197923963,562.8427952515278,562.8427952515278,1172835
2024-12-30,569.1340942382812,575.6234689281708,564.2794142880998,573.5924515707713,1164743
2024-12-31,555.16455078125,569.1341070189627,554.2729155769339,567.697513085498,1575196
2025-01-01,557.8395385742188,563.3381669316367,551.3006389822091,554.7682500777405,806958
2025-01-02,559.1275024414062,565.7159877832346,549.8640511728463,557.83954468588,1645882
2025-01-03,547.0404663085938,563.5363520789211,546.4459823848564,560.7622751791702,1563561
2025-01-06,540.2042846679688,553.2326194354423,538.7181655904777,547.9816169853688,2271252
2025-01-07,542.4334716796875,547.7835246295962,537.0338935204973,539.6098695768885,2135885
2025-01-08,539.015380859375,540.8978225580553,525.2935721417025,539.5602790973065,1469371
2025-01-09,538.4209594726562,543.9195880225318,534.4579752247689,539.1144938101047,1516991
2025-01-10,546.247802734375,551.5483303089253,536.0431306581302,536.984351486353,2483031
2025-01-13,520.7857055664062,559.1771164927031,514.5439568330829,543.5232799193843,3717669
2025-01-14,527.9686279296875,533.913104609082,516.1787249940843,524.7982282732751,1284222
2025-01-15,522.1727294921875,532.5260385212272,520.7361355267591,531.0399193439586,1072679
2025-01-16,527.621826171875,533.5663028024179,525.1449609091487,525.1449609091487,748355
2025-01-17,527.572265625,534.0616400846294,522.370848921655,525.7889348493496,1297405
2025-01-20,528.1666870117188,533.0213667708153,523.6588046470371,531.931570320572,862239
2025-01-21,520.5875244140625,539.9565976104235,518.1601844958743,530.0491371038102,884745
2025-01-22,525.1944580078125,527.0273744863239,512.017547609509,524.1046615386847,1552305
2025-01-23,549.7650146484375,559.0284661510632,526.0366343411341,526.1356847593162,3792070
2025-01-24,540.650146484375,552.8363111412701,537.0834243238393,550.3594459479849,1201794
2025-01-27,512.7111206054688,534.903858033341,508.15371261044686,532.971890992063,1335664
2025-01-28,514.2467651367188,524.9963968971147,508.549974906342,517.6153261567315,1562273
2025-01-29,526.9282836914062,532.0306502422012,516.9712975826179,518.2097301949135,1300810
2025-01-30,525.2440795898438,532.7737259120389,516.4264149356584,530.4950219306123,1030649
2025-01-31,529.65283203125,531.9811216095935,524.5505259836201,524.9467881348002,490618
2025-02-01,530.0986938476562,536.7367048760481,523.9560558740646,534.9038487614247,432054
2025-02-03,526.2348022460938,530.6931595863193,518.6060453698617,525.0954200710106,757861
2025-02-04,521.3306274414062,533.9131154285029,519.3491351747876,529.0584351871495,1194818
2025-02-05,529.751953125,535.0028953744211,523.2625782473974,524.5505360866376,1263305
2025-02-06,524.9963989257812,536.3899794305612,522.9653209812619,533.9626393159086,526116
2025-02-07,529.4051513671875,530.0986857273526,516.9712999762381,527.4732448593353,880023
2025-02-10,521.5287475585938,528.8602320836491,515.1879486182332,528.8602320836491,760403
2025-02-11,499.68280029296875,527.076923840264,498.24620635760624,521.5287698827142,1219686
2025-02-12,497.9985046386719,500.32676394366166,465.6506515911306,470.6043819272065,7561308
2025-02-13,501.1689147949219,511.9185158996107,494.481378699146,498.34528239633784,1181553
2025-02-14,483.4841003417969,504.2897685942103,478.9266622013767,503.6953148828212,1668773
2025-02-17,473.0812683105469,482.64196224088795,469.1678090754799,480.8586313339955,1330896
2025-02-18,468.47430419921875,477.9854729030385,458.616368309836,473.08126756406483,1213314
2025-02-19,466.5918884277344,470.25763086086346,460.4492505065743,465.6011423265906,1599419
2025-02-20,469.46502685546875,471.892336562801,450.7894575663982,450.7894575663982,1323905
2025-02-21,470.901611328125,480.1650934513165,468.028453672394,469.71273414394574,864428
2025-02-24,467.13677978515625,469.36595847978316,455.99088631202153,465.1057624018979,1080053
2025-02-25,454.4552307128906,467.5826160337962,452.77095031349876,465.2048012969676,622391
2025-02-27,445.53851318359375,458.6658984169409,441.22876179580044,456.23855848727277,1036841
2025-02-28,420.1258544921875,441.773661942145,418.73881605573905,440.5847848116907,1319352
2025-03-03,417.0050048828125,427.40783837001464,406.30495967575825,421.1165949283394,1270698
2025-03-04,414.4290771484375,416.8564171618083,403.77855668619287,410.3670423695788,924591
2025-03-05,429.0425720214844,433.3523234579716,414.1813810233703,414.1813810233703,1435273
2025-03-06,434.987060546875,439.7426599399457,432.01482226439504,432.01482226439504,1251145
2025-03-07,430.4296569824219,435.58151858218537,427.5069438815155,433.7486322427274,788701
2025-03-10,405.9582214355469,434.2935664284181,404.8188694480459,431.1727222069425,2792804
2025-03-11,396.9424133300781,402.1933857272614,385.54883334046923,400.2614187653897,5264245
2025-03-12,388.07525634765625,399.86512879594414,384.0131913232421,396.9424157303462,1822772
2025-03-13,382.1802978515625,393.1775853144161,380.9913904692975,389.6108934027919,2500031
2025-03-17,385.3011474609375,390.502564421382,382.57659571975233,382.92336289748283,1182944
2025-03-18,385.3011474609375,385.3011474609375,385.3011474609375,385.3011474609375,0
2025-03-19,391.44378662109375,397.28918251125754,386.73774268860376,394.91139793977055,1726845
2025-03-20,405.21514892578125,408.2369123921618,393.77204373355926,396.248908947042,3324944
2025-03-21,400.6081848144531,407.93969978356563,394.16833527324326,401.25216372153994,3138163
2025-03-24,407.04803466796875,411.55591725620593,400.3109431555083,405.2151483654916,2374939
2025-03-25,398.92388916015625,415.1225930505717,396.694710557856,412.15035491417143,2788324
2025-03-26,390.2548828125,401.2026453605535,389.2146115013832,399.96421273533286,1957548
2025-03-27,392.2363586425781,393.8215583837354,384.4589960337521,386.39096294253284,2923856
2025-03-28,384.1122741699219,398.52761779729684,381.88309545011106,391.34470858901744,2464995
2025-04-01,384.7066955566406,390.0567486433453,379.1585416277445,383.4187377306836,1515137
2025-04-02,388.32293701171875,390.403479585483,377.17704364439237,384.4094779131225,3032028
2025-04-03,384.2608642578125,387.3817082903555,377.62285358178696,380.3969606825131,1768620
2025-04-04,363.1084289550781,382.87382483537755,360.5324831664801,382.27937115567494,2636412
2025-04-07,343.8879699707031,345.77038147323674,327.9369520562789,331.89993637115845,3134628
2025-04-08,353.1018981933594,356.56950948640474,343.1449121459689,351.0708808157869,1259915
2025-04-09,353.3991394042969,357.1639624203459,343.6898096634179,347.8013998550646,1183417
2025-04-11,356.4208984375,362.51398071677755,351.7148546082349,362.51398071677755,1279900
2025-04-15,368.6070556640625,370.7371838588642,359.04636233234106,360.18571424236086,1577691
2025-04-16,368.6566162109375,369.84549334582744,365.28808564266046,368.55753555757076,896110
2025-04-17,368.1116943359375,368.9538345519005,360.6315735177557,365.6348291332057,1934269
2025-04-21,384.6076354980469,386.1432798086056,367.96308342292383,368.11168928601495,2983492
2025-04-22,379.3566589355469,386.3909619827802,378.51451874060166,386.3909619827802,1541317
2025-04-23,395.95166015625,397.2891733955134,384.7066862338067,386.3909666440155,5205915
2025-04-24,391.7905578613281,398.973467095903,390.65117565667214,396.29844052826854,2090872
2025-04-25,382.4775085449219,400.21188740068675,379.05945274170483,391.3446979728043,2993690
2025-04-28,386.3909606933594,387.9761604252892,379.5548189742801,385.3011339879595,1180593
2025-04-29,394.0692443847656,395.2085963038975,387.28262784361306,388.3724545539362,1216492
2025-04-30,386.5891418457031,396.4966028849557,383.9141152710363,396.10028025524826,1112991
2025-05-02,391.64190673828125,402.0447404031931,385.54882449586694,386.3909646967272,2287971
2025-05-05,393.6729736328125,400.5586409698046,391.6914814089002,395.80307172648384,1123012
2025-05-06,380.74371337890625,399.1715968493008,378.9603824965206,394.51510832966204,768702
2025-05-07,386.09375,387.48078843094464,376.0376533465182,377.4742472213499,893607
2025-05-08,382.3784484863281,392.6822013160386,379.5548162086478,387.7779962950586,1088167
2025-05-09,380.892333984375,382.42797827977233,372.8177294258239,373.01589073143595,803062
2025-05-12,416.5592041015625,420.42310779130844,386.39097367801804,391.3447041097875,5750334
2025-05-13,417.0050048828125,420.7698580002352,409.47532888313697,420.0763236736871,3766618
2025-05-14,419.3332824707031,425.4759203209875,413.73557311086324,417.5994768137067,3439361
2025-05-15,424.23748779296875,426.0208186607359,419.13512124180204,422.05783430110114,1511927
2025-05-16,425.7236022949219,430.72685790044466,424.2374831762314,426.02081402459163,1367781
2025-05-19,420.968017578125,429.9838132579882,419.8781908062432,425.9217481456134,1144342
2025-05-20,418.73883056640625,429.4389065223089,417.74808447244334,423.04858212217937,1424650
2025-05-21,420.0763244628906,424.28699516800214,416.36102678190986,418.09483236636754,726194
2025-05-22,417.5003967285156,421.66154240506467,413.14111997485594,418.0948504301899,754016
2025-05-23,420.8689270019531,428.2499974676444,416.8068922204722,417.69855765457356,981938
2025-05-26,414.6767578125,423.39534141812953,411.60546916654187,421.3147686125151,1343961
2025-05-27,411.6549987792969,415.9647503009158,411.15962573624114,414.18138920481255,1007492
2025-05-28,419.3828125,420.91848709780226,411.4073184802433,412.2494587132095,1731127
2025-05-29,416.8564147949219,435.82919625429946,408.18738656092177,419.7295723911563,8407463
2025-05-30,396.7937927246094,408.18737229098394,392.38496071137905,408.18737229098394,6993485
2025-06-02,395.2086181640625,397.8836447614402,388.52108190578997,388.52108190578997,1754387
2025-06-03,393.72247314453125,398.82480924102157,389.6604083036235,396.2984189145095,1342091
2025-06-04,399.22113037109375,401.74752068825904,393.2270986660857,394.713217731517,1429929
2025-06-05,406.6517333984375,407.8406105321928,397.7350188370066,401.69800308653146,1503267
2025-06-06,407.29571533203125,410.16887288734813,404.3234771227026,409.1781268175719,1185830
2025-06-09,413.78509521484375,417.2031812927586,408.58367828290346,411.1596241438509,1247025
2025-06-10,424.584228515625,429.88472619085167,414.4786364497068,415.96475559779816,4037571
2025-06-11,426.8133850097656,431.76711524541827,422.5531891011723,426.4666480814059,1998767
2025-06-12,415.9647521972656,429.48843028730573,412.84390805882117,429.48843028730573,2503620
2025-06-13,411.8531494140625,417.3517779553708,402.29242574279436,406.70125780576785,1484886
2025-06-16,418.3920593261719,421.0670858479804,401.3512448164857,411.85315935761065,1791817
2025-06-17,419.23419189453125,424.78237591266964,415.1226017665506,421.4633705436356,1953615
2025-06-18,420.1754150390625,428.15090882187667,415.76658292609653,419.23419417691497,1710531
2025-06-19,409.8221130371094,418.83790848016855,406.25542107516424,417.946243048475,1209807
2025-06-20,417.5003967285156,419.0855965212567,409.02952974396294,411.0605471365814,1920014
2025-06-23,416.1628723144531,417.8471527182332,408.73227683043,411.4073032987465,1904524
2025-06-24,418.837890625,425.3768205706147,417.10408504583086,421.0670692267889,1272436
2025-06-25,439.54449462890625,441.3773809334644,420.3735518342569,422.94949770267607,6633939
2025-06-26,438.1079406738281,443.3588829476308,432.21298924224345,441.87276378691246,4720364
2025-06-27,428.2004699707031,447.8172303568693,427.16016844049716,441.87275384770726,4392245
2025-06-30,429.4884338378906,433.05512584067213,424.93099573629047,430.3800992797931,1475669
2025-07-01,434.1944580078125,435.73010229688674,427.4573969371272,430.67732161145784,1430726
2025-07-02,438.00885009765625,441.87275378099395,433.5009372711197,434.4421581456633,2543451
2025-07-03,434.2439880371094,440.8819987642574,433.40187807030276,438.9500318441436,794184
2025-07-04,431.22222900390625,437.3648667609825,429.0921309903812,434.44215374661206,585030
2025-07-07,429.14166259765625,434.73937195600695,428.0023106418245,432.7083545667057,1386605
2025-07-08,430.2314758300781,432.8074216287718,427.30876286393465,429.19120456289903,1198271
2025-07-09,425.3768310546875,430.1819555395628,424.33652954044425,429.93426902214827,681807
2025-07-10,423.98980712890625,427.40786304521697,418.5407035591163,426.26851107311336,1062833
2025-07-11,415.0730895996094,424.8814699168306,412.15037651821217,419.08559920000897,924565
2025-07-14,414.726318359375,417.1536281331439,409.97071899729946,415.0235300916174,882363
2025-07-15,426.0703430175781,428.49768302705996,414.676763006454,414.72631845195286,1319656
2025-07-16,429.43890380859375,431.7176077162404,422.4046005388738,426.02081771195265,1407202
2025-07-17,428.25,432.3615902514041,426.91248672335325,430.9745517640254,926774
2025-07-18,419.75,433.3999938964844,418.1000061035156,431.1000061035156,1296338
2025-07-21,416.6499938964844,421.95001220703125,415.20001220703125,419.75,644457
2025-07-22,404.29998779296875,418.29998779296875,403.04998779296875,418.0,1491631
2025-07-23,403.8500061035156,409.8500061035156,400.0,406.0,1793445
2025-07-24,396.20001220703125,406.8999938964844,395.5,406.8999938964844,1112108
2025-07-25,395.79998779296875,400.79998779296875,391.5,396.45001220703125,1045979
2025-07-28,385.25,399.1499938964844,382.0,394.1000061035156,1246711
2025-07-29,409.75,412.79998779296875,383.8999938964844,384.6499938964844,4454416
2025-07-30,414.75,422.3500061035156,406.3999938964844,407.75,2694726
2025-07-31,391.5,412.1000061035156,389.0,412.0,4570137
2025-08-01,400.8500061035156,404.54998779296875,391.5,391.5,1715256
2025-08-04,403.95001220703125,405.0,392.5,400.1000061035156,910853
2025-08-05,393.25,406.45001220703125,391.79998779296875,405.70001220703125,632381
2025-08-06,386.0,395.3999938964844,384.3999938964844,393.95001220703125,598634
2025-08-07,381.95001220703125,387.20001220703125,376.0,383.0,923299
2025-08-08,372.20001220703125,381.5,367.6499938964844,381.5,1648377
2025-08-11,373.29998779296875,376.8500061035156,368.25,372.20001220703125,544202
2025-08-12,371.1499938964844,379.54998779296875,369.29998779296875,375.1499938964844,962898
2025-08-13,370.79998779296875,375.8999938964844,369.8999938964844,374.0,725435
2025-08-14,369.1499938964844,378.25,368.0,371.8999938964844,672397
2025-08-18,370.0,374.70001220703125,368.1499938964844,371.0,626247
2025-08-19,372.1499938964844,373.45001220703125,369.45001220703125,370.0,382127
2025-08-20,383.6499938964844,384.8999938964844,371.1000061035156,372.1000061035156,1188740
2025-08-21,381.20001220703125,388.95001220703125,379.6499938964844,384.20001220703125,719091
2025-08-22,375.3999938964844,384.3999938964844,374.0,381.20001220703125,360078
2025-08-25,379.3999938964844,388.54998779296875,377.29998779296875,377.95001220703125,1073625
2025-08-26,369.6000061035156,380.04998779296875,368.0,378.95001220703125,559176
2025-08-28,369.75,374.0,362.79998779296875,369.0,562914
2025-08-29,368.1000061035156,373.3999938964844,365.1499938964844,370.0,360146
2025-09-01,375.0,376.95001220703125,369.0,369.0,523342
2025-09-02,376.8999938964844,379.29998779296875,373.1499938964844,377.0,372322
2025-09-03,377.04998779296875,379.29998779296875,373.3999938964844,377.0,350445
2025-09-04,373.79998779296875,381.70001220703125,372.0,378.95001220703125,518078
2025-09-05,375.6000061035156,381.0,373.1499938964844,373.79998779296875,507470
2025-09-08,372.79998779296875,378.25,372.0,376.0,424415
2025-09-09,373.8500061035156,380.5,373.0,374.95001220703125,576512
2025-09-10,382.70001220703125,389.54998779296875,375.1499938964844,376.0,1562475
2025-09-11,375.54998779296875,384.95001220703125,374.95001220703125,384.95001220703125,731477
2025-09-12,373.6000061035156,379.0,371.25,378.04998779296875,929992
2025-09-15,376.54998779296875,378.45001220703125,373.20001220703125,375.6000061035156,511537
2025-09-16,378.3500061035156,382.0,375.45001220703125,378.0,578296
2025-09-17,381.0,387.79998779296875,378.3500061035156,379.8999938964844,836771
2025-09-18,388.25,392.3999938964844,383.70001220703125,385.95001220703125,1559022
2025-09-19,381.45001220703125,388.5,381.0,388.5,649790
2025-09-22,372.25,378.6499938964844,370.54998779296875,370.54998779296875,896898
2025-09-23,372.3500061035156,377.54998779296875,371.1000061035156,373.45001220703125,465967
2025-09-24,369.25,374.04998779296875,368.5,373.25,399988
2025-09-25,365.25,372.0,364.0,372.0,403042
2025-09-26,361.1499938964844,365.0,355.04998779296875,365.0,569241
2025-09-29,347.8999938964844,360.75,345.25,360.0,1025309
2025-09-30,352.95001220703125,355.5,345.54998779296875,346.0,694522
2025-10-01,350.29998779296875,354.6000061035156,345.3500061035156,354.6000061035156,932374
2025-10-03,350.0,351.20001220703125,346.5,350.29998779296875,681938
2025-10-06,357.8999938964844,358.6499938964844,350.54998779296875,352.20001220703125,657452
2025-10-07,355.3999938964844,358.5,353.8500061035156,358.1000061035156,355695
2025-10-08,355.95001220703125,364.0,352.79998779296875,355.3999938964844,1251872
2025-10-09,359.8500061035156,360.75,355.0,356.70001220703125,583699
2025-10-10,359.45001220703125,363.70001220703125,358.5,361.25,391213
2025-10-13,348.54998779296875,357.0,347.1499938964844,356.0,776648
2025-10-14,344.25,351.70001220703125,343.54998779296875,351.20001220703125,603036
2025-10-15,342.04998779296875,346.8999938964844,340.1000061035156,346.8999938964844,705919
2025-10-16,344.6499938964844,346.3500061035156,341.6499938964844,342.70001220703125,687529
2025-10-17,341.0,345.5,338.20001220703125,345.3999938964844,761182
2025-10-20,338.95001220703125,341.0,336.04998779296875,341.0,583422
2025-10-21,351.04998779296875,353.6499938964844,340.0,340.0,747701
2025-10-23,378.1000061035156,388.3999938964844,354.5,354.5,33016975
2025-10-24,381.45001220703125,386.0,366.25,375.8500061035156,6376610
2025-10-27,386.70001220703125,395.5,378.20001220703125,383.5,4678892
2025-10-28,377.1499938964844,387.8500061035156,375.1000061035156,387.8500061035156,1480268
2025-10-29,375.29998779296875,377.79998779296875,372.1000061035156,376.79998779296875,813155
2025-10-30,376.3999938964844,380.20001220703125,372.1000061035156,376.0,864135
2025-10-31,371.6000061035156,378.0,370.79998779296875,375.5,460781
