Date,Close,High,Low,Open,Volume
,TATASTEEL.NS,TATASTEEL.NS,TATASTEEL.NS,TATASTEEL.NS,TATASTEEL.NS
2017-10-27,55.63352966308594,56.242073601544284,55.31203937838778,56.100459239750094,29148327
2017-10-30,54.97905349731445,56.26120176601748,54.588671622337685,55.87081376134588,52971878
2017-10-31,53.87297058105469,55.86316610848176,53.36776724247001,55.41919842372036,142174315
2017-11-01,54.1408805847168,54.88337667119632,53.85766415638961,54.6192910210011,57294888
2017-11-02,54.04903030395508,54.26718616233851,53.39073166919562,54.26718616233851,33414711
2017-11-03,54.26335144042969,54.58101675208541,53.8614886387905,54.19445979876369,34506786
2017-11-06,54.10260772705078,54.80300508059082,53.52851274146619,53.96099951037976,41384185
2017-11-07,53.061580657958984,54.58867152968945,52.537246562635964,54.33989786522037,46784135
2017-11-08,53.05775833129883,53.620372398404186,52.36119203661323,53.214678526514795,37686385
2017-11-09,53.84235763549805,53.968660014018575,53.08455562376614,53.50555537924039,26681686
2017-11-10,53.75431823730469,54.24804060221445,53.25294601378734,53.62801588425221,30366996
2017-11-13,52.897010803222656,53.92272329047093,52.59465134549716,53.85000672049915,33991271
2017-11-14,52.47218322753906,53.20702334981057,52.181310800301034,52.778367633434726,38746541
2017-11-15,51.87894821166992,52.16599569186933,51.2283086868134,51.97463274830134,45112424
2017-11-16,52.537254333496094,52.77837204479292,51.76030926982455,52.2731686522931,25878074
2017-11-17,53.6739501953125,54.293968835688844,53.12281706636028,53.12281706636028,42330659
2017-11-20,53.74666976928711,54.1868125370569,52.82812267596715,53.421354582725186,34524451
2017-11-21,54.450889587402344,54.99819166268282,53.735186402059036,53.88062567474352,38387418
2017-11-22,54.42792510986328,54.88337368384273,54.064330010636624,54.611632059368866,23847964
2017-11-23,54.55423355102539,54.84510598501963,54.12940275459864,54.60781321818118,38658332
2017-11-24,54.228912353515625,54.56188353601729,53.83087445460123,54.50447893882416,20206969
2017-11-27,53.777286529541016,54.2710089537319,53.5093759443585,54.2710089537319,19579324
2017-11-28,53.87679672241211,54.569538097468985,53.36394351283733,53.71988265459678,26703906
2017-11-29,54.293968200683594,54.42410162214913,53.75049719672797,53.75049719672797,32084900
2017-11-30,53.13430404663086,54.11791779885974,52.81663873790377,53.96482253892675,41880828
2017-12-01,52.12006759643555,53.4213528184894,51.82153918799592,53.1917099230481,41374256
2017-12-04,52.64823913574219,53.03862102628697,52.08945000257603,52.44156420673786,24375802
2017-12-05,51.72203063964844,52.476007663295704,51.36226657122867,52.433908916926406,34943035
2017-12-06,51.102012634277344,51.396713057212594,50.57384437901392,51.0560828278387,44777053
2017-12-07,52.663543701171875,52.81663896175373,51.2857200692573,51.2857200692573,42212179
2017-12-08,53.4136962890625,54.642258796587726,52.445388371437424,52.74774783622626,78807287
2017-12-11,53.547645568847656,54.08346669726648,53.17256955301554,53.486409919261725,23169687
2017-12-12,52.80516052246094,54.202118062690836,52.518113025087416,53.49023977882889,41775280
2017-12-13,52.116241455078125,53.05775646353512,51.73350943460243,52.96207192599247,38435395
2017-12-14,52.49131774902344,52.720954510578885,51.369920708136156,52.433907026210846,32998436
2017-12-15,53.1764030456543,53.64715748687178,52.89701155057372,53.27591251320888,33150073
2017-12-18,53.94186019897461,54.714974091283636,51.59190069628532,52.74774660516415,53465226
2017-12-19,54.36285400390625,54.50063726973866,53.980128158544375,54.271000536582704,21360971
2017-12-20,53.796417236328125,54.8757154418626,52.9658988087875,54.8757154418626,77547988
2017-12-21,54.699668884277344,54.9025189009674,53.65864429041993,53.79642758825208,50398659
2017-12-22,54.43940734863281,54.86806303757255,54.12556697349569,54.86806303757255,34876783
2017-12-26,55.23931884765625,55.495742393228724,54.50064765012554,54.653742921184715,63096450
2017-12-27,55.377105712890625,55.84786021644281,54.9522748898631,55.24697227221545,37906729
2017-12-28,56.35688400268555,56.60565768448337,55.46512367805057,55.49957256536617,121467439
2017-12-29,56.06218719482422,57.01517705469262,55.8784740966251,56.49084291769509,29562261
2018-01-01,55.281410217285156,56.291816804520295,55.07473530675599,56.069829917050654,19249201
2018-01-02,55.824893951416016,55.974158160681725,54.749420529039206,55.419200070661574,25896915
2018-01-03,56.25736999511719,56.45256399498388,55.9741535785288,56.031558169935394,27654851
2018-01-04,58.19398880004883,58.438937570874565,56.03156700193661,56.37602525314534,84839667
2018-01-05,58.9938850402832,59.46847051623879,58.366210441290946,58.48102575114479,74902157
2018-01-08,58.84461975097656,59.541185974788625,58.557572287144964,59.533529986355695,27125386
2018-01-09,59.11636734008789,59.77083495604147,58.71067342642406,58.94031021856107,33564228
2018-01-10,59.158470153808594,59.47613552852767,58.39684314432276,59.035998824175856,31392536
2018-01-11,59.013023376464844,59.545013455387505,58.814004446848635,59.15845651444914,20307574
2018-01-12,58.959434509277344,59.460812866391855,58.178670809062126,59.03215720417075,22775863
2018-01-15,59.97368240356445,60.70087277308818,59.016861357985825,59.09340900313487,43786108
2018-01-16,58.6149787902832,59.9162576722082,58.18249209610823,59.9162576722082,29298001
2018-01-17,59.246482849121094,59.548842291485315,57.9452038664353,58.78720935633659,31364071
2018-01-18,57.543338775634766,59.69427302039301,57.118508053552766,59.323028085784735,48458449
2018-01-19,57.63902282714844,58.327939235850245,56.83529110345959,57.60075514194935,33776091
2018-01-22,57.57779312133789,57.89928952183176,57.20654811197811,57.56248727161658,37845999
2018-01-23,59.6866340637207,60.249242027095384,57.562486195028114,57.562486195028114,84355326
2018-01-24,58.33560562133789,59.75170024662204,57.95669846417563,59.74404425633982,51799508
2018-01-25,58.875240325927734,59.17759365105799,58.040890790116414,58.55757502321618,88142731
2018-01-29,59.9468879699707,60.609011530555414,58.95179322899624,59.01685381530093,68308614
2018-01-30,59.38809585571289,60.00428951485126,59.0359816906656,59.75168480867483,63179831
2018-01-31,56.645931243896484,60.08863789277768,56.37678244813667,59.092384627477934,129589020
2018-02-01,55.97908401489258,57.264573000662566,54.76188596105624,56.882944320000455,74039310
2018-02-02,53.86605453491211,55.67779619068762,53.512548901588374,55.59744815022348,65009260
2018-02-05,53.35186004638672,54.191444371109014,52.26321395425465,53.10681322920468,46987220
2018-02-06,53.38801574707031,54.55299499130549,50.82105565386063,51.49995312398712,67045570
2018-02-07,53.17108917236328,54.81008992925394,52.785439411455776,53.66921883651569,67895210
2018-02-08,53.94640350341797,54.392308215673616,52.5444195074442,53.03049211549216,58455900
2018-02-09,55.05915451049805,55.436768260560356,53.03852496934745,53.32374582195685,91402880
2018-02-12,57.292694091796875,57.59800196235845,56.031306974711796,57.525689945232386,120363070
2018-02-14,56.882938385009766,57.88722750812297,56.60575360627942,57.790813545614135,48859510
2018-02-15,56.284385681152344,57.778768541250216,56.019251854107075,57.152093044375945,51312450
2018-02-16,55.41667556762695,57.003451241540034,54.92256700879768,56.882941444041194,50127600
2018-02-19,52.13064956665039,55.709931895417185,51.33926912509067,55.709931895417185,176587080
2018-02-20,52.327484130859375,53.146987579829776,52.07440741165252,52.60869002061483,102144780
2018-02-21,51.495933532714844,52.66894257210844,50.85720401358955,52.616717572679946,103075390
2018-02-22,51.2227668762207,52.046282175866345,50.84515315876669,51.44772973962927,89506310
2018-02-23,54.45256423950195,55.14753068263744,51.33926757144505,51.48790041861114,218662140
2018-02-26,54.64939880371094,55.6496730608049,54.086999299538554,54.63333287346096,91997750
2018-02-27,53.97050476074219,55.187702796573205,53.765625838276925,54.74581309095687,68053760
2018-02-28,53.95845413208008,54.23161785755344,53.02647079405225,53.33579358999881,71126500
2018-03-01,54.235633850097656,55.03505029094096,53.83391815454334,53.9383681583923,71283990
2018-03-05,52.69706344604492,53.77366472710315,52.36765975409625,53.769649776727704,97854660
2018-03-06,53.00638198852539,54.15127411195481,52.74928420220687,53.416133692553096,84149600
2018-03-07,52.03824996948242,53.138953212967074,51.79320314311047,52.78544142942845,51305770
2018-03-08,51.09020233154297,53.1027988263321,50.833104531332694,52.77741009337637,71261050
2018-03-09,48.748199462890625,51.961928119883886,48.32639981783004,51.42362442463119,180963670
2018-03-12,50.04574203491211,50.3269417955644,48.720079015042685,49.36684152939048,121935810
2018-03-13,50.523780822753906,50.87327457529213,49.358807777321466,50.053774202505856,104904050
2018-03-14,49.856937408447266,50.68848881214413,49.70026852549334,50.13412223129544,86551810
2018-03-15,49.14991760253906,50.02163997713216,48.97717972078971,49.81274915180275,75109510
2018-03-16,48.22195053100586,49.32265063458829,47.75595887169733,49.149912769823565,117395820
2018-03-19,46.19328689575195,48.358534245951326,46.02456703946701,48.20588338524316,125423170
2018-03-20,47.64347839355469,48.27818989497226,45.6710560250322,45.87592881238364,176450350
2018-03-21,46.77979278564453,48.34246663839627,46.63919290137014,48.12152483877868,119394510
2018-03-22,46.671321868896484,47.19756836178683,45.9562685401257,46.81593974042845,114862450
2018-03-23,45.51438903808594,45.69917788825293,44.4699257891066,44.996175428665495,141335500
2018-03-26,46.72355270385742,47.26988630826686,45.05643497869892,45.70721245979868,109299980
2018-03-27,47.40245056152344,48.125540016367005,47.20561073514558,47.4386035018419,100381680
2018-03-28,45.87994384765625,46.840044002388765,45.41797023890927,46.68337514466068,186550570
2018-04-02,46.50260925292969,46.62312212133314,45.642937919292216,46.04465361033206,68893450
2018-04-03,46.574920654296875,47.03689127145944,45.66302427126709,45.811660188129686,105083170
2018-04-04,45.03635025024414,47.442626588860364,44.79532142781066,46.84808903118096,139098930
2018-04-05,46.63517379760742,46.88825664824158,45.75541850519821,46.10490920011579,132621680
2018-04-06,47.177490234375,47.394417068411435,46.03661611442571,46.1852520187231,85202010
2018-04-09,47.09313201904297,47.86442541371397,46.87218716204723,47.36228079767594,94892210
2018-04-10,48.35853576660156,48.5754626164382,47.587242343747505,47.643482297610966,108507100
2018-04-11,48.85264587402344,49.081623697391514,48.23400333644972,48.84862785891943,87247160
2018-04-12,48.077335357666016,48.90888673855306,47.94075042520927,48.760250825406985,66284990
2018-04-13,47.727840423583984,48.58349680972433,47.43458968450624,48.20588307819394,67161460
2018-04-16,47.53099822998047,47.94878289700723,47.01278464486595,47.482791245953294,51458130
2018-04-17,47.88852310180664,48.57545650747515,47.55911638567004,47.804163181620744,64003780
2018-04-18,48.334434509277344,48.59956835122399,47.772031897599206,48.282212569885274,42591350
2018-04-19,49.96941375732422,50.17428961460749,48.691957757827126,48.691957757827126,108170080
2018-04-20,48.70400619506836,49.72838236315281,48.41477042691052,49.72838236315281,63462740
2018-04-23,48.736148834228516,49.08965754857217,48.21391719579468,48.87273376660174,45911610
2018-04-24,48.00904083251953,48.35049854084709,47.354242325471155,47.75997601246371,59530460
2018-04-25,47.09714889526367,48.08536917225691,46.94449802909074,48.045198214300626,41224430
2018-04-26,46.45440673828125,47.526987001038975,46.333890793429646,47.24176920072781,74630620
2018-04-27,47.386383056640625,47.784080736887674,46.699449585360256,46.836031450655135,47174050
2018-04-30,47.80015182495117,48.19785258745523,47.08108033100117,47.53502104812946,36587540
2018-05-02,46.15713119506836,47.996989703181875,46.032597253004795,47.972884678833935,42410680
2018-05-03,47.036888122558594,47.1935600594916,45.6429372689829,46.116961900250026,67789040
2018-05-04,46.659278869628906,47.38638330122856,46.538762934460465,47.13731846547597,38816320
2018-05-07,47.9206657409668,48.0411786108516,46.679362646674846,47.07706339238304,45535090
2018-05-08,47.91263198852539,48.543325538600065,47.442625337450465,48.20588580906351,41259580
2018-05-09,48.458961486816406,48.91691711788481,47.607326204754614,47.67561713494874,62382110
2018-05-10,47.73587417602539,48.75221433872032,47.49484538510462,48.51921851272972,40012690
2018-05-11,48.78837203979492,49.053505881077285,47.4988649709113,47.964856668372065,61555370
2018-05-14,49.03743362426758,49.40701131949891,48.390671125189,48.864695756845705,51731390
2018-05-15,50.29079055786133,51.16251291026282,48.647771715395606,48.928974550421906,128184360
2018-05-16,49.91318130493164,50.817041730976676,49.56770551912214,50.29481003665594,84263010
2018-05-17,49.03341293334961,50.680449606494136,48.378617504825186,50.61215561437719,160373410
2018-05-18,47.514930725097656,49.547611110175815,47.43057079904058,49.411029248420775,82166290
2018-05-21,46.35799026489258,48.26613975229842,46.17721636928251,47.60330826475638,71622330
2018-05-22,46.341922760009766,46.880220319481616,45.75541821385561,46.44636969873099,60966460
2018-05-23,43.38931655883789,46.27765055369607,43.17640771376903,46.27765055369607,171483860
2018-05-24,44.04410171508789,44.502057291085045,43.10810355552385,43.69862602584835,87008220
2018-05-25,45.65498733520508,45.85986318877229,44.34941138406327,44.51009826794251,88956190
2018-05-28,46.329872131347656,46.55483194121154,45.40190678596405,45.87593143163976,52356670
2018-05-29,46.225425720214844,47.241765956199764,45.74336810361133,46.19328772848192,64779110
2018-05-30,46.43030548095703,46.71954130111884,45.59875403041576,45.63892499102761,62018880
2018-05-31,46.24952697753906,47.18552528479065,45.96029425088847,46.92039451914905,66525100
2018-06-01,45.04438018798828,46.56688305371125,44.694889491651956,45.7955896478374,92496660
2018-06-04,45.486270904541016,45.99644850448576,45.016261197525395,45.31754797812246,87425270
2018-06-05,45.96430969238281,46.1892725686453,45.040365420608985,45.538492030819555,46882040
2018-06-06,46.57892990112305,46.73559876451271,45.73130960696501,46.15311227907396,44453050
2018-06-07,48.374603271484375,48.51922116691746,46.751671495394476,46.76774049098121,92793530
2018-06-08,48.246055603027344,48.86469815709245,47.56314012982238,48.12554273032226,83860780
2018-06-11,47.293983459472656,48.647763199438856,47.10115860449934,48.29023652643468,51511010
2018-06-12,46.599021911621094,47.30202439735676,46.37406209693692,47.15740649796047,85889350
2018-06-13,45.60276412963867,46.90432518190037,45.47421523044773,46.56688240599446,90600320
2018-06-14,45.759437561035156,46.18123721360586,45.072501006417305,45.55456169273075,74825140
2018-06-15,45.47421646118164,46.18123695829067,45.15284573693033,45.89200116107117,62087640
2018-06-18,44.871639251708984,45.26933997292792,43.97179700628584,45.233183968795586,105669650
2018-06-19,44.5904426574707,45.44208104400355,44.14453798570819,44.8314714642713,94521900
2018-06-20,45.25327682495117,45.46618566784096,44.45386339405533,44.69087419958238,66107030
2018-06-21,44.8113899230957,45.71123228037206,44.67882299954425,45.71123228037206,84651980
2018-06-22,45.14079666137695,45.36173846896576,44.67882296936731,45.02429873453294,62478450
2018-06-25,44.87968063354492,45.377807267130585,44.69890672101988,44.97609154798299,38992610
2018-06-26,44.148555755615234,44.984125141740094,43.24469543649828,44.859591191454314,102075820
2018-06-27,43.642391204833984,44.389582614390704,43.31298447001792,44.32530663450103,56541500
2018-06-28,44.0641975402832,44.71096008340927,43.70667080089646,43.78701271755842,86559780
2018-06-29,45.61481475830078,45.77951658640554,44.27308285019808,44.34539179212993,94773840
2018-07-02,45.03233337402344,47.12125703926902,44.690875611534096,46.273636591471416,157630480
2018-07-03,45.47421646118164,45.9884151367094,44.465912250957835,45.14882772173351,112361770
2018-07-04,45.88396453857422,46.06875337988176,44.95600231715991,45.58669579950098,68629470
2018-07-05,45.246124267578125,46.20289059313473,45.13981585824859,46.20289059313473,60136530
2018-07-06,45.262474060058594,46.14155618270472,44.677782519830664,44.97626272685733,66147830
2018-07-09,45.4342041015625,46.264220089546576,45.36469296091003,46.096579794314145,74437510
2018-07-10,46.50136947631836,46.69353816528209,45.54051043415144,45.71224035795617,100049050
2018-07-11,45.4423828125,46.26013309254422,45.315632517323465,46.26013309254422,61112450
2018-07-12,45.401493072509766,46.440036237312256,45.233852778278106,45.794012807955895,84439880
2018-07-13,45.67953109741211,45.9575663171322,45.221589818029095,45.74086299224899,55791290
2018-07-16,42.46168518066406,45.78584226225777,42.28178222964551,45.769486881352464,111598850
2018-07-17,43.532936096191406,43.80688168780271,41.95058820169095,42.68656469203295,107927060
2018-07-18,41.23505401611328,43.90909759665336,40.96928457203093,43.83141032790649,164512090
2018-07-19,40.777122497558594,41.98330301372051,40.31509155422883,41.54171707688977,168086510
2018-07-20,41.149192810058594,41.35771999969059,40.47863784680048,40.80573919840088,72614090
2018-07-23,42.269508361816406,42.48212516900288,40.74849555091189,41.3781604843106,68781340
2018-07-24,43.12814712524414,43.308050048858696,42.195909272465585,42.195909272465585,83983690
2018-07-25,43.8314094543457,43.994960118172926,43.258986810154596,43.42253435451237,67826380
2018-07-26,43.73737716674805,44.154428465032765,43.451162677815034,43.909103988425876,74811910
2018-07-27,44.992618560791016,45.266564142406615,43.85594622676962,43.99496227016753,64628850
2018-07-30,45.22158432006836,45.671346295074656,44.75955659147989,44.93128338056913,47877070
2018-07-31,46.04343032836914,46.19471525502946,44.44881663896266,45.135727007346844,63739660
2018-08-01,45.4505615234375,46.41550397253919,45.08257327788574,46.02707384191049,60679920
2018-08-02,45.32789611816406,45.867611152564066,44.20757916119897,45.19705620435405,94930990
2018-08-03,45.34016418457031,45.794015841124754,45.029418203625426,45.499625240173785,55706900
2018-08-06,45.242034912109375,46.19471473797635,45.07848423204474,45.71224194749404,55438810
2018-08-07,46.86935043334961,47.15965137284923,45.27474007827695,45.577306771358764,92858540
2018-08-08,47.225074768066406,47.73616865083769,46.902063059818616,47.28640665789286,90084310
2018-08-09,47.916080474853516,48.059186155395224,47.08606440824171,47.42951804154182,57576870
2018-08-10,47.1596565246582,47.920164524527266,46.832558288679174,47.916078019199695,57254930
2018-08-13,46.51363754272461,47.605333435287434,46.284665339428244,47.01655222605364,78568310
2018-08-14,47.34364700317383,48.001936147043736,46.0025372082861,48.001936147043736,240305600
2018-08-16,46.411415100097656,47.159654188509336,46.059782252223506,46.61176303266377,79071710
2018-08-17,47.4417839050293,47.85474868650625,46.75896314241256,46.7712288979912,87432140
2018-08-20,49.01594924926758,49.21221068338489,47.66666319778861,47.674839327786565,116623180
2018-08-21,47.60533142089844,49.265363447337435,47.47449150432398,49.24900806783192,108737070
2018-08-23,46.74669647216797,47.830216239482404,46.624032679841875,47.830216239482404,66768300
2018-08-24,47.069705963134766,47.37636230981731,46.468659024521834,46.64038582999134,60602690
2018-08-27,47.52764129638672,48.001937915179184,47.34773837155982,47.58488356148657,53919460
2018-08-28,48.2758903503418,48.5661913416134,47.27414744920078,47.63395646948039,90212970
2018-08-29,48.590721130371094,49.216302727672954,47.88336887066068,48.27179901378769,98855320
2018-08-30,49.74783706665039,49.882766610252496,48.3331294699091,48.43534825394651,102836570
2018-08-31,49.10590362548828,50.25075526376969,48.99141908555409,49.735571714596084,86333540
2018-09-03,49.12635040283203,49.878679189242185,48.901467820225804,49.31034297444086,54791330
2018-09-04,48.496681213378906,49.43300567006205,48.296333265716946,49.13861506645358,60995720
2018-09-05,48.60707473754883,48.81969155382846,47.52764463488675,48.24726574315137,57911570
2018-09-06,49.08954620361328,49.70285888729448,48.615252683690684,48.90146402162073,66897160
2018-09-07,50.63100814819336,50.864066847752184,48.82378082042353,49.253097835679434,94458360
2018-09-10,50.181243896484375,51.10938902867858,49.98498247004765,50.69642429187538,62842580
2018-09-11,48.41899108886719,50.45519056438052,48.11233474806196,50.32026102575352,81111720
2018-09-12,49.51886749267578,49.65379703492649,47.683019023202675,48.45170314845601,85663840
2018-09-14,50.2916374206543,50.741399407839424,49.88276231967336,50.01360222720848,79755590
2018-09-17,50.4061279296875,51.060327544973326,49.518869603972675,49.88276823745885,71838910
2018-09-18,50.10765075683594,51.072596358016156,49.825525905800674,50.53696779159632,78280630
2018-09-19,50.798641204833984,51.58368376228809,50.487898376966776,50.53696139217242,101346270
2018-09-21,51.12165451049805,52.95750600064282,47.7811456100582,51.51826386636215,229773790
2018-09-24,49.69468307495117,51.21160941461252,48.70929252619484,50.610562481649225,112429140
2018-09-25,49.14678955078125,49.8009922566541,47.020640115103575,49.8009922566541,109856240
2018-09-26,49.792808532714844,50.22212862993126,48.90146070150324,49.47388645796866,86477200
2018-09-27,50.0095100402832,50.7618418096631,49.67014609465467,49.98088890945985,82395420
2018-09-28,47.53173065185547,50.046313155395914,47.02063677387853,50.046313155395914,130270070
2018-10-01,47.691192626953125,47.90380943126163,45.58957480907872,47.42951280585768,69729490
2018-10-03,47.39680862426758,48.60707874461634,47.1187733858449,47.75662076779692,72170630
2018-10-04,47.61759567260742,48.06327117152336,46.611763260789886,47.163744043931636,76298400
2018-10-05,46.448211669921875,47.92016143562073,45.9820942961084,47.429512553544285,78689670
2018-10-08,45.77765655517578,46.60767252236032,44.48561284059701,46.366437706840266,91710480
2018-10-09,46.81619644165039,47.74843112058738,45.348336408641714,45.794008746417845,77344340
2018-10-10,47.72799301147461,48.06735698232339,46.869352784024514,46.869352784024514,71533140
2018-10-11,45.397403717041016,46.12111442064574,44.89857557545348,45.548688633258905,104016430
2018-10-12,47.1432991027832,47.33138126975909,45.638638647506745,45.859431570340014,57334070
2018-10-15,46.61176300048828,47.38453671646513,46.32555166844855,47.286407562547154,41001830
2018-10-16,46.840728759765625,47.75661119658235,46.579048954809224,46.701712728150376,56605680
2018-10-17,45.35651779174805,47.38862766438557,45.147990604313364,47.27005350366662,50205760
2018-10-19,45.38104248046875,46.0066208292814,44.56738197655008,45.22158145506432,77181960
2018-10-22,44.546939849853516,45.89213927156239,44.28526004156352,45.71223635303138,51019510
2018-10-23,44.616451263427734,44.97626022219632,43.76190069708192,44.15851003633821,46346880
2018-10-24,44.98035430908203,45.352429058436954,44.27299895557144,45.13981536158696,42196170
2018-10-25,44.628719329833984,45.025328689643224,44.15851232470479,44.542855930205626,44678590
2018-10-26,45.10301208496094,45.924851924029426,44.2484646081075,44.780000375879595,60994130
2018-10-29,46.914337158203125,47.06153247217938,45.164351891452185,45.50780866388679,57383130
2018-10-30,46.16200256347656,46.77531525532221,46.04751802678052,46.71398336224372,40153190
2018-10-31,45.29109573364258,45.61410745323401,43.287610138395614,45.38104875928445,140703330
2018-11-01,45.5159797668457,46.1129370878181,45.30336606985035,45.45056136756625,54690570
2018-11-02,46.94294738769531,47.62577114865397,45.84716203798595,45.87578316908223,79794570
2018-11-05,47.22098922729492,47.72390702400153,46.4073285690079,46.93886750084612,45358560
2018-11-06,47.081974029541016,47.78932629038233,46.61176698431406,47.39680652169291,39102740
2018-11-07,47.449954986572266,47.613502525426036,47.347736215053985,47.511283753907755,4138710
2018-11-09,46.79167175292969,47.37636332457338,46.48501539967886,47.37636332457338,43487160
2018-11-12,47.662567138671875,48.22272711173594,46.78757473193891,46.90205925327305,81209960
2018-11-13,48.18184280395508,48.36992810491487,47.355916431370424,47.67483852691767,76264870
2018-11-14,48.17366409301758,49.931828268462155,47.78114437187704,49.47388703406348,216492890
2018-11-15,48.194114685058594,48.81151391082022,47.54809120432477,48.2717988417252,63895210
2018-11-16,46.94704055786133,48.32903732291467,46.574965825507164,48.247263547740225,74569270
2018-11-19,47.62577819824219,47.74026273957335,46.938867830785384,47.22098955921725,48892870
2018-11-20,46.063873291015625,47.265964042787,45.957564884576776,47.18419026519998,76363680
2018-11-21,45.09074783325195,45.95756421255969,44.97626329851632,45.95756421255969,112428980
2018-11-22,44.1298942565918,45.270656278549396,44.00723046604892,45.139816357722886,85416120
2018-11-26,43.39800262451172,44.485611881844086,42.65793969583346,44.485611881844086,100037870
2018-11-27,42.711097717285156,43.332589691062324,41.9097027990734,43.316234310755576,157909070
2018-11-28,42.84602355957031,43.25080904887656,42.412616937070084,42.71109402331171,113524660
2018-11-29,43.631065368652344,44.06447201438762,43.271256372142844,43.50431507477951,139293320
2018-11-30,43.29987335205078,43.89683061872587,42.97277202699648,43.74963533439838,78540710
2018-12-03,44.003143310546875,45.1970579603838,43.81097149728804,44.25664389870131,120923650
2018-12-04,44.011314392089844,44.19939655895714,43.51657590804273,43.56155241745332,61538100
2018-12-05,42.33492660522461,43.58608336502531,42.11413368535343,43.58608336502531,70780820
2018-12-06,41.72161865234375,42.66202957995062,40.96928679078857,41.97103273127789,129667140
2018-12-07,41.64802169799805,42.10596297437701,41.1491935318193,41.76250623722535,82529270
2018-12-10,41.120567321777344,41.66437193545863,40.64218421927696,40.83844251388101,54147050
2018-12-11,40.94884490966797,41.190079739118396,39.75493027826621,40.527704024715746,112425720
2018-12-12,42.54345703125,42.72744958550502,41.3372735683985,41.378160456069665,81419830
2018-12-13,41.889259338378906,43.1813063550245,41.54171607258776,43.1813063550245,68100950
2018-12-14,41.99555969238281,42.34310289145371,41.4190474434712,41.78703252515253,51559800
2018-12-17,42.85011291503906,42.95233169287125,42.22862099891645,42.35946090976286,48048540
2018-12-18,43.09544372558594,43.20992827455872,42.49030709883978,42.76834234040369,56735270
2018-12-19,43.12814712524414,43.54110873218597,42.89917494691825,43.16903401154429,49280430
2018-12-20,42.79695129394531,43.09543145691118,42.52300575553895,42.52300575553895,35173350
2018-12-21,42.539363861083984,43.50430930315137,42.38399245309559,42.86237554986216,59696700
2018-12-24,42.00782775878906,42.580253534377896,41.868811719294236,42.35946060153065,43294400
2018-12-26,41.987388610839844,42.30222109221911,41.247322495259965,41.62348999025211,49537410
2018-12-27,41.4190559387207,42.506662268006785,41.29230251487312,42.35946695735604,50169310
2018-12-28,41.93832015991211,42.232710739996115,41.54580042628996,41.558066180548536,63074080
2018-12-31,42.6088752746582,42.931886989199,42.21226591478571,42.52301187501615,79658120
2019-01-01,42.17546844482422,42.890999891131806,41.995562397236625,42.85011300380814,41281730
2019-01-02,40.36824035644531,41.4435807560495,40.23331082356642,41.37815924211932,117473500
2019-01-03,39.354225158691406,40.327346694151956,39.27245139316233,40.315080941269514,135329440
2019-01-04,39.87759017944336,40.302820680978535,39.21521447776729,39.33378551810293,104800720
2019-01-07,39.7017707824707,40.96928294292008,39.570930877897915,40.511344836650025,84067870
2019-01-08,40.18016052246094,40.34371121003672,39.56276127808045,39.71404309052538,62697060
2019-01-09,39.18658447265625,40.666713321159776,38.86357591857896,39.98389271580585,126966600
2019-01-10,39.284725189208984,39.59138155193174,39.047576853363964,39.25201442851247,70810000
2019-01-11,38.77771759033203,39.599557512352035,38.597814646213244,39.57502600166988,75408240
2019-01-14,38.50376892089844,38.79406987889081,38.17258107520439,38.77771449991622,58899170
2019-01-15,38.84722900390625,38.96580317213624,38.35249044510033,38.67958869450425,76031810
2019-01-16,38.806331634521484,39.24382780356612,38.65504674635876,38.9330818989879,52802930
2019-01-17,38.69185256958008,39.108906950599575,38.475149249007266,38.94944589887732,42819350
2019-01-18,38.48741149902344,39.063926879265445,38.270708198184465,38.72455980236282,49148490
2019-01-21,38.573280334472656,39.047577008041515,38.44244041063811,38.67958874742255,46136900
2019-01-22,37.334388732910156,38.4915061494082,37.20763843537165,38.4915061494082,89577660
2019-01-23,37.99267578125,38.25844523579879,37.371186965208345,37.371186965208345,72593860
2019-01-24,37.67784118652344,37.984497512318036,37.38754023910756,37.984497512318036,47908460
2019-01-25,37.03590774536133,38.09080626452922,36.89688858759054,37.796415689927066,41579670
2019-01-28,36.44712448120117,37.12176898893789,36.25086618916788,37.03590559623966,43351470
2019-01-29,36.2917594909668,36.9745802485046,36.09140841977294,36.30811487143996,52257240
2019-01-30,38.22573471069336,38.54874643502944,36.52890231148441,36.52890231148441,108579250
2019-01-31,38.98215103149414,39.1620570760081,38.24208808933001,38.60190017835791,92437290
2019-02-01,38.818603515625,39.4155607953375,38.43425991821264,39.0066856898246,50159940
2019-02-04,38.92899703979492,39.13752420965646,36.96230885031405,38.83495751576773,109720290
2019-02-05,38.0008544921875,39.00668690884679,37.57153437019421,39.00668690884679,72819270
2019-02-06,39.669063568115234,39.799903484369416,37.927257767882054,38.10716070306301,109992650
2019-02-07,39.99207305908203,40.184244857726206,39.09663869953697,39.53413493751582,78573380
2019-02-08,38.33203887939453,39.88576543642705,38.103069832051794,39.497332237434264,84145140
2019-02-11,39.30925369262695,39.824437216038426,37.641042458369554,38.843136306506445,232623140
2019-02-12,39.857147216796875,40.658542060502086,38.98215160881911,39.12117076876681,188361110
2019-02-14,39.46054458618164,39.77128747767925,38.87585295265552,39.4155680667204,61850420
2019-02-15,38.229827880859375,39.53005102875189,37.83321847217805,39.49734026691901,74992400
2019-02-18,38.07036209106445,39.00668647589431,37.97631944233475,38.34430766860602,62535140
2019-02-19,38.51194763183594,39.30107671937997,38.05809600991079,38.05809600991079,82245450
2019-02-20,40.16380310058594,40.384592913053616,38.63869758014689,38.63869758014689,154872510
2019-02-21,40.7934684753418,41.12465943668137,40.09838203403024,40.27828808120386,117827140
2019-02-22,41.07558822631836,41.21460736908956,40.24148272809857,40.64218166017765,100057230
2019-02-25,41.3045654296875,41.664377550737186,40.74440848218569,41.21461551889485,103576040
2019-02-26,41.181907653808594,41.590782824129214,40.20878275198471,40.72396634004029,98562990
2019-02-27,41.46811294555664,41.89334343468295,40.71987074489776,41.45993681591573,94443460
2019-02-28,40.92430877685547,41.78703551935502,40.748495472036744,41.42722654104229,74854180
2019-03-01,41.509002685546875,41.680732614503924,41.05106452691406,41.1737251967751,66725690
2019-03-05,42.66611862182617,42.76016127303695,41.31274295782997,41.574422787977824,91180370
2019-03-06,42.59252166748047,42.96050990944619,42.150935777121596,42.76016196861418,63112270
2019-03-07,42.6170539855957,42.78469115816926,41.99556207298421,42.510745583799356,61536310
2019-03-08,41.529449462890625,42.408531672031124,41.402699162783115,42.26133636633923,65048470
2019-03-11,42.57616424560547,42.719273030233396,41.66437449368953,41.70526138095342,59082750
2019-03-12,42.944156646728516,43.38165293388967,42.60478952243878,42.882824750132684,82982750
2019-03-13,42.011924743652344,42.93189389862283,41.91788207968853,42.93189389862283,64091530
2019-03-14,42.330841064453125,42.67020816585221,41.991473963054034,42.028274346317254,44966420
2019-03-15,42.15093231201172,42.6006974149235,41.90560787735856,42.35945948522814,42339380
2019-03-18,42.9482421875,43.074992474133424,42.13458158714916,42.4821248088492,63176050
2019-03-19,43.13632583618164,43.49613482441275,42.57616578999181,43.16085734553591,63298400
2019-03-20,41.99964904785156,43.03410250929238,41.79112188195607,43.01774713162712,87023070
2019-03-22,42.392173767089844,42.85011503746958,42.163204691634824,42.27768922936233,52334460
2019-03-25,42.12640380859375,42.3349309966811,41.46402809974045,41.934231999912235,50368870
2019-03-26,42.46985626220703,42.60069616481387,42.04462579886747,42.195907584071705,33298250
2019-03-27,42.17955780029297,42.768335836830396,41.954675242243226,42.523011394984,52391580
2019-03-28,41.40269088745117,42.23270678897227,41.280027117401964,42.06506651120297,89650930
2019-04-01,43.761905670166016,44.48561641379549,43.185393345745524,43.34076477570592,135235540
2019-04-02,43.393917083740234,43.994964033094924,43.01775270709299,43.994964033094924,50868180
2019-04-03,43.786434173583984,44.78000081886289,43.62288662463284,43.905008330202236,114896800
2019-04-04,43.393917083740234,43.945901013209465,43.05455309147681,43.565647011748524,52599170
2019-04-05,44.91902160644531,45.05803765198485,43.438892526837535,43.438892526837535,100377130
2019-04-08,44.8985710144043,45.54868400616759,44.63280471107057,45.237938075530124,106009010
2019-04-09,45.225677490234375,45.3851385382436,44.17895817623128,45.05803719288283,66189360
2019-04-10,44.51832580566406,45.74495127210436,44.29753284736842,45.11119665279213,78891530
2019-04-11,43.806884765625,44.681877365913316,43.626978695463684,44.24029144068278,60823980
2019-04-12,43.639244079589844,44.37930706805225,43.520669917330345,43.91318966853265,62740160
2019-04-15,45.23385238647461,45.38513730048526,43.83550025615937,43.90500827632527,103903170
2019-04-16,45.242034912109375,45.54051201771781,44.90675742173826,45.266566422304656,63236540
2019-04-18,44.412017822265625,45.34425262120153,43.88865503458418,45.262475723374884,66605220
2019-04-22,43.6842155456543,44.62871917727668,43.59426564121033,44.15851217375482,36976860
2019-04-23,42.79695129394531,44.03584221251567,42.64566951992911,43.74554129755934,51193760
2019-04-24,42.95233154296875,43.16494522755108,41.92605414366384,43.087257958439494,83768350
2019-04-25,41.76659393310547,43.2835202467493,41.62348826568051,42.68656294872687,83594180
2019-04-26,44.587833404541016,44.79227096601169,42.159114176039175,42.592520808126714,381810110
2019-04-30,45.565040588378906,45.859431149454764,43.80687647054774,44.40792334616606,142581610
2019-05-02,45.38104248046875,45.928936688359485,44.931280533957036,45.3115344682605,90100300
2019-05-03,44.79636001586914,45.466915006026085,44.698230854240514,45.30336744313497,58796360
2019-05-06,43.82732009887695,44.44471921345222,43.1322306026866,43.68830095185118,99648390
2019-05-07,43.389827728271484,44.56329729567363,43.25898781805513,44.56329729567363,65414980
2019-05-08,42.73971939086914,43.537027813641366,42.653855982780414,43.44298515556141,64784320
2019-05-09,42.45350646972656,43.046374174028884,42.22453427043849,42.7315416892787,51055970
2019-05-10,39.808082580566406,42.99322019153546,39.174324886465236,42.68656384654514,372409210
2019-05-13,38.62234115600586,39.90620870663118,37.89454398495361,39.26018530691109,159569200
2019-05-14,38.397464752197266,39.05575083809724,37.313945039544336,38.18484793882079,211286060
2019-05-15,37.85774612426758,39.32969906198397,37.66966394210818,38.683675619260626,126650570
2019-05-16,38.3729362487793,38.54057657529702,37.21990832900894,37.939529542321054,112547310
2019-05-17,38.389286041259766,38.55692634336862,37.698286067297424,38.02947704672792,70884860
2019-05-20,39.5627555847168,40.45818993327574,38.978064066416835,39.08845897094868,84575830
2019-05-21,38.64278793334961,39.65270996497927,38.332041972970586,39.64862034038401,63370580
2019-05-22,38.679588317871094,39.29699066386033,38.22165014927071,38.59781453618383,83642240
2019-05-23,38.0008544921875,39.78355025749344,37.784151178608454,39.055749926581164,93403760
2019-05-24,39.59137725830078,39.76719367864024,37.485669838738346,38.02538485382024,108824810
2019-05-27,41.91378402709961,42.056889676776905,39.54230738870458,39.61999464973048,182077050
2019-05-28,41.464027404785156,42.408527933486994,41.312742487419,42.04053970169745,99606130
2019-05-29,40.339622497558594,41.84836963124302,40.22104833353986,41.35363109000816,85236870
2019-05-30,39.902122497558594,40.597212091254306,39.74266144618357,40.315087252912484,72043630
2019-05-31,39.930747985839844,40.45819417548176,39.337877156464785,40.135185557458186,102769910
2019-06-03,40.695335388183594,41.03879207054402,39.66905808474005,39.98389363685954,85053920
2019-06-04,40.695335388183594,41.112389708230594,40.22512843182322,40.56040586584667,62125660
2019-06-06,39.62818145751953,41.09604496697609,39.497341525488785,40.69534592043003,72227990
2019-06-07,39.423736572265625,40.06158385239994,38.90855618994531,39.49733421537845,68111040
2019-06-10,39.74675369262695,40.46228521836696,39.50551884700873,39.98799165771507,68509170
2019-06-11,40.274200439453125,40.409129981476305,39.82443841884556,40.06158674370999,65345480
2019-06-12,41.36589813232422,41.54171457141386,40.07385428183856,40.2946472369374,127555250
2019-06-13,41.09603500366211,41.365890933283566,40.60538303789783,41.21460915073508,72248570
2019-06-14,41.03471374511719,41.58260499472301,40.64628356782769,40.809831145968474,66058960
2019-06-17,38.68776321411133,40.95701815500223,38.60189981716113,40.89568626590368,119382860
2019-06-18,38.62234115600586,39.12934540109798,37.914988987521355,38.70002842240001,106394540
2019-06-19,40.40503692626953,40.75666975894691,39.42373607041333,39.42373607041333,188375230
2019-06-20,40.96929168701172,41.11648700100573,40.05750178476721,40.40504506301471,78263560
2019-06-21,40.695335388183594,40.96110480868896,40.43365559184672,40.88750717100238,61262460
2019-06-24,39.76310348510742,40.87115463205274,39.403294520024964,40.65854095256526,72620000
2019-06-25,40.72395706176758,40.87115233910462,38.75726893883277,38.76135856305582,136491190
2019-06-26,41.754329681396484,41.89334572919254,40.094294521114264,40.47863814414759,129600840
2019-06-27,41.76250457763672,42.23271159032321,41.43131672810875,41.8279260942924,119467140
2019-06-28,41.2473258972168,42.167295026831276,40.81391921660659,41.827931007592895,87600340
2019-07-01,41.455848693847656,42.10187214032667,41.145102725248826,41.69299701513281,85443750
2019-07-02,41.60713577270508,41.77886258552689,41.059241454383844,41.58669076759637,57240040
2019-07-03,41.72979736328125,42.097785627047465,41.26367993566734,41.533539035585854,69464090
2019-07-04,41.56196975708008,42.17872876963301,41.4319060636359,41.95636057077053,72630590
2019-07-05,40.1396484375,41.83048921622429,39.883714388009025,41.662666338735825,76163480
2019-07-08,39.27534484863281,40.236145778817566,39.03619374905082,39.85853793710497,80825910
2019-07-09,39.30891418457031,39.606803952479254,38.81382901512621,39.35506643603667,68585800
2019-07-10,38.163509368896484,39.80400478329017,37.59709907938812,39.39702752903837,134813440
2019-07-11,38.767677307128906,39.14528518759442,38.071200194157385,38.708938659169405,99870380
2019-07-12,39.68232345581055,40.231950711467576,38.62082812953429,38.960673598938584,132441180
2019-07-15,39.296329498291016,40.13126019120128,38.88095921702514,40.11028073016171,78060790
2019-07-16,40.001190185546875,40.160626394616436,38.943891372266165,39.027802807869875,64352100
2019-07-17,39.91728210449219,40.261324141005566,39.31310947412086,39.94245489708555,54793220
2019-07-18,39.1536750793457,39.887911380384345,38.92291381861278,39.6907159759428,52331730
2019-07-19,38.43621826171875,39.69071241877842,38.03343762536897,39.4389749211868,72848850
2019-07-22,39.06556701660156,39.21241363626495,37.86141833332934,38.43622161717314,69544520
2019-07-23,38.587257385253906,39.262754907461904,38.327126850901585,39.12010164636043,55292840
2019-07-24,37.425071716308594,38.851588591812636,37.18172726188256,38.67956918090774,83420010
2019-07-25,36.95096206665039,37.92434938372935,36.778942674067,37.592893792002066,75280910
2019-07-26,37.383113861083984,37.60967857551674,36.556573106861535,36.83768313464901,65857860
2019-07-29,36.37196731567383,37.41667972040973,36.16637885933586,37.38731039822089,78727230
2019-07-30,34.827972412109375,37.081026706550105,34.085343109806544,36.49364027661291,94629210
2019-07-31,36.254486083984375,36.384549753673056,34.36225367156515,34.65594686151239,115418000
2019-08-01,35.243343353271484,36.24190359591496,34.80699681334711,35.87268877029419,94219850
2019-08-02,34.32868957519531,35.004187147607674,33.95108173952755,34.73147019956897,134859520
2019-08-05,33.50215148925781,33.896542281919764,32.70078670961248,33.896542281919764,112888540
2019-08-06,33.6993522644043,34.23639322463119,33.03224759690836,33.03224759690836,101975850
2019-08-07,32.046268463134766,33.271396678537016,31.538596861988918,33.14552631087396,133016090
2019-08-08,30.82953643798828,31.84487963778312,30.2589296544141,31.80292391567075,228263940
2019-08-09,30.405773162841797,31.353987750178256,30.279902808401918,31.089660646057727,133527610
2019-08-13,29.260364532470703,30.846314426397797,28.9792576890532,30.351229250953487,147820510
2019-08-14,30.598773956298828,31.11064206849537,29.654755841482142,29.671538769867503,187387690
2019-08-16,30.46451187133789,30.78757442024858,29.826773435673026,30.208577830856292,119202110
2019-08-19,30.170822143554688,30.791774522845554,29.96943019288255,30.703666544744138,98849660
2019-08-20,30.061731338500977,30.363817630185874,29.633774691608668,30.18340516159718,93637340
2019-08-21,28.782060623168945,30.05753427610503,28.685562793426335,29.95683991432525,114233780
2019-08-22,28.00167465209961,29.11351886741852,27.724764331882323,28.521935837262845,154598000
2019-08-23,28.970869064331055,29.281345244948778,27.720568075925925,27.942936281004144,112101340
2019-08-26,28.36669158935547,29.16805629735429,27.036675917331863,29.067361942640556,237649990
2019-08-27,29.44497299194336,29.763842217902525,28.542910629634243,28.610042340790347,173752960
2019-08-28,28.274391174316406,29.444974020091568,27.976501397945967,29.444974020091568,126417160
2019-08-29,28.156911849975586,28.752691359832312,27.573718735240103,28.0268481657013,134813100
2019-08-30,28.941495895385742,29.159667539029307,28.295367626226348,28.698148261348578,179722070
2019-09-03,27.808673858642578,28.62682476873731,27.60728513072297,28.614235172353233,92206530
2019-09-04,28.46738624572754,28.61003951734814,27.46462961665959,27.8086715998417,129047100
2019-09-05,28.96247673034668,29.537280053105732,28.719129057848704,29.03380177886684,142508850
2019-09-06,29.82258415222168,30.028169438522156,28.769478524735813,29.117717112460667,115554870
2019-09-09,29.68832015991211,30.25892689138251,29.214211260387017,29.822580379021844,143296190
2019-09-11,30.800159454345703,30.9386129827902,29.805792762335294,29.81418262426517,136500270
2019-09-12,30.63233757019043,31.844876048359087,30.460314967598062,30.947010252089203,188468200
2019-09-13,30.825336456298828,30.97637959981565,30.019775158219804,30.79596713400478,116222490
2019-09-16,30.300886154174805,30.745622581809272,30.09110433721266,30.376407736321838,80643190
2019-09-17,28.94569206237793,30.712054446134932,28.702347605513754,30.309273771548146,131984000
2019-09-18,30.061731338500977,30.317665380010897,28.97925652696879,29.201624713621257,162531840
2019-09-19,28.920516967773438,29.872924861897026,28.534519252156052,29.872924861897026,136564950
2019-09-20,30.926029205322266,31.97074155931208,28.87436368074444,29.193232878317417,267647140
2019-09-23,31.66446304321289,32.62945733065173,30.96379265169982,31.68543930103913,163931640
2019-09-24,31.114837646484375,31.828094475395513,30.896662785182862,31.719007044744757,95789890
2019-09-25,30.380599975585938,30.875681920676218,30.00299211821399,30.837922735447044,91169850
2019-09-26,31.53020477294922,31.832291073209976,30.489685649941748,30.628142404397295,140661520
2019-09-27,30.179210662841797,31.341400456694064,30.0407539029882,31.299444735803483,105687770
2019-09-30,30.250534057617188,30.519054497882706,29.00023635782139,29.789014750974335,147196960
2019-10-01,29.499515533447266,30.60296984417902,28.874366669084942,30.376405117272306,125641890
2019-10-03,28.49675750732422,29.27714602006859,28.400259676757464,29.075757294789053,121309560
2019-10-04,27.95132827758789,28.93310556837448,27.783502196824916,28.928909036075936,114452160
2019-10-07,27.254850387573242,28.38347746756128,27.145762958027625,28.098174098683927,124157800
2019-10-09,28.23243522644043,28.362498919028866,26.881439912787776,27.13317743435286,147767410
2019-10-10,27.687000274658203,28.07300120837406,27.52337073142645,27.93454445609607,115074980
2019-10-11,28.4464111328125,28.735907817451427,27.85902149860682,28.1107589986904,171588490
2019-10-14,28.93730354309082,29.60021483458931,28.777867317961377,29.012825123147817,167239630
2019-10-15,29.30232048034668,30.070122641643376,28.421237554751645,28.95408512282733,179722070
2019-10-16,29.151277542114258,29.688318386472925,28.970865083367276,29.688318386472925,128143020
2019-10-17,29.881317138671875,30.321856954341946,28.55969128962982,29.033796958212637,166951580
2019-10-18,30.17501449584961,30.44353495402052,29.51629974674028,29.868734848724827,165680360
2019-10-22,29.747060775756836,30.527449351332212,29.621190411560935,29.9987983031323,119442830
2019-10-23,29.889707565307617,30.103685880393495,29.306514464263504,29.53727570612239,93184500
2019-10-24,30.200185775756836,30.376401698736565,29.68831773194498,29.87712004927814,109734020
2019-10-25,30.39737892150879,30.959595761614263,29.87712099860244,29.898100457202002,149966920
2019-10-27,30.628143310546875,30.674295563397497,30.468710292255096,30.527448941152926,10820130
2019-10-29,32.74274444580078,33.539915943477006,30.674295724422397,30.674295724422397,251553140
2019-10-30,32.55813217163086,33.03643438211518,32.247656028214855,32.717568375802955,143714420
2019-10-31,31.932987213134766,32.73435205876224,31.56796571321091,32.63365768675497,217560230
2019-11-01,33.52313232421875,33.808435700634,31.71900756144346,31.891030174157116,241111950
2019-11-04,34.332889556884766,35.385991869768766,33.81682492944671,33.81682492944671,289344340
2019-11-05,33.89654541015625,35.06712829981895,33.69934999562655,34.73986918677664,208744340
2019-11-06,33.93849563598633,34.311906943064166,33.45599690855509,33.73291039075621,179351470
2019-11-07,33.825218200683594,34.30771377439762,32.62526606221345,33.9007397758676,407007600
2019-11-08,33.393062591552734,34.0853431137922,33.15391148761721,33.69095553950482,214235200
2019-11-11,33.686763763427734,33.87976264639358,33.06161485979745,33.187482026418785,135739740
2019-11-13,33.38887023925781,34.30771229656438,32.95252373488137,33.64060774535528,175114690
2019-11-14,32.889583587646484,33.45599369102077,32.67560529934399,33.237822072311886,108694250
2019-11-15,33.10356521606445,33.816821981018855,32.77630615447323,32.89378343801717,118132590
2019-11-18,34.408409118652344,34.62238423366729,33.22943331551526,33.26299916920952,189065280
2019-11-19,33.71193313598633,34.811190871969,33.56508652265294,34.73986583135223,142650830
2019-11-20,33.45600128173828,34.27834557116692,33.338523983393664,33.649000157735344,122556020
2019-11-21,32.314788818359375,33.49376477507295,32.15955232657988,33.48117837855206,102085540
2019-11-22,33.565086364746094,33.80004094497417,32.14696261820136,32.390307061573544,172719490
2019-11-25,35.20138931274414,35.327256481547394,33.816828048793035,34.00563360352263,276124580
2019-11-26,35.591583251953125,36.02373327566483,34.970627675453436,35.662908300309795,282763120
2019-11-27,35.35661697387695,35.830725807527884,35.176204529420055,35.688072543972915,109846790
2019-11-28,36.25868225097656,36.44329124253676,35.42375165908412,35.427948190987564,157660730
2019-11-29,35.87268829345703,36.040514375968854,35.33564739023221,35.86849176111476,126319560
2019-12-02,35.314666748046875,35.82653484212552,35.15943026775547,35.658708765228496,83371710
2019-12-03,33.53572082519531,35.121670822669174,33.26300382751485,35.07551856763018,168706560
2019-12-04,34.34547805786133,34.525890541811656,32.64205079150459,32.96091683675268,261132490
2019-12-05,33.54830551147461,34.559455337211894,33.3217407803839,34.49232362384445,111108840
2019-12-06,33.83780288696289,34.194431284698254,33.04902131910732,33.68675974422527,169310820
2019-12-09,34.127296447753906,34.555253046616386,33.72871236935729,33.816820327707624,123184520
2019-12-10,33.73711395263672,34.37065274662865,33.581874252901336,33.98465496465676,93495850
2019-12-11,34.030799865722656,34.25316803551191,33.594453388714214,33.76647598105133,82278630
2019-12-12,35.13425827026367,35.318867295941736,34.1356979607669,34.261568333004945,149846710
2019-12-13,35.94820785522461,36.46846580093016,35.53284080508158,36.10344753302292,216281830
2019-12-16,35.32725524902344,36.250297126459216,35.25593020242172,36.250297126459216,95658310
2019-12-17,36.871246337890625,37.081028128344975,35.49927483676626,35.54542708674751,307577380
2019-12-18,37.32018280029297,38.16350657462372,36.59014299617939,36.87124985395084,400283980
2019-12-19,37.48800277709961,37.710370947770535,36.753766560196645,36.92159262140621,205472860
2019-12-20,38.68376159667969,38.885153527697305,37.18172638194688,37.425070830613976,269312620
2019-12-23,38.78025817871094,39.22919103903141,38.352304775822994,38.68375715594338,186311430
2019-12-24,38.85158920288086,38.994242493183066,38.54950289496209,38.78446069057462,112355050
2019-12-26,39.26276397705078,39.606806014336286,38.8515902246772,38.8515902246772,182556030
2019-12-27,39.39702224731445,39.59002111707186,38.868371220838654,39.37604278713848,111443330
2019-12-30,39.837562561035156,39.9676294537962,39.027804684558674,39.447368284784496,114620740
2019-12-31,39.611000061035156,39.88371383367161,39.397021733890355,39.66134564317547,96441450
2020-01-01,39.25017547607422,39.98441176514336,39.00263129123106,39.690715328905995,121005300
2020-01-02,40.68508529663086,40.93262629930804,39.60680690661353,39.60680690661353,216749610
2020-01-03,40.58858108520508,40.79836288167753,40.231952671405146,40.52984243827409,129568630
2020-01-06,39.71169662475586,40.27810686230374,39.48513188953344,40.27810686230374,96016080
2020-01-07,39.95085144042969,40.66410836815215,39.7368730817063,39.90050264984283,131957880
2020-01-08,39.879520416259766,40.12286486511606,39.187239854182174,39.57743412000655,133048410
2020-01-09,40.54243087768555,40.78158200967935,40.20258537459339,40.697670567266776,101311520
2020-01-10,40.798362731933594,41.4402945146206,40.27810477487598,40.739624085218196,159276340
2020-01-13,41.5997314453125,41.70462234497238,40.928430327692496,41.20953717053709,109427500
2020-01-14,41.83888244628906,42.45983477789274,41.59973132380372,41.65846997136038,156608220
2020-01-15,42.132572174072266,42.25424599130782,41.04590408378638,41.27666212253027,121179480
2020-01-16,41.4864501953125,42.296208121704886,41.29345131143354,42.12418869953695,104383690
2020-01-17,41.557777404785156,41.864057051598095,41.27666734956615,41.39414785078562,56824600
2020-01-20,41.171775817871094,41.93957799094058,41.045908655722585,41.704623394116986,72918780
2020-01-21,39.95504379272461,40.93262456645613,39.73267239166188,40.93262456645613,113158030
2020-01-22,39.86273956298828,40.26552024528076,39.70749987460851,40.16482587496172,76621710
2020-01-23,40.29908752441406,40.43334775658249,39.70330474321377,39.934066017729705,72000200
2020-01-24,40.56340789794922,40.70605798167008,39.98021476553058,40.3032773204971,74811300
2020-01-27,38.8054313659668,40.089297989867944,38.60823598772947,40.089297989867944,129631190
2020-01-28,37.44605255126953,38.76767857563525,37.08942411955594,38.59985248982405,180152830
2020-01-29,37.945335388183594,38.57468082765493,37.72716050993099,37.99568097469078,110818340
2020-01-30,37.63904571533203,38.134130832753506,37.03906971032986,37.92015252580447,146520160
2020-01-31,36.81250762939453,38.11735061985993,36.62370529871645,38.01245972481298,107387270
2020-02-03,36.590145111083984,36.837689326262435,34.95804278745712,35.07552009594184,162371260
2020-02-04,37.92015838623047,38.046028751186455,36.371970822963405,37.08942422077328,133362630
2020-02-05,39.86273956298828,40.25293384911792,37.59289889181076,37.949527320828615,160567650
2020-02-06,40.07671356201172,40.88647143600071,39.57323852369385,40.11027941817057,166660740
2020-02-07,39.52288818359375,40.25293112173681,39.342475715112336,39.91727897539406,116499090
2020-02-10,37.2404670715332,38.872569264998056,36.92159783035015,38.62083173817621,267960480
2020-02-11,37.26564025878906,38.406853806891526,37.148162958428465,37.62226869231699,168243710
2020-02-12,37.58869934082031,38.13832980358416,37.13557311026522,37.76072194394153,117858580
2020-02-13,37.0264892578125,37.90337568221788,36.867056235470535,37.6558346842909,99652210
2020-02-14,36.46426773071289,37.387306211292646,36.363570179328576,37.00550186457908,94848170
2020-02-17,36.65727233886719,36.997117825484736,36.334206579105654,36.54398837598388,97247650
2020-02-18,36.199947357177734,36.51462006118799,35.352430282823924,36.418122224527295,115024230
2020-02-19,36.350990295410156,36.79572669011289,35.92723016024049,36.62370727747017,84651090
2020-02-20,37.219486236572266,37.56772478967892,35.91464319624614,35.9985578360999,129802370
2020-02-24,34.861534118652344,36.489442754640855,34.685318194452314,36.489442754640855,175231420
2020-02-25,35.3524284362793,35.70905684199342,34.77342864249259,35.15942957202243,145581760
2020-02-26,34.93286895751953,35.19299636116259,34.51330532478791,34.51330532478791,142707060
2020-02-27,34.639163970947266,34.899294511601056,34.15666847283827,34.815383086107936,102263790
2020-02-28,32.0336799621582,33.476979758875316,31.46726974691694,33.456000298637555,245328330
2020-03-02,30.548425674438477,33.06161402402115,30.040754086228283,33.03643803052018,202207720
2020-03-03,32.5203742980957,32.8098709944179,31.05609508493524,31.341398450148272,186489330
2020-03-04,31.647682189941406,32.717570640675966,30.63653238659454,32.562330957713506,229371480
2020-03-05,31.53020477294922,32.54135137136049,31.408530946398848,32.218288811980415,146284680
2020-03-06,29.495323181152344,30.06592994911152,29.088345965665077,29.952645981390155,148481880
2020-03-09,27.04507064819336,28.3373273701998,26.831093905527723,28.320544441223777,204221360
2020-03-11,25.152835845947266,27.359739476435156,24.846554637943715,27.187720080653243,286928700
2020-03-12,24.120710372924805,24.485730231127494,22.421476631947165,23.075996378127858,437671340
2020-03-13,27.414283752441406,27.86741320314693,21.427112662066687,22.656434123081965,338414370
2020-03-16,24.301122665405273,26.654874690526135,24.091340867808164,25.50946626770689,236054820
2020-03-17,23.7263240814209,25.815750865833504,23.5375201188668,25.173818993657886,206539390
2020-03-18,23.566884994506836,24.599012594663023,23.134735028911997,24.33468709701868,187721700
2020-03-19,22.81167221069336,23.873169194327705,21.859262658037263,22.568326157871592,187219810
2020-03-20,24.985010147094727,25.593377640620922,23.004671195051134,23.47038541097014,173077660
2020-03-23,22.752931594848633,23.327733222090256,21.276067676253994,22.48860610474157,121004020
2020-03-24,22.815868377685547,23.96966824539875,21.699829296936006,23.24801836143009,129288020
2020-03-25,24.066165924072266,24.754249902570933,22.408889551171434,22.408889551171434,94428290
2020-03-26,23.868974685668945,24.796209925053176,23.503954775236412,24.334690571656097,114938330
2020-03-27,23.264801025390625,24.7752292858013,23.00886698337198,24.41860088002624,111835940
2020-03-30,21.31802749633789,22.71937001092538,21.049505442820333,22.4046973049597,158537210
2020-03-31,22.62286949157715,22.8620222260643,21.792133720833128,22.006112062082636,157868130
2020-04-01,22.35015296936035,22.48441319215011,21.65787239518782,22.320783645656846,119647990
2020-04-03,21.2928524017334,22.56412957976297,21.062092745067464,22.463435213458023,125266950
2020-04-07,23.176694869995117,23.302563634790864,21.918004021021282,22.32497964051059,159566590
2020-04-08,23.05501937866211,24.578035644503633,22.37532681725263,22.740346689054824,204349980
2020-04-09,23.90254020690918,24.30112436989403,23.298367563127456,23.537518701121652,138556280
2020-04-13,23.709537506103516,24.50251402691532,22.979497763811334,23.91512436716763,155103280
2020-04-15,23.927711486816406,24.80879600310682,23.65499610836384,24.116515426057788,209917430
2020-04-16,24.242385864257812,24.49412500084956,23.159912538488776,23.159912538488776,172487980
2020-04-17,24.615793228149414,25.148639139920945,23.95707856883131,24.96403175021983,174923730
2020-04-20,24.03260040283203,24.754250244145958,23.923514580555917,24.73746731748564,119607480
2020-04-21,22.316587448120117,23.57947478834436,22.0900243190819,23.499756679517983,169249100
2020-04-22,22.517976760864258,22.64804204794754,21.750176235232644,22.329174428673372,147898560
2020-04-23,22.681608200073242,23.411647948730806,22.572520770636455,22.656433808547504,154678570
2020-04-24,22.450847625732422,22.979498660229353,22.190718640786066,22.34595672529346,123808460
2020-04-27,22.794889450073242,23.23543087699761,22.69838842084909,22.992083238968,124106120
2020-04-28,22.954322814941406,23.109562490130315,22.618672274884894,22.9836921371646,85471050
2020-04-29,23.71792984008789,24.011624680737462,22.761325342465753,22.90817196253648,198765690
2020-04-30,25.031164169311523,25.551423734569813,24.225602830146816,24.330493729548976,236333720
2020-05-04,22.958518981933594,24.011622834711634,22.664824163863432,23.915123406011492,128914590
2020-05-05,22.878799438476562,23.6969486656705,22.74034430184812,23.41164532900279,121823300
2020-05-06,23.30675506591797,23.533319768823862,22.82845287123304,23.000473864067235,95077310
2020-05-07,23.147323608398438,23.73471330293013,23.046629238226704,23.113759351843914,89583760
2020-05-08,22.899782180786133,23.83121228950627,22.824260604334754,23.73051792124318,98777550
2020-05-11,23.176694869995117,23.747300043769716,23.07599889785361,23.122151151730627,109074080
2020-05-12,22.987890243530273,23.227041369730593,22.19491528818099,22.933346526876896,150402970
2020-05-13,23.2060604095459,24.16685971781006,22.950126389256507,24.12490400322501,147231160
2020-05-14,22.534761428833008,23.092781806297378,22.429870524844205,22.824261348167347,107969020
2020-05-15,22.945932388305664,23.227040828655582,22.555738117698287,22.656434084519717,149896650
2020-05-18,22.371129989624023,23.176692896642823,22.022893049989076,23.000475360526067,116153670
2020-05-19,22.824260711669922,23.529127694858808,22.446652827637255,22.82006417934282,168970940
2020-05-20,23.764081954956055,23.831212066673125,22.664825775398505,22.824260390917086,144218120
2020-05-21,23.806041717529297,24.02001847042208,23.36969514634637,23.822823046799197,130358110
2020-05-22,23.029844284057617,23.516537965101264,22.933344854252447,23.41164707176851,106567390
2020-05-26,23.533321380615234,23.864776994548365,23.243823085190886,23.285778803191615,121075590
2020-05-27,24.162668228149414,24.368255100117803,23.415845518708448,23.68016943915733,140074620
2020-05-28,24.796207427978516,25.056338005086673,24.284340938605194,24.494122732752245,166019580
2020-05-29,24.771034240722656,24.913685922480855,24.154275263634553,24.510903667776027,131279850
2020-06-01,26.449289321899414,26.667462582609566,25.341641690992567,25.341641690992567,243843600
2020-06-02,26.80172348022461,27.14157057575611,26.39474627205199,26.684244582721547,165626630
2020-06-03,26.63389778137207,27.38072209581577,26.436702372430734,27.309393849314898,103869540
2020-06-04,26.847871780395508,27.070238345180485,26.39893731759375,26.591937763469346,112512660
2020-06-05,28.442216873168945,28.83660768211878,27.27583057548421,27.338765755787136,309184760
2020-06-08,27.993284225463867,29.436584050354966,27.468829719444283,29.176453463003394,164816490
2020-06-09,27.875804901123047,28.865975192563198,27.594694873566773,28.194670912863,149268320
2020-06-10,27.18772315979004,27.817068573664656,27.019897075886878,27.783502716680765,172188830
2020-06-11,26.277267456054688,27.145762337858528,26.09685498866545,27.019895184504044,139066840
2020-06-12,26.650680541992188,26.889830069732128,25.173816451446356,25.173816451446356,175578850
2020-06-15,25.694074630737305,26.432505835570982,25.39198833759677,26.32761493939808,185810020
2020-06-16,25.924833297729492,27.06604671691605,25.282899949183058,26.440896295241885,234418060
2020-06-17,25.861900329589844,26.415724159581085,25.597574810568705,25.77798728857429,114470230
2020-06-18,26.69263458251953,26.78493908252784,25.769594383960584,25.86189888396889,113692780
2020-06-19,26.898223876953125,27.342960288880015,26.62550688433109,26.935983066184782,151342880
2020-06-22,27.330371856689453,27.523370722980083,26.713612870382367,26.83109176332681,110312750
2020-06-23,27.859025955200195,27.984893124868897,27.36813727135761,27.498200973653553,125450560
2020-06-24,27.3597412109375,28.375084326454456,27.25065378168694,28.245020638397037,207826420
2020-06-25,27.112197875976562,27.473022786689608,26.93597875140759,27.019893382396592,113456530
2020-06-26,27.175132751464844,27.687000851632572,27.06604852104788,27.338765499122708,97063330
2020-06-29,26.92339515686035,27.355545148092762,26.189158864684373,27.103807630978523,119611330
2020-06-30,27.414283752441406,28.333129049536023,27.11220065298725,27.11220065298725,365236470
2020-07-01,27.162546157836914,27.657631326406804,26.877242786101448,27.607285743816902,104894330
2020-07-02,28.10236930847168,28.32054095628043,27.233872847186387,27.443654632047725,119713930
2020-07-03,27.68280601501465,28.278585521722693,27.46882769603617,28.278585521722693,106126140
2020-07-06,28.438020706176758,28.67297530124178,27.716370791601292,27.955521919011417,141439660
2020-07-07,27.71636962890625,28.433822981039622,27.527567294508682,28.429629649886714,108393710
2020-07-08,28.043630599975586,29.067366848911394,27.859024785343493,27.926153299477974,215601630
2020-07-09,28.90793228149414,29.243581236255004,28.236631170956226,28.27858689017431,244037810
2020-07-10,28.42123794555664,28.891150339476425,28.127544699991965,28.693954931304585,125261130
2020-07-13,28.70654296875,29.1177167370665,28.40445664117322,28.807240545286582,121150000
2020-07-14,28.249217987060547,28.446413391438263,27.909369293998772,28.446413391438263,83070350
2020-07-15,28.47158432006836,29.075756889517884,28.362496894803076,28.58486507633213,96874130
2020-07-16,28.668781280517578,29.075758480766012,27.82126102409964,28.362498447016158,105860440
2020-07-17,29.449169158935547,29.94005778686626,28.962473862137955,29.033798903594665,244153950
2020-07-20,29.570844650268555,29.763843526805474,29.084149326032243,29.461757215350705,95320490
2020-07-21,30.13725471496582,30.25892854534351,29.327496823912874,29.872927593415007,113681040
2020-07-22,29.3736515045166,30.451929937583724,29.08415156689777,30.25053798075833,178429190
2020-07-23,29.528881072998047,29.906488902783863,29.172252700817587,29.37783794108372,96250490
2020-07-24,29.042190551757812,29.352666694324835,28.744300804008702,29.117712121681247,89188290
2020-07-27,29.608600616455078,29.69670858087141,28.886950773407833,29.453360945236227,118356070
2020-07-28,30.082704544067383,30.20857488650078,29.600209033776174,29.671534067347736,106392570
2020-07-29,31.362377166748047,31.75676795076205,29.88551479423252,30.124665903450023,301158810
2020-07-30,30.762401580810547,31.70222310443639,30.552619790651985,31.635094596114016,103982570
2020-07-31,30.737228393554688,31.081270396933125,30.242143247130496,30.678489749149787,90249550
2020-08-03,31.341394424438477,31.622504422434584,30.38059675720787,30.607158246614134,111369710
2020-08-04,31.236507415771484,31.719006175526143,30.8505096883742,31.425312948379535,111842600
2020-08-05,33.21265411376953,33.38887004692106,31.303638568246484,31.303638568246484,305597410
2020-08-06,34.47383499145508,34.67614171225882,33.1868241574737,33.55269640718907,221228070
2020-08-07,34.783756256103516,35.01188828075465,33.84109757469577,34.08214223712154,151763170
2020-08-10,35.313194274902344,35.42941128860024,34.40066297287979,34.93010406280495,120182110
2020-08-11,35.85124206542969,36.81111859027161,35.511195076077314,35.56284890569597,258851910
2020-08-12,35.68337631225586,35.92872629095199,35.08506665747078,35.61450452961053,115744020
2020-08-13,35.56284713745117,36.30319895458584,35.196971609487974,36.00189317342561,124220440
2020-08-14,36.02772521972656,37.099520165654674,35.2185014810224,35.29598059417398,477423650
2020-08-17,36.59159851074219,36.944558149113384,35.661849248308584,35.984678305989085,181455010
2020-08-18,37.405128479003906,37.603129912292715,36.131030157849544,36.2989010096376,173400200
2020-08-19,37.164085388183594,37.495525111889556,36.91873539712285,37.40513335560271,118436810
2020-08-20,37.24155807495117,37.73226125632887,36.41942179507215,36.58729263975915,158466000
2020-08-21,36.918731689453125,38.050787751138365,36.72073025023524,37.51273929109395,134818760
2020-08-24,36.97468948364258,37.684914081817105,36.85416715842257,37.3276491292099,90928540
2020-08-25,36.50120544433594,37.245862604668645,36.28168077356162,37.18990675226953,105529000
2020-08-26,36.58729553222656,36.8240381698535,36.34625087136074,36.58729553222656,79571570
2020-08-27,36.746551513671875,37.03494464284043,36.41511188905658,36.63033123034414,95491160
2020-08-28,36.5184211730957,37.70643301656739,36.4194221017988,36.987601107983174,152112670
2020-08-31,35.55424118041992,37.03064626942657,35.295978579319886,36.71642781135079,157459100
2020-09-01,36.901512145996094,37.25016645109658,35.463845143309804,35.63171597791276,140728230
2020-09-02,37.762393951416016,38.024958574385195,36.76807818029124,37.02203875698099,117392780
2020-09-03,37.71504592895508,38.1928332228183,37.52565182068867,38.09383086150072,102142880
2020-09-04,36.268768310546875,37.35777777204592,36.07076688881858,36.854165246085685,105290810
2020-09-07,36.372074127197266,36.87999198009631,36.0234197929485,36.47537850697708,96263460
2020-09-08,34.8741455078125,36.65185961789455,34.658926136343936,36.65185961789455,116372720
2020-09-09,35.93302917480469,36.16976852270922,33.27291750331013,34.33179646015923,319997830
2020-09-10,35.123802185058594,36.66477373514987,34.529797878056684,36.50120818846483,229205440
2020-09-11,35.08075714111328,35.52410851574097,34.65031840318551,35.188366825595224,136871250
2020-09-14,34.83540725708008,35.64893621056787,34.620187887713215,35.295976576165685,123310520
2020-09-15,34.88705825805664,35.34332223322815,34.74070739108539,35.03771114759566,91323090
2020-09-16,34.83110427856445,35.29597893562967,34.66753872914692,34.99036780477768,99873490
2020-09-17,34.323184967041016,35.080758085708894,33.84970299936873,34.60297081102506,148080220
2020-09-18,34.04770278930664,34.92149288328203,33.866919311377984,34.61588177993019,168417030
2020-09-21,32.145164489746094,34.36622662901018,31.938552454379096,34.0907461045121,141383050
2020-09-22,32.20973205566406,32.584211661820056,30.836631409126753,32.19681941876034,220130270
2020-09-23,31.103504180908203,32.541167991987884,30.68597807889196,32.45508155783456,169844110
2020-09-24,29.60557746887207,30.75484817307933,29.506578392832296,30.7161102608865,124957470
2020-09-25,30.31149673461914,30.61280583744458,29.631402704684522,29.95853708227121,122425760
2020-09-28,31.077674865722656,31.417721855114944,30.61710555785956,30.98728312686955,122701960
2020-09-29,31.856773376464844,32.007426284860394,31.137938155285315,31.422029311677303,178916090
2020-09-30,30.970064163208008,31.981597768444487,30.819411270083457,31.942856576505736,129636870
2020-10-01,31.417722702026367,31.87829202230479,31.262764492961946,31.361766848081366,95540970
2020-10-05,32.911346435546875,33.186826972866626,31.809424286267866,31.861074834523414,195905330
2020-10-06,32.48952102661133,33.337482676857206,32.11934340776853,33.29874476241398,142863360
2020-10-07,31.94716453552246,32.65308382247392,31.85246748512875,32.36899267129277,96937190
2020-10-08,32.16668701171875,32.97160531689679,31.998812889540424,32.23555549929092,141111310
2020-10-09,31.809425354003906,33.311655722623506,31.59851127891096,32.37329908463465,220065830
2020-10-12,31.94716453552246,32.467995028700855,31.206809360430192,32.153773296393254,157568610
2020-10-13,31.71042251586914,32.3905165417125,31.564074914452956,32.02464425418493,119024640
2020-10-14,32.33025360107422,32.4766011944455,31.81372843342779,31.88690223011343,148921160
2020-10-15,32.188209533691406,33.45370052270368,31.981600770579455,32.7994317768793,316506980
2020-10-16,33.90565872192383,34.08214018484951,32.30012403153603,32.46368957347759,288554790
2020-10-19,34.04770278930664,34.435098302001535,33.729179049529456,34.2284862672353,147289680
2020-10-20,33.78083801269531,34.20697149942328,33.539790054839564,33.746402121003435,109496320
2020-10-21,34.783756256103516,35.12380328144685,33.94870726813402,34.11657812717871,263519520
2020-10-22,35.265846252441406,35.60158794565897,34.44370667916358,34.5986648889543,208883010
2020-10-23,36.453857421875,36.6733788116754,35.48537027067949,35.55423876042463,285885950
2020-10-26,35.15823745727539,36.445248408528954,34.79236517422182,36.445248408528954,166073190
2020-10-27,35.38206100463867,35.885676796239096,34.72779560380557,35.18405959012357,160621710
2020-10-28,34.63309860229492,36.0018938468593,34.47383509556729,35.42080223861684,169657540
2020-10-29,34.555625915527344,34.865542373171294,34.03049006051814,34.387755048301436,138603960
2020-10-30,35.343326568603516,35.5456333096518,34.02187971714646,34.66753785207311,180209980
2020-11-02,34.68045425415039,35.51120127596582,34.32318925921702,35.2959818742933,131431090
2020-11-03,35.02910614013672,35.48537347231063,34.81819206102986,35.080759975096186,122580340
2020-11-04,34.77083969116211,35.73071949317275,34.555620328593406,35.20127841629952,136143660
2020-11-05,36.63033676147461,36.86707938623334,35.222803501872505,35.46815345662836,265177560
2020-11-06,36.716426849365234,37.2673879263398,36.38498717138121,36.544250691813915,173981930
2020-11-09,37.73226547241211,37.87000575226356,36.793908789678056,37.27599812716448,158308620
2020-11-10,38.04217529296875,39.01927308808559,37.495519529012554,37.878609751278105,262002400
2020-11-11,40.80128860473633,41.09398707962622,37.84417327536293,38.042174701908,368618330
2020-11-12,40.732418060302734,41.313513004700745,40.142719069776355,40.63341898603333,234936850
2020-11-13,41.8859977722168,42.04526130739176,40.030807630743254,40.53442022890854,234181870
2020-11-14,42.37239074707031,43.00083091532877,41.92473406201217,42.74687035027282,78374000
2020-11-17,44.998069763183594,45.708294396057404,43.19022494459687,43.56040255242232,642845990
2020-11-18,44.52458572387695,45.09276474727734,43.96070872354193,44.59345421678063,174815130
2020-11-19,45.07554626464844,46.11720724777582,43.90475234338686,44.064015862554086,201379980
2020-11-20,45.87615966796875,46.633729452386106,44.851713410334725,45.28215213129374,266860000
2020-11-23,46.75425720214844,47.00390917595146,46.173162274950734,46.315207847554035,170254250
2020-11-24,47.2019157409668,47.38700125413163,46.60790815364856,47.171781875303196,130291260
2020-11-25,46.594993591308594,48.09292185102271,46.44434068915025,47.434347820467174,176809890
2020-11-26,48.93227767944336,49.16471500065028,46.594995114180854,47.00391061683057,225701850
2020-11-27,49.702762603759766,50.13320135043268,48.471707525556255,49.07001712071265,462912480
2020-12-01,50.430206298828125,50.963949437487884,49.66832786062455,50.963949437487884,147391090
2020-12-02,52.02713394165039,52.30691650759067,50.279550348373476,50.42159592688868,249970850
2020-12-03,53.451881408691406,53.78331778450981,52.3413487015821,52.42743841762945,247756520
2020-12-04,53.60684585571289,54.450505467293674,52.9095338524734,53.71876085761269,201535520
2020-12-07,52.90522766113281,54.149195369979445,52.466178302724,53.68432073777729,155883210
2020-12-08,52.81053161621094,53.49923296368882,51.863564389940166,53.030053015603,170158530
2020-12-09,52.45757293701172,53.434667478627844,52.263873524347765,53.20223015382337,127307310
2020-12-10,52.522132873535156,52.85787784457738,51.09307640812865,52.16917324304279,198293280
2020-12-11,53.520751953125,53.843581011731075,52.8793991428773,52.935358281454036,163956980
2020-12-14,53.955501556396484,55.001467945259456,53.83067391348013,53.955501556396484,177227150
2020-12-15,54.69585037231445,54.846503273998884,53.14627157044161,53.671407356873324,132263120
2020-12-16,55.38885498046875,55.909688755837756,54.94120157213037,55.199467448308624,160402560
2020-12-17,54.69154739379883,55.6126860707273,54.36011099598281,55.38885607813533,79651860
2020-12-18,54.342891693115234,55.169333297439785,54.063105851363176,54.94550659443035,253515060
2020-12-21,51.29538345336914,54.03727938779476,50.41298601371575,53.718755642221495,190766540
2020-12-22,51.76886749267578,52.55226589350626,50.361334212211865,51.3082981573082,188468790
2020-12-23,53.49492645263672,53.73597109783202,51.33412540781038,51.566562723100276,122383430
2020-12-24,53.57240676879883,54.83359244561252,53.30983886692387,53.830669363630264,120907400
2020-12-28,54.46341323852539,54.69585055216867,53.942582757282594,54.084628329617985,104805170
2020-12-29,54.424678802490234,55.06603164641819,53.46479890620639,54.91107342743078,104163260
2020-12-30,55.13489532470703,55.436201121977405,53.72305681637689,54.489237229996036,115144280
2020-12-31,55.41038131713867,56.25834622397691,54.79915904865175,54.79915904865175,177130120
2021-01-01,55.36302947998047,55.931211778058845,55.09615955886889,55.52659830542255,84113960
2021-01-04,59.6588134765625,60.25281448632954,55.65142319028921,55.87095115665829,381849550
2021-01-05,58.58701705932617,59.731985681991944,58.117840409879115,59.14228014302446,215452540
2021-01-06,58.866798400878906,59.97302909055625,58.10922859989894,58.88401962815902,196105220
2021-01-07,62.224220275878906,62.97318601271074,59.546890913609154,59.65880918424673,382321940
2021-01-08,61.39347839355469,62.60731220139336,60.52829233948338,62.58578895121731,193293130
2021-01-11,59.88694381713867,61.29447376374777,59.24558773200446,61.29447376374777,170245090
2021-01-12,59.82238006591797,62.37057686645946,59.49524895616401,59.83099068058834,245254840
2021-01-13,61.04913330078125,61.514007973967,59.658817872552085,60.38625389776701,193538710
2021-01-14,60.80808639526367,61.50539509538839,60.01177204988163,61.122304855841875,115408580
2021-01-15,60.769344329833984,62.112317801193996,60.059122963922384,61.29448017138333,206884370
2021-01-18,57.39469528198242,61.014686363157814,56.774862496623804,60.950123184671874,250452260
2021-01-19,58.63436508178711,58.87971174570306,55.698769752722264,57.850963430462286,312451180
2021-01-20,59.41345977783203,60.21837813371357,58.76349963373254,59.41345977783203,233131500
2021-01-21,57.39469528198242,59.80945667695755,56.95565253233123,59.486627648581056,161178670
2021-01-22,55.698768615722656,58.17809988537093,54.549501287413705,57.67878938601413,237156650
2021-01-25,56.124908447265625,56.9771753347132,54.32136903075716,56.043124033747716,163484730
2021-01-27,53.890926361083984,56.05603259446106,53.701535557638636,56.03450934489402,149180840
2021-01-28,53.69292449951172,54.2869320291794,52.73735002481744,53.202224626126025,170917520
2021-01-29,51.73873519897461,54.56241556455209,51.30829645926937,54.23958650977317,268265750
2021-02-01,54.76041793823242,55.09615963557378,51.43312497778606,52.07448107551457,210846940
2021-02-02,55.23820495605469,55.7848640014556,53.727364040985286,55.3544252562838,180489570
2021-02-03,56.22821807861328,57.188094687321424,54.85941938801271,55.517990174253534,148463810
2021-02-04,56.46925354003906,57.119213606078915,54.97563074051478,56.30138271143416,147649950
2021-02-05,58.97441101074219,59.45219828788701,56.077560050598365,56.551045304696515,291008880
2021-02-08,60.515380859375,60.68325170519804,58.77210264938261,59.74489840494978,214621690
2021-02-09,60.19255065917969,61.67756296981585,59.53828851599591,60.82099409731343,293370280
2021-02-10,59.42207336425781,62.37057499063755,58.543974597576785,61.1223051879329,573979190
2021-02-11,59.80516052246094,60.6574274019667,58.78502279444686,59.19393829025183,163407050
2021-02-12,58.58271408081055,60.08063902986459,58.410534647142725,59.83098377702662,147054790
2021-02-15,57.86387634277344,59.22837292077853,57.678790838233446,59.15089053266433,131716720
2021-02-16,60.19255065917969,61.001777576454245,57.532442450141296,57.86387554457922,336618380
2021-02-17,59.9859504699707,60.5627368764188,59.18533405207456,60.059124276641754,159574830
2021-02-18,60.067726135253906,61.2083861435169,59.74489708748433,60.2614222503209,148561470
2021-02-19,57.739051818847656,59.91707077343424,56.46925886048312,59.91707077343424,223923860
2021-02-22,58.931365966796875,60.08063654612664,57.75196152483078,57.92844297405436,281491090
2021-02-23,62.7838020324707,63.36058843347384,58.7290694278465,59.36611699659661,389070710
2021-02-24,62.646060943603516,64.13538210246915,61.98318807218496,63.274504490355476,216767890
2021-02-25,63.954586029052734,64.82407408552115,63.01192417808567,63.29170671987307,219015960
2021-02-26,61.56565475463867,63.842679452291755,61.217000413101324,62.41361962952603,235515910
2021-03-01,62.87849426269531,63.55427969424787,61.23852365326182,62.32753318047026,140586460
2021-03-02,63.317543029785156,63.68341202810473,62.254358787186035,62.882795686875724,111133990
2021-03-03,66.90308380126953,67.36365636160868,63.79101384800538,63.79101384800538,288428350
2021-03-04,65.25020599365234,66.02069500419502,64.01915095390257,64.65189641718499,228738220
2021-03-05,63.128143310546875,65.08233218030999,62.585786327927934,64.43667410993396,168819600
2021-03-08,63.468196868896484,64.66912474451497,63.27880275460722,64.0449832584323,106145960
2021-03-09,60.8425178527832,64.64759469595478,60.45511905028658,64.13537155014825,195564380
2021-03-10,62.370567321777344,62.839750513881526,60.52398812002894,61.544125775206666,196858600
2021-03-12,61.9788703918457,64.13536590095786,61.46664729115696,63.704927203636,161214090
2021-03-15,63.395015716552734,63.61884569549465,61.55704049788061,62.15535007068832,155429990
2021-03-16,62.33183288574219,63.71354413098905,61.91430678252291,63.71354413098905,125699980
2021-03-17,60.64020919799805,62.499701059879065,60.317380156812746,62.40931260641243,105409590
2021-03-18,60.678951263427734,62.23283541750048,60.115077550405125,61.660351090423774,143206510
2021-03-19,63.10231399536133,63.42514300986426,58.64727096803169,60.4981586314431,246378140
2021-03-22,64.0062484741211,64.19134057412653,62.41362622204997,62.93876208535624,137603700
2021-03-23,63.803932189941406,64.51846207016189,63.12814678773747,64.22145829055374,118738960
2021-03-24,60.502464294433594,63.10231779240249,60.171024647234475,62.930138366856546,210302830
2021-03-25,62.254356384277344,62.904316510068895,59.25849989686916,61.13091102249601,367224000
2021-03-26,66.0163803100586,66.70938686920455,62.430825205605416,62.87848512484068,429122470
2021-03-30,68.87019348144531,69.73107089996338,66.9676551746772,67.14843864440918,284794680
2021-03-31,69.89033508300781,70.893258120598,68.0179305323608,68.35367221917954,280445850
2021-04-01,74.29803466796875,74.80164722929415,70.50587024111883,70.67804311802564,368420980
2021-04-05,74.70265197753906,75.57214015676882,72.06836216378919,74.20764343713728,305759860
2021-04-06,74.28081512451172,75.97243618843122,73.87620166560687,75.36982459089666,207789200
2021-04-07,75.3138656616211,76.18765576444204,74.43576696796556,74.85329306454194,171132080
2021-04-08,79.06298828125,82.09758285273269,75.98965579768257,76.10157407878195,530630560
2021-04-09,77.43592834472656,80.06160734172546,76.24791976154582,79.28681627966235,321790690
2021-04-12,73.30802154541016,76.89357707625427,72.6021022669518,75.46021526851173,221355040
2021-04-13,75.67113494873047,75.89496494186035,73.08850240145621,74.2076392311572,204285020
2021-04-15,77.32401275634766,78.46898134797374,75.71416955079879,76.7902663697014,218563570
2021-04-16,76.63961791992188,78.7186377937769,76.2952656190479,77.80610321126481,173985980
2021-04-19,76.45023345947266,77.39289545680934,74.03547159417619,74.87913450922798,191469960
2021-04-20,76.96244812011719,77.97397521957515,75.92939120206407,77.47897329515678,169152930
2021-04-22,79.32125854492188,80.80627103528148,77.2250237697872,77.47467905252202,319028150
2021-04-23,79.68282318115234,81.3529277142874,78.40441950591844,80.04439674043195,247523860
2021-04-26,80.98704528808594,82.29988474221534,80.06590665875765,80.49204337048374,212348580
2021-04-27,84.17230224609375,84.62426426528373,81.29266584242615,81.63701816980777,249045150
2021-04-28,83.62564849853516,84.88252899074674,82.81642146284732,84.79644254541233,204479680
2021-04-29,88.7865982055664,89.26868747885973,84.62425649668354,84.62425649668354,447186470
2021-04-30,89.01472473144531,90.6159572255215,87.04331469157789,88.15384732895158,281297380
2021-05-03,91.66193389892578,92.02780947718686,87.68037531373764,88.83825664506284,264841000
2021-05-04,91.5844497680664,93.54724931199436,91.0420927686306,92.49697776740778,249616280
2021-05-05,92.12680053710938,93.6935972461592,90.13386712236615,93.31911765410892,192498390
2021-05-06,94.77400207519531,97.19307234839552,89.74648056136378,90.82257745058877,464345370
2021-05-07,101.78585052490234,102.61659414987437,97.2877669546032,97.7095950855433,540754330
2021-05-10,104.71282958984375,105.80183902950452,103.30529313188914,104.16617057465488,280808840
2021-05-11,106.22366333007812,107.26532421033183,101.3166647093832,102.44441201723319,411083810
2021-05-12,101.51036834716797,107.33850596842856,100.14156974529881,106.05580036851856,308891920
2021-05-14,97.4599380493164,102.01398067521052,96.00505301641618,102.01398067521052,376480320
2021-05-17,99.07408905029297,99.70683455580007,94.99783344917131,97.96786484742341,287534300
2021-05-18,101.58354187011719,102.999682424076,99.6078296448045,101.1531031333794,245738800
2021-05-19,100.2276611328125,102.40568006062878,99.68961271910398,100.98092891200443,174350260
2021-05-20,95.13127136230469,97.75264849547953,94.52865970408891,97.37386027147276,284462530
2021-05-21,95.82427215576172,96.75402142948018,95.20013728359876,95.90175454589196,141049260
2021-05-24,94.00782012939453,95.46700722539728,93.15555324563407,95.38522938020726,189238420
2021-05-25,95.14418029785156,96.93050508657858,94.69652687887825,94.86439773199002,181137520
2021-05-26,93.15985870361328,94.18000304230864,92.32911504026099,93.87869722057397,154327030
2021-05-27,94.40813446044922,95.53588191517127,92.54433383277639,93.1598581098272,227910320
2021-05-28,94.9978256225586,98.44994604803415,94.47699844157202,97.36523861824887,192085810
2021-05-31,96.90467834472656,97.2490240919658,94.61043900828619,95.72957582276196,154286470
2021-06-01,94.77400207519531,96.67654715516237,93.44825648748741,96.4182812745587,176909250
2021-06-02,96.76693725585938,97.26194577407709,95.04088018075889,95.12696661976109,128625910
2021-06-03,96.5904541015625,98.11851299709615,95.81566959608554,97.24042082583432,121094770
2021-06-04,96.4785385131836,97.17584716728526,95.29913400609688,96.07392504841758,97133470
2021-06-07,97.16724395751953,99.00091063347767,96.89606544838051,97.27915566593893,122185920
2021-06-08,95.652099609375,97.51159159517422,94.70082708138027,97.51159159517422,108343730
2021-06-09,94.7826156616211,97.10698895602138,94.17569542075205,96.16001840942809,111143380
2021-06-10,95.94049072265625,96.91758850379853,94.94617828178183,95.49713934484622,77767640
2021-06-11,99.7197494506836,100.25779791530375,95.82427725323882,97.08976829290133,174458560
2021-06-14,100.27501678466797,101.46732742526841,98.14003763738461,100.55049732935218,160312640
2021-06-15,101.09284973144531,102.16894665587611,99.87040520160579,100.72267212672214,97681020
2021-06-16,98.32512664794922,101.99246686592055,97.42120915730541,100.63658734596761,175211070
2021-06-17,97.1457290649414,99.79055487714014,96.43281578412227,98.4835427190021,162076870
2021-06-18,96.1379623413086,97.68700821166527,92.43696174389895,97.25574029326685,403470770
2021-06-21,97.35697174072266,97.60781560469992,93.61636569372298,94.17525812446215,130014320
2021-06-22,97.89825439453125,99.54411659154557,97.38777012686764,98.06547690535216,90246340
2021-06-23,96.8244857788086,99.24047283022132,96.62645504401401,98.61997742319228,78063360
2021-06-24,97.97306823730469,98.61997353643847,96.67925763903715,97.25574992392195,72394700
2021-06-25,102.55860900878906,102.97667536492926,99.45610526698297,99.89617652922625,180227700
2021-06-28,104.20887756347656,104.64894883129956,102.3605795816109,103.32873502783058,116603350
2021-06-29,103.20111083984375,104.91298780705903,102.58501374944031,104.25288090378906,78037590
2021-06-30,102.67742919921875,104.82497237333375,102.34297074537412,103.94923486697732,80432670
2021-07-01,102.40898132324219,103.57516742449334,101.78407425262185,103.1438994890246,56149280
2021-07-02,99.98418426513672,102.69502471187567,99.47370001575973,102.62461170197108,75734070
2021-07-05,101.81929016113281,102.25496314681331,99.98419372470775,100.86433628692342,76799000
2021-07-06,102.73463439941406,103.68079163826543,101.23839480000639,101.97771129431479,91468350
2021-07-07,107.2585678100586,107.81746019821213,101.9645110158897,102.79624544024915,167456260
2021-07-08,104.71495056152344,108.25752539823709,103.96243249900763,107.81745415678084,124105850
2021-07-09,109.08045959472656,109.49853265804582,104.56093265031166,104.91298428159502,178593560
2021-07-12,107.98908996582031,110.76593863827617,107.23216683518818,110.10583172539614,166477750
2021-07-13,108.14751434326172,109.44132494835311,107.65023166056825,108.96164887679205,79155280
2021-07-14,109.55134582519531,109.8153845649638,107.28937970824228,108.42916271505344,83413880
2021-07-15,110.54150390625,111.40844484942893,108.93523973421304,109.67456296307107,96555510
2021-07-16,112.5218276977539,112.77267155285105,110.8143489667843,111.31163166656675,84969250
2021-07-19,111.46124267578125,113.6175890570121,110.34346468531623,110.8099391234226,89046290
2021-07-20,108.55238342285156,111.98054250467261,107.8174651802745,111.95413258692346,85799400
2021-07-22,112.04214477539062,112.4778110224722,109.84178848926712,109.92980139772116,78940240
2021-07-23,112.78146362304688,114.0224678175529,112.1301600289203,112.60103279222217,86418650
2021-07-26,114.23809814453125,115.14464387663185,112.48661638887216,113.45036681929109,86784330
2021-07-27,117.11616516113281,117.45501519248182,115.12703449476349,115.73873998514773,103413820
2021-07-28,120.13945770263672,120.57512396596536,114.96421522710595,117.23498461065701,128351250
2021-07-29,128.37759399414062,130.41951774430564,120.40350457073423,121.01960167509826,300610410
2021-07-30,126.23883819580078,129.61859575961122,125.6667509161756,128.11795111577723,140492650
2021-08-02,124.10450744628906,127.356627260612,123.70404096513732,127.26862106151118,97689200
2021-08-03,123.85366821289062,125.05506770118343,122.37063007509038,124.45215873678792,86405600
2021-08-04,124.64578247070312,127.44464273714763,123.66882371212006,124.98024093415427,112894350
2021-08-05,127.32142639160156,127.62067163985462,122.11978062089537,124.56657587173567,162217990
2021-08-06,125.75916290283203,128.23676631963968,125.50833248384872,127.53264959656447,96740250
2021-08-09,124.29373168945312,127.02657054032166,123.6952277733252,126.21243599752817,78594930
2021-08-10,120.89637756347656,124.80421251654772,120.33308688564075,124.27612163049142,84516230
2021-08-11,125.52593231201172,125.8339875915158,121.82933610751383,122.33982042302647,145353570
2021-08-12,126.33128356933594,127.15421483138128,124.67661102324801,126.38849499267155,109431080
2021-08-13,128.64602661132812,129.96184882216073,122.39702272458463,123.66002510264828,289698720
2021-08-16,133.72886657714844,135.05787704636154,129.57459249958418,130.6131543040202,271144880
2021-08-17,132.34701538085938,135.01384591932597,131.2952521408581,133.72884546820165,189709230
2021-08-18,132.0609893798828,133.68485348456161,130.98282279712384,132.85312574528524,123317450
2021-08-20,121.07240295410156,127.35662001238799,119.94582160241333,127.18499920446745,273400690
2021-08-23,119.58056640625,124.08248672906466,115.3646762819799,123.395976648813,229257290
2021-08-24,123.62921905517578,124.98024108159522,121.19562546145237,121.63569673286644,176075790
2021-08-25,122.357421875,125.50833383654138,121.5256807133627,124.8042171058774,125650100
2021-08-26,121.02400970458984,122.75789166078204,120.13946211452708,122.37501835753446,91578980
2021-08-27,121.8249282836914,122.73148748903427,121.09442176671557,121.3716553959749,73940810
2021-08-30,126.79332733154297,127.18059218316988,123.04392508879941,123.13193128149989,134443870
2021-08-31,127.64266967773438,128.41279441945812,126.03641218812109,127.18060020466402,247521080
2021-09-01,124.2057113647461,128.10474981360557,123.83605310829262,127.73068654686628,88128970
2021-09-02,125.4291000366211,126.03640049683202,124.1000897260945,124.18810934609057,61480460
2021-09-03,127.06178283691406,127.88030895414289,124.6677940496696,125.68435761069733,84523820
2021-09-06,126.47647094726562,127.792293079476,125.25747845439139,127.35661342209686,69586760
2021-09-07,125.74595642089844,128.4127871584814,125.03744814493118,127.09257339017661,63527170
2021-09-08,125.84718322753906,126.97376461874505,124.8570228573839,125.50833318007561,46762240
2021-09-09,127.35662078857422,127.79230047115367,124.98023865505846,124.98023865505846,53130300
2021-09-13,128.80445861816406,129.55697671504413,126.43246807204028,127.35662040728214,56702080
2021-09-14,127.82308959960938,129.90903642569614,127.53264096737176,129.90903642569614,55037670
2021-09-15,128.0695343017578,128.82645741236777,127.12778878117972,127.82309546852751,44174640
2021-09-16,126.45448303222656,129.54818354543596,125.97040194575443,128.50081176649886,56067970
2021-09-17,121.97894287109375,126.76692010287815,119.69937707497627,126.47647147338661,195720300
2021-09-20,110.29065704345703,118.98646943949858,109.78457778038818,118.81924021189639,282384120
2021-09-21,113.73202514648438,114.14569323305705,108.51277938378695,110.72193913753068,255935400
2021-09-22,114.92901611328125,116.00279110168891,112.9310887587969,114.36572541689605,111242470
2021-09-23,116.06439208984375,117.890698598569,114.95101231741641,117.05895745450944,99462510
2021-09-24,111.96292877197266,116.53086386863365,110.76153611656011,116.17881223382808,132866160
2021-09-27,111.82210540771484,113.42395774689798,110.99037102796954,111.95412140850438,86688770
2021-09-28,112.74185943603516,114.13687783747808,111.1620051925234,112.08175253278966,81007360
2021-09-29,114.02685546875,115.28106122083516,111.53165899483004,111.77809782114538,94945770
2021-09-30,113.44157409667969,115.86196613829004,112.99709780601286,114.68257833028368,75145680
2021-10-01,114.22930145263672,115.38669102810276,111.33803001908157,112.21817254887668,90374700
2021-10-04,116.5440673828125,116.86091923130374,112.69344380804847,114.22930165763549,96902370
2021-10-05,115.90156555175781,117.29659735456826,115.3118716751792,115.65072171047846,57952160
2021-10-06,112.64944458007812,116.93574127249502,112.05535237996533,116.17002154146677,86316930
2021-10-07,113.46796417236328,115.01701006502232,112.97068153437588,113.97844841003581,46033670
2021-10-08,114.51974487304688,118.29555024440218,114.09726680849002,114.59454946391665,107220150
2021-10-11,115.58032989501953,116.82572573486812,114.24250941486125,114.8586065340427,63496580
2021-10-12,116.97974395751953,117.49902481404392,114.85859729013282,115.58032059302478,60970190
2021-10-13,119.19770050048828,121.15602306920863,116.00718371925582,116.66289905904769,132857180
2021-10-14,121.02400970458984,122.39262496950111,119.17129990501013,120.93158506419734,82273710
2021-10-18,124.19251251220703,125.39831695508344,122.43663239771762,124.80421803945696,109232300
2021-10-19,120.30667877197266,125.55672548702938,119.48374769489892,125.06825285279533,87569240
2021-10-20,118.22954559326172,121.10761537626759,116.76410078576004,120.75555031249574,69757740
2021-10-21,115.71234130859375,119.510158533903,113.51198494907824,119.40893730659789,83575730
2021-10-22,114.0884780883789,116.58807970817841,111.86611680576861,116.1788166454466,80712890
2021-10-25,113.8288345336914,115.8267618286919,111.53606029818603,114.5945542339727,64185010
2021-10-26,118.26036071777344,118.90726604099305,114.54615801478478,114.68257903812479,77228750
2021-10-27,116.72010803222656,118.96886578048988,116.28883335191566,118.46719151514519,72418040
2021-10-28,114.3833236694336,115.82235180279552,113.6351971825407,115.72994060191394,93076820
2021-10-29,115.82235717773438,117.38460479474013,113.53838624059479,113.56038443185604,79147600
2021-11-01,120.13066101074219,120.83476430403917,117.05895868858265,117.93910123511334,96875330
2021-11-02,115.61992645263672,120.57952469568089,115.36908261239091,120.57952469568089,72161370
2021-11-03,116.71129608154297,117.23498195972093,115.47469690498065,116.6012782656217,57302440
2021-11-04,116.6980972290039,117.49903017095046,116.53967801670301,117.14697852367546,6744340
2021-11-08,118.22514343261719,118.61240829714572,114.95541713537409,118.0183093995126,54936670
2021-11-09,117.58264923095703,119.72579426777892,116.95774208903222,118.18994976087987,47565160
2021-11-10,114.29090881347656,116.9709413075235,113.28315524788731,116.8829351091266,118804170
2021-11-11,114.3833236694336,116.57486986979134,113.39316337026224,114.84979811376162,136638600
2021-11-12,113.29634857177734,117.9390948826961,111.87491360092397,117.9390948826961,232395580
2021-11-15,109.61735534667969,114.33051507349052,109.26970198427793,113.97846341559934,121082150
2021-11-16,108.15190887451172,110.99037383238316,107.70304103057718,109.61734695489125,123148800
2021-11-17,107.38179016113281,108.90883803346895,106.946123893347,107.81746314387343,87802040
2021-11-18,104.43771362304688,108.10790628389546,104.032842158654,107.69423822915606,101083510
2021-11-22,102.54100036621094,105.33545551206922,100.86432996467774,104.5697291135541,96210010
2021-11-23,104.91739654541016,106.40923793121259,102.54981088610089,102.80505303689617,93829630
2021-11-24,103.72480010986328,105.87674841616732,103.07789478634659,105.65231447911343,67671010
2021-11-25,103.29792022705078,104.43770984137645,102.62461176742492,103.85681258172436,47502860
2021-11-26,97.89825439453125,102.05252140340374,97.36576522111491,101.91170209350433,106455260
2021-11-29,98.1138916015625,100.07220747589946,94.61972452591493,97.89826096958518,93929910
2021-11-30,94.28086853027344,99.27127497376358,93.5591519372905,97.77943368092274,133559840
2021-12-01,95.27983093261719,96.55163667012265,93.86720587652384,96.11156538773383,93791140
2021-12-02,97.90705108642578,98.22390292772121,94.52730706588049,95.31943666911907,91286810
2021-12-03,98.39994049072266,99.8257671345083,97.01371193543075,98.13589503782283,100737840
2021-12-06,97.59020233154297,100.4242623822303,97.00931174743293,98.04788021231298,82159400
2021-12-07,101.11077117919922,101.7048700714632,98.66397602623732,98.67277933170286,85053900
2021-12-08,103.24071502685547,103.59276664497182,101.1283717433864,102.00851421858566,74485010
2021-12-09,103.57957458496094,104.03284746423972,102.00852361380896,104.03284746423972,52123940
2021-12-10,103.8568115234375,104.64013778501965,102.76543674015804,103.28031927962803,48121300
2021-12-13,102.5630111694336,105.52909400612303,102.24176101607596,104.56093853569077,53537780
2021-12-14,102.73023986816406,103.67199213134565,100.95234815059766,102.00411823291239,53522640
2021-12-15,101.57284545898438,103.46955149675689,101.12837590808797,102.98107213430642,44308330
2021-12-16,101.49803924560547,102.87105948358857,100.6487049026096,102.44859481726522,42460080
2021-12-17,99.64093017578125,101.9953140151568,99.01602981562824,101.56844437164419,47435020
2021-12-20,94.43489074707031,98.32952411190081,93.82759697009692,98.31191750100038,73526500
2021-12-21,97.2645492553711,98.95002294347019,95.49546095563706,95.93553220428055,70268490
2021-12-22,99.35488891601562,99.54411633209607,97.69581840791027,98.13588966199995,43669170
2021-12-23,99.24927520751953,100.93474901514207,98.59356658315832,100.16022597998868,46214780
2021-12-24,98.17549133300781,99.75975048319923,97.15452954784885,99.46049854818342,40936300
2021-12-27,98.73439025878906,98.98963240080359,97.02251328963612,97.7882397156797,27588510
2021-12-28,99.23167419433594,99.58813085261129,98.75199140133053,99.19206267622943,28807810
2021-12-29,98.24591827392578,99.1612673888347,97.51980331085085,98.57597175076988,41935200
2021-12-30,96.90369415283203,99.19206345733552,96.72766832746822,98.39113722248896,41140930
2021-12-31,97.82344055175781,98.8840139337832,97.04891752683122,97.25575156282638,36870210
2022-01-03,100.55188751220703,101.30440562811646,98.13589380780604,98.13589380780604,38658030
2022-01-04,101.11077117919922,102.0701300263053,100.02819963034854,101.48043614425139,59757310
2022-01-05,103.64559173583984,103.92723709184939,100.44627158862377,100.95235088435885,61861760
2022-01-06,102.38257598876953,104.12086283834016,101.70486920271287,103.15270069403846,53354000
2022-01-07,102.12733459472656,103.32872718450245,101.0271565086798,102.5541975143549,39738570
2022-01-10,102.89305877685547,103.27591861887706,101.5552451198799,102.53660213566924,38225000
2022-01-11,99.47810363769531,102.33416164444952,97.95985922569064,101.97770501984324,96978850
2022-01-12,100.9699478149414,101.28679964944072,99.66733397144927,100.32304254575148,50358430
2022-01-13,107.47859954833984,107.86146610215496,101.40561495303076,101.5684458817619,157231160
2022-01-14,106.81410217285156,107.93188027526946,106.15399524942752,106.7612957677632,52679070
2022-01-17,108.23552703857422,109.57774574917553,104.76777001235985,106.93731814076168,89696070
2022-01-18,105.16383361816406,108.58758761655763,104.7369639422116,108.25753415875654,58408970
2022-01-19,106.4620361328125,107.45659474172378,104.12086057154072,105.26504179405774,73043210
2022-01-20,106.20679473876953,107.72944423089916,105.35305543234028,106.50604668301224,59205970
2022-01-21,102.95027923583984,105.99557177396767,101.77528969072796,105.61711019384154,71662670
2022-01-24,96.7452621459961,102.4177802991377,95.9355326562662,102.09653016630165,83920760
2022-01-25,97.61661529541016,98.66398038360884,95.67589932425673,96.34920785058263,57330630
2022-01-27,95.79031372070312,97.1193308527397,93.40952650894698,95.93553804739513,90566560
2022-01-28,95.46466064453125,99.08204714490735,95.13901219115921,97.33056531056245,78648930
2022-01-31,95.54387664794922,98.10068973119095,95.09940706891115,97.68702165022735,55709390
2022-02-01,102.74343872070312,103.36833911086771,95.61868386984672,97.24694620646763,170752680
2022-02-02,102.75663757324219,103.84801240047096,101.94690807932903,103.84801240047096,75247340
2022-02-03,102.67742919921875,104.0064395643814,100.89073425014195,101.48043483956897,65140900
2022-02-04,103.53116607666016,105.41907561293999,102.99868359254876,103.31113043844277,93174180
2022-02-07,104.12086486816406,106.90211179477899,102.18454725676692,102.82705426369687,145105250
2022-02-08,107.34217834472656,107.58861716999068,103.10869507440728,105.17702860353616,140839840
2022-02-09,107.584228515625,108.60959542437594,106.33442766695838,108.34554996510047,73520600
2022-02-10,109.87259674072266,110.39188434795116,107.90547756278876,108.25753593320479,93920570
2022-02-11,110.40946960449219,111.33362186492272,108.53036358959227,109.04965112796346,96762260
2022-02-14,104.45970916748047,108.05949543958722,103.86561701632515,107.38618697263861,80216130
2022-02-15,106.29920959472656,106.67326612056245,101.35280642905279,105.33985079767699,101889210
2022-02-16,104.8953857421875,107.19255825526965,104.42891128124708,106.93731611882113,66092140
2022-02-17,104.8205795288086,106.45324022145827,104.39810814433535,105.71392369232368,56557920
2022-02-18,104.80738067626953,106.05718153589167,104.12087053408146,104.47292219626148,47251200
2022-02-21,104.01964569091797,105.79313240165493,103.36394378515884,104.56093819689087,49787320
2022-02-22,100.22183227539062,102.68182903433923,98.50995532370406,101.9205076263279,93858570
2022-02-23,100.24823760986328,101.44523201293276,99.80816633564523,101.04036724644672,49608380
2022-02-24,94.52730560302734,98.57156145465345,93.92000513078362,96.28759059855875,121268670
2022-02-25,100.80712890625,101.27800167273911,96.42841440368616,96.61324353104257,92128860
2022-02-28,107.44339752197266,107.81746078619233,99.38569366985445,99.80816504220897,176054460
2022-03-02,113.48118591308594,114.38334015138219,107.24978130242509,107.4434070371573,248475320
2022-03-03,114.70897674560547,116.94014126675597,113.85964243326363,114.94661898742086,174503380
2022-03-04,112.40299987792969,116.16561047566117,112.04214493825721,114.6297660832853,162829230
2022-03-07,113.70561218261719,114.57694466599163,111.25001379191367,112.29737880497109,110400010
2022-03-08,111.73409271240234,113.89043924836645,109.4897332654722,113.80243305235508,91078220
2022-03-09,110.48869323730469,112.37659596703827,109.89459435695849,112.12135383329459,69348880
2022-03-10,115.18424987792969,115.63313116833801,109.22568783848406,110.70873258411163,136740620
2022-03-11,114.56815338134766,117.93030434697144,114.08407229599483,115.73874457687015,118822990
2022-03-14,114.15447998046875,115.44829053458145,112.45580468067358,114.8585966690192,52780820
2022-03-15,108.58758544921875,113.80243266437283,108.08150617667336,113.6968064276462,96143130
2022-03-16,111.36003875732422,111.88372465496559,109.15527734674855,109.57774873016788,63024510
2022-03-17,114.72217559814453,115.98517794083624,111.87491406448237,112.2181691033669,106239760
2022-03-21,114.67816162109375,117.41100023254859,113.93444015887641,115.12263786641763,84227630
2022-03-22,114.59455871582031,117.05896057173348,113.36675608328343,116.17881801104376,81795880
2022-03-23,117.14698028564453,118.62561334233058,113.7452244513175,116.53086974878232,130552380
2022-03-24,118.86764526367188,119.65537660377683,116.70250211834684,117.1425733919392,94605270
2022-03-25,117.84668731689453,120.22747446207627,117.37140283195316,119.25051572070696,69457440
2022-03-28,117.84668731689453,119.25931231120248,116.84771695442268,117.93909852177957,46554910
2022-03-29,117.46821594238281,118.48038787880105,116.79490746476888,118.29114703392108,43202370
2022-03-30,115.12704467773438,117.5474367926478,114.41853634136201,117.49903539670638,58483160
2022-03-31,115.05223083496094,116.21841698337902,114.42732373906594,115.12264384787227,40067950
2022-04-01,115.92357635498047,118.01830640464111,114.89820280606821,115.29866926127468,55321590
2022-04-04,118.10633850097656,119.17130353396512,115.69035134399267,115.92358859749102,69670320
2022-04-05,118.37037658691406,119.52336118060242,116.99295134502043,118.6828234323243,63296420
2022-04-06,120.64554595947266,122.04937450123373,118.53760064151346,118.81925272395691,114097540
2022-04-07,118.77522277832031,121.54767959663982,118.02710974219589,121.19561455325051,55650640
2022-04-08,120.64554595947266,121.45527555163186,119.36934185693818,119.78300995933294,52287710
2022-04-11,119.5145492553711,121.81172181539262,119.08328800714742,120.64114405886322,44778820
2022-04-12,116.2008056640625,119.69497238748394,114.07526748193646,119.08328034683609,69191680
2022-04-13,116.13481140136719,118.46719730949492,115.73874992411079,117.49463008356317,44937800
2022-04-18,117.8598861694336,119.52774654831349,116.95773204308479,117.22618249089403,80700420
2022-04-19,116.75970458984375,120.28466608899625,115.21064523030213,119.04806697930808,64772190
2022-04-20,115.6727294921875,117.62664689535917,114.68696077055576,117.03254802832978,54100210
2022-04-21,114.60775756835938,116.42084905111071,113.17313436118074,115.82676358082104,66690280
2022-04-22,112.44261169433594,115.43509777749244,112.10815993487768,114.55936021727986,55848230
2022-04-25,107.408203125,111.15760568632172,106.74369117859138,110.01782265520302,72310460
2022-04-26,108.57438659667969,109.28729992056098,107.81746345887407,108.69760601772202,44812710
2022-04-27,109.72736358642578,110.45788347117079,106.5324487368743,107.99348179140993,71209740
2022-04-28,110.97277069091797,111.6592807936473,109.40171975812657,110.85394956853646,51295830
2022-04-29,111.87052154541016,113.6880113413043,111.39524376357964,111.60207779960649,57173520
2022-05-02,113.99606323242188,114.66056170432547,109.90779745654656,110.63391235135875,54426170
2022-05-04,111.01677703857422,117.058953471007,110.41387485490417,116.8213112336613,138374020
2022-05-05,113.03230285644531,115.8707543511553,112.48221379585321,112.65823960926095,87338160
2022-05-06,112.98388671875,113.53838078293508,109.40171378147652,111.60206999820007,69256760
2022-05-09,110.21585083007812,112.14776348238141,109.48973590342057,110.89796265766985,50552970
2022-05-10,102.52780151367188,110.42707938314456,101.96891584148494,110.10582923964948,145537420
2022-05-11,102.59821319580078,104.81616938963191,98.87520738495925,103.41674600726498,107063150
2022-05-12,98.37353515625,102.30777364099811,97.07973117864177,101.82369924140399,94191610
2022-05-13,96.5516357421875,101.37481990539449,96.11156446402812,99.89618014218077,82924410
2022-05-16,97.12371826171875,99.87856843480124,96.28758561807214,98.48794174867271,62665270
2022-05-17,104.62254333496094,105.37066313086076,98.16669878338668,98.92802017983527,112876010
2022-05-18,103.87882232666016,106.40923207313801,103.41674616039938,105.35305701954844,81575800
2022-05-19,98.76519012451172,101.64765823409965,98.15349133882442,101.30440318687683,66545630
2022-05-20,103.02948760986328,103.71599774349839,100.44187300731208,102.30337267196958,65527500
2022-05-23,90.0341796875,96.55163413409807,88.1506751855444,96.55163413409807,273883460
2022-05-24,88.5731430053711,91.52601735375592,88.19027644894567,90.7426910603127,123116660
2022-05-25,87.9350357055664,89.62930589867985,87.29252876027356,88.57313764102352,99343400
2022-05-26,92.59098815917969,93.95961001298913,87.59618350900506,88.63034691580302,150536730
2022-05-27,91.84288024902344,93.96842546348807,90.83071490190382,93.51515255535735,74772200
2022-05-30,92.1905288696289,93.62955702688447,91.8428688206618,93.20709238593116,72701590
2022-05-31,92.91224670410156,94.34247829035068,91.27077607957764,91.97489277725131,121248850
2022-06-01,93.60755920410156,94.96737776462957,92.70541179223042,93.7791867242172,94055290
2022-06-02,95.19181823730469,95.47346359008085,93.21590247242138,93.97722391251155,79177040
2022-06-03,93.93761444091797,96.18197384575168,93.73517870603386,96.11156083231768,53954860
2022-06-06,94.8881607055664,95.31063205983179,92.34454941965659,93.73517618021026,57262490
2022-06-07,94.04322814941406,95.18741612636575,93.60756189388496,93.91120542669586,43341570
2022-06-08,95.64949035644531,95.83871777370102,94.53170560374056,95.14340438212625,64734340
2022-06-09,91.9616928100586,95.69349525811876,91.64044266670571,94.61092370628948,98547810
2022-06-10,90.10018920898438,90.77789597238369,88.95160298978506,90.65467656085654,95225630
2022-06-13,87.30573272705078,89.07041597584275,87.13410521265433,88.39270922321306,82235750
2022-06-14,87.67539978027344,89.22005428026496,86.74245080964839,86.9800863477483,77202600
2022-06-15,89.01119232177734,90.37481650886903,88.18559797727676,88.49171205980015,92443330
2022-06-16,83.64482879638672,90.44439362599907,83.32015802959792,90.44439362599907,122741050
2022-06-17,84.10863494873047,86.0288384580715,83.06968863398191,83.30159730456558,121290260
2022-06-20,79.90645599365234,83.95094402908204,78.16714085492826,83.95094402908204,139866890
2022-06-21,82.0771255493164,83.06969444576565,80.1476435765187,81.16804038301835,124526970
2022-06-22,77.74506378173828,81.06136215907756,77.5224334301123,80.97787135391077,109877390
2022-06-23,78.04190826416016,79.40089684081619,76.71539030056049,77.92131829557525,111515840
2022-06-24,79.11333465576172,80.2172152180971,78.35266735113082,78.84895534954855,85433810
2022-06-27,80.50479125976562,81.52518814642086,80.05952343210754,80.75061392090963,72814730
2022-06-28,81.52982330322266,82.04002528225838,79.8137003113719,80.33317354290502,84647330
2022-06-29,81.78028869628906,82.44817981823557,80.56508227594992,80.70422891367326,72318470
2022-06-30,80.43057250976562,82.97692536311192,80.08270947932671,81.77100443729857,84672090
2022-07-01,80.9686050415039,81.16804312178886,79.69310722101865,80.42129684197673,54761890
2022-07-04,79.27103424072266,80.81554704579568,78.2274450813997,80.56508168427469,77554410
2022-07-05,79.79049682617188,81.55763976789049,79.5725021091172,79.9621069780822,79058290
2022-07-06,79.60498046875,79.87863102878165,77.74043258965365,79.63280837962893,81439710
2022-07-07,83.48712921142578,84.09472885276449,79.63744350455171,80.42593164275685,111007940
2022-07-08,82.17916107177734,85.14759658918075,81.67824452280796,85.14759658918075,112000630
2022-07-11,84.66986846923828,86.17727503141185,81.17268128171213,82.11423004513257,150193340
2022-07-12,83.68193054199219,84.96670666149996,82.89344241435575,83.94166714146851,100175050
2022-07-13,83.9370346069336,84.80437087154874,83.54742969336985,84.03907500009912,70135110
2022-07-14,84.22924041748047,84.50752660366018,83.02331237882665,84.41476454160028,74498580
2022-07-15,81.9843521118164,84.44258547848587,81.39994479954193,83.95094022061019,81253510
2022-07-18,83.88601684570312,84.22924427606907,82.76821519185118,83.20884031478978,73060810
2022-07-19,85.2913818359375,85.51865491091645,83.57989448888148,83.57989448888148,85341580
2022-07-20,86.12625122070312,87.01214412324215,85.82476567454131,86.8219772971343,77088650
2022-07-21,86.6689224243164,87.09099797039147,85.7598371771772,86.27003916444289,50877140
2022-07-22,86.83125305175781,87.56872097235761,86.45555503670013,87.429574345739,48608940
2022-07-25,89.11787414550781,89.50284343329504,86.60398470955846,86.73385301419852,99635630
2022-07-26,88.07891845703125,90.60208616025855,87.75889040675514,90.16609668660347,126264690
2022-07-27,88.99728393554688,89.19672201811353,87.53161927014375,88.21806703247123,52559020
2022-07-28,93.08814239501953,94.61874109286232,90.11971413282662,91.00096428267699,137156107
2022-07-29,99.8134994506836,101.3904827999623,94.75789280464417,95.54638094063772,166959934
2022-08-01,100.41646575927734,103.38489424872726,98.4684341207451,102.50364403141013,125365761
2022-08-02,99.25692749023438,100.1845623265917,97.72632859478635,100.1845623265917,64935371
2022-08-03,99.30329895019531,100.60198188777375,98.32927966972028,99.25691438358557,61428846
2022-08-04,99.90626525878906,101.5760107318736,98.37567349863542,99.72074112946494,79526154
2022-08-05,99.58159637451172,101.3441039455448,99.34968766983083,99.85988965104558,54469112
2022-08-08,99.44244384765625,100.32370111963424,98.97862646575992,100.0454078595798,41384943
2022-08-10,101.29771423339844,101.9470628199293,98.79310318085676,100.09179327662683,73880698
2022-08-11,101.20494842529297,102.6427850990433,100.74113105663692,102.31811435644234,75321498
2022-08-12,104.49805450439453,104.72996318856882,100.9266621835687,101.43685704237731,95942333
2022-08-16,104.82272338867188,105.47206486193298,103.06021600473153,105.47206486193298,69207437
2022-08-17,104.3589096069336,105.28654435899523,104.12700091891818,105.28654435899523,54008422
2022-08-18,104.4052963256836,104.82272914179177,103.33851492338403,104.35891175620863,49396425
2022-08-19,102.0862045288086,104.7299620850813,101.62238716534702,104.40529134611646,57134813
2022-08-22,97.44802856445312,101.66876222467141,97.12335075595921,101.57600016965507,74037526
2022-08-23,99.8134994506836,100.416463464311,96.01019832384469,96.65953982941781,70531639
2022-08-24,98.83948516845703,100.32369934886982,98.0973745396049,99.76711991587646,55686404
2022-08-25,98.56119537353516,100.09179417597075,98.09737798354205,99.30330602844082,42186335
2022-08-26,99.58159637451172,101.29771937369183,99.34968766983083,99.48883430809776,71257092
2022-08-29,97.26250457763672,98.00461522728945,95.77829035562293,96.52040100527566,59895805
2022-08-30,100.46284484863281,100.6483689651174,98.37566669037001,98.79309949110602,67401780
2022-09-01,98.7003402709961,99.9526457865056,98.23652288915616,99.25691971374569,52454732
2022-09-02,97.86547088623047,99.25692307892568,97.40165348866539,99.25692307892568,45601352
2022-09-05,99.16415405273438,99.53520936019368,98.1437572651898,98.37566594769045,40352735
2022-09-06,100.74113464355469,100.92666584399784,98.37567022556058,99.62797575006236,59505849
2022-09-07,99.8134994506836,101.0194274779384,99.34968206747662,99.76712195873787,43945660
2022-09-08,98.19013977050781,100.55561128375055,97.72632238181642,100.55561128375055,71228405
2022-09-09,98.05099487304688,99.58159369826437,97.86547074520493,99.25692293589505,63647166
2022-09-12,99.95264434814453,100.1381684672941,98.79310091023102,99.07139416624686,40838533
2022-09-13,99.95264434814453,100.8338945300422,99.76712022899495,100.18455303572723,44179394
2022-09-14,101.25133514404297,102.41087859031627,98.14376012348883,98.60757750199815,86379872
2022-09-15,99.25692749023438,101.11219716294903,98.79311007205571,100.7875263856824,62926791
2022-09-16,98.05099487304688,99.72074033279175,97.40165334830822,98.51481226994359,107967267
2022-09-19,95.6391372680664,98.51480345608951,95.5463752124446,98.51480345608951,51146568
2022-09-20,98.14376068115234,98.65395555403664,96.47401527811449,96.65953939965577,52140254
2022-09-21,96.89144897460938,99.44244459419,96.7523094208292,98.14376157696408,46142823
2022-09-22,96.10295867919922,97.67994200048645,96.01019661966268,96.89144680119709,61380323
2022-09-23,96.75230407714844,100.09178765197241,96.24210215049438,98.51480438240883,109765520
2022-09-26,92.62432861328125,96.89144705893663,91.37202311297793,96.84506956769074,101291962
2022-09-27,90.58353424072266,94.01577996539724,89.51675286879683,94.01577996539724,104949032
2022-09-28,88.31082916259766,90.76906277115279,88.12530503554481,89.56314179072568,71724106
2022-09-29,89.84142303466797,91.14011308440789,89.42399023313686,89.98056966094214,60884592
2022-09-30,92.11412811279297,93.1345248625922,88.7746375464812,89.84141886198128,66436616
2022-10-03,91.23287200927734,92.43879995917861,90.90820127731658,92.39241539291658,37282313
2022-10-04,93.83026123046875,94.15493199430107,92.76347979734095,93.04177306764971,40186702
2022-10-06,96.05657958984375,96.28848827347225,94.38683423680196,94.61874292043046,48169310
2022-10-07,95.82467651367188,96.01020064051461,94.52598639389738,95.82467651367188,36080875
2022-10-10,95.73190307617188,96.01019633123697,93.83025609086525,94.61874421049441,36641275
2022-10-11,93.08814239501953,96.1493397907051,92.57794754726609,96.05657773450368,41083734
2022-10-12,93.27367401123047,93.87663091794249,91.83583736301425,93.088142820688,41357469
2022-10-13,92.85623931884766,94.43322267859249,91.65031836088102,93.78387409141816,34668093
2022-10-14,92.85623931884766,95.36085745116297,92.67071519525022,94.47960017084601,32456805
2022-10-17,92.34603881835938,93.13452691158346,91.00096423364418,92.53156293066226,37568783
2022-10-18,93.36644744873047,93.69111822514134,92.57795925536344,93.04177667231959,30722156
2022-10-19,92.80986022949219,93.92301910650451,92.48518240284635,93.32005509925136,38764542
2022-10-20,93.59835052490234,93.87663671195482,91.6503189063683,92.29966042011574,38091315
2022-10-21,92.9489974975586,94.10854091482999,92.16050938927232,93.55196148999799,30973997
2022-10-24,93.87663269042969,94.71150537040586,93.69110857367559,94.61874331202883,7480281
2022-10-25,93.87663269042969,95.08256068120544,93.41281532125308,93.83025519988686,37163180
2022-10-27,96.65953826904297,97.07697815356548,94.665129215282,94.85065333465322,74349009
2022-10-28,94.24768829345703,97.03059251714548,93.5055847468483,96.56677514653073,51006232
2022-10-31,94.20130920410156,94.75788862393539,93.04176579724306,94.52597994256368,38715841
2022-11-01,93.87663269042969,94.10854137501799,91.41840629562677,91.41840629562677,69031178
2022-11-02,93.92301940917969,95.54638023847414,93.50558659827773,93.69111071928047,42336049
2022-11-03,94.6187515258789,95.03618436345862,92.76348188811657,93.45920800227745,39110676
2022-11-04,97.16974639892578,97.40165510154851,94.80427480125711,95.08256807532116,70299020
2022-11-07,98.97862243652344,99.67434848104621,97.03059092731793,98.23651890207393,74426059
2022-11-09,98.42204284667969,99.76711744347953,97.91184799461737,99.48882419523369,38295904
2022-11-10,97.12335968017578,98.32928773806881,96.89145098268034,97.58717707516668,27864285
2022-11-11,99.76712036132812,100.37007728800974,98.56119235338191,98.56119235338191,77933417
2022-11-14,100.83389282226562,102.03982080818804,100.41646002260322,100.6483687062582,55474425
2022-11-15,100.69475555419922,101.43685911232569,99.44244297226989,101.11218836331464,35007427
2022-11-16,98.83948516845703,100.92666335015075,97.58717259760762,100.60198552672077,40404167
2022-11-17,98.19013977050781,99.07139705539646,96.93783423649941,98.23652434029363,32894825
2022-11-18,97.86547088623047,98.60758155325131,97.12336021920962,98.19014164906764,28992538
2022-11-21,96.70592498779297,99.9062621205011,96.33486966350857,99.9062621205011,58404309
2022-11-22,97.58717346191406,97.77270465941604,96.05658177694909,96.84506990378075,27846186
2022-11-23,97.81908416748047,98.32928612451491,97.35526678010068,98.05099286117036,22809651
2022-11-24,97.86547088623047,98.2829037131223,97.03059815515496,98.19014164906764,23737867
2022-11-25,98.51480865478516,98.7931019136275,97.49441183451586,97.95822921439205,27361785
2022-11-28,97.30888366699219,98.70033574875865,96.93782836306288,98.32928044482934,33516118
2022-11-29,98.42204284667969,99.85987950046439,97.35526149812569,97.40164606526376,40661568
2022-11-30,99.85987854003906,100.13816470831713,98.23651778789771,98.42204190008309,61142050
2022-12-01,102.73554992675781,103.24575187694954,100.18455433038234,100.83389583308855,91702642
2022-12-02,103.89508819580078,104.35890555381775,102.17896538659625,102.78192936747655,70541914
2022-12-05,107.46648406982422,107.69839275667204,104.49805570908863,105.10101971035127,96441799
2022-12-06,104.7763442993164,107.00266915977303,104.12700279210854,107.00266915977303,50581245
2022-12-07,103.1529769897461,105.28653965508275,102.82830625648822,105.19377759947925,39494279
2022-12-08,103.75595092773438,104.8227323628143,102.78193863445503,103.66318886322566,32416724
2022-12-09,102.45726013183594,105.51845778192047,101.76153403657052,104.63720755883435,35665257
2022-12-12,103.6167984008789,103.98785371510817,100.83389416009658,102.22534628048774,37082389
2022-12-13,103.1529769897461,104.68357567772316,102.78192876733206,104.40528951091262,32264080
2022-12-14,104.86911010742188,105.00824965648195,103.06021811943549,103.52403548907947,38606984
2022-12-15,102.92107391357422,105.24016081633427,102.68916522329822,104.49805725382599,34361613
2022-12-16,103.01384735107422,103.98785964451147,101.52962600952661,102.36449874482417,34736665
2022-12-19,103.70956420898438,103.9878503777565,102.78192949182814,103.0138381711172,17297590
2022-12-20,102.92107391357422,103.43127586309805,101.112188960338,103.10660511216996,34836506
2022-12-21,101.48324584960938,103.89509485031915,100.83389726041986,103.70957072614597,32303565
2022-12-22,99.85987854003906,102.59639811987513,98.65395057896042,102.03981870602777,39639329
2022-12-23,94.85065460205078,99.02501103930486,94.57236134198388,98.32928496642917,46756489
2022-12-26,97.40164947509766,97.91185142231241,94.2940744549219,95.36085584082176,33995681
2022-12-27,103.10660552978516,103.47766085118798,98.19013844510394,98.93224908790957,76033410
2022-12-28,102.03982543945312,104.17338825683109,101.76153217551975,103.01384478592821,50660601
2022-12-29,103.6631851196289,103.8950938111717,100.97304288227417,101.11218951265818,51751642
2022-12-30,104.49805450439453,106.44608603600031,103.98785256829453,104.72996318856882,56048485
2023-01-02,110.62044525146484,111.03787806300657,105.5184540658627,106.12141807598307,143444095
2023-01-03,109.87834167480469,111.7799958880493,109.2290001312681,111.13065434451272,74419090
2023-01-04,107.37371826171875,110.4349156521486,107.00266296025889,110.1566224067309,55634568
2023-01-05,108.11583709716797,108.53326991978892,106.21418295569086,108.06945252696931,58806907
2023-01-06,107.28096008300781,109.32175369885826,106.90990476813732,108.53326557806565,58551863
2023-01-09,109.04346466064453,109.55365951257984,108.11582993644438,108.44050067445617,37763131
2023-01-10,110.2493896484375,111.08426234666827,109.04346870858556,109.13623076899086,56750710
2023-01-11,110.2493896484375,111.64084178639159,109.46090151905517,110.80596908816084,49321252
2023-01-12,109.55367279052734,110.62045426811011,109.08985537221241,110.34216098620429,33740024
2023-01-13,111.73360443115234,112.80038582462129,109.60004872150606,109.97110404235937,68884010
2023-01-16,111.26979064941406,112.66124283966414,110.20301629872246,112.66124283966414,44362359
2023-01-17,110.71321105957031,111.22341302631666,109.46090550526506,111.08426639199568,27880531
2023-01-18,113.58887481689453,114.09907677158658,111.31617246008446,111.31617246008446,64749065
2023-01-19,114.6092758178711,115.30500187809137,112.3829510097079,112.98591501069043,53564076
2023-01-20,114.05269622802734,115.2122397320833,113.17144599586157,114.47013613586263,37784498
2023-01-23,113.17144012451172,114.88756300602347,112.70762274695225,114.47013019713656,28601260
2023-01-24,111.68722534179688,113.6816414702255,111.40893208581466,113.63525690179797,27707765
2023-01-25,112.24380493164062,113.40334837101707,111.40893223983127,111.64084092770656,46522102
2023-01-27,111.91913604736328,114.33098502596175,110.48129932768201,113.07867950604444,58771746
2023-01-30,110.15662384033203,112.3365640335035,108.44050101069881,111.73360004544553,46551837
2023-01-31,111.03787994384766,111.7336060263963,109.22899496013785,110.15662973686938,43986769
2023-02-01,113.21781921386719,115.16585068988127,110.66682376074867,111.40892728255389,72919626
2023-02-02,111.26979064941406,113.63526220375591,109.83196096586408,113.12506023641416,38768010
2023-02-03,111.64083862304688,112.24380261453364,108.71878780068133,111.36255244971623,46977350
2023-02-06,108.95069885253906,111.31617030238127,108.53326604482173,111.31617030238127,49546361
2023-02-07,103.3848876953125,107.00266455314217,102.5500221012137,104.45166904890593,110953246
2023-02-08,103.3848876953125,104.59081567368617,102.13258222687297,103.3848876953125,66523699
2023-02-09,103.1993637084961,104.77633991851837,101.99343572862635,104.03423638092197,64710455
2023-02-10,100.92666625976562,103.19936862554638,100.46284887268452,102.96745993200582,60810058
2023-02-13,100.88027954101562,102.59640242119758,100.55560879243387,100.92666410965224,56186469
2023-02-14,101.34410095214844,101.9470649819674,100.41646616082443,101.62239422046237,31163587
2023-02-15,102.318115234375,102.59640141158161,100.92666311646758,101.11218723460533,35544190
2023-02-16,103.89508819580078,104.08061230809108,102.64278274461321,102.96745347976685,30956191
2023-02-17,104.12699890136719,104.91548700988363,103.24574873490022,103.4776574184222,34107244
2023-02-20,104.21976470947266,104.54443546262783,103.01384375814038,104.17338721747429,19896764
2023-02-21,104.96186828613281,105.93588048000743,104.59081298867486,104.72995960988298,29830864
2023-02-22,103.10660552978516,105.47206993380635,102.64278814735454,105.05463712053545,24391211
2023-02-23,103.94147491455078,105.4256890754764,103.29212635350801,103.47765754693081,30845778
2023-02-24,101.80792236328125,104.72997348666073,101.6223982286158,104.35891814003773,34326940
2023-02-27,98.42204284667969,102.08620425455725,97.54079268938668,101.85429557344948,56217189
2023-02-28,96.42762756347656,99.3033008945989,96.05657933249812,99.11776970181833,76540448
2023-03-01,97.86547088623047,99.34968514298033,96.93783609110032,97.12336021920962,76175319
2023-03-02,97.07697296142578,99.16415104053162,96.79867971996188,98.37566295943876,55276248
2023-03-03,99.25692749023438,99.67436033567832,97.4016578175197,98.32929265387705,117175295
2023-03-06,98.00460815429688,99.81349300100213,97.4016441796314,99.7207309458131,106868143
2023-03-08,98.79310607910156,99.16416141410585,96.47401908193955,97.67994715138055,43939583
2023-03-09,100.37007904052734,101.06580511634604,99.72073753401321,100.04540828727028,51967449
2023-03-10,100.27731323242188,100.50922191569634,98.88586113277506,99.25691644147248,47699832
2023-03-13,99.0713882446289,101.11218174245937,98.65394838555603,100.41645572129566,34552596
2023-03-14,98.7003402709961,100.69475642836612,98.51480907188517,99.25691971374569,48584984
2023-03-15,100.78751373291016,101.25133109286162,99.62797033303151,99.72073238956355,38930902
2023-03-16,97.44802856445312,99.48882208397723,96.19571605121351,99.48882208397723,81088340
2023-03-17,99.25692749023438,99.58159826750101,97.4016578175197,98.74672549932097,48962238
2023-03-20,96.93783569335938,98.74672070552448,96.33487166354041,98.42204994401943,41569640
2023-03-21,97.16974639892578,97.77271044120327,96.75231356512164,97.49441716713922,26434897
2023-03-22,97.21612548828125,98.28289979835611,96.84507016955055,97.16974091945558,25891259
2023-03-23,97.30888366699219,97.86546308424052,96.79868173942798,96.84506630640337,20913844
2023-03-24,94.71150970458984,97.44803655433552,94.2013148215229,97.40165198437865,39014278
2023-03-27,94.89703369140625,95.9174304572436,94.7115025029778,95.12894236897343,24753289
2023-03-28,95.08256530761719,95.6391447622522,94.9434186746355,95.40723606637997,18703734
2023-03-29,96.10295867919922,96.9378313696111,94.29407374771637,95.08256186971424,37221124
2023-03-31,96.93783569335938,97.86547048468339,96.56678036137141,97.40165308902138,34579415
2023-04-03,96.56678009033203,97.63356151281882,96.28849390009098,97.4944148790524,21840428
2023-04-05,97.26250457763672,97.40165120910807,95.73190578603526,96.56677849757166,25194802
2023-04-06,96.79869079589844,97.49441690187369,96.659544159245,97.26250819988194,21053782
2023-04-10,97.35526275634766,98.0973733764001,96.93782995587527,96.93782995587527,19992257
2023-04-11,99.76712036132812,100.0454065404216,97.49441097362819,97.91185085820564,49304956
2023-04-12,99.8134994506836,100.5556100947314,99.21053543705621,100.37007889507365,27349538
2023-04-13,99.72073364257812,100.32369763354966,98.23651948754221,99.72073364257812,34880922
2023-04-17,99.39605712890625,100.46283842369682,99.02500184237593,99.81348990294603,24642162
2023-04-18,99.8134994506836,100.09179271152443,99.11777337587313,99.44244412865969,25476339
2023-04-19,100.27731323242188,102.41087594946353,99.95264249129589,100.0454045491474,62100775
2023-04-20,100.18455505371094,100.83389656110536,99.62797560775975,100.37007917659744,18337948
2023-04-21,98.46842956542969,100.27731448667932,97.7263189387526,100.18455242766755,37638506
2023-04-24,98.79310607910156,98.97863020795778,97.72632464494866,98.70034401467345,23475012
2023-04-25,99.30329895019531,99.8134937964465,98.56118834818659,98.9786211385095,23333425
2023-04-26,99.1177749633789,99.3033061660082,98.19014018210761,98.7931042053923,23590297
2023-04-27,99.85987854003906,100.04540265222444,98.6075730895597,98.6075730895597,22364308
2023-04-28,100.13816833496094,100.64837027788525,99.53521140987591,99.99902878442839,30072920
2023-05-02,102.318115234375,102.82831009789952,100.18455248933371,100.18455248933371,52822162
2023-05-03,101.76152801513672,102.96745600648966,100.88027784419594,101.85429715084956,51272624
2023-05-04,103.01384735107422,103.80233551546397,101.57601058043443,102.03982798034508,38636907
2023-05-05,100.78751373291016,102.82830728578007,100.55560505293444,102.82830728578007,32958346
2023-05-08,101.62239074707031,101.90067692858078,100.41646272865027,101.34409748826829,23130472
2023-05-09,101.62239074707031,103.1529824386068,101.2513354277648,101.66876823867628,27999202
2023-05-10,101.34410095214844,102.03982704564145,100.74113692232947,101.66877171365348,19213215
2023-05-11,100.69475555419922,101.57600574112801,100.41646229659459,101.29771248352337,19817637
2023-05-12,99.02501678466797,100.55561564925706,98.83949265205378,100.50923107745751,36794838
2023-05-15,99.90626525878906,100.37008265939122,98.00461816269532,99.30330829983976,22148028
2023-05-16,99.62796783447266,100.78751120527123,99.44243664877023,100.3700713454091,18587658
2023-05-17,98.32928466796875,99.72073680949661,97.91185185642702,99.62797474885306,28895465
2023-05-18,97.58717346191406,99.39606548177775,97.49441140180883,98.79310147515652,24208481
2023-05-19,97.07697296142578,98.05098515196717,96.52039355578911,97.95822309724291,29848841
2023-05-22,97.40164947509766,97.63355816432409,96.75230797618029,97.40164947509766,21588716
2023-05-23,97.9582290649414,98.37566895256803,97.40164962539744,97.49441168577285,21304034
2023-05-24,97.58717346191406,98.14375997712844,97.3088872815984,97.49441140180883,28454367
2023-05-25,97.26250457763672,97.58717533287542,96.75230969863068,97.40165120910807,25885062
2023-05-26,98.7003402709961,99.02501102282572,97.35526561728533,97.40165018638596,28362042
2023-05-29,100.60198974609375,100.97304507608234,98.60758061732714,99.25692213683836,41062311
2023-05-30,99.30329895019531,101.06579924470638,99.16415232765728,101.06579924470638,33475211
2023-05-31,98.14376068115234,99.21053499595207,97.95822948231948,98.70034012306776,41249944
2023-06-01,98.28289794921875,98.97862400476478,98.14375839994268,98.2365204585572,21211538
2023-06-02,100.18455505371094,100.46284831533234,98.79310290018717,98.79310290018717,46686933
2023-06-05,101.48324584960938,101.947063237334,99.99903162434886,100.7875197680224,39642539
2023-06-06,101.11219024658203,101.90067838809246,100.4628487364656,101.80791632626035,26751372
2023-06-07,103.4312744140625,103.66318310108954,101.01942548443951,101.57600491784612,45157197
2023-06-08,103.10660552978516,104.82272842932012,102.92107433043795,103.43127628202826,46380294
2023-06-09,101.01942443847656,103.57041996936087,100.78751575385071,103.19936465850122,36392617
2023-06-12,101.57601165771484,102.5964085328819,101.2513408897924,101.2513408897924,23472313
2023-06-13,103.10660552978516,103.75594703427139,101.7151533824933,102.0398241347364,30018212
2023-06-14,105.5648422241211,105.75036635171615,103.33851730652134,103.43127937031886,66696433
2023-06-15,105.51844787597656,105.935880663031,105.05463052267557,105.6575944974251,39430138
2023-06-16,105.98226928710938,106.49247122619146,105.61121397480343,106.12141591388553,31715807
2023-06-19,105.84312438964844,107.23457652556132,104.86911214088435,107.09542989651173,33502185
2023-06-20,105.98226928710938,106.90990402922849,105.28654323052004,105.84312266033322,30371599
2023-06-21,105.65760040283203,106.58523516128132,104.68358107554367,106.58523516128132,35627983
2023-06-22,106.4239273071289,107.47762811050997,105.89708055957942,105.94497173211187,34769987
2023-06-23,104.987060546875,106.08865983070123,104.60389462533344,105.84918204327302,22190233
2023-06-26,105.2265396118164,105.56180705662985,103.55019507946704,104.98706182148078,25332751
2023-06-27,106.08866119384766,106.80709456536354,105.51391595829136,105.94497305788803,24129403
2023-06-28,106.85498809814453,107.3339436569739,106.23234441000999,106.80708961894886,23895274
2023-06-30,107.28604125976562,107.4776205529883,105.75338498913958,106.90287536503872,26741918
2023-07-03,108.33975219726562,109.44135150779705,107.33394985065348,107.52552916192752,30979256
2023-07-04,107.6692123413086,108.62712347013111,107.38183607934906,108.43553685939746,25080307
2023-07-05,108.19606018066406,108.77081271044491,107.47762682672,107.81290157185283,27877180
2023-07-06,107.90869140625,108.10027071097907,106.80709213335274,107.28604770345746,34320086
2023-07-07,106.90288543701172,108.5313388159572,106.56761798814367,107.28605136783902,30034274
2023-07-10,110.44715881347656,110.83031742787486,106.95078164497627,107.52552687485583,60652690
2023-07-11,110.303466796875,111.2134794364668,109.96819936693495,110.73452387704334,37999385
2023-07-12,109.87240600585938,111.16559190526955,109.20187112402469,110.30347040842346,32771204
2023-07-13,110.01609802246094,112.02771004723587,109.68083056971217,111.1176973457346,44847814
2023-07-14,112.21929168701172,112.93772504312794,109.9682019661706,110.83031614688446,34521821
2023-07-17,112.79403686523438,114.32669322934761,112.17139316185904,112.98561617014276,49115369
2023-07-18,111.69244384765625,113.17720912285117,111.50086453201672,113.0335209819803,23433431
2023-07-19,111.7882308959961,112.26718648219708,111.21348565421137,111.7882308959961,17222355
2023-07-20,112.0277099609375,112.31508623923355,111.45296471262773,111.78823216511823,22303831
2023-07-21,111.69244384765625,112.9856224989292,110.63874299507394,111.69244384765625,31546136
2023-07-24,110.63873291015625,111.5966440176035,109.53713367493557,111.5966440176035,38113555
2023-07-25,114.23090362548828,114.85354732912847,109.53713757041558,110.15978127405577,88035259
2023-07-26,114.90144348144531,115.52408721207296,113.84774264176593,114.75776265061629,29716336
2023-07-27,114.75775909423828,116.33830665063452,114.13511538290656,115.18881618993142,39664251
2023-07-28,115.52407836914062,116.00303392399468,113.70404579903888,115.14091246360103,33996691
2023-07-31,117.96675872802734,118.6372936048482,115.52408238994194,115.52408238994194,52330311
2023-08-01,118.01465606689453,118.9246760853112,117.39201963800396,118.34993083110629,27863562
2023-08-02,113.94352722167969,117.72728061104334,113.27299234674537,117.72728061104334,54951586
2023-08-03,113.22509765625,114.61407324122246,112.55456275887175,113.70405324245796,34624188
2023-08-04,113.99142456054688,114.70985790861755,113.03351342978597,114.37459047450761,22303966
2023-08-07,113.84774017333984,114.56617354503733,113.03351714707244,114.56617354503733,20711952
2023-08-08,113.17720031738281,114.47037886804324,112.98561370836676,113.99142330792591,21275054
2023-08-09,115.14091491699219,115.42829117934066,111.97981257256862,113.3687807879284,34154214
2023-08-10,114.94933319091797,115.57197687402513,114.23089985847473,114.94933319091797,24439101
2023-08-11,115.2367172241211,116.29041805449198,114.13511791170878,115.2367172241211,26337436
2023-08-14,113.17720031738281,115.33250033791082,112.41086849788233,115.23671068754373,33095516
2023-08-16,111.06979370117188,112.98561598016255,110.54294695941864,112.98561598016255,31252473
2023-08-17,111.16558837890625,111.88402171877438,109.87240252051815,111.02190024927626,28461865
2023-08-18,110.92611694335938,111.50086218647,109.92030728670407,111.40507253066528,30381609
2023-08-21,111.97981262207031,112.17139192486603,110.97400301168796,111.83612449083256,22629651
2023-08-22,112.60245513916016,112.79403443994923,111.59664553931283,112.21928922930013,17343131
2023-08-23,113.94352722167969,114.2309034870984,112.69824712418996,112.88982642894776,43744909
2023-08-24,113.27298736572266,115.04512143579221,113.08140806938928,114.47037623851041,27103446
2023-08-25,111.97981262207031,113.1772015352484,111.78822601099266,113.03351340401063,23692527
2023-08-28,112.65035247802734,113.27299620210552,112.0756072359099,112.0756072359099,19218821
2023-08-29,114.51828002929688,115.0930252532414,112.7940370491813,113.51247040618244,36038317
2023-08-30,116.96094512939453,117.53569033403328,115.18881103664103,115.428288814264,51467177
2023-08-31,117.72727966308594,118.39781453262101,117.0088463136061,117.67938118314117,60626985
2023-09-01,121.7026138305664,123.28316137234665,118.20623669152727,118.3020263443197,76460408
2023-09-04,126.20479583740234,127.30638782920553,123.42685930885948,123.76211944626877,68525900
2023-09-05,126.15689849853516,126.87533187793065,123.42686042677101,126.20479698047443,36466807
2023-09-06,124.1452865600586,126.82742599333245,122.804202226858,126.82742599333245,36058850
2023-09-07,124.67212677001953,125.29477776969901,123.1873762231184,124.04949038690381,30268235
2023-09-08,124.04949188232422,126.1089949742855,123.7621156187435,125.86951719072889,34313523
2023-09-11,125.63003540039062,126.30058486621411,123.76211167153647,124.04948792595177,33377857
2023-09-12,123.5705337524414,127.54585903040999,123.23525901578995,127.21059891032218,38065283
2023-09-13,124.09739685058594,125.00740955236685,122.3252553129878,124.14529533311435,23371459
2023-09-14,126.15689849853516,128.55167642985347,125.29478428988638,125.48636360107893,58800620
2023-09-15,126.39636993408203,127.68955579857403,124.38476534289465,127.0190209348449,85058495
2023-09-18,124.95950317382812,129.31800171034126,124.57634457094152,129.31800171034126,62420823
2023-09-20,122.9000015258789,126.25269049788967,122.61262526210805,124.9595046192028,43627379
2023-09-21,122.42105102539062,123.81001930511381,121.84629847406022,122.90000661264446,29826091
2023-09-22,121.41523742675781,123.28316123308743,120.21784849749984,121.79840334577678,34059194
2023-09-25,122.03787994384766,122.90000142617886,120.79259254622679,121.94209029209573,23466981
2023-09-26,123.47473907470703,125.055301212529,122.9957835086817,123.57053603453767,48936598
2023-09-27,122.75630950927734,123.33106205284841,121.36734124830572,123.33106205284841,33277329
2023-09-28,121.463134765625,123.85791260163273,120.98417919842346,122.94789994726258,29982233
2023-09-29,123.47473907470703,124.09739008047832,122.18156781637695,122.80420420558434,28406435
2023-10-03,122.61262512207031,123.66633321583868,121.89419177174568,123.57053625583649,18613557
2023-10-04,120.0262680053711,121.75050366148496,119.25993617491028,121.65471400974783,33272725
2023-10-05,119.9783706665039,120.84049215690166,119.30783578968456,120.60101437114018,27063441
2023-10-06,120.60101318359375,121.65471396891219,119.83468135339018,121.17575840210544,21928671
2023-10-09,118.63729095458984,119.64310055563419,117.43990205252841,119.54731090512566,21457836
2023-10-10,120.0262680053711,120.60101322407571,118.54150282445902,119.45151547838451,28745957
2023-10-11,119.69099426269531,120.98418015094647,119.45151647720911,120.69680388505022,24455932
2023-10-12,120.60101318359375,121.55892431720723,119.83468135339018,120.07415913679355,19361688
2023-10-13,119.78679656982422,120.45733147580002,118.78098690257815,119.73889808727637,26912800
2023-10-16,121.65471649169922,121.89419428006872,119.69099570375658,119.8346838384347,23868700
2023-10-17,122.03787994384766,123.13947920969964,121.654714028558,122.51683551088922,24241710
2023-10-18,121.75050354003906,123.28315989114988,121.27154797354932,122.4689368897737,20926079
2023-10-19,120.6968002319336,121.17575578840952,119.11624543390667,120.21784467545767,30941319
2023-10-20,117.91885375976562,120.45731961083519,117.53568786197145,119.73888629307672,30746140
2023-10-23,114.94933319091797,118.206232426317,114.66195693462795,118.15833394750807,30699479
2023-10-25,116.24251556396484,117.63149110416397,115.66777034069852,116.09882743107775,27346103
2023-10-26,114.85354614257812,115.81145727419549,113.89563501096077,115.76355879430184,36298907
2023-10-27,114.85354614257812,116.67357875430751,114.47038022827479,115.42829135989216,28424007
2023-10-30,114.13511657714844,116.14672855856823,113.9435299595052,115.95514924920718,18753217
2023-10-31,113.75194549560547,115.09302252521003,113.4166780652748,114.9493343955592,22319950
2023-11-01,111.69244384765625,114.08722183456261,111.11769859245521,113.99143217674285,24717941
2023-11-02,113.12931060791016,113.56037503040125,109.77662142718634,109.77662142718634,72538804
2023-11-03,112.36298370361328,113.60826384562081,112.17139708372439,113.22509791412531,31747230
2023-11-06,114.37458801269531,114.61406579023098,112.55455544176782,113.51246655191052,27883152
2023-11-07,114.61406707763672,115.14091380916396,113.41667817650864,114.27879964697723,25818033
2023-11-08,114.03932189941406,115.42829010180772,113.56036633882565,114.70985676092509,22552386
2023-11-09,114.61406707763672,115.42829006874744,113.847735257602,114.1830026882615,22979112
2023-11-10,114.99723815917969,115.38039677814616,113.79984920420398,114.4703840956775,23584510
2023-11-13,115.9072494506836,116.14672723880484,114.85354864460653,115.76356131615442,17951775
2023-11-15,118.8288803100586,119.16414774872754,116.38620397008957,116.5777832755341,38344393
2023-11-16,119.45152282714844,119.97837690653802,117.82307672258824,118.7809879154548,30836413
2023-11-17,119.93047332763672,120.45732738463984,119.06835913731469,119.45151775155466,23319439
2023-11-20,119.11624908447266,120.36153649278722,118.82888012674917,119.7867912690582,18780290
2023-11-21,120.936279296875,121.0799674270029,119.6909919134756,119.78678887241547,29643312
2023-11-22,120.79258728027344,121.55891907744449,120.21784208653597,121.079963531283,19588063
2023-11-23,121.36734008789062,122.03788227955162,120.60101555092649,121.03207264620119,30736851
2023-11-24,120.64891052246094,121.65472018748139,120.26575189605536,121.36734390939488,14719450
2023-11-28,121.51102447509766,121.65471260518535,120.69680148230988,121.65471260518535,18377843
2023-11-29,122.3731460571289,122.75630465999734,121.36733645389454,121.79840084454436,23092165
2023-11-30,122.51683807373047,123.42685805511468,121.17576099630466,122.4210484199748,40165104
2023-12-01,124.52845001220703,124.8158262817019,122.66052618533678,123.47474189624728,31192397
2023-12-04,125.48636627197266,126.77955222903495,124.91161370959723,126.63585678015868,41230928
2023-12-05,126.06111145019531,126.87532714654138,124.52844778468135,125.48635892148658,35192149
2023-12-06,126.30058288574219,127.78533337990632,125.29477331934216,126.92321924674242,40753593
2023-12-07,124.52845001220703,126.6358516275623,124.33687070473187,126.15689605059228,34686333
2023-12-08,123.76211547851562,125.86951704811324,122.56472656208926,124.67212813168688,34393711
2023-12-11,124.57634735107422,125.00740444308238,123.33105993905637,124.3847680453555,24038059
2023-12-12,124.6242446899414,126.58795082627361,124.24107146545018,124.5763462098095,30696410
2023-12-13,125.86952209472656,125.96531905850712,123.7142219587445,125.05530636884981,22767972
2023-12-14,126.44426727294922,127.64165616757943,125.96531171509714,126.7316435309732,43372143
2023-12-15,130.70697021484375,130.99434647594651,127.40217975357139,127.78533835733253,77377446
2023-12-18,130.8506622314453,131.8085733323591,129.41379558007466,131.09014000667375,38461877
2023-12-19,129.701171875,131.8085882284262,129.126433919437,130.89856088646258,27726431
2023-12-20,124.28897094726562,130.41959642289433,123.33105980316338,130.18011863686877,39495961
2023-12-21,125.48636627197266,125.9174233854718,122.46894455263134,123.2831676049533,34914399
2023-12-22,127.92903900146484,129.07852947608367,126.20479598125436,126.82743239184163,37357334
2023-12-26,129.50958251953125,130.37171131090867,128.79114916833205,129.03062695206512,25936447
2023-12-27,131.4254150390625,133.05386117213462,129.7969689059904,130.13224367598986,48101400
2023-12-28,132.33541870117188,132.91017123421574,131.09014590718365,132.33541870117188,34661176
2023-12-29,133.72439575195312,135.30494322440936,131.37750185764182,132.76648464947942,49202910
2024-01-01,133.96388244628906,135.01757595922226,133.19755058997845,134.10756327460035,21186105
2024-01-02,133.72439575195312,134.68230685442683,131.28171951733253,134.58650989755407,27764060
2024-01-03,129.6532745361328,133.72439675209444,128.69536342649477,133.62859979450522,45176618
2024-01-04,128.5995635986328,130.61118273059986,128.3600858265683,130.27590800308425,43913498
2024-01-05,128.0248260498047,130.22802473340042,127.25850878295829,129.3180120165966,71330190
2024-01-08,126.44426727294922,130.22801325666794,126.20478949402317,129.60537687808568,39559717
2024-01-09,128.0248260498047,129.12643269988502,126.92323401628929,127.88114521641222,30736868
2024-01-10,128.4558868408203,129.03062474199706,126.54006460377043,128.1685105819501,27213624
2024-01-11,129.2222137451172,129.9406471379549,128.55167883511496,129.17432987884652,23113349
2024-01-12,129.60537719726562,130.51538983611294,128.9827262005863,130.08433275629724,32883921
2024-01-15,129.2222137451172,130.51539969885098,128.31220103750238,130.27592190123843,34158775
2024-01-16,131.47329711914062,132.6706859817922,128.3600860762466,129.03062091601882,56361287
2024-01-17,126.10899353027344,130.03643498225622,125.86951574945897,129.74905872196612,58982971
2024-01-18,125.48636627197266,126.68375526311743,122.8042120084954,126.10900270074201,45273496
2024-01-19,128.5995635986328,129.03062066503625,126.06110506137448,127.01901614963245,32653013
2024-01-23,124.6242446899414,129.50958271555191,123.8579128575229,129.12642410762464,35373970
2024-01-24,129.46168518066406,129.84485840795298,124.62424559986565,124.72002794426483,39340119
2024-01-25,128.12060546875,130.7548609082944,126.44426109813085,130.7548609082944,61358839
2024-01-29,129.3179931640625,129.70115174162717,127.88112657335068,129.03061692260758,29745400
2024-01-30,129.0306396484375,131.90437333600434,128.83906032591278,129.89276852464678,35704185
2024-01-31,130.22802734375,130.9464607582428,128.8390589990436,129.31801460870548,36079354
2024-02-01,129.1264190673828,130.9943427871038,128.83904281437265,130.65906805583137,31701793
2024-02-02,132.86227416992188,133.72440297867738,129.12642651500744,129.60538209212797,69296192
2024-02-05,135.59231567382812,137.3165585332123,133.48491423083107,134.1075505833428,80737626
2024-02-06,138.5618438720703,138.99291558864303,134.53861991105188,136.9812962998516,53192936
2024-02-07,138.32237243652344,141.1961060573645,137.987112284031,140.66926658679566,61517064
2024-02-08,137.6039276123047,139.51974986721495,137.0291897057699,139.18448974254395,38997666
2024-02-09,135.35284423828125,138.37025842097034,133.29332655944575,138.13078064086602,35961925
2024-02-12,131.6169891357422,136.933399061618,130.89855575701748,136.02338637187958,36477544
2024-02-13,132.0480499267578,132.43120851707158,128.45588333045387,131.95225297089772,39155909
2024-02-14,135.25704956054688,135.54442582483105,130.0364367895464,131.23382571026045,29141690
2024-02-15,135.25704956054688,137.41234961783218,135.06547025654544,135.54442582483105,31587387
2024-02-16,136.31076049804688,137.41235248143482,135.54442864950713,136.07128270891346,22316127
2024-02-19,135.97549438476562,137.3165788590465,135.40075642427257,136.9334056021526,16973568
2024-02-20,135.11337280273438,136.26286327789938,134.15546163733615,135.97548700496702,24291123
2024-02-21,137.84341430664062,140.0466129655513,135.4965348159473,135.59233178151226,88000833
2024-02-22,139.7592315673828,139.9987093559606,137.46025064366157,138.8971173751284,46728176
2024-02-23,139.32818603515625,140.90874834089115,138.89712890325234,140.2381987839679,28414697
2024-02-26,136.64602661132812,139.80713648950442,136.26286797857674,139.71135413959902,22570277
2024-02-27,138.1307830810547,138.41815934556936,136.02338150222042,136.64601789486554,24119469
2024-02-28,134.82598876953125,138.84921250932356,134.1554539156598,137.9870983567122,20721926
2024-02-29,134.92178344726562,135.87969454134188,133.5328006676044,134.87388496924913,32248156
2024-03-01,143.63877868652344,144.30931358999868,136.981298901011,136.981298901011,123709943
2024-03-04,146.6562042236328,148.38043261580668,144.69248342525225,148.38043261580668,67577785
2024-03-05,145.4588165283203,147.51831969035862,144.40510839819197,146.75198783358934,37165490
2024-03-06,145.21932983398438,146.22512480423438,141.6750470407782,145.41090913229087,51782444
2024-03-07,150.63153076171875,152.45155612938402,145.84197493463708,145.98565576282377,124847699
2024-03-11,146.991455078125,152.21206763938605,146.56039800729857,152.21206763938605,54155385
2024-03-12,146.08145141601562,148.04517221082247,144.5487877184678,147.70989745930754,34947937
2024-03-13,137.6039276123047,146.4646055412647,136.5023356623568,146.36882319845748,70937597
2024-03-14,136.45445251464844,137.89131936727702,132.52702522073625,137.5560592049363,91956952
2024-03-15,135.7360076904297,137.6518299997274,133.96388082426785,136.88549815269545,68482621
2024-03-18,143.39930725097656,143.92616134727467,136.21497307390794,136.55024784879728,166913078
2024-03-19,142.48927307128906,146.0335411420186,141.38768117652282,142.72875084115677,105004268
2024-03-20,139.51976013183594,144.30931612148447,137.7955316688144,143.30352105691023,77550319
2024-03-21,143.782470703125,144.83616420728467,141.57927211578848,141.77085142412986,84225737
2024-03-22,145.41091918945312,146.32093188177151,142.10612856126284,142.72876497796372,68241556
2024-03-26,145.98565673828125,146.9435679100982,144.1656313584548,144.78826777351003,52965508
2024-03-27,146.2730255126953,147.614109854411,145.60249065011936,146.0335477320208,35328794
2024-03-28,149.29046630859375,150.39205834153955,146.2730372598277,146.2730372598277,62575327
2024-04-01,156.283203125,157.0016365097914,149.9130996264753,150.20047590370478,84583929
2024-04-02,157.72007751464844,158.53430790337652,154.99003929048115,156.09163135375763,69533405
2024-04-03,156.7621612548828,159.25273620914044,156.2353217907511,157.72007245012577,50938559
2024-04-04,156.52267456054688,158.96535089290674,154.22369366924585,158.58219228321124,61094750
2024-04-05,156.47479248046875,157.24110970859525,154.03211612026396,157.00163192066466,44668121
2024-04-08,158.24691772460938,159.92326222299837,157.2890065826728,159.92326222299837,48255703
2024-04-09,159.01324462890625,162.6533097786638,158.24691281581568,159.01324462890625,63884687
2024-04-10,158.10324096679688,162.07856646146442,157.5763869018668,160.25854109159445,64134758
2024-04-12,156.61846923828125,159.01324705538033,156.13951367486143,159.01324705538033,55317636
2024-04-15,154.08001708984375,157.7679663136035,151.92471696365638,154.99002977536554,66426404
2024-04-16,153.3136749267578,155.612655726857,152.3078653455031,154.08000673231203,41391261
2024-04-18,153.3136749267578,157.09742085951265,152.451546164298,154.12789059420135,68093672
2024-04-19,155.27740478515625,155.66056340229,150.67942829672958,153.26578550379324,60078229
2024-04-22,155.03793334960938,157.767971495849,154.70265858345272,156.90585726368172,39304790
2024-04-23,154.3673858642578,156.61848305758306,154.03212571022038,156.61848305758306,30295177
2024-04-24,158.5821990966797,159.87537042238597,154.6547574040206,155.6126685859799,59894921
2024-04-25,160.64169311523438,160.92906937671987,157.24110569021116,158.43849459926415,50128523
2024-04-26,158.82167053222656,163.51542928924192,158.29481647993364,160.9290721248342,65355111
2024-04-29,160.3543243408203,162.46174061240157,159.8753687548363,161.12065620170765,44906151
2024-04-30,158.0553436279297,161.31223577121273,157.57638804117838,161.31223577121273,55043389
2024-05-02,160.3064422607422,161.79119290057608,158.05534513492196,158.05534513492196,69320283
2024-05-03,159.49220275878906,163.5633250514308,158.19901688979496,161.83908209829332,62573586
2024-05-06,160.54591369628906,161.5517087049599,157.76796260675619,160.88117382699133,37621296
2024-05-07,157.33689880371094,160.88116696456098,155.46897507455947,160.88116696456098,43611824
2024-05-08,159.06114196777344,160.06695155171053,156.61846572580146,157.28900057623835,30128705
2024-05-09,155.0858154296875,159.68379205359528,154.70265680126383,158.96535866287735,30223088
2024-05-10,155.42108154296875,157.43270077166048,155.03792293586744,156.3310941972573,31472419
2024-05-13,156.95375061035156,157.5763870224772,151.39786291664132,155.61266620617906,36561003
2024-05-14,158.00743103027344,159.54009461758218,156.61846287609168,157.19321537547327,46261468
2024-05-15,158.63009643554688,160.49802030358902,158.00744540182313,158.00744540182313,29601304
2024-05-16,158.91746520996094,160.92908461426535,155.46899359530866,160.2106512008088,41126570
2024-05-17,160.3064422607422,161.36013579170285,158.48640224379517,159.58800887376526,39181277
2024-05-21,167.01182556152344,167.82604132131,160.88118503835614,161.4080391279622,84833644
2024-05-22,166.00601196289062,168.1134136551984,164.28176889952437,168.06551517243952,42919832
2024-05-23,168.1134033203125,168.40077958263436,163.32384767016114,165.76652397505111,49377680
2024-05-24,167.4907684326172,170.0771255835519,166.82021894233884,167.58655077653978,38674485
2024-05-27,168.1134033203125,170.2208048830663,167.49076693241835,170.2208048830663,30410585
2024-05-28,167.5386505126953,170.02922529319298,166.14968229981017,168.49656164110766,39208456
2024-05-29,166.916015625,168.59236011477762,166.19758227223815,167.3949711935079,36575550
2024-05-30,157.24111938476562,164.76072823514693,156.47480210948214,164.76072823514693,108813875
2024-05-31,160.16273498535156,160.881168319272,157.09742235060372,159.061143053299,83713848
2024-06-03,166.916015625,167.63444897776182,161.74330133174035,165.9581044879842,86397540
2024-06-04,152.2599639892578,167.29916509568633,141.91452135121878,167.15548427960707,125042158
2024-06-05,162.07855224609375,162.46172544905625,152.30786212727907,155.32527619072252,60098501
2024-06-06,164.80862426757812,167.34708309146833,162.27015082712305,162.84490339160172,57920819
2024-06-07,171.3702850341797,172.08871833859894,163.6112141163896,164.76070448014778,84319867
2024-06-10,172.7017822265625,174.43561355972378,169.89510977738715,172.62516220271823,74286848
2024-06-11,173.69802856445312,176.01617176651973,172.90296056520714,172.90296056520714,55555544
2024-06-12,174.5601348876953,176.13110850007908,173.8608638804283,174.57929720224826,33304643
2024-06-13,174.87625122070312,176.3514425264948,172.9125305070931,175.68089305119113,36669164
2024-06-14,175.44142150878906,175.77669625835983,173.76507699406358,175.24984220184757,28509237
2024-06-18,173.49685668945312,176.83039789776666,172.9987534329532,176.06406608149123,35032118
2024-06-19,172.44317626953125,174.8092180747687,171.76305289431656,174.7708934419473,27476795
2024-06-20,174.60804748535156,175.24984621742172,171.82052246330372,173.95667490351244,38837494
2024-06-21,175.83932495117188,176.77743902880616,174.11942429041832,175.31162273533,65494855
2024-06-24,173.90444946289062,174.87187866151632,171.10962583486946,173.39629564569017,47597307
2024-06-25,171.67640686035156,174.9207542643488,171.25621332305658,173.93377660547398,30599989
2024-06-26,168.62750244140625,171.98911016216266,167.92390943422217,171.6763955318345,44006436
2024-06-27,170.19105529785156,170.96304535422527,167.88483695877437,168.62751188079562,49767976
2024-06-28,170.04446411132812,173.06405713840877,169.61450383866656,170.20082143468963,37521949
2024-07-01,170.1031036376953,171.97934672251336,169.5558530241173,170.52329715532775,27807688
2024-07-02,170.5623779296875,171.74480963798797,169.64381224126225,170.49398092284034,33359495
2024-07-03,172.35067749023438,172.8490645802476,170.42557087094136,170.56237979718813,29090492
2024-07-04,172.2725067138672,174.12921641052586,171.81323129913704,172.9663330286884,29504744
2024-07-05,170.728515625,172.18455026088213,169.44835687526228,172.18455026088213,38123217
2024-07-08,168.3538818359375,171.4711867923002,168.16820939110525,170.62101813549364,31479861
2024-07-09,167.88482666015625,169.74152130684107,167.60142716406017,169.6438091686785,25127904
2024-07-10,164.15188598632812,168.94999517691488,163.21377185434878,168.56888351497543,41525591
2024-07-11,165.07046508789062,167.05420204182573,164.8261623604498,166.12585465976161,33987236
2024-07-12,164.845703125,166.5069586125069,164.18119198336458,166.32128616247562,33311402
2024-07-15,162.95968627929688,165.13887734851053,162.02157215418563,164.84571109276757,32635187
2024-07-16,163.26263427734375,165.9499642862029,162.90105610027064,163.97599406823636,26505901
2024-07-18,162.5688018798828,163.79031547452274,160.69255878784242,163.79031547452274,36568852
2024-07-19,154.174560546875,162.30494709504225,153.61754320301944,162.21700169687168,77987514
2024-07-22,156.6664581298828,157.03778813114377,152.84555994480016,154.7902000863272,40353690
2024-07-23,156.373291015625,158.2788492716282,151.46768816574237,157.91728601335075,37077411
2024-07-24,156.65667724609375,158.3277144486552,155.56220580786476,156.37329264550053,28086566
2024-07-25,153.80322265625,154.88792734958835,153.3243839481989,154.88792734958835,45155876
2024-07-26,158.8456268310547,159.23650520707923,154.60453531586592,155.13222261460447,45642032
2024-07-29,159.1583251953125,160.94662282696316,158.63063790106426,160.94662282696316,31754833
2024-07-30,160.33099365234375,161.53295884025758,157.6338821239803,159.18764381946087,42824600
2024-07-31,161.56227111816406,162.7056060197874,159.82283700344945,162.50038518106078,52769925
2024-08-01,159.34400939941406,165.09978109179025,157.23323024455576,164.36687290560792,118341338
2024-08-02,154.6143035888672,157.5166210383314,151.1940655760626,157.33094858901046,72427529
2024-08-05,146.40574645996094,150.49048092783863,145.60442635225945,150.1582327953525,102883971
2024-08-06,146.89434814453125,150.29503786669204,146.20052185175567,147.76406524020342,53507102
2024-08-07,150.35366821289062,150.78364339049116,148.43832830659403,150.19731089175318,32029697
2024-08-08,146.85525512695312,149.94324519729312,146.58163726361212,149.90414841049858,51858615
2024-08-09,148.3503875732422,149.51327095533026,147.8031518430961,149.51327095533026,23290101
2024-08-12,148.5946807861328,149.90413975811995,146.46436827150188,147.55883966169358,30550334
2024-08-13,145.48716735839844,149.46440807139146,145.11582243517475,148.63378773135872,29396493
2024-08-14,142.8389129638672,146.48390538198123,139.10597514494546,146.48390538198123,97911180
2024-08-16,146.11257934570312,146.58163640711044,143.1223163487669,144.62721458834898,54131721
2024-08-19,150.45140075683594,150.7836488930867,146.96275059303665,147.4122741799477,62889770
2024-08-20,150.42205810546875,152.1517254749712,149.31781999092894,152.1517254749712,37559016
2024-08-21,148.45787048339844,150.66636163553713,148.31129482037866,149.51325999030357,49749381
2024-08-22,150.62728881835938,150.8325096699795,149.0344302661929,149.0344302661929,36719176
2024-08-23,150.6859130859375,150.87158553690045,149.07352111577796,150.49047389425976,31490857
2024-08-26,152.1517333984375,152.83577804285756,150.19731160806307,151.08657710133662,32497603
2024-08-27,151.1745147705078,152.9334972740819,151.07680263262014,152.24945266465147,24523684
2024-08-28,150.1973114013672,151.46768854557328,149.56213028479158,151.17452229520958,25195197
2024-08-29,149.48394775390625,150.06049858769353,147.7542803414899,149.7184837303362,44452983
2024-08-30,149.2787322998047,151.71199281830025,148.99534769856064,149.51326828470167,55134023
2024-09-02,149.39601135253906,150.39275576252777,148.6728698982827,150.39275576252777,19200143
2024-09-03,148.68263244628906,149.95300959829254,148.54582351675361,149.35691035294772,19780066
2024-09-04,147.73472595214844,148.7119367810243,145.76077081377798,146.09301891694284,39613696
2024-09-05,148.26243591308594,149.30804380098405,147.55884288657023,147.55884288657023,28347324
2024-09-06,147.77383422851562,149.41554139140402,146.23960595055092,148.47742727291208,30709532
2024-09-09,146.06370544433594,147.46110978819794,144.67606784089423,147.46110978819794,32624586
2024-09-10,146.0148468017578,148.13539260607772,145.41874757300027,147.07023633354436,41607844
2024-09-11,144.7933349609375,146.77707186350452,144.25586599227418,146.48390561595593,24633287
2024-09-12,148.281982421875,148.96602704700382,145.3601165596872,148.5360518794787,73191476
2024-09-13,149.99209594726562,151.85855730368107,149.02465185576355,149.29826969579472,54894255
2024-09-16,150.69569396972656,152.11264674098723,150.00186769509375,151.46768399178848,32575460
2024-09-17,149.33737182617188,150.72500946774306,148.79990286720482,150.4904734917244,18275113
2024-09-18,147.16796875,149.49372057216695,146.2005245828321,148.92693645604328,24856345
2024-09-19,146.13211059570312,148.72172841263767,144.4219915304096,148.42856216209069,36913781
2024-09-20,148.55560302734375,149.84551364278988,147.21681397434418,147.55884374877982,53873369
2024-09-23,150.480712890625,150.8715912888827,149.31782952588387,150.86182454779558,33281905
2024-09-24,156.8716583251953,157.81955405326022,151.32110779195952,151.61425912141925,137414352
2024-09-25,157.97592163085938,158.98244769019425,155.8846908489042,157.81956430428852,58044967
2024-09-26,161.8358917236328,162.11927631322408,156.82279522162932,158.30815990945524,88661662
2024-09-27,162.7544708251953,165.15840117745907,162.10950808246923,163.19421272757972,72795668
2024-09-30,164.70889282226562,166.30173637862106,163.4482824673664,163.68281844087315,92381529
2024-10-01,163.22352600097656,165.6274712369101,161.3375162302807,165.6274712369101,50761579
2024-10-03,163.17466735839844,166.11608162848148,160.77073696159897,161.72839944180865,75959797
2024-10-04,162.94992065429688,165.24637227711537,160.26259062851386,163.1942233839135,53880875
2024-10-07,160.6143798828125,164.12256334259985,158.63064300103557,163.29194304614782,48775098
2024-10-08,155.8846893310547,159.86193000123248,153.12894739353376,159.28537914005364,74956764
2024-10-09,155.43516540527344,158.50360707504444,154.50681802031806,155.88468898602883,42766218
2024-10-10,156.0801239013672,157.50684344470508,153.03123070865186,154.69248623260432,46507936
2024-10-11,156.9987030029297,160.04759616618458,155.57196856232306,155.66969561439853,53263433
2024-10-14,154.7120361328125,159.65672087827198,154.43840336390207,158.1909045350225,35566857
2024-10-15,152.0833282470703,155.89444456983352,151.51654416888044,155.86512943743182,38964393
2024-10-16,151.7022247314453,152.98236861832623,150.51002624647492,151.6533612044767,28518262
2024-10-17,148.9269256591797,152.73805687177043,148.63377433679537,152.10286088081162,28404223
2024-10-18,151.8488006591797,152.64033909982865,147.65657247272026,148.92693470973194,34750795
2024-10-21,151.4969940185547,154.33089946555782,151.06701886691474,152.54261676559315,25799090
2024-10-22,146.96273803710938,151.36995356970385,146.67935345359038,151.36995356970385,39079846
2024-10-23,145.38943481445312,148.48719154201902,144.67607504086345,146.87479954023507,42107893
2024-10-24,145.58486938476562,146.41550457811664,144.63697366004436,146.08325646519796,22115070
2024-10-25,142.53598022460938,146.09302724812144,141.13856090587888,145.60442180582004,39730802
2024-10-28,145.97576904296875,146.31778391140472,141.4317294104196,142.6727914287652,28386897
2024-10-29,146.6402587890625,147.02137042678123,143.210254049594,146.43505285932014,32258407
2024-10-30,145.57510375976562,147.50997709747446,144.72493507870732,144.72493507870732,21362130
2024-10-31,145.1744384765625,146.532760933423,144.82264198142326,145.68259228310896,26383702
2024-11-01,146.3373260498047,146.8259314790194,145.60441790598261,146.2493806511991,5106804
2024-11-04,143.60113525390625,146.5816314080815,141.79330407983934,146.5816314080815,25571021
2024-11-05,148.81944274902344,149.07352712840165,143.60114007437835,143.65000360203226,42772283
2024-11-06,150.11912536621094,151.41881758050297,146.18096685036514,150.49047025916698,48928986
2024-11-07,147.50997924804688,153.34392939034922,146.77707108857226,152.55239096388536,88254789
2024-11-08,144.20701599121094,148.53605301045957,143.5913683683801,148.53605301045957,61980989
2024-11-11,141.70533752441406,144.3242703105848,140.81608699879095,144.20700978216286,47497863
2024-11-12,140.88449096679688,143.77704173629053,140.32748851820787,142.33075889601633,28861672
2024-11-13,135.99844360351562,140.32749578559165,135.44144112608018,140.32749578559165,57609083
2024-11-14,134.83555603027344,137.52288600972526,134.36649897259178,136.52614162603365,36345184
2024-11-18,137.99195861816406,139.98546230584378,134.85510504856154,136.31115466670337,40233848
2024-11-19,136.28182983398438,139.24277747601727,135.89093655270943,138.76393879810072,37611903
2024-11-21,137.02450561523438,138.37306135027794,134.1221882182823,136.3209126153033,58398744
2024-11-22,139.5261688232422,139.92682886433133,136.4674939848152,136.95609942681034,43710169
2024-11-25,140.39588928222656,142.81936815757626,139.5848024397268,141.63695130976768,53883890
2024-11-26,141.1776580810547,142.4773503504897,140.30794098780024,140.93335535922978,25608469
2024-11-27,141.2362823486328,141.59784559003646,139.64342389846354,141.02129476967545,24895631
2024-11-28,140.1222686767578,141.93988152543622,139.82910242805713,140.71836791506243,30947861
2024-11-29,141.2460479736328,142.17441019864162,139.79001336798456,140.6206336337108,29742979
2024-12-02,143.07345581054688,143.48388261173588,139.87797189500813,140.82586768979775,23840351
2024-12-03,143.20046997070312,144.82264354418618,143.00503078486213,143.40569080802132,35527228
2024-12-04,142.52621459960938,143.6988646881027,140.71836848451827,143.65000116127905,38537808
2024-12-05,143.71841430664062,144.5099527503473,141.50014138721266,143.16139693599962,36328245
2024-12-06,144.9105987548828,145.29171041195158,143.25912484828822,144.13860869966072,30604899
2024-12-09,146.46437072753906,147.23636075798302,143.2884353835505,144.91059410377085,39059139
2024-12-10,146.89434814453125,149.02466072746012,145.90735560253987,146.76730595729163,36278104
2024-12-11,147.16796875,148.64355185350902,146.64026650934292,147.15818709784202,20499709
2024-12-12,147.34385681152344,148.1744920325029,145.31125637085603,147.43180221297638,25761723
2024-12-13,145.55555725097656,146.63049518086675,142.23304623122362,146.5816316547709,39701388
2024-12-16,144.42198181152344,146.3861851202688,143.74771886501125,145.54578321115156,22634773
2024-12-17,142.36007690429688,145.1158188024992,142.01806203557044,144.4219925019059,27110781
2024-12-18,141.1678924560547,143.55227451462753,140.0343242391735,142.67279067352774,19850229
2024-12-19,139.99522399902344,140.522926219507,137.8844598502527,138.32420175995267,27104579
2024-12-20,137.47401428222656,141.10923981229502,136.8095180660688,139.6336568068476,46503449
2024-12-23,138.48056030273438,140.52292746235315,137.40562237080098,139.20368681053077,27514178
2024-12-24,137.1808624267578,138.27533379551005,136.0766094065355,137.98216756143597,25882917
2024-12-26,137.16131591796875,137.93330593094362,136.33068072853067,137.73786674256237,23939932
2024-12-27,135.74436950683594,138.5196448802815,135.45120325503706,137.49357045451288,19562177
2024-12-30,133.76063537597656,136.07662048267179,132.98863039970797,135.74437234883592,32555723
2024-12-31,134.90396118164062,135.5195938792526,133.4479116433087,133.7508446218415,20080291
2025-01-01,133.6238250732422,135.29484737754888,133.46746774913888,134.95283250600994,18169498
2025-01-02,135.03099060058594,135.2948417100757,133.2915564482029,133.87788893350137,23388424
2025-01-03,135.20689392089844,136.545668015034,134.69874010335806,135.03098821399612,23351832
2025-01-06,129.167724609375,135.23621062455192,128.35665271547006,135.20689549157004,44620509
2025-01-07,130.34039306640625,130.82899851060654,129.00160400978018,129.75406056894397,24239451
2025-01-08,129.61724853515625,131.1807918835539,128.7670798541568,130.8778439901228,31570331
2025-01-09,126.96900177001953,129.3827138229862,126.74424744397356,128.99183543759716,31903107
2025-01-10,124.52598571777344,127.41852909715764,123.8126184778634,126.969005520732,34855510
2025-01-13,120.12853240966797,123.6171749133493,119.82559942608383,123.12856947890918,38968332
2025-01-14,124.0373764038086,124.73119522895126,120.13830710822148,120.13830710822148,36877365
2025-01-15,123.64649200439453,125.38592618565981,122.91358384112922,125.08299319727891,18773125
2025-01-16,124.89732360839844,125.5422863855193,123.67580997493697,125.08299606645339,22164393
2025-01-17,127.31103515625,128.17098552179465,124.73119897067106,124.98527589281176,27421959
2025-01-20,128.6595916748047,129.08956685992263,125.97226167887261,128.0048621560315,20571916
2025-01-21,126.74424743652344,129.382713815381,126.30450552522295,129.05046569671438,32238213
2025-01-22,125.98202514648438,127.37944446180752,124.22305003180468,127.28171740916363,27505569
2025-01-23,127.39897918701172,127.77032409741749,124.78982789534324,124.93641102021249,20722538
2025-01-24,126.7833480834961,130.16448946196016,126.36313964092619,127.52602300273526,37092106
2025-01-27,123.49014282226562,126.49994669650864,122.87449519018274,126.07975317122053,24650571
2025-01-28,125.68885803222656,127.51625250888442,121.89728251936828,123.49014101793216,40373804
2025-01-29,127.81918334960938,128.34687065264757,125.62045891668394,126.06020082105816,16674706
2025-01-30,128.1318817138672,129.13840769517418,127.13513738412219,127.81918199602195,25256096
2025-01-31,131.5521240234375,131.92346892974018,126.96900260596148,128.13188594007386,26689228
2025-02-01,129.93972778320312,132.41207003826574,127.28171308106356,131.9234646137703,21173846
2025-02-03,128.81594848632812,129.49021148461208,124.89732321931588,128.29801298918326,27765357
2025-02-04,130.3794708251953,131.2785030248162,128.8647910137796,129.77360486505077,25032519
2025-02-05,131.33714294433594,132.30458713240273,130.0472322713023,130.11562928261014,16958362
2025-02-06,129.51951599121094,131.79641899938704,129.01137709892856,131.43485576621424,22408168
2025-02-07,135.1580352783203,135.58801045399724,129.53907268292943,130.2622141066638,52950146
2025-02-10,130.98533630371094,134.95282489606737,129.96904357645818,134.95282489606737,26120805
2025-02-11,127.14490509033203,131.27850283675826,126.74424506065682,129.9690438681681,23635428
2025-02-12,129.2654571533203,130.2524347981139,125.38592867260378,126.4022363626801,37927696
2025-02-13,133.14498901367188,134.55217513653938,128.85503363382037,129.26546043448081,52036196
2025-02-14,131.40554809570312,136.07661490456988,130.29152829005403,133.14498226748756,41469242
2025-02-17,131.22964477539062,131.7280318758527,127.75077636841932,129.88110387727278,21189637
2025-02-18,131.47393798828125,131.82573448213452,128.74752634420878,131.22963528174574,23957576
2025-02-19,132.6661376953125,133.76062397088467,129.99835628877247,131.43485741022957,18447487
2025-02-20,134.89418029785156,135.20689492976493,131.92346584994633,132.18731695674143,24139808
2025-02-21,137.5522003173828,138.37306880221212,134.02446838729355,134.76715821113652,41987785
2025-02-24,134.51307678222656,137.45449118594422,133.54564751731658,135.64664502478183,25193205
2025-02-25,133.94630432128906,136.17434396545056,133.5847261511985,135.33394200064896,23575603
2025-02-27,135.5293731689453,135.82253940182272,132.78341310680332,134.08310530741846,30747044
2025-02-28,134.07333374023438,134.65966625008986,131.0048920822416,134.65966625008986,45540594
2025-03-03,135.41212463378906,135.88118170130534,131.24919656253428,133.8778963287732,31154401
2025-03-04,136.16456604003906,137.7281094767585,132.71501268466753,133.04726081887745,28634645
2025-03-05,142.7705078125,143.15161943865024,135.83230497524232,135.83230497524232,62109377
2025-03-06,147.01161193847656,148.73149777504847,142.86823230498567,143.44478316422195,79121467
2025-03-07,148.1060791015625,148.97579619134177,145.86827273945227,146.32756304753224,81821791
2025-03-10,147.6077117919922,150.72501699870244,146.9822974024148,148.10608399099667,54450331
2025-03-11,147.31454467773438,148.24289205999332,144.6272146753213,144.7249417307402,35916900
2025-03-12,146.8748016357422,148.8096750476993,144.33404732468557,147.55884628531743,26377549
2025-03-13,147.44158935546875,150.06050748106867,146.60118736227295,148.5360608215636,48286431
2025-03-17,148.3503875732422,149.16147442722846,147.46112205622714,148.52629329282075,35879780
2025-03-18,148.3503875732422,148.3503875732422,148.3503875732422,148.3503875732422,0
2025-03-19,154.98565673828125,155.57197433934243,152.93350785692914,153.22667411298733,66161413
2025-03-20,155.41561889648438,156.45147500190663,153.08008538299788,156.35374794501885,39889517
2025-03-21,153.6957244873047,156.1094365298207,153.24621583715896,155.40584351032305,49184821
2025-03-24,154.8097381591797,155.37652223085772,153.5295943554991,154.3993113992171,30905773
2025-03-25,153.15826416015625,155.3765371358708,152.4937678882025,155.3765371358708,28467187
2025-03-26,152.2592315673828,153.94980228952724,151.4774598465637,152.64034323101203,23182869
2025-03-27,151.87811279296875,152.5426239434226,150.6859143295246,151.27224682045127,25909068
2025-03-28,150.72500610351562,153.3341572703865,149.87482252883336,151.8390258703937,24589315
2025-04-01,149.63052368164062,151.7999330064872,148.60446419671834,148.60446419671834,29142122
2025-04-02,151.1647491455078,152.68919568950312,148.7999006719953,150.49047127157428,24977582
2025-04-03,150.11912536621094,152.41557681835366,149.12238103941442,149.51325941332826,15117526
2025-04-04,137.1906280517578,149.50349049432825,136.80951642387632,149.1419123471199,80846143
2025-04-07,126.52925872802734,127.37944232078594,122.47383959940032,125.08299082174615,121806340
2025-04-08,127.31103515625,133.09612190842537,125.10254388507535,131.81597801220641,68999181
2025-04-09,124.28167724609375,127.03741156804094,122.44452351663803,127.03741156804094,73399980
2025-04-11,130.3794708251953,131.6302995299769,127.51625016987549,131.60098439713468,73706472
2025-04-15,133.3013458251953,133.87789669215056,131.7671175160152,132.50980736190837,38967608
2025-04-16,133.84857177734375,134.46421938649672,131.5521203075305,133.3013360852319,42684087
2025-04-17,134.0146942138672,134.81601426124502,130.65308653316296,131.33713114003785,62282856
2025-04-21,136.00820922851562,137.1026956027805,133.92676010016575,134.5130777078614,26503486
2025-04-22,135.01145935058594,139.58479913170353,134.56193578295367,138.76394556756264,58429662
2025-04-23,137.94308471679688,138.27533282124799,134.19059869803928,136.21341736789535,37851304
2025-04-24,138.29489135742188,138.6466878794268,137.08314446805932,137.4935712585559,23061444
2025-04-25,135.68572998046875,140.18089086079942,134.87464320062503,138.7639381366849,37764696
2025-04-28,138.8323516845703,139.35027223870821,135.2264412865147,135.38278368906367,26971589
2025-04-29,138.2753448486328,140.0343274826286,137.70856072706445,138.8323622290045,25758449
2025-04-30,136.8876953125,138.33396317063088,134.85509498999104,138.22646938253004,29205042
2025-05-02,138.1776123046875,139.83888272757287,136.2720540731448,136.80952303872215,29588258
2025-05-05,138.8421173095703,139.44798325609716,137.9821670027162,138.3437451514002,17213477
2025-05-06,141.14834594726562,142.08646006882105,138.31442536723225,138.8421276077804,42658262
2025-05-07,142.67279052734375,143.60113789445452,138.95938614784575,138.95938614784575,34674594
2025-05-08,140.39588928222656,143.3177552634447,139.5945840918764,142.67279248588267,29687927
2025-05-09,139.5261688232422,140.0050075243771,137.30789594148902,137.77696790176375,21875453
2025-05-12,148.1744842529297,148.48718396758522,141.20696620102353,142.29167082849085,47087413
2025-05-13,146.0246124267578,149.5034956320895,145.61418565270813,148.53605150758028,54389876
2025-05-14,151.77061462402344,153.56867900814177,147.5588382491701,147.5588382491701,60002060
2025-05-15,153.76414489746094,154.24296870727517,150.78364859624276,151.95629872314925,57066105
2025-05-16,153.95957946777344,154.5458970580579,153.42211049338817,153.76414027101197,22884754
2025-05-19,153.9791259765625,154.53612842606958,152.57193991941134,154.39931949890516,21839582
2025-05-20,155.07359313964844,158.40588573758893,154.39931526317346,154.74134502722882,58061639
2025-05-21,157.95635986328125,158.1615807009116,154.91723354901094,155.81626573409022,36044599
2025-05-22,157.6143341064453,159.8717037334825,156.70553515785153,157.3114011235807,60715453
2025-05-23,159.2560577392578,159.80329344433994,157.81955655788985,157.91728360996365,29483665
2025-05-26,158.80653381347656,161.77726322151975,158.35702516149206,159.3830995617113,25581584
2025-05-27,157.97592163085938,160.1648645586298,156.95961391920423,158.8065419700382,23296776
2025-05-28,157.56549072265625,158.9824435439945,156.98892495984478,158.69904403309386,13044476
2025-05-29,159.4026336669922,160.21372048515627,157.8195568159793,158.4938347076491,26455081
2025-05-30,157.35049438476562,160.15508473744737,156.8521073109064,159.3928614714847,32739340
2025-06-02,155.41561889648438,156.4710084844399,153.71528143065774,155.3765370203625,31365564
2025-06-03,153.76414489746094,156.9889290186899,153.58823917734452,155.41561883418166,28398746
2025-06-04,154.57521057128906,155.356982261193,153.23643643090236,153.9107143270563,16660138
2025-06-05,154.37001037597656,155.46448183590726,153.47097811802558,155.23972749918335,23708504
2025-06-06,157.49000549316406,157.8800048828125,154.25,155.6999969482422,25804151
2025-06-09,157.32000732421875,158.1999969482422,156.82000732421875,157.69000244140625,15315437
2025-06-10,155.67999267578125,159.3000030517578,155.5,158.0,22764080
2025-06-11,156.41000366210938,157.52999877929688,155.30999755859375,156.4499969482422,17605668
2025-06-12,152.88999938964844,156.25999450683594,151.85000610351562,156.0,27846151
2025-06-13,152.1300048828125,152.5,149.8000030517578,149.8000030517578,24277592
2025-06-16,154.1699981689453,154.5,150.83999633789062,152.00999450683594,16188193
2025-06-17,152.60000610351562,154.88999938964844,152.35000610351562,153.80999755859375,16740382
2025-06-18,152.11000061035156,153.1999969482422,150.8000030517578,152.1999969482422,14860746
2025-06-19,151.0,152.4499969482422,150.5,152.0,20145922
2025-06-20,151.97000122070312,153.1699981689453,150.6300048828125,150.75,29944714
2025-06-23,152.42999267578125,153.3000030517578,150.47999572753906,150.5,17096676
2025-06-24,154.7899932861328,156.97000122070312,153.63999938964844,153.8000030517578,25403324
2025-06-25,156.38999938964844,156.89999389648438,155.50999450683594,155.89999389648438,18240433
2025-06-26,160.5399932861328,161.10000610351562,156.4499969482422,156.8699951171875,40650557
2025-06-27,161.4499969482422,163.3000030517578,160.6999969482422,161.0,31989509
2025-06-30,159.75999450683594,162.1999969482422,159.5,160.99000549316406,15842285
2025-07-01,160.05999755859375,160.44000244140625,157.72999572753906,160.00999450683594,17823415
2025-07-02,165.8800048828125,166.14999389648438,159.8300018310547,160.05999755859375,63315210
2025-07-03,165.91000366210938,168.77999877929688,165.2100067138672,166.0,60571824
2025-07-04,163.00999450683594,166.49000549316406,162.0,165.91000366210938,22938753
2025-07-07,162.39999389648438,163.35000610351562,160.0500030517578,163.0,17469909
2025-07-08,161.97000122070312,162.89999389648438,161.60000610351562,162.4499969482422,11398248
2025-07-09,159.0,161.9499969482422,157.50999450683594,161.9499969482422,29839077
2025-07-10,160.66000366210938,161.5500030517578,159.27999877929688,160.0,17566887
2025-07-11,159.83999633789062,161.6199951171875,159.32000732421875,160.63999938964844,20689511
2025-07-14,160.44000244140625,161.1199951171875,159.3000030517578,159.83999633789062,15152964
2025-07-15,159.0,160.85000610351562,157.9499969482422,160.25999450683594,17993051
2025-07-16,157.3300018310547,159.27000427246094,157.0,159.0,14591157
2025-07-17,159.89999389648438,160.6999969482422,157.1199951171875,157.5,21733241
2025-07-18,162.3699951171875,162.75,160.10000610351562,160.10000610351562,30728478
2025-07-21,163.02000427246094,165.60000610351562,162.49000549316406,162.5,29812899
2025-07-22,163.0399932861328,164.41000366210938,162.72999572753906,163.3000030517578,13615524
2025-07-23,162.77000427246094,164.13999938964844,161.8800048828125,163.25,14287149
2025-07-24,163.47999572753906,164.75,162.80999755859375,163.0,14377270
2025-07-25,161.42999267578125,163.58999633789062,161.0500030517578,163.5,12443495
2025-07-28,159.67999267578125,162.2899932861328,159.08999633789062,161.22999572753906,19296285
2025-07-29,161.69000244140625,162.4499969482422,158.1999969482422,158.1999969482422,15262937
2025-07-30,161.36000061035156,162.7899932861328,161.0500030517578,161.69000244140625,16083106
2025-07-31,157.94000244140625,162.1300048828125,156.55999755859375,161.0,26213891
2025-08-01,153.00999450683594,157.92999267578125,152.50999450683594,157.92999267578125,23927359
2025-08-04,159.55999755859375,159.9199981689453,153.5,153.5,30064719
2025-08-05,159.6199951171875,160.13999938964844,158.27999877929688,159.55999755859375,14441034
2025-08-06,158.66000366210938,159.8000030517578,157.8000030517578,159.6199951171875,13438851
2025-08-07,159.6699981689453,160.0,156.25999450683594,157.14999389648438,23159540
2025-08-08,157.9499969482422,159.9499969482422,157.00999450683594,159.5,11951173
2025-08-11,158.52000427246094,160.0,157.14999389648438,157.9499969482422,14325736
2025-08-12,160.16000366210938,161.64999389648438,158.5,158.52000427246094,20056598
2025-08-13,160.17999267578125,162.39999389648438,159.89999389648438,160.9600067138672,18079396
2025-08-14,155.3000030517578,160.60000610351562,154.8300018310547,160.02000427246094,47256126
2025-08-18,157.9600067138672,159.0,156.0,158.0,61022494
2025-08-19,159.22999572753906,159.4600067138672,156.75999450683594,158.5,21224239
2025-08-20,161.9199981689453,162.75999450683594,158.02999877929688,158.1999969482422,28520245
2025-08-21,161.50999450683594,162.5399932861328,161.19000244140625,161.9199981689453,17282594
2025-08-22,158.5500030517578,161.27999877929688,158.10000610351562,161.25,16063984
2025-08-25,159.6300048828125,160.3300018310547,158.63999938964844,159.1999969482422,16376542
2025-08-26,155.02999877929688,159.16000366210938,154.63999938964844,159.16000366210938,19621100
2025-08-28,153.6300048828125,155.8699951171875,153.16000366210938,155.77999877929688,22269875
2025-08-29,154.47999572753906,155.10000610351562,153.0500030517578,154.5,16971859
2025-09-01,156.1699981689453,156.36000061035156,153.6999969482422,154.47999572753906,10798622
2025-09-02,158.38999938964844,159.07000732421875,155.5,156.1699981689453,21202113
2025-09-03,167.85000610351562,168.0,158.39999389648438,158.39999389648438,82352014
2025-09-04,166.80999755859375,169.3000030517578,166.6199951171875,169.0,26316842
2025-09-05,167.67999267578125,168.0,165.94000244140625,167.0,16798170
2025-09-08,168.82000732421875,172.5,168.4600067138672,170.0,36402317
2025-09-09,169.14999389648438,169.72000122070312,167.99000549316406,169.3000030517578,14028910
2025-09-10,169.42999267578125,170.72999572753906,168.75,169.19000244140625,13128306
2025-09-11,169.41000366210938,170.89999389648438,168.4600067138672,169.35000610351562,13829526
2025-09-12,169.77999877929688,171.0,168.6300048828125,169.60000610351562,12119036
2025-09-15,169.22999572753906,170.1999969482422,168.6300048828125,169.77000427246094,10611401
2025-09-16,172.02000427246094,172.27000427246094,169.02000427246094,169.38999938964844,26629438
2025-09-17,171.36000061035156,172.89999389648438,169.35000610351562,172.5,21381306
2025-09-18,172.02999877929688,172.1999969482422,169.80999755859375,171.4600067138672,16413388
2025-09-19,171.47999572753906,172.6699981689453,170.60000610351562,172.10000610351562,25406461
2025-09-22,171.38999938964844,172.2100067138672,170.50999450683594,170.8000030517578,20970704
2025-09-23,173.2899932861328,173.80999755859375,171.1999969482422,171.4499969482422,24533561
2025-09-24,172.66000366210938,174.44000244140625,172.3800048828125,173.16000366210938,20168891
2025-09-25,172.3800048828125,173.85000610351562,171.86000061035156,172.89999389648438,17026549
2025-09-26,167.39999389648438,173.3699951171875,167.1999969482422,172.22000122070312,20157657
2025-09-29,168.97999572753906,170.27999877929688,167.55999755859375,167.60000610351562,16832342
2025-09-30,168.77000427246094,170.14999389648438,168.41000366210938,169.5,24553596
2025-10-01,167.50999450683594,169.74000549316406,166.1300048828125,169.0,17542776
2025-10-03,173.2100067138672,174.74000549316406,168.1199951171875,168.1199951171875,55172705
2025-10-06,170.05999755859375,173.47999572753906,169.3000030517578,173.3000030517578,21474004
2025-10-07,171.42999267578125,172.1999969482422,170.39999389648438,170.39999389648438,19189843
2025-10-08,171.94000244140625,173.6300048828125,170.05999755859375,172.0,22662699
2025-10-09,176.4199981689453,177.82000732421875,172.77999877929688,172.7899932861328,68504717
2025-10-10,173.86000061035156,176.13999938964844,172.89999389648438,176.0,18085975
2025-10-13,173.02999877929688,173.8000030517578,170.91000366210938,173.0,19386219
2025-10-14,170.50999450683594,176.4499969482422,169.25,174.91000366210938,22082970
2025-10-15,173.24000549316406,174.0,170.11000061035156,170.8300018310547,15031989
2025-10-16,174.0,174.49000549316406,172.22000122070312,173.0,12205250
2025-10-17,172.22000122070312,174.30999755859375,170.99000549316406,173.60000610351562,21659007
2025-10-20,171.9499969482422,173.3000030517578,170.82000732421875,173.3000030517578,18049579
2025-10-21,172.77999877929688,173.25,172.10000610351562,172.39999389648438,2471987
2025-10-23,174.16000366210938,176.0800018310547,173.63999938964844,173.89999389648438,31472510
2025-10-24,174.44000244140625,177.35000610351562,173.72000122070312,174.60000610351562,25226376
2025-10-27,176.49000549316406,177.89999389648438,175.52999877929688,175.88999938964844,11019270
