Date,Close,High,Low,Open,Volume
,WIPRO.NS,WIPRO.NS,WIPRO.NS,WIPRO.NS,WIPRO.NS
2017-10-27,104.24234771728516,105.29547775944144,103.55781604668165,105.10240106158138,3277807
2017-10-30,102.94349670410156,104.01417469619373,102.52224037538042,104.01417469619373,3809919
2017-10-31,103.22432708740234,104.06683260262712,102.75041996696204,102.94349667699117,2886132
2017-11-01,103.0488052368164,104.13703825214918,102.87328355234352,103.90886577593093,2277490
2017-11-02,102.94349670410156,103.80355010283098,102.83818083642237,103.03125754650235,2564335
2017-11-03,103.39982604980469,103.85618518668085,103.06633777885263,103.11899570110666,2107524
2017-11-06,105.26038360595703,105.66408491741882,103.01370456747021,103.1716712301312,3876529
2017-11-07,106.1028823852539,108.3846641877759,104.6987089683173,105.26037690669288,15161185
2017-11-08,106.15552520751953,107.6299114698433,105.68161814327055,106.6294394137633,5255548
2017-11-09,106.19064331054688,106.87517499506446,105.17261615403727,106.36616498780731,2553036
2017-11-10,106.24330139160156,106.71721566632573,104.69871623930116,106.20819848213942,4214004
2017-11-13,104.82158660888672,106.8576340481429,104.62850988166586,105.41835753339367,2073570
2017-11-14,104.78646850585938,105.36568431955799,103.71578343194058,105.24282057550056,3545721
2017-11-15,104.08438873291016,105.22527969593213,103.24188320874094,104.78647547938522,3918684
2017-11-16,104.48807525634766,105.01464027769133,103.4525002378365,104.61094614159067,4846150
2017-11-17,103.61046600341797,104.909330663514,103.38229354304535,104.68115106114624,4640212
2017-11-20,103.32963562011719,104.22479186362867,102.6450968129665,103.59291812856088,5142518
2017-11-21,103.20677185058594,104.61094522858058,102.90837929416598,104.3125526721606,5494382
2017-11-22,103.31208801269531,103.80355015880383,102.85573591716255,103.80355015880383,3391791
2017-11-23,103.0488052368164,103.62802822397606,102.89083857758907,103.62802822397606,1803850
2017-11-24,102.75041961669922,103.34719048603482,102.15364874736362,103.34719048603482,4289313
2017-11-27,103.48760986328125,103.68068657377447,102.15364934113168,102.24141018372029,2796903
2017-11-28,103.50516510009766,103.87375635452563,102.96104501813812,103.55782303415755,4009460
2017-11-29,104.83911895751953,105.03219565612817,103.03125142507135,103.55781644819106,6735475
2017-11-30,102.46958923339844,105.47101309924294,101.57443286677535,105.08486679548419,18265488
2017-12-01,101.59196472167969,103.15411185867165,101.11805764447797,102.50468311272893,3808745
2017-12-04,101.78504943847656,102.1887507368063,99.25753292414832,100.73191934300534,8790643
2017-12-05,99.50326538085938,101.31114010013455,99.23998286277062,101.31114010013455,4956230
2017-12-06,99.1697769165039,99.85431579712271,98.50280020379273,99.45061447911611,5759926
2017-12-07,98.71341705322266,99.9596166772155,98.29216074238376,99.53836750837193,6731998
2017-12-08,99.31018829345703,100.39842126895022,98.85383621573168,99.23998247903631,4843796
2017-12-11,101.59196472167969,101.80259643776489,99.7665422235712,99.7665422235712,4125876
2017-12-12,101.03028869628906,102.27649530106443,100.11757752053533,101.97810991656726,3314548
2017-12-13,100.8196792602539,101.60952682461814,100.13514041927428,101.2409284377833,2911417
2017-12-14,101.31114196777344,101.97812578762633,99.1171209432544,101.24092900979151,3375145
2017-12-15,101.69728088378906,102.06587924604526,100.64415086819423,101.3111346398033,4930972
2017-12-18,103.83863830566406,104.52317706464252,99.78408510415935,100.74945423385145,6890507
2017-12-19,102.64509582519531,104.2423458845145,101.99566707234945,103.55781422594632,10183834
2017-12-20,104.08438873291016,104.78647547938522,102.64510518903973,103.50516573866909,7081611
2017-12-21,104.52318572998047,104.96198991621893,103.34718479726524,103.83864691425136,3711281
2017-12-22,105.87470245361328,106.50657620410992,103.92640898675921,104.61094781062471,4689556
2017-12-26,106.33106231689453,107.7703458838959,104.66360626721837,105.75184645534053,4948094
2017-12-27,107.62991333007812,108.12137542601363,105.33057663587716,106.68209204320361,4841953
2017-12-28,108.12138366699219,108.78836748074231,106.19064518308129,107.38418689590257,13459388
2017-12-29,110.31541442871094,111.07015914939515,106.36617627140569,107.20867469803393,10069992
2018-01-01,111.12281036376953,112.33391435510964,108.63040370126691,109.35004551388913,8934389
2018-01-02,111.87754821777344,113.73808094368034,110.38561388877123,110.87707603731228,7665379
2018-01-03,108.80591583251953,112.47432325295786,108.38466665464891,112.47432325295786,5860470
2018-01-04,109.40270233154297,109.87660947895787,107.92831581047925,108.85858222103207,3905556
2018-01-05,108.66548919677734,110.19253342555949,108.01606045205119,109.87659299401852,4301878
2018-01-08,109.22716522216797,109.84149106708242,108.50752351847018,108.82346395282518,4760660
2018-01-09,111.35098266601562,112.33390695873294,107.55971141352954,109.73618459254772,12201522
2018-01-10,114.68589782714844,115.08959914208988,110.61379605216477,111.07015530244567,10163032
2018-01-11,112.72004699707031,114.4577158674265,111.98285738934128,113.58010749108355,5643897
2018-01-12,111.91265106201172,113.65032003528054,111.35098309628675,112.68495076412975,8433768
2018-01-15,110.57868194580078,113.82583287832408,110.01701402370928,111.93019739201955,3187225
2018-01-16,116.52886962890625,117.24851137719813,110.92973086652181,111.24567132045472,16443849
2018-01-17,114.33485412597656,117.07299533596915,114.08912661774463,116.89747364666184,8113347
2018-01-18,114.21197509765625,115.23000218789146,113.08863929311765,114.79119802330688,4722081
2018-01-19,115.4757308959961,115.84432925497998,112.50941756853604,114.79119924873453,4288268
2018-01-22,112.87801361083984,115.47572852600118,111.28076361068449,111.28076361068449,12193514
2018-01-23,110.66645050048828,113.36948158145465,110.0170216970868,113.07109614659403,8613403
2018-01-24,110.2100830078125,113.52744687718905,109.59575715889036,111.10524638732564,17542056
2018-01-25,109.50799560546875,111.63181066890384,108.38465977445873,110.8244081302438,22129831
2018-01-29,109.22716522216797,110.96482689812797,108.68304518844573,110.26274021822574,9397269
2018-01-30,107.87564849853516,109.63086529345463,106.96293719357611,108.66549605624893,6079993
2018-01-31,107.31214141845703,108.80894644438145,106.20274331912124,107.80520803652983,7530432
2018-02-01,105.9209976196289,108.86177786837023,105.65685555240103,107.4354078392148,5872873
2018-02-02,105.86817932128906,106.51972839179346,103.96635479673367,105.41033015536007,6713662
2018-02-05,105.21662139892578,107.61150523569219,104.2304881238787,104.95247932510735,5851054
2018-02-06,103.77265167236328,104.30093588453039,102.17019386131093,102.73369558789322,6489310
2018-02-07,101.90604400634766,105.02291918806553,101.43058968461318,105.02291918806553,6662763
2018-02-08,102.06452178955078,103.77263910225547,101.09600085122919,102.17018148531079,14125508
2018-02-09,100.37401580810547,101.78278078832587,100.02182635437858,101.78278078832587,8405269
2018-02-12,101.76516723632812,102.46954613538472,100.69098654914173,101.39536544819833,6722288
2018-02-14,103.35001373291016,104.5122417147096,101.9764735267778,102.13496306901169,8063123
2018-02-15,103.01544189453125,104.10722774701802,102.29345066215585,104.10722774701802,4415065
2018-02-16,102.4871597290039,104.21288232057495,102.15257544866722,103.17392629786889,8209045
2018-02-19,102.11735534667969,103.19153601977916,101.71233605197106,103.19153601977916,4420870
2018-02-20,102.6456527709961,103.27959671983402,101.81800890162859,102.13498087604754,9160624
2018-02-21,102.9097900390625,103.84309357769129,102.32867597423227,103.54373395802516,13748271
2018-02-22,103.0682601928711,103.63176901626122,102.50475853479331,103.15630755086175,12838500
2018-02-23,103.89590454101562,104.2304816141647,102.94498883547129,104.07199924589658,9779768
2018-02-26,102.69845581054688,104.14243091105,102.27582423324317,103.82545901940013,13418935
2018-02-27,102.75129699707031,103.66698810101941,102.53997760243307,102.99782673706385,10467034
2018-02-28,103.12108612060547,103.47327553917974,101.7827706292105,103.19152830350757,13724575
2018-03-01,103.01544189453125,103.57894357659094,102.5575927473694,103.12109442942908,10895423
2018-03-05,102.46954345703125,103.45567675605997,102.06452416759758,103.40284690694907,9996650
2018-03-06,101.06078338623047,102.82173054760189,100.7790289742861,102.57520081113483,12604231
2018-03-07,100.49728393554688,102.43432585561163,100.12748215740952,101.58906976652088,4868340
2018-03-08,100.44445037841797,101.3425291181065,99.72245918692226,100.88468716218064,5387353
2018-03-09,100.39160919189453,101.39534751243698,100.05703214015085,100.37399685640847,2681455
2018-03-12,102.38150024414062,102.8393494012314,100.7614301860939,100.83186521088658,4658262
2018-03-13,104.45941162109375,105.44553772076054,103.0154363986912,103.0154363986912,8546243
2018-03-14,103.49089813232422,104.45941912938521,103.19153852993155,103.895917436885,5547337
2018-03-15,103.33241271972656,106.3612478732457,102.83935319735188,104.05440399441002,13181140
2018-03-16,104.16004943847656,104.65310889333803,102.50475486827334,103.89590737395274,12891090
2018-03-19,101.65949249267578,104.42418499462845,100.93750852716315,103.38522197306887,3963271
2018-03-20,103.40286254882812,103.96636430552364,100.25076228192984,101.04318864252735,8064555
2018-03-21,103.98396301269531,104.35375763330119,102.5575928845098,103.71982092712857,8382829
2018-03-22,101.58907318115234,103.89591695689253,101.13122402762272,103.47328531548533,5036841
2018-03-23,100.2507553100586,101.2897185431095,99.68725359255143,100.03944306165755,8771707
2018-03-26,96.49993133544922,100.58533471054002,95.91881730663779,100.233145258571,18744243
2018-03-27,96.5175552368164,98.89483432240138,96.23580077536238,98.24328519126674,14239615
2018-03-28,99.0180892944336,99.84573308975006,96.14774377146074,96.49993323034543,13853121
2018-04-02,102.01170349121094,102.41672281706327,98.19044915317063,99.84573680540332,6543819
2018-04-03,99.98660278320312,101.20166062412002,99.68724319873803,101.18404828637581,4300609
2018-04-04,99.17657470703125,100.90229725122413,98.61306586410593,100.37401308496608,4358041
2018-04-05,100.81424713134766,100.97273667607547,99.66963146911155,99.66963146911155,2813628
2018-04-06,100.00422668457031,100.72621080525688,99.7753020939865,100.72621080525688,1802274
2018-04-09,100.39160919189453,100.74379857912426,99.75766542875644,100.2683443394264,2986425
2018-04-10,100.7261962890625,101.57145233577354,97.82063355464541,98.82437914060284,11673823
2018-04-11,100.62055206298828,101.8532151429236,99.96900301094216,101.43059066735658,3468465
2018-04-12,101.02556610107422,102.31105896480094,100.4092345932215,100.831859046767,5989886
2018-04-13,103.59654998779297,103.87830441484627,101.02557129351067,101.95887477214791,8491437
2018-04-16,102.09974670410156,103.5437292127503,101.23688539896422,101.78278192445951,6256147
2018-04-17,100.28596496582031,101.71233507005955,99.77529314175628,101.46580532712778,5854046
2018-04-18,103.0682601928711,103.47327947269062,100.90229375323828,101.50102008676221,7066675
2018-04-19,102.9978256225586,103.47327992472277,102.01169234263021,103.19153267710922,2552252
2018-04-20,104.9700927734375,105.65686651869864,103.5085050833469,103.82547702998181,8937349
2018-04-23,104.72356414794922,106.00905712214893,103.47328868701942,105.58642546697087,10660490
2018-04-24,101.06078338623047,104.12482858089182,100.7790289742861,103.68459179054895,9443424
2018-04-25,101.1312255859375,103.47328690988854,99.72246775683165,101.39536767889484,17195110
2018-04-26,99.0885238647461,99.66963069496406,96.49992580877591,96.85211524057459,25550129
2018-04-27,97.25713348388672,98.3665316152939,96.6231896472791,97.3451808408982,6519427
2018-04-30,98.17283630371094,99.44072412854611,97.23953277471793,97.25714511435129,5648769
2018-05-02,97.04582977294922,98.26088054016667,96.62319812303363,98.26088054016667,6354939
2018-05-03,95.60184478759766,97.11625500919737,94.93268345000142,96.85211294161824,8949440
2018-05-04,95.05595397949219,96.02447495166282,92.99564716266447,95.97164510193645,8256123
2018-05-07,96.76406860351562,97.08104052755834,94.10504267281327,95.09116879000881,5265878
2018-05-08,96.05968475341797,97.18669518431533,95.09116385897957,96.92255312219577,5221180
2018-05-09,95.17923736572266,96.64082527745184,94.95031274925428,96.14775852628472,5165820
2018-05-10,95.24966430664062,95.65467644936999,94.52767305468224,95.4081466959423,4808846
2018-05-11,96.02445983886719,96.3590368922892,94.4924374297951,95.61944060845903,4066852
2018-05-14,95.91881561279297,96.4823244582425,95.0911718483438,95.58423850545584,4104721
2018-05-15,95.44336700439453,96.4471055517714,94.43962845701766,96.07731091079731,4501617
2018-05-16,96.74646759033203,98.24327275097865,95.09117287819403,95.40814481586409,8413891
2018-05-17,98.03195190429688,98.89481311381951,96.62318706445834,96.8521116196313,6949715
2018-05-18,94.70376586914062,97.38040425141861,94.4044062702243,97.38040425141861,12844244
2018-05-21,93.27738952636719,94.89746661799799,93.01324745690289,94.77419458666488,8120387
2018-05-22,93.31260681152344,94.01698560764649,92.6610506928603,92.978022584178,3966732
2018-05-23,92.78433227539062,93.57675850268461,92.48496552394077,93.5239286544692,9401189
2018-05-24,93.10130310058594,93.68241713819634,92.25605413531208,93.0132557362605,6267787
2018-05-25,93.18934631347656,93.55914809329444,92.85476921006993,93.33022352318397,6265014
2018-05-28,92.73150634765625,93.24217818293305,92.50258177258598,92.50258177258598,3131052
2018-05-29,92.6258544921875,93.15413871079728,92.15040012850136,92.15040012850136,4768596
2018-05-30,91.8686294555664,92.78432767169949,91.05859809593363,92.59062062629164,7799451
2018-05-31,92.2384262084961,93.15411720967087,90.86488612407811,92.20320870178007,13729428
2018-06-01,91.78058624267578,93.15412646354034,91.23469692107005,92.60823714193461,3800052
2018-06-04,91.62210845947266,92.43214706159654,90.88251204662326,92.07995761116227,4223321
2018-06-05,89.8963851928711,92.27366415449416,89.45614834812608,91.63972739724927,6572043
2018-06-06,91.30513000488281,91.74536678650743,89.28004080940957,90.5655336448159,5079518
2018-06-07,93.18934631347656,93.62958311549187,90.88250977010384,90.88250977010384,5339491
2018-06-08,92.97803497314453,93.33022441813395,92.4497508056604,93.18934720707566,5026132
2018-06-11,93.11891174316406,93.77046078024604,92.713892450282,93.15412925443368,5541131
2018-06-12,93.84089660644531,94.79180517282401,93.52392469588172,93.94654913309179,6065963
2018-06-13,94.66854858398438,95.09117305813572,93.98177485684754,94.73898360790535,4100905
2018-06-14,93.82328033447266,94.774188860971,93.20694887629104,94.08742238797906,6231142
2018-06-15,93.99938201904297,94.65093103302652,93.33022066739271,94.65093103302652,12894495
2018-06-18,93.59436798095703,94.73898369526111,92.94281893049263,94.73898369526111,8318768
2018-06-19,91.92146301269531,93.66480499582123,91.60449109164402,93.66480499582123,9780146
2018-06-20,91.46361541748047,92.46735380122101,90.98815398253484,92.02711703946535,5125212
2018-06-21,91.09382629394531,92.0271297912534,90.54792976760109,91.92147008766649,10174400
2018-06-22,90.95294189453125,91.42839619249726,89.808326245759,91.12903660972698,6965470
2018-06-25,90.68881225585938,92.00952280090675,90.16052803784042,90.82968948039375,4371876
2018-06-26,90.7240219116211,91.55167284707213,90.2133500778988,90.68880439986657,5289660
2018-06-27,90.17814636230469,91.53407451213948,89.52659005125875,91.25232004437292,8530568
2018-06-28,90.54792785644531,91.19948407262433,90.05486119230149,90.30139810702975,10412698
2018-06-29,92.09756469726562,92.44975415501449,89.80833322189804,91.21709105289348,9652752
2018-07-02,91.78058624267578,92.36170023980837,90.90011266075136,91.81581091820264,10055613
2018-07-03,92.2384262084961,92.55539809956358,91.0585931589837,92.07994384561817,10490968
2018-07-04,92.25604248046875,92.46735469509183,90.90010750890413,92.29125998868727,10224848
2018-07-05,93.01325225830078,93.25978916838116,91.62210682010195,92.4497505807511,12472818
2018-07-06,92.55541229248047,93.11891398228195,92.09756313902835,92.62584731671338,7580592
2018-07-09,93.31260681152344,93.41825933175491,92.32647363082651,92.7314928716596,5832667
2018-07-10,95.30248260498047,95.90120895265865,92.87238119923887,93.68241261271523,13242228
2018-07-11,95.83076477050781,96.78168053867945,94.87985616764853,96.13013152077126,10556522
2018-07-12,98.41936492919922,99.14134898293658,95.03834056861817,95.95403884604116,11900279
2018-07-13,98.91243743896484,102.06453025162351,97.99673910729126,98.54263563845721,20625128
2018-07-16,99.7048568725586,101.07838994501739,98.20805176486316,98.34892180745513,12543791
2018-07-17,99.98660278320312,101.76516228287413,99.22939407051213,99.66963086099383,14471569
2018-07-18,100.30357360839844,101.18404717973215,99.89855433252248,100.72619805651371,6125915
2018-07-19,100.65576934814453,101.55385531334066,99.176576521682,100.72620437214266,7434390
2018-07-20,99.66963195800781,102.34627740584693,98.78915836735348,101.25448442118562,13966393
2018-07-23,97.36280059814453,99.49354250101241,92.74911300689793,99.49354250101241,23582642
2018-07-24,96.13014221191406,98.08478948302536,94.80943169144163,97.97913694057546,9224277
2018-07-25,96.74646759033203,97.45084648945985,96.00686401399766,96.85212012601359,6629507
2018-07-26,95.58423614501953,96.88733419598842,94.96790463017784,96.28861501912432,11554893
2018-07-27,96.676025390625,97.02821484015027,95.79555176681183,95.79555176681183,4829553
2018-07-30,96.2005615234375,96.49992109277404,94.91506872713255,96.42948607598144,7272923
2018-07-31,97.34518432617188,97.64454391766652,95.51380210088844,96.3238335152085,7436176
2018-08-01,97.67976379394531,98.08477589854658,96.39427096566017,97.20430234017485,4219572
2018-08-02,98.29609680175781,98.89481596456544,96.71123720691824,97.55649326906192,8010016
2018-08-03,97.90869140625,98.77155988270488,97.59171945908929,98.77155988270488,4362841
2018-08-06,97.57411193847656,98.50741541838082,96.94016805940238,98.26087850304631,4540062
2018-08-07,97.7149887084961,98.43697278188878,97.06343249367345,97.06343249367345,4592433
2018-08-08,98.08477783203125,98.41936208999526,96.64080260089986,98.41936208999526,3821153
2018-08-09,98.15522766113281,98.73634169943008,97.04582943625854,97.94391541956458,6388521
2018-08-10,98.20804595947266,98.5778405473855,97.38039509895148,98.5778405473855,3598180
2018-08-13,99.26461791992188,100.18030900344097,97.73258816954521,97.90868288427244,6481139
2018-08-14,100.39160919189453,101.07837563086794,98.96523930748954,100.37399685640847,5241916
2018-08-16,98.41936492919922,100.37401202451561,97.9262982795051,100.37401202451561,6015278
2018-08-17,98.63067626953125,98.9652533688128,97.71498516569169,98.40175170224325,7277246
2018-08-20,100.39160919189453,100.86706343159238,98.6130499202598,98.89480429616816,4291894
2018-08-21,101.76516723632812,103.71982154733527,100.02182516197541,100.32119192632463,16189619
2018-08-23,102.04692077636719,103.22675398898419,101.57145929138056,102.13496813798507,7277960
2018-08-24,102.89218139648438,103.84309730909773,101.04318659260186,101.6771305343441,11267031
2018-08-27,104.19528198242188,104.70595384806488,102.50476965940862,102.83935395527224,6811390
2018-08-28,104.10723114013672,104.95248727343161,103.57894695249152,104.51225045039395,4051198
2018-08-29,104.51223754882812,104.79398478160408,103.22674475118387,104.44179536665015,4285462
2018-08-30,105.28705596923828,105.65685773712879,103.5437211556112,104.77638416149645,9067763
2018-08-31,106.09709930419922,107.946093896317,105.4807677734933,105.65686249655214,18087318
2018-09-03,108.59764099121094,115.16597547658539,107.87564977349133,115.16597547658539,68625769
2018-09-04,110.35859680175781,110.93971085583969,108.93222659313075,109.33724591357043,21828613
2018-09-05,112.29562377929688,112.70064304530199,110.76360123557608,110.78120640738632,30871477
2018-09-06,113.1232681274414,113.58111724210927,111.99626484330656,112.70064368721887,26924326
2018-09-07,114.3559341430664,115.60620949035918,112.38367476076554,113.36980803457213,22940730
2018-09-10,114.46159362792969,115.51816191992981,113.82764978660468,114.25028140259212,16966961
2018-09-11,114.091796875,115.51816699802733,113.8100496172686,115.14836521344613,12710847
2018-09-12,115.78230285644531,116.39863435406232,114.47920484189423,114.47920484189423,16704169
2018-09-14,116.29296875,117.27910196219881,114.179832294127,115.7822969726221,11404741
2018-09-17,116.18733215332031,118.33568641155794,115.55338826353281,117.0149759455947,12352938
2018-09-18,117.1206283569336,117.47281779259608,114.46159525155687,116.01123020153429,7248678
2018-09-19,117.17345428466797,117.47282104552073,115.18358965032378,117.41999119564598,7797531
2018-09-21,118.05392456054688,119.00484033547012,115.51816349137637,116.8917037227239,17700584
2018-09-24,117.17345428466797,119.04006121149206,116.31059300952647,116.31059300952647,9975645
2018-09-25,115.62382507324219,117.94827395209782,114.90183385265776,117.27911258075585,9037680
2018-09-26,112.4365234375,115.85275862722294,111.43278482322582,115.58861650950271,20972861
2018-09-27,112.33084106445312,113.98613563410863,111.53841487114386,113.36980415042365,47992758
2018-09-28,114.10941314697266,115.04271664450177,111.08058523874756,112.34846585552634,18433179
2018-10-01,116.27537536621094,117.08540679055923,113.75721940128693,114.10940884630251,10879266
2018-10-03,115.34207916259766,116.22255283054686,113.58113182669925,115.99362824381745,9550589
2018-10-04,114.69051361083984,116.36341333970063,113.26414360747584,114.49680656558378,12296495
2018-10-05,114.5672607421875,115.50055706164109,113.12327825069742,114.39116601545093,8937680
2018-10-08,111.82017517089844,113.89809428713235,110.12966300321027,113.19371541148102,9465389
2018-10-09,113.28177642822266,113.68679576361392,109.7774868001916,111.64409391183132,9932090
2018-10-10,111.27427673339844,112.96478887157186,109.2315823288606,112.84152400354745,9764277
2018-10-11,110.25292205810547,111.0981780973666,107.3649716863847,108.47436979008293,7138056
2018-10-12,111.3975601196289,112.68305319200589,109.00267588530002,111.34473742834626,8960733
2018-10-15,112.68305206298828,113.42265571729719,110.64035733934907,111.76736083064563,8342805
2018-10-16,112.36607360839844,112.94718766097664,111.32711754872304,112.70065790064069,8320912
2018-10-17,113.81004333496094,115.90556755774789,111.46798221429113,113.65155379375506,12641962
2018-10-19,113.81004333496094,114.84899927762427,111.82017164099899,113.88047835417761,7051648
2018-10-22,113.47547149658203,115.2540311621869,112.70065753917154,114.32072764622903,4842137
2018-10-23,108.86178588867188,112.78869967716759,107.45302809300078,112.31324535419112,10176672
2018-10-24,108.75611877441406,109.75986436765865,105.65685613438926,108.89699597744068,12479882
2018-10-25,112.18997192382812,113.81004910101345,104.2481042483875,104.2481042483875,37804166
2018-10-26,112.9119644165039,113.58112580171179,111.2918943864777,112.27802054308324,11805695
2018-10-29,116.04644012451172,116.9973486725017,111.52080760521314,112.34845129184322,6600369
2018-10-30,115.34207916259766,117.86023528599499,114.69053008137786,115.87036336336718,9880349
2018-10-31,116.6451644897461,117.54325039835678,113.44024212413386,115.58859620446873,8013245
2018-11-01,116.09928894042969,117.26150989284861,113.58113279555235,117.26150989284861,6681864
2018-11-02,112.13716125488281,116.78605955496187,111.66169972154304,115.8703683340752,9761930
2018-11-05,114.14461517333984,114.63768178111131,110.6227210682749,110.9749104787814,6810854
2018-11-06,114.42638397216797,115.11315054298288,113.08806117764689,114.39116645974643,6109153
2018-11-07,114.5848617553711,115.43011784607995,114.30311450200982,114.6024740935304,380109
2018-11-09,114.40875244140625,115.51815047111825,111.87299165804589,115.51815047111825,12329274
2018-11-12,113.88048553466797,114.98988373181095,113.33459618803822,114.3735521962107,6897542
2018-11-13,114.86661529541016,115.41250462511032,113.05283825668876,113.9333118516688,6101731
2018-11-14,114.30313110351562,114.84902051667693,112.22521166860666,114.46161350871746,4883777
2018-11-15,113.81004333496094,116.39863418820136,113.28175919489912,114.1622327616688,8942797
2018-11-16,114.88422393798828,116.36342392141874,113.93331529281436,113.93331529281436,7275846
2018-11-19,117.22628021240234,118.12436613428738,113.2289315737483,114.63768930827393,7513344
2018-11-20,113.15850067138672,116.53951792423302,112.73586903646054,116.53951792423302,6907315
2018-11-21,110.64034271240234,112.70064950412362,110.32337078321926,112.70064950412362,6943816
2018-11-22,108.15740966796875,112.27802345617582,107.77000269763256,110.93970781634965,8239488
2018-11-26,112.1547622680664,112.6654412976225,106.5901657882736,106.8543078901882,18657115
2018-11-27,109.9007339477539,113.51068270336681,109.53093935232502,111.59124604640985,11458234
2018-11-28,109.28441619873047,111.13341090431376,108.91462155680165,110.56990918900813,16926705
2018-11-29,110.90448760986328,111.52081914575471,109.03788066360987,110.58751567262802,7793384
2018-11-30,114.33832550048828,114.95465698658349,110.48184704544812,110.95730133023058,16991251
2018-12-03,115.60621643066406,116.04645324623685,113.77483414400638,114.46160071017482,7115262
2018-12-04,117.96587371826172,120.18466996225125,114.7081215364763,115.60620743649878,15925097
2018-12-05,118.49417877197266,119.28660511822886,115.5710103271934,117.27912790717187,10264210
2018-12-06,116.80365753173828,118.49416253965057,115.87035408538111,117.36715920104237,6232265
2018-12-07,117.384765625,118.45893906057948,114.26788351482051,117.2086709143825,9264269
2018-12-10,115.02509307861328,118.51176980842779,114.49680894274175,115.62381939845498,8528293
2018-12-11,115.5181655883789,117.56086721723973,114.39116224058071,114.60247447262881,11795237
2018-12-12,116.24016571044922,116.92693230851725,115.50056209368292,116.15211834324495,7028448
2018-12-13,119.26898956298828,121.13558938364105,115.87035987398977,116.57473878713712,13728244
2018-12-14,117.31432342529297,120.80100012809828,117.0325761875313,119.39224244335368,12792082
2018-12-17,119.60356903076172,120.36077781033649,117.77218668671796,118.31807605594592,9162003
2018-12-18,118.0010986328125,119.18093177609155,117.12062506837854,118.07153365184233,9864405
2018-12-19,119.990966796875,120.5368632895122,116.71560933698915,118.0011022131288,9978008
2018-12-20,117.36714935302734,119.7444278666643,117.05017745148004,118.42371758131044,6421739
2018-12-21,113.44023895263672,117.91304886778336,112.96478467061684,117.34954006580655,26209361
2018-12-24,115.06031799316406,116.39864075629721,113.19371822547193,113.65156020683975,11285031
2018-12-26,114.86661529541016,115.27163458216347,112.47172425093943,114.70812574912627,6281385
2018-12-27,115.324462890625,116.69800319885154,114.10941213641274,115.44773493218483,13527065
2018-12-28,116.24016571044922,117.24390426351523,114.7433604679767,114.88423052325305,5945206
2018-12-31,116.52190399169922,117.56086714369725,115.88796729595151,116.57473384100633,5696321
2019-01-01,115.04273223876953,117.19108679248514,114.60249535623298,116.48670778042666,4036542
2019-01-02,114.6552963256836,116.68038547509316,113.7572104454728,115.7999119318716,8822139
2019-01-03,114.63768768310547,115.50054891714507,113.77482644906586,115.16597182606333,9446080
2019-01-04,114.26789093017578,115.11314702905466,112.5773858977306,114.28550326850532,6414073
2019-01-07,114.19746398925781,115.07793766179448,113.51069739080445,114.84901307387233,5076276
2019-01-08,114.6552963256836,115.34206282327159,113.61633324549493,114.46158928005003,5559089
2019-01-09,115.870361328125,117.13824195463916,114.30312109282895,114.30312109282895,10474346
2019-01-10,114.7257308959961,116.5923376664775,113.75721000222616,116.50429031249843,8265043
2019-01-11,115.76470184326172,116.18733349644329,113.93331950874709,114.67291594517366,4263836
2019-01-14,110.07684326171875,116.60996079938002,109.65421876364759,116.24016615489604,18435523
2019-01-15,116.15210723876953,117.03258082663639,110.95730590504272,112.34845847305978,40188776
2019-01-16,118.52938842773438,119.67400411611995,115.88796760838302,116.85648857547852,26390100
2019-01-17,118.1243667602539,119.25137008772171,116.78604403923754,118.68786842398781,14104487
2019-01-18,121.91039276123047,122.38585421866733,117.41998474422013,118.33567581892542,26911902
2019-01-21,118.96961212158203,121.47014828998971,117.34953513198103,119.7444259437559,41658250
2019-01-22,122.0336685180664,123.1254615044466,118.3356794314962,118.61743384707415,17817926
2019-01-23,123.81222534179688,125.30903041564497,122.56195000222237,122.79086739891403,26499796
2019-01-24,123.88265991210938,124.3228966969383,122.03366541582788,123.3367634327966,11281453
2019-01-25,124.48137664794922,126.20711340922897,122.56194716961828,122.64999452486853,13964137
2019-01-28,125.08012390136719,127.7391428582241,124.76314478918749,124.79836946741605,18399880
2019-01-29,126.93433380126953,127.42878552364881,124.69161023877854,125.73349989234987,12320260
2019-01-30,128.2940673828125,129.8480850075819,126.43985209619629,126.79303596031367,19757160
2019-01-31,130.39552307128906,131.1725391560464,128.31174378857756,129.26533745403722,20517517
2019-02-01,131.2255096435547,131.5433694050756,128.38237637472332,130.71339586284225,8977608
2019-02-04,131.1195526123047,132.33803420233437,130.0070290672971,130.6780727339541,8383256
2019-02-05,130.130615234375,131.45505467018464,129.19468378150458,130.67805307539385,6550401
2019-02-06,131.45506286621094,132.4263185130277,130.23658138351308,130.3778635547941,5811361
2019-02-07,131.94952392578125,132.26738364975412,130.55445055998567,131.38442400417617,5982481
2019-02-08,131.6316680908203,132.4086841835879,130.21893246191922,131.20785027636796,3735809
2019-02-11,131.7552947998047,133.29165062154968,130.57212290295826,130.9959551097091,7927406
2019-02-12,132.44400024414062,132.88548014914716,130.09533289794214,132.14380253139058,7939320
2019-02-14,132.47930908203125,133.6448187708363,132.07313899368836,132.9384510044198,8199603
2019-02-15,132.83251953125,133.27399947355468,130.73107788009813,132.53230742204607,9393792
2019-02-18,132.65594482421875,133.78613074943425,130.94299667663873,133.78613074943425,9280197
2019-02-19,128.36471557617188,132.58527471924847,127.92323569686175,131.57869484598547,8171619
2019-02-20,131.45506286621094,132.09079670925416,127.57004027894396,128.27640802208342,11761287
2019-02-21,132.28506469726562,133.07972849230487,130.96062503886688,131.66699285667954,6861558
2019-02-22,133.76844787597656,134.2099278071112,131.9142321652111,132.44400808257265,8519101
2019-02-25,136.1171417236328,136.5762837666797,133.94505164844324,134.49248968549554,12475916
2019-02-26,136.9117889404297,137.370930927374,134.6514031474312,135.79925092924645,10140096
2019-02-27,132.23208618164062,135.56967107803933,131.52571839949957,134.29820332174967,21357373
2019-02-28,130.28958129882812,133.04440429012402,129.47725543450932,132.408684751265,25142033
2019-03-01,132.69122314453125,133.6271691448349,129.0887500745891,130.99595184415165,18763773
2019-03-05,128.41769409179688,132.32037886533556,127.85259413169491,132.0908007191927,36042630
2019-03-06,130.65451049804688,134.63370737236215,128.6060408887024,129.21822060133846,43014120
2019-03-07,126.60466003417969,131.99659236180125,125.96892613088993,131.85532454822123,16200268
2019-03-08,121.35399627685547,123.49663956568882,120.81243612221212,122.95509378213545,54689738
2019-03-11,122.3193588256836,122.86090460459185,121.23626726786709,121.96617492147084,14708454
2019-03-12,123.07281494140625,124.01463864193954,122.5077149726506,122.90799291959509,12580708
2019-03-13,121.44818115234375,125.07420868055742,120.64763951193085,123.61437885603927,14439446
2019-03-14,120.95372009277344,122.29582183431825,120.08253023450118,122.13099980095483,8978946
2019-03-15,124.06173706054688,124.43846080556209,121.11853789296026,121.49526163797547,17440194
2019-03-18,121.3069076538086,124.67392484626001,120.57698559012796,124.67392484626001,11497228
2019-03-19,121.23626708984375,121.91908068099852,120.12962131738415,121.40107474802915,10103694
2019-03-20,123.16699981689453,123.84982780991007,121.68363022875059,121.68363022875059,12229124
2019-03-22,122.69608306884766,124.20300681465574,121.7307194752171,123.59082712665928,6396058
2019-03-25,120.78888702392578,123.37890214529651,120.55343110380117,123.37890214529651,6747924
2019-03-26,120.08252716064453,121.77781277124807,119.32906529247744,121.07144496442075,7701032
2019-03-27,119.87062072753906,120.74180339593033,119.493889785687,120.17671057592477,6715462
2019-03-28,119.96480560302734,121.44817520240898,119.65871574459788,120.50635140964722,14209672
2019-04-01,123.21409606933594,124.27364784698928,120.5298996697232,120.55344670189125,14133132
2019-04-02,123.21409606933594,124.27364784698928,122.06037053410118,124.03819189639964,7413134
2019-04-03,123.21409606933594,123.89692407448216,121.58945863292192,123.56727999522037,7538708
2019-04-04,121.98970794677734,123.496631602276,120.05897368967953,122.9079917948295,12838396
2019-04-05,123.4260025024414,124.25009826493432,122.20162878109117,122.90799657751366,7229104
2019-04-08,124.17947387695312,125.0271095491893,122.79027802241474,124.17947387695312,7274928
2019-04-09,128.9356689453125,129.5007689582939,124.01464834755151,124.08528225640161,27982768
2019-04-10,132.3262176513672,132.70294134820284,129.50074681183622,130.9134822316017,37061332
2019-04-11,132.4674835205078,134.0215010823268,131.92593782501584,133.50349522838715,18883256
2019-04-12,133.45643615722656,134.06863028002564,132.5146123108508,132.98552423403868,11578108
2019-04-15,135.48135375976562,136.32898939617627,133.80960796144169,134.20988593405954,14134384
2019-04-16,132.27914428710938,137.24727324636723,130.91350270861165,137.20017918412452,40734118
2019-04-18,134.11569213867188,136.35252347632553,131.9495090769736,136.09352770145406,54851156
2019-04-22,135.7403564453125,136.09354037361774,134.25698682064868,134.4453487081933,16824108
2019-04-23,137.08245849609375,137.43564242504053,135.0104489871575,136.4231847029446,12355568
2019-04-24,138.00071716308594,138.58935699806085,136.65862983621489,137.529805295106,18298138
2019-04-25,139.01319885253906,139.36638277810843,137.90655301153691,138.0007267690343,20781632
2019-04-26,138.8248291015625,139.6960190330145,138.2126493503213,139.57829105230724,12393102
2019-04-30,140.59072875976562,141.01456092673382,138.91899742059755,138.91899742059755,14679834
2019-05-02,138.28326416015625,140.7320115689998,137.81235230238553,140.59072938901494,9078250
2019-05-03,136.98826599121094,138.30682790648532,135.88162017497237,138.21263978000488,14816616
2019-05-06,136.9647216796875,138.35390308789528,136.18771996037265,136.51734965012656,8608690
2019-05-07,138.37747192382812,138.8954779151285,136.705725968772,137.81237186584744,8707688
2019-05-08,136.9647216796875,138.56581918002203,136.58798355713884,138.56581918002203,7904232
2019-05-09,137.05889892578125,138.0242769165239,136.70571501062693,137.41208284093557,7497994
2019-05-10,136.72926330566406,137.69462688350498,136.56444127817934,137.27080907789409,6133344
2019-05-13,136.14064025878906,138.21264985254763,135.7403622487116,136.79991407892703,8563900
2019-05-14,134.02151489257812,136.0935241507594,133.31514712016934,136.0935241507594,16740848
2019-05-15,133.26808166503906,134.6572776640479,132.93843755205967,134.44536153840514,8631244
2019-05-16,134.37469482421875,135.1516964767839,133.66832707259792,133.66832707259792,7191096
2019-05-17,134.86915588378906,136.5173474188904,134.35114995568213,134.91624994472417,6713562
2019-05-20,136.6821746826172,137.27081453913146,135.34007293554657,136.32899076870862,8366922
2019-05-21,135.10462951660156,137.03537129915853,134.6808116548431,136.84700940183163,5029334
2019-05-22,133.31517028808594,135.38717990634737,132.32625236063865,135.15172394129286,15300108
2019-05-23,132.89132690429688,134.6336920884355,132.5616828680899,134.492424284969,9712568
2019-05-24,133.220947265625,133.8331412370999,131.85530590016234,133.6918590724113,9855298
2019-05-27,132.09078979492188,133.7860755328182,131.94952197138505,133.7389814679423,10900622
2019-05-28,133.24449157714844,134.56303878973299,131.69047410758083,132.32620787371818,88274856
2019-05-29,134.53952026367188,135.85806768514405,133.50350845316584,133.97442029956147,11011746
2019-05-30,135.6226348876953,136.5644587410821,134.44535507096185,134.68081103430853,23151914
2019-05-31,134.86915588378906,136.56444147982552,134.20988214396647,135.69325165133972,14648962
2019-06-03,137.17662048339844,137.52980438203858,135.26943317917747,135.8580730102444,11706676
2019-06-04,138.3303985595703,139.36641069721986,136.94120242559848,138.44812655834443,22163334
2019-06-06,137.27081298828125,138.73064269016194,137.03535704833567,138.4480926880092,17201760
2019-06-07,138.9425506591797,139.34282864929844,137.5062751093844,137.74173105991417,13569768
2019-06-10,139.90792846679688,140.33174630288948,139.15446655202632,139.27219452711262,14963786
2019-06-11,140.1904754638672,141.0381111178085,139.43701356531358,139.8608313922842,14468168
2019-06-12,140.3317413330078,140.70846509150599,139.79019554100788,140.0962853911739,12445080
2019-06-13,140.52012634277344,140.7555823233649,139.93148639129475,140.33176443251875,10004562
2019-06-14,140.7084503173828,142.0270120758603,140.33172659843993,140.68491047410714,15931606
2019-06-17,140.873291015625,141.62675292452053,140.73202319505924,141.2735690020155,12357208
2019-06-18,140.3317413330078,141.50902104217735,139.3899175656722,141.03810915850954,16803584
2019-06-19,138.47164916992188,140.89685713960452,137.5769193648514,140.80266900387423,23805922
2019-06-20,135.128173828125,135.52843744143811,132.9855160862423,133.76251783767844,19120844
2019-06-21,134.6101837158203,136.56446543314516,133.83318187291914,135.15172958383675,12954516
2019-06-24,133.69187927246094,135.4342589692686,133.33869536400724,134.4453411513802,6343478
2019-06-25,134.35116577148438,134.8220776940919,132.72652826114333,133.73898602053117,5619496
2019-06-26,134.75143432617188,135.62262419609402,133.99797242864216,134.2805224366021,4663538
2019-06-27,132.84423828125,135.5284272545555,132.18496455295158,135.3165255406861,10178400
2019-06-28,132.09078979492188,133.64479333819048,131.85533384163324,133.64479333819048,6298778
2019-07-01,132.7971649169922,133.4564387480355,132.30271313648262,132.60880301827862,3471842
2019-07-02,133.856689453125,134.20987333031002,132.6558700191314,133.00905389631643,5218738
2019-07-03,133.1974334716797,134.49244119359244,132.8206953299234,134.16279711594203,2516552
2019-07-04,133.6683807373047,134.16283261351458,132.79719061965895,133.26810264313292,3256662
2019-07-05,128.0173797607422,133.99795118759772,127.61710184384093,133.73895543782592,9170926
2019-07-08,125.68638610839844,127.73485579443525,125.28610811003178,126.08666410676511,7149570
2019-07-09,125.02709197998047,127.4993791095281,124.43845218723104,125.96891564837956,5240124
2019-07-10,125.70992279052734,126.9107422470265,123.99108305914167,124.65037113911433,5561126
2019-07-11,126.08666229248047,127.1462140764509,125.30966052512032,125.96893431648375,5383786
2019-07-12,121.94261932373047,126.51045527215457,121.51878719655396,126.20436546892887,15190556
2019-07-15,122.38998413085938,123.37890186737287,120.50633677410559,122.43707818899598,9494898
2019-07-16,122.43708801269531,123.70855582895545,120.67116847405067,121.96617613572342,9723314
2019-07-17,122.24872589111328,123.75563527174923,121.54235807707113,123.37891151936273,11637538
2019-07-18,126.7223892211914,129.10048845622703,122.22517216444749,122.90800013586049,42054706
2019-07-19,124.650390625,126.98139599984803,124.08529057413858,126.72240019300645,8459390
2019-07-22,124.69747924804688,125.40384717665233,123.5672934364966,125.07421743262516,8839780
2019-07-23,124.55619049072266,127.1462057939324,124.2265464309691,124.74455236582902,9361236
2019-07-24,124.41493225097656,125.1919340275123,123.37892030153492,124.55620007540452,4498944
2019-07-25,123.49663543701172,125.00355913930238,123.14345154157698,125.00355913930238,9982362
2019-07-26,124.13236999511719,124.67391576349803,122.81380815570124,123.473096260954,5438744
2019-07-29,123.56727600097656,125.80410745927372,122.55481832038643,123.84982600676899,5764526
2019-07-30,123.52017211914062,124.69745174044806,122.9079924644964,123.80272210247223,4830174
2019-07-31,124.93292236328125,125.40383426720781,122.69609081963007,123.6143747807232,5698432
2019-08-01,127.33456420898438,130.0423074069445,126.4633743928141,127.85257012976857,35302414
2019-08-02,124.15591430664062,127.5700254371592,123.23764476315519,127.09911355708768,9957332
2019-08-05,123.37890625,124.98000368589663,122.57835034650701,122.9786282982535,7665468
2019-08-06,121.91908264160156,123.70855640508262,121.40107670030204,123.37891234123109,7906452
2019-08-07,123.63790893554688,124.43846488380306,121.96617750200565,121.96617750200565,7992066
2019-08-08,125.14482879638672,125.73346863080059,123.07281945346787,123.84982116067623,7250870
2019-08-09,124.08528137207031,126.53402891608425,123.77919152184113,125.26256108148274,7060998
2019-08-13,121.73072814941406,124.74456148469781,121.49527219554672,124.74456148469781,4380900
2019-08-14,118.2224349975586,122.48418916807563,117.84570403705433,122.34290697414794,8706726
2019-08-16,117.35123443603516,118.1988772237527,115.39695308523882,117.72796536230348,9944870
2019-08-19,118.71688842773438,119.23488718704941,117.72797060047237,117.86924560230196,5540152
2019-08-20,119.281982421875,122.01327280375956,118.76397647192364,119.281982421875,15930242
2019-08-21,118.85816192626953,120.03544168855646,118.24598219831667,119.37616789589394,6826530
2019-08-22,118.69334411621094,119.37616492423062,117.02160545826946,118.66979708444228,6739804
2019-08-23,118.38724517822266,121.07144867486446,117.51606250109701,119.11716003808937,9793938
2019-08-26,117.30415344238281,119.1171598885324,116.71551358605923,118.85815691464099,6529420
2019-08-27,117.77506256103516,118.5049702172956,116.36232693904215,117.11578162611146,8045102
2019-08-28,117.3747787475586,119.23487912009003,116.8332329936533,117.77505669473702,5363314
2019-08-29,117.16287994384766,117.84570074883977,116.3387841344152,116.3387841344152,5438102
2019-08-30,119.79998016357422,120.2002581383509,117.32769277777072,117.77506481506647,8368026
2019-09-03,119.4468002319336,120.24735620816587,118.9288014546869,119.65871633478645,4411118
2019-09-04,120.57698059082031,120.95371871580357,118.34015635628539,118.4343372947587,6606662
2019-09-05,120.36507415771484,121.91907754556834,119.8470682380672,121.91907754556834,8811234
2019-09-06,118.66979217529297,121.16561935752785,117.16287561652521,120.2473498264444,22872104
2019-09-09,120.36507415771484,120.60053008745564,117.89278689543644,118.38723859945634,11581912
2019-09-11,116.85676574707031,120.0825146017668,116.48004203793147,119.6116027797991,19598224
2019-09-12,115.1614990234375,117.02159946923999,114.9024960583282,115.70304479867478,9329514
2019-09-13,115.53825378417969,116.50361756647591,114.52578874549741,115.37343172178716,7620240
2019-09-16,116.3623275756836,116.71551148311418,114.94959194596123,115.42050382253535,7950382
2019-09-17,114.97313690185547,116.50360056874975,114.76122798508686,116.29169165198114,6329530
2019-09-18,115.04376983642578,115.82077153797074,114.57285797232706,115.56176857560749,5052560
2019-09-19,113.72522735595703,115.77369705832604,113.13658746281025,115.49114703539736,5137674
2019-09-20,115.8207778930664,117.11578559039506,113.25430953001502,113.9135833017097,12392500
2019-09-23,112.71275329589844,116.78613789252891,111.37065165960922,116.64486290151775,13553962
2019-09-24,113.34849548339844,114.40804728261381,112.78340262759266,113.4426764284418,11536662
2019-09-25,112.45376586914062,113.65459268020986,112.07703490294598,113.25431468133827,7209996
2019-09-26,111.65320587158203,113.2307563052622,111.39420290917342,112.64211647503569,10777480
2019-09-27,111.41775512695312,112.54794077939003,111.04102418095911,111.79447888740201,6383350
2019-09-30,112.92467498779297,113.32494579122006,111.01748035685459,111.60612023149326,6597906
2019-10-01,109.95791625976562,113.23075215886816,109.34572942163875,113.01884326485546,8754660
2019-10-03,111.0645751953125,112.83049483153935,109.51056447832379,110.28756624404544,9570460
2019-10-04,111.93575286865234,113.44266945332893,111.25293207713976,112.07702787030375,5951042
2019-10-07,111.62966918945312,114.14904358504438,111.22939119357497,112.10058109728836,4447336
2019-10-09,111.95929718017578,112.83048701457598,111.32356328095999,112.66566498572895,4556276
2019-10-10,112.64212036132812,112.83048942482645,111.0410228420901,111.95929957181617,4135724
2019-10-11,112.75984954833984,113.20721440246564,111.3706609231934,111.60611686594856,5316578
2019-10-14,114.64349365234375,115.30277458361415,112.07702539038715,112.92466819599485,7184274
2019-10-15,114.7376708984375,115.6088607066977,112.66566160520335,115.34985774865726,17103786
2019-10-16,117.20996856689453,118.52852331872884,114.90250314034347,115.79723287254605,32571658
2019-10-17,116.71551513671875,117.7986067383078,116.12687527257461,117.20996687416365,10324480
2019-10-18,117.20996856689453,118.05761142061269,116.71551682230881,116.71551682230881,5528778
2019-10-22,119.39971923828125,119.82353709378513,116.3623387790482,117.25706855646561,12546576
2019-10-23,119.77644348144531,120.34153631887399,117.75152089390939,119.04652860639169,5348508
2019-10-24,117.53961181640625,119.70580222116108,117.35124274715892,119.5645272156119,7834196
2019-10-25,119.14069366455078,119.37614958088389,117.1393183757194,118.69332886062675,6530578
2019-10-27,119.4468002319336,120.20026214407739,119.14071037199443,119.87062525209397,630698
2019-10-29,120.17671203613281,120.50634891967923,118.7639763761809,119.4467971747153,6382884
2019-10-30,119.96480560302734,122.86091089155158,119.32907166869505,121.49526926626518,8119090
2019-10-31,122.10745239257812,122.43709647768522,119.51744407571105,119.61162502050786,6992524
2019-11-01,121.77781677246094,122.90800242630083,120.90662690786489,122.53127866538429,5061842
2019-11-04,120.83598327636719,122.76672473066613,120.43570533066914,122.10743664547444,3841070
2019-11-05,121.73072814941406,122.15454599215708,119.94126146291319,121.16562811169608,3169448
2019-11-06,120.95372009277344,122.17809386350011,120.57698196350128,121.96617776759139,3255238
2019-11-07,122.27226257324219,122.6725405317287,120.83598713694953,121.02434900826977,4253934
2019-11-08,120.74181365966797,122.81382323766928,120.4357237852629,122.50773336326421,3079708
2019-11-11,120.7653579711914,121.25980969919868,119.32906810744001,121.11854188293665,3804758
2019-11-13,119.18779754638672,121.9661747139143,118.7404255200426,121.16561878395846,3722946
2019-11-14,119.02298736572266,119.9648112024445,118.38725340171716,119.61162726367381,5796412
2019-11-15,118.92879486083984,119.70579657640273,118.50496986417787,119.61161563899282,2425834
2019-11-18,117.4689712524414,118.9052539751914,116.92742544518836,118.9052539751914,5756874
2019-11-19,117.91633605957031,118.26951998209564,116.6448753755882,116.88033132393842,4061312
2019-11-20,117.20996856689453,118.55207035074372,116.97451261783645,118.55207035074372,2988298
2019-11-21,116.57423400878906,117.49251071150952,116.31523104506154,116.97450478405447,3488196
2019-11-22,114.47869110107422,115.67951075361869,114.00777917912089,114.57287204835575,8183112
2019-11-25,114.43158721923828,114.80831816159582,113.63103845769419,114.45513425042533,3782394
2019-11-26,111.86512756347656,115.18505802264795,111.37066861244328,114.99668894411137,15380804
2019-11-27,113.04239654541016,113.44266732611426,112.10057279945472,112.54793764167457,3894494
2019-11-28,112.92467498779297,113.25431188048157,112.19476010613194,112.99530889853148,3198740
2019-11-29,111.93575286865234,113.58394445498034,111.53548208044259,113.04239866511917,5333922
2019-12-02,112.35957336425781,112.87757210213063,110.92329074527701,112.19475133802182,7259920
2019-12-03,111.5119400024414,112.31248879996521,110.85265902729887,112.31248879996521,5730370
2019-12-04,114.05486297607422,114.31386596325454,111.37066653062698,111.4177605957672,6671932
2019-12-05,114.76122283935547,115.32631565391556,113.5368562720661,114.29031096296455,5226290
2019-12-06,113.48976135253906,115.13795290745145,113.18367150941616,114.76122197207677,2735116
2019-12-09,113.20720672607422,113.79584654304745,112.35957113806847,113.39557577883244,2414590
2019-12-10,112.14766693115234,113.20721871390306,111.65321518097166,113.20721871390306,4411226
2019-12-11,113.04239654541016,113.39558045014344,111.30002405250158,111.91220373893667,4775320
2019-12-12,112.75984954833984,113.60749237936747,112.4066656342071,113.18367455662622,2811896
2019-12-13,114.83187103271484,115.30278293822437,113.01885732228502,113.96068113330405,8623666
2019-12-16,114.50222778320312,116.03269148724021,114.24323198172554,114.855411714904,5685154
2019-12-17,115.25569152832031,115.82078439083932,114.6905986658013,115.02023557014192,4422758
2019-12-18,116.92742156982422,117.68087626861536,115.60886686500838,115.77368889768977,10598214
2019-12-19,117.35123443603516,118.03405519802757,116.62131961367993,117.06869163049248,4968422
2019-12-20,118.57561492919922,119.51743870594338,116.45651143152486,116.78614831627627,10423252
2019-12-23,119.54097747802734,119.9412482441606,118.48142580239775,119.04651859229126,3701304
2019-12-24,118.78752136230469,119.58807011871767,118.24597557619902,119.14070527121144,3088960
2019-12-26,117.86924743652344,118.85815809362929,117.51606351922595,118.66979621195536,4052868
2019-12-27,116.57423400878906,118.08115054473352,116.009141206003,117.72796664479912,5022240
2019-12-30,117.23351287841797,117.51606288494901,116.12687425485255,116.99805693482382,4333614
2019-12-31,115.75013732910156,117.06869198222996,115.51468139766952,116.64486699432541,4329828
2020-01-01,116.64486694335938,117.09223177577583,115.93849914937188,116.07977414527834,2827732
2020-01-02,116.92742156982422,117.68087626861536,116.0091448383517,116.12687280868266,2887932
2020-01-03,118.2459716796875,118.99942634919994,116.48005219334536,117.49250982463028,6762808
2020-01-06,118.74043273925781,119.82353154662663,117.79860893903195,118.19888692834608,9133390
2020-01-07,120.17671203613281,120.71826501710812,117.82215260287964,119.2584352942731,8805574
2020-01-08,119.98835754394531,120.62408431874131,118.92880573373974,119.61162657431866,5588820
2020-01-09,119.4468002319336,120.7889020174568,118.97588833323006,119.72935024537385,4990046
2020-01-10,118.55205535888672,120.17669976482911,118.19887147996253,119.58805996662213,4113154
2020-01-13,119.98835754394531,121.44818017112343,119.07008074554294,119.61162657431866,13927198
2020-01-14,121.11853790283203,121.66008367549418,119.8706171443467,120.9537158752158,14593554
2020-01-15,116.90386962890625,120.55343655589124,116.1268679315725,119.61161283279834,20280902
2020-01-16,117.93987274169922,118.95233754208347,116.31522827776249,116.78614013313805,17623672
2020-01-17,118.2459716796875,119.56451914772046,117.56314372986604,118.66978948219169,8281636
2020-01-20,116.78614807128906,118.10470279307393,116.40941712427264,118.10470279307393,3817166
2020-01-21,116.3623275756836,116.88032632858813,115.84432163723406,116.7390513285069,3015884
2020-01-22,115.77369689941406,118.64625526270008,115.56178078973564,117.06870466255943,6800848
2020-01-23,117.11578369140625,117.30415275565412,115.5382331970215,116.05623195622668,3393088
2020-01-24,117.06851196289062,117.94321176094542,116.43021147103475,117.56495988482914,3421554
2020-01-27,116.00469207763672,117.21035966013625,115.72100134378091,117.21035966013625,3306994
2020-01-28,115.3900146484375,116.35928274601466,114.32618539331587,116.2647143739163,4272362
2020-01-29,116.66661071777344,116.97393628976968,115.01176517567737,115.65006562773603,4009378
2020-01-30,113.80610656738281,117.06852113820568,113.56970002810094,117.06852113820568,4294930
2020-01-31,111.96212768554688,113.07323398464449,111.11106278302137,112.5295018823791,11107276
2020-02-03,112.24581146240234,113.54604730678994,111.22926632443014,112.38765681561004,8463660
2020-02-04,113.59333801269531,114.06615107414254,112.48222443247244,113.00232168588629,6329512
2020-02-05,114.5389633178711,114.89357311142487,112.19854012332709,114.23163771594638,7751206
2020-02-06,115.20088195800781,116.2883532763169,114.25525597940056,114.77535315345601,6112396
2020-02-07,115.34272766113281,116.78480872596334,114.86991467033944,116.78480872596334,5519024
2020-02-10,113.90065002441406,116.14651179827716,113.21507261004032,116.02830854702121,4517992
2020-02-11,114.0661392211914,114.8462778056909,113.38056179624427,113.73517155548113,5460620
2020-02-12,115.57913970947266,116.85573340303735,114.27890392232169,114.27890392232169,6838800
2020-02-13,115.24817657470703,116.21744473342568,114.65716028458033,116.21744473342568,4829910
2020-02-14,114.84627532958984,116.0046729564316,114.42074651350167,115.27181136023188,3619586
2020-02-17,115.27181243896484,115.83918660390995,114.39710549103212,114.84627640434057,2035556
2020-02-18,115.3900146484375,115.76826649316929,114.06613679915313,115.24816930484384,2505274
2020-02-19,117.06851196289062,117.42312174402069,115.60278864839795,115.60278864839795,3570768
2020-02-20,116.17015838623047,117.51767838850738,115.8864749009724,117.25762978277184,4241614
2020-02-24,115.46092987060547,117.16305950797752,114.60986505191944,115.83918170274966,7043950
2020-02-25,115.41366577148438,116.61933324997781,114.63351992795718,115.43730065180429,5059572
2020-02-26,113.4278335571289,115.1063211166402,112.71861407124135,114.91719880622499,7988388
2020-02-27,109.50349426269531,112.97866550227052,108.98339707413386,112.97866550227052,9733628
2020-02-28,104.70443725585938,108.51058334327274,103.87701450705447,108.03777034395564,11274618
2020-03-02,104.39712524414062,107.32856477753232,103.26236956974223,106.76119054761051,11532350
2020-03-03,105.76828002929688,106.76119034065134,104.30256387271973,105.91012539014105,10346226
2020-03-04,108.20326232910156,108.6287911605574,105.177254677507,106.3356451316293,9036356
2020-03-05,108.60515594482422,110.59096930830637,108.10870080031503,108.29783034870427,5941556
2020-03-06,105.69734954833984,106.85573997685961,105.22453653959268,106.38292696811244,5868566
2020-03-09,101.3711166381836,104.4916857033825,100.70918124353156,104.11343381448647,17462228
2020-03-11,100.7564468383789,101.37109792801412,96.31200058963731,96.31200058963731,12270332
2020-03-12,94.13706970214844,97.8486473649188,93.38056602824999,96.45385047981264,10764010
2020-03-13,93.33328247070312,96.66661553348976,80.02359952680747,94.08978614968795,13043196
2020-03-16,84.98814392089844,91.70208764447855,84.42076971593686,91.70208764447855,11201148
2020-03-17,81.84394836425781,87.73046986303669,80.7328347223738,84.42077824923513,12175374
2020-03-18,80.35457611083984,84.39712911647256,79.668998633757,83.54606418667284,12733198
2020-03-19,76.76119995117188,81.01651731235543,75.36639571114037,78.01415162169859,11980172
2020-03-20,84.72809600830078,87.8486649832855,76.83211961954184,77.11581033165118,20319490
2020-03-23,80.44913482666016,83.68790699447132,78.01415058806649,78.01415058806649,10720786
2020-03-24,83.38057708740234,85.93376445215368,79.45622766675908,79.6689920780627,12061562
2020-03-25,82.57679748535156,88.88885467953396,80.47278082547567,83.87703339156815,13456292
2020-03-26,86.33565521240234,88.32146833560134,81.56024110807886,83.66425747926057,10247690
2020-03-27,86.76119232177734,89.59807054483274,85.81556624742555,86.59570487294403,13535120
2020-03-30,87.06852722167969,88.60516975683788,84.79903017216711,85.62645307571383,7334804
2020-03-31,93.00231170654297,94.4680348301036,87.77772683556178,88.41602724426963,10615252
2020-04-01,89.59806823730469,92.52950754938746,88.41603567480726,92.52950754938746,9875668
2020-04-03,85.10635375976562,89.64536217944179,84.04252433776855,88.88885837131076,13147474
2020-04-07,90.7328109741211,91.11106281352978,86.54842029159494,89.00704642592076,9562862
2020-04-08,91.20562744140625,94.56260272392728,89.26709841429816,90.54369210816037,10275308
2020-04-09,93.00231170654297,95.95739283101722,92.22217317550317,93.80609232948926,6930346
2020-04-13,89.45621490478516,93.61697059642592,86.47749167016998,93.61697059642592,12384376
2020-04-15,88.20327758789062,91.5366110963181,87.84866779368674,89.85812329417543,22652006
2020-04-16,88.81793212890625,89.7162740158386,85.10634689249511,85.10634689249511,43380846
2020-04-17,88.4160385131836,91.60752653438139,87.73046104783717,91.01651023415958,13212894
2020-04-20,85.62644958496094,89.36166994001805,85.17727139827463,89.36166994001805,16203026
2020-04-21,84.18436431884766,85.05906412558521,82.17490887249701,84.6335352698269,18086618
2020-04-22,84.42076873779297,84.8699396775768,82.76592311733883,83.68790709153812,10621898
2020-04-23,85.53187561035156,86.33566354586183,83.73519183923412,84.82265605399856,11104460
2020-04-24,84.04252624511719,85.48460760390786,83.75883550699093,85.08271359398819,9282278
2020-04-27,86.07561492919922,86.47750168238554,82.97868809032465,85.10634675930734,18283250
2020-04-28,84.9645004272461,86.50114278160342,84.16071971557005,86.09925603304255,13329834
2020-04-29,85.4136734008789,86.26473832187484,84.82265709665319,85.15363199866319,10060582
2020-04-30,90.28364562988281,91.06379144942503,86.78483213267924,87.47040957563146,17667854
2020-05-04,89.85811614990234,90.44913242658606,86.54842500047356,87.23400243851583,17140740
2020-05-05,87.0921630859375,91.72573245709336,86.14653697813242,90.52005772673094,13864778
2020-05-06,88.43968200683594,88.88885295919756,85.57916162561042,87.80138150667945,10885580
2020-05-07,87.04487609863281,87.65952722637408,85.67371407127393,86.99759191285864,11402138
2020-05-08,86.99760437011719,87.94323050457498,86.31202686554626,87.56497860788089,8227344
2020-05-11,87.32855987548828,89.81082813169616,87.04487640351113,87.47040521875378,8787666
2020-05-12,88.43968200683594,88.88885295919756,86.33566538768073,87.09216193519649,7030818
2020-05-13,89.69263458251953,90.54369951960956,87.54133375154478,90.54369951960956,10560968
2020-05-14,87.94322204589844,88.5815225110855,86.5720671686389,87.35220576870826,10324394
2020-05-15,86.90303802490234,87.94322526795654,86.3592987012334,87.94322526795654,6849030
2020-05-18,86.14653778076172,87.47041578693438,84.9172281578944,86.07561870783745,14454486
2020-05-19,87.18671417236328,87.94321785695432,84.16071386310682,86.1701691098383,11486668
2020-05-20,87.44676971435547,87.89594065641027,86.14653386313901,87.47041180910665,15415706
2020-05-21,89.40894317626953,90.63825267490448,86.7139032446287,86.7139032446287,14258230
2020-05-22,89.36165618896484,90.23636311684764,88.15598160699663,89.38529828166104,9177652
2020-05-26,89.2671127319336,91.34748743971161,87.80138926880235,89.36167390691347,11822268
2020-05-27,95.15361785888672,97.16307314286321,88.74700015765089,89.64534920157276,36165936
2020-05-28,94.25527954101562,96.21745071147211,92.69499511359442,96.21745071147211,24695246
2020-05-29,100.61461639404297,101.60751944969648,92.74227494624851,94.25528244648052,61260422
2020-06-01,101.67845153808594,104.49168784484384,100.89830564852048,101.89121597540203,26749248
2020-06-02,102.05670166015625,103.33329547641002,99.73991334256894,101.70209186594383,12812554
2020-06-03,99.92903137207031,102.81318637036006,99.55077952561565,102.1748931431121,16844202
2020-06-04,102.24581909179688,103.99522588305777,99.36165668477298,99.92903809993166,14794936
2020-06-05,103.4278564453125,104.13707603236607,101.65480747767857,104.01887276785715,14491168
2020-06-08,107.06851196289062,107.47040593458095,102.0566980443215,103.5460562414243,24427392
2020-06-09,103.23873138427734,106.99759365358408,102.67134995795936,105.95740639625866,15690504
2020-06-10,102.60042572021484,104.51531990122184,101.93849037558351,104.01886478547127,14787292
2020-06-11,100.6618881225586,102.90774994637168,100.40184673565507,102.60042437209258,12497490
2020-06-12,98.29782104492188,99.05432474021526,97.54132456418242,98.34510523133544,12418688
2020-06-15,101.08743286132812,103.0259620630701,98.4160347649898,100.21272582151153,28511450
2020-06-16,100.42548370361328,103.02595534317021,99.1016130042095,102.81319092466276,15921712
2020-06-17,102.97867584228516,103.42784676245702,99.78718799932933,100.2363589195012,27938908
2020-06-18,103.1441650390625,103.68790438092212,101.48931934693738,102.5058717436899,12408426
2020-06-19,104.98812866210938,105.95739676027507,101.65479555112677,103.0732345588169,22447354
2020-06-22,103.09687805175781,104.84628474208587,102.50586179052846,104.56259405087421,12961806
2020-06-23,104.30255126953125,105.10633193111869,100.70916956360003,101.65479556889204,14850298
2020-06-24,103.16780090332031,105.9101178989724,102.86047532202444,105.9101178989724,16492172
2020-06-25,103.16780090332031,104.964491846303,101.79664601277138,102.57678462040194,10193692
2020-06-26,106.59569549560547,108.74699621139389,103.21508523833384,103.6878982653399,38389012
2020-06-29,103.87702178955078,106.80846114792013,103.40420875708622,104.9881353016642,13374148
2020-06-30,103.85337829589844,104.9408496988273,103.07323968866373,103.82974341623708,11001386
2020-07-01,103.56969451904297,105.15361382329398,103.23872684461398,104.49167847443597,7905234
2020-07-02,106.00467681884766,106.59569308926335,103.80609917872292,104.4916766094943,14359882
2020-07-03,106.28836059570312,108.03776719934638,105.27180834802743,106.0046699185486,10838912
2020-07-06,105.27182006835938,107.44676292987947,104.77537214989785,106.80846244249406,15175628
2020-07-07,106.33564758300781,107.99049318834753,104.96449268154805,105.53186687475366,18235138
2020-07-08,105.48458862304688,107.65952420642209,105.20089792260245,107.16306908792144,14152368
2020-07-09,104.77536010742188,106.19379905897785,103.85336901726764,106.02831162880821,13417996
2020-07-10,105.01177978515625,105.6500730647716,103.78246298696043,104.4916825517916,9097518
2020-07-13,107.61225128173828,108.27418665494234,105.22454397591272,105.88647934911677,24694620
2020-07-14,106.38294219970703,109.55078836896509,105.9574133167302,107.99050377379172,27877134
2020-07-15,124.23161315917969,127.04485622215326,111.11105268280582,111.58386567294541,260735176
2020-07-16,123.82971954345703,126.92665329413175,120.59095488158002,124.1134102240764,104555854
2020-07-17,123.56968688964844,124.7517194513839,121.51294734640702,122.26945107173941,37713024
2020-07-20,128.03775024414062,129.33798594961848,122.45856280682395,123.56967620459919,42789980
2020-07-21,128.29782104492188,133.144154695671,127.37582984703825,131.67843138864706,65998100
2020-07-22,125.76827239990234,129.00704470654875,124.6571588368633,128.81792237071664,25167708
2020-07-23,126.05196380615234,126.92667084689775,124.13706226898927,126.85573734510292,20736656
2020-07-24,127.91954803466797,128.5105642692194,125.55548309646227,126.24106770018484,44244246
2020-07-27,127.11578369140625,129.1725232203534,126.31199578336904,127.91955717033512,27980494
2020-07-28,130.23634338378906,130.85099449686493,127.32853196279511,127.32853196279511,28087614
2020-07-29,130.96920776367188,131.44202078808945,128.77063008595178,129.45620031389223,21567278
2020-07-30,134.32618713378906,135.60277368036992,132.4349349796466,132.4349349796466,51694590
2020-07-31,132.83680725097656,137.49400337656996,131.7256939060827,136.92663648046488,33401320
2020-08-03,133.12049865722656,134.6571409566186,132.15123774771484,133.80608330090627,17817526
2020-08-04,132.88409423828125,133.97157284779334,131.56022354656295,133.12050074959583,16239042
2020-08-05,131.53659057617188,134.4916720104936,131.15833149511354,132.97866454447745,14690906
2020-08-06,132.22216796875,134.3971109079637,131.32382604991002,132.71863033405504,20305210
2020-08-07,131.1583251953125,133.26234884713244,130.6855121885312,132.8840897842427,14642400
2020-08-10,131.1583251953125,132.95502327854618,130.7800805615306,132.38764189876545,12621492
2020-08-11,132.22216796875,134.58623324417593,131.58386745856313,131.9148423687665,20157816
2020-08-12,130.59097290039062,132.71863166968592,129.81081980836143,132.5767790942672,17807334
2020-08-13,130.96920776367188,133.26235381791886,129.92901333830983,131.39473659982602,19307912
2020-08-14,130.73280334472656,132.74225873067624,130.44911263971193,131.6784294087029,13163422
2020-08-17,133.30963134765625,135.4136405437588,131.2765267867447,131.72570490914933,29094008
2020-08-18,133.66424560546875,135.88645812670558,133.1914325887237,134.63350651815284,24108414
2020-08-19,132.26943969726562,135.20088613422803,132.03303319199796,134.98811450784393,18745042
2020-08-20,129.6453399658203,131.9148367621274,129.1725269308306,131.9148367621274,19783530
2020-08-21,129.2434539794922,131.89121002472348,128.93612837359694,131.89121002472348,15939272
2020-08-24,128.93612670898438,129.76354956061746,128.55786760505785,129.31437138380144,12309628
2020-08-25,127.63589477539062,129.88175687121503,127.35220404588557,129.71626940991126,15592276
2020-08-26,128.6287841796875,129.88175030254118,126.71389710331465,127.6358883202996,19265334
2020-08-27,128.77064514160156,130.11816530456318,128.36875113803615,129.0779707575833,12380336
2020-08-28,128.6287841796875,130.0235884455654,128.27417439301777,129.88175030254118,15199568
2020-08-31,128.27415466308594,133.33325927974013,126.71387761337006,129.5507554703858,41141934
2020-09-01,128.41600036621094,132.10393561204654,127.18668380789703,128.13230970981448,24586106
2020-09-02,129.40892028808594,130.7327908797826,128.22688782081846,129.030661241096,16863810
2020-09-03,133.73516845703125,136.0992336076625,129.78717676965536,130.2599897997816,49790330
2020-09-04,130.49639892578125,132.1512445643328,130.07087007597548,131.77299990430745,21415428
2020-09-07,131.796630859375,132.15124062850336,128.36873642446747,130.7328015519899,16651534
2020-09-08,133.5933380126953,135.67372723303626,131.67845069523486,133.42786496803674,44589722
2020-09-09,133.73516845703125,136.85573734168622,131.67842889016035,132.29308005768104,45588720
2020-09-10,134.5389404296875,135.626419044148,132.90774415165936,135.53185066754853,19035804
2020-09-11,138.6760711669922,141.11107008237025,133.56969565347677,133.56969565347677,83871852
2020-09-14,145.2481689453125,145.8864549940974,138.6051371999891,138.65242138892725,76179084
2020-09-15,145.319091796875,147.16305978059316,143.144148911083,145.24817272617602,56312624
2020-09-16,147.58859252929688,148.22689304065267,143.75880389027154,145.15360817697086,29986974
2020-09-17,147.37582397460938,149.73988907250745,145.2481653865011,145.2718002658368,53623304
2020-09-18,149.64532470703125,150.8273572876555,147.63586931997,148.463292126407,36975462
2020-09-21,147.4703826904297,153.4278298156255,146.54840592989657,149.36163482991353,45477692
2020-09-22,147.6358642578125,149.76352282998275,143.71152199634176,149.12522237251002,47020668
2020-09-23,148.8651885986328,152.1512305706864,147.1157745781806,148.93610766884382,44278872
2020-09-24,144.06614685058594,148.17961186357238,143.00231745305518,148.17961186357238,35838302
2020-09-25,148.416015625,149.05431613742147,143.82973763208344,144.82263350795083,44013790
2020-09-28,147.3048858642578,149.88172251189408,146.3829091624222,148.9360965023553,24921524
2020-09-29,147.28126525878906,150.61459149380497,146.80845220819904,148.93611093585412,29660738
2020-09-30,148.25051879882812,149.33799741806035,146.3829160002149,147.51766437884584,24786634
2020-10-01,148.0141143798828,150.28362559836808,147.54130134633695,149.59804092808312,18514618
2020-10-05,157.89593505859375,158.86519610844462,149.03068974004213,149.03068974004213,77811262
2020-10-06,156.05194091796875,158.53420942310575,152.71861469699988,158.39237128017015,55159848
2020-10-07,158.53419494628906,159.12521120306633,153.90063326479847,154.6098527729312,35479916
2020-10-08,169.95265197753906,173.8769944142943,163.80608249450486,165.9573760419233,214540492
2020-10-09,176.8320770263672,177.8249872965616,168.91245860339484,171.15832054423774,110861504
2020-10-12,178.48690795898438,179.57437209013776,174.51528163459275,178.25050145837645,105931918
2020-10-13,177.75404357910156,180.47271818315232,176.33560465524897,178.39232955154972,72176286
2020-10-14,165.6973419189453,172.5767661400059,164.68078230113446,172.5767661400059,148263902
2020-10-15,161.51292419433594,167.4940057773455,160.25997262621263,165.95736352250748,77922358
2020-10-16,160.5909423828125,164.58621824872932,160.09449447410242,162.1275847267638,50488458
2020-10-19,162.26942443847656,163.82970153863008,160.1181166698988,161.91481469488647,25693748
2020-10-20,163.94790649414062,165.24814223418068,161.63112569770897,163.00228050138423,33993548
2020-10-21,162.3876495361328,165.53185346653996,160.33090986074762,165.29544693900394,19934922
2020-10-22,162.86044311523438,164.63349185972115,161.15831343470555,161.2292324986635,19082496
2020-10-23,161.8911895751953,164.11341673868137,161.37109232106988,164.0188483546187,17346096
2020-10-26,160.66184997558594,163.0731991366013,159.19614123395021,162.50583219990253,17390338
2020-10-27,157.9431915283203,160.63823164994085,156.5247523967535,159.95264696470662,19821156
2020-10-28,158.6996612548828,160.6854813849073,158.1086450767929,158.7469454349512,17969178
2020-10-29,159.55075073242188,160.75641809650264,156.57202021022806,157.75405269623175,14479922
2020-10-30,161.08741760253906,163.1205080177835,160.0235882024231,160.40183288415378,22991068
2020-11-02,158.2978057861328,161.58386230546637,157.77772296647663,161.58386230546637,9662266
2020-11-03,158.6996612548828,160.4963590937397,157.28122242746701,158.6287421993332,9515596
2020-11-04,162.1512451171875,166.2174259003955,159.5744081618924,159.8108146925026,30763800
2020-11-05,163.3096160888672,165.0117458661448,162.67131561874953,164.51529796111353,11204872
2020-11-06,163.47508239746094,165.01172453134885,162.3639690455976,163.6642046973489,10915586
2020-11-09,166.4065399169922,166.80841942079678,164.06610981229198,165.48454880202362,14214570
2020-11-10,161.8439178466797,165.83919430069275,161.30018566922087,165.83919430069275,18099240
2020-11-11,163.94790649414062,164.42071949051882,161.46563826315509,162.88407725228967,15275758
2020-11-12,163.38055419921875,165.8155531071428,162.78953784857896,164.5389520181168,10228848
2020-11-13,162.71859741210938,163.71150763666603,162.0330271928287,162.88408485438686,9455776
2020-11-14,163.33328247070312,164.3261783845523,162.2221688590372,164.1370560404434,1498484
2020-11-17,164.8699188232422,165.72097655458919,162.50585353715675,164.06613085432937,13307668
2020-11-18,163.2623291015625,166.59566953098252,161.6074835410174,165.36635280018453,14815616
2020-11-19,161.98574829101562,165.2481553389237,161.51293525714172,164.3970976495942,22113702
2020-11-20,163.7351531982422,164.77534767832867,161.72569773875037,162.55312057501172,12362786
2020-11-23,168.25050354003906,168.9833578948934,163.59329275357396,164.5389187232478,20666694
2020-11-24,168.08505249023438,170.87464681873686,167.84864594664754,169.73989829534216,20184882
2020-11-25,165.4845733642578,169.64532258005812,165.27180171257416,169.21979370580056,13624676
2020-11-26,167.77772521972656,168.51057972599585,164.16070802423434,165.95739196618428,14732740
2020-11-27,165.72096252441406,169.03065364473045,164.46801091468734,167.77770203500376,24804168
2020-12-01,166.83209228515625,167.32854023001886,163.71152318129379,166.76117321147726,21387134
2020-12-02,169.6925811767578,170.35451648454904,167.47036875566528,167.5885720045247,18868154
2020-12-03,170.35452270507812,172.1039366237207,169.2670585475055,172.1039366237207,21394090
2020-12-04,170.59092712402344,171.34743082091225,169.73986948321593,170.73277968356328,14854786
2020-12-07,169.47984313964844,171.5129334781524,169.0306649715768,171.15832369149877,16784766
2020-12-08,171.9620819091797,172.5767329947787,169.4561645260381,170.35450627772383,23626602
2020-12-09,169.97628784179688,173.87699542092017,169.03066176200943,173.87699542092017,36275376
2020-12-10,168.27415466308594,169.267064912922,166.78479650288614,168.416007229696,13794794
2020-12-11,167.13941955566406,170.21270449798885,166.73752556199963,168.983387635237,11727232
2020-12-14,165.17723083496094,167.6358498727458,164.11340154374707,167.13940197515598,23003678
2020-12-15,166.7611541748047,167.32852112857833,164.30252075446165,165.15357839967612,14463562
2020-12-16,169.45619201660156,169.71624784816387,166.9975728462416,167.328533319445,13332544
2020-12-17,168.74696350097656,169.8580769808273,168.08502816056813,169.45618302908022,8330742
2020-12-18,171.8911590576172,172.9549882994432,169.03064620123925,169.71623081761456,34796162
2020-12-21,167.35218811035156,173.73516441088145,164.704432092458,171.39473399571003,19330126
2020-12-22,172.19851684570312,172.90773641355347,165.22452442850826,167.37581801267729,16372078
2020-12-23,182.2930450439453,183.26232034431467,175.74459658516705,176.83206070556358,89748866
2020-12-24,180.70913696289062,182.83679549339982,179.03064213135752,182.71859224170484,24480344
2020-12-28,181.04010009765625,182.6949456459513,180.61457127105913,181.30015591271032,9451758
2020-12-29,182.0330352783203,184.63350721086775,181.13469331471686,181.56022219967534,22918252
2020-12-30,181.74929809570312,182.789492374524,180.99279447738851,182.0329887562094,14376870
2020-12-31,182.62403869628906,183.2623391930882,180.23633858983231,180.23633858983231,12789210
2021-01-01,183.49874877929688,184.7517004840901,182.05666030999132,182.05666030999132,10084672
2021-01-04,187.42308044433594,188.15594929141187,183.35688553873788,184.39707996660312,19511442
2021-01-05,192.1039276123047,193.75877321123116,186.05192662215993,186.33561732494047,50313494
2021-01-06,192.15121459960938,197.35215798627212,190.68549130481904,191.4892792362195,44972600
2021-01-07,192.31668090820312,195.2717620530741,190.94552614280443,194.91715231568958,24689510
2021-01-08,203.4041748046875,204.5625580908088,192.55310980638578,192.6713130659354,81986460
2021-01-11,211.25286865234375,213.23868926861766,205.6736803366933,206.14649339493857,94668036
2021-01-12,216.40652465820312,217.8485985951113,209.17247680702098,211.7965977210304,44268930
2021-01-13,217.0211944580078,221.01647058514217,214.08974771547153,217.96682057765054,58380386
2021-01-14,214.82260131835938,220.33087018721812,203.3096012457163,213.71148782107852,143103614
2021-01-15,207.35214233398438,217.21029660049768,206.43016561052127,215.01171896256793,50615558
2021-01-18,204.04246520996094,210.40180648085746,202.88408189916103,208.5105542877711,43021174
2021-01-19,203.42782592773438,207.82498176243072,202.2221583557044,204.72806188659845,31355580
2021-01-20,210.37815856933594,211.74931343857287,204.72803722081338,205.2008502397991,48839358
2021-01-21,210.78005981445312,214.3970913257392,209.12521407746044,213.5223842646497,31822754
2021-01-22,210.75636291503906,214.1919641092696,208.7187017844597,212.03583397199264,22797624
2021-01-25,207.20228576660156,213.71808091649467,206.20714325139915,210.94590336041233,14760338
2021-01-27,211.56195068359375,215.49511578633363,207.20228560214267,207.55769261003655,59180420
2021-01-28,204.66702270507812,212.58075696266818,202.48719041302817,210.04551770326924,29624870
2021-01-29,198.0327911376953,207.41554526041094,196.9191795687392,207.273373773697,31264842
2021-02-01,199.73873901367188,200.82864805641069,193.43619384008989,197.17981144174942,30163704
2021-02-02,202.98480224609375,206.39670101715612,200.7575790995907,202.81894274172882,26620996
2021-02-03,205.42523193359375,208.48173770891992,203.8614470252924,203.8614470252924,19795332
2021-02-04,203.7192840576172,207.03641596887442,202.93739157084462,205.42524050428753,14386598
2021-02-05,201.65792846679688,205.37785800432707,199.28854843799397,204.71443448857184,17358052
2021-02-08,206.27822875976562,207.41554279375652,202.0133445169458,203.93255110314394,25032680
2021-02-09,208.1974334716797,214.07349326102286,206.23085086972654,208.62391899981253,58949660
2021-02-10,208.03155517578125,210.47201357995309,206.13605125618417,209.45318311547908,21215470
2021-02-11,207.0838165283203,208.74238256458833,205.37785999870644,208.0315685490449,18474052
2021-02-12,209.4532012939453,212.86511442995928,208.31590173579013,208.50544925189126,38561668
2021-02-15,208.36328125,210.82742775255733,206.98902929220233,210.68527073835992,15689754
2021-02-16,207.3444366455078,212.2016656134173,205.56740165724824,211.34869460367182,24907596
2021-02-17,203.86146545410156,208.03156856090825,203.05587045182048,206.56255003639174,14780384
2021-02-18,205.1646270751953,206.91795965886251,203.45867052392717,203.90884406255662,16771472
2021-02-19,203.74301147460938,206.4914867529085,201.91858580777586,205.2594061427385,16957332
2021-02-22,198.41189575195312,205.11723855593618,197.1324247107973,204.09840800322613,21332174
2021-02-23,196.89547729492188,201.87117527710402,196.3268203123391,198.88576227241387,17984706
2021-02-24,200.49693298339844,201.776389471315,196.54006559980888,197.93800554601785,10120594
2021-02-25,199.6439666748047,203.29281790907427,199.241183616485,200.49695221009372,18220784
2021-02-26,194.43133544921875,198.95686035520788,193.3414263305047,198.0564987621551,23463882
2021-03-01,196.37423706054688,198.4119128026246,193.91009021683277,194.763061343205,12843392
2021-03-02,203.9562225341797,205.23569348759867,198.19863216688918,198.88575813475262,29750468
2021-03-03,206.3730010986328,206.9179556145056,202.93740004704821,205.188311080845,17564904
2021-03-04,207.93678283691406,210.54310083467712,202.58198982612907,203.24541333325013,25927594
2021-03-05,199.43072509765625,208.50544795141377,197.60629953577168,208.50544795141377,87862344
2021-03-08,197.5588836669922,201.46836031394406,196.91914823245438,201.44467230070236,24709676
2021-03-09,198.64883422851562,200.35477633866142,194.3128570575076,198.93314827250757,23811258
2021-03-10,202.20291137695312,204.09841553061923,200.44956425019234,201.9185828615934,34582736
2021-03-12,201.49208068847656,205.09352671394507,200.02306219832607,204.47749369946962,17920252
2021-03-15,202.0370330810547,203.10325406832965,197.98538465248126,201.30251661289222,15034204
2021-03-16,203.43495178222656,206.11236262994714,201.70530735303825,202.46351181093573,21347294
2021-03-17,198.862060546875,206.37299804066456,197.9380110236216,203.2928040400576,24269624
2021-03-18,194.36024475097656,200.994508964084,191.58806716961845,200.56802344269389,20165862
2021-03-19,194.52609252929688,196.0187989950076,189.28976866117839,193.7915905345726,33750804
2021-03-22,196.39791870117188,197.25088973703708,194.38394565280572,194.7867286932404,13245968
2021-03-23,196.89547729492188,200.6390947892065,195.56863028429242,197.93801027580773,23150388
2021-03-24,194.76304626464844,196.8718003604058,193.91007520431322,194.92890576569934,10280694
2021-03-25,189.38453674316406,195.09475110658693,188.48417525337075,194.6208751160065,25474258
2021-03-26,191.39852905273438,193.19926667591577,189.85843192765046,191.8250145950632,18066738
2021-03-30,198.12754821777344,199.24115965233312,191.919770047388,191.919770047388,26339126
2021-03-31,196.2557373046875,198.93313374139655,195.87664229935694,198.93313374139655,14890268
2021-04-01,197.3219757080078,200.37848188160916,196.3505356325633,198.48297776441112,15193886
2021-04-05,201.61056518554688,202.7715527961537,197.2272118550531,197.34568086398536,42432790
2021-04-06,202.4161376953125,203.2454207247596,200.1415385991626,202.79524718570306,16641040
2021-04-07,207.5576934814453,208.03156949396003,200.63910080642083,201.397305318754,27735300
2021-04-08,209.50057983398438,211.32500530314405,208.50543735430205,209.42950132719585,25833228
2021-04-09,213.29159545898438,213.88394047277765,208.50544485522525,209.87968239491596,23398770
2021-04-12,204.99876403808594,213.2915941815235,203.4823550272381,213.24420368839424,30172534
2021-04-13,198.5303497314453,207.3444314845871,195.5212343339148,204.71442555204436,40840640
2021-04-15,204.098388671875,205.87542358208447,196.65853006317926,198.50664347748767,53517782
2021-04-16,222.34263610839844,224.45137573696974,206.60994633667443,209.3110454564293,218723272
2021-04-19,224.02488708496094,226.4890481585106,218.50423437803255,219.40459591821664,87619710
2021-04-20,222.76910400390625,226.29947142415156,221.67918055872278,225.5649694301639,35461382
2021-04-22,230.6117401123047,234.331669404668,223.4799124802597,223.4799124802597,85241858
2021-04-23,225.4228515625,230.9435048680296,224.7831159777365,229.1427671308601,27192006
2021-04-26,227.60264587402344,229.28491441642862,226.0388607977777,227.17616034973355,18629288
2021-04-27,229.85354614257812,230.77761011966817,227.93435414283445,228.1239016489805,14418934
2021-04-28,231.86752319335938,233.7156511799575,228.0528271421463,230.23265965493147,19231068
2021-04-29,232.12815856933594,233.52608407480446,230.16157608640887,233.47870804463932,15282266
2021-04-30,233.5023956298828,242.52972751497308,231.8675176688597,232.91005063843207,58231142
2021-05-03,230.94349670410156,235.04252165927707,229.0006019996888,231.2278252274509,17199462
2021-05-04,228.3845672607422,231.39366859818057,226.4179700910755,230.91979254988485,16204858
2021-05-05,232.48358154296875,235.04250919430672,229.02427787184914,229.73509191175128,23713182
2021-05-06,242.76666259765625,243.95135256633804,230.89607489608358,233.9525807999016,48827088
2021-05-07,244.1646270751953,244.78066013618033,240.49208780332194,243.57228203134477,29333162
2021-05-10,249.23507690429688,250.4434548659565,243.21684618723214,245.27819512635182,25088944
2021-05-11,245.65733337402344,247.97930845234833,243.5959553915955,245.44408338644865,15298998
2021-05-12,240.53945922851562,247.6238967143653,239.23630023536242,246.39183069007683,15742214
2021-05-14,236.20350646972656,240.91856416217627,233.5024073880762,240.49207863916524,13599758
2021-05-17,236.8432159423828,238.69134388764198,234.56861695651446,236.20349491992135,11505300
2021-05-18,240.75270080566406,243.95136386930824,237.36449023055803,237.8857567332393,18761492
2021-05-19,242.45864868164062,245.37298314334222,239.37845473024677,240.87116121438197,14980792
2021-05-20,240.8474884033203,244.99390359963917,238.64396779130058,244.52002757720274,12584608
2021-05-21,242.95623779296875,244.47264682008216,241.27396926889793,241.67676677249506,10395006
2021-05-24,243.99876403808594,245.704706069329,241.5109005758361,242.57712157613696,14873624
2021-05-25,245.25454711914062,248.71383654502694,244.3778879843479,245.18348306456505,15909128
2021-05-26,249.8511505126953,251.36755967643438,243.92769981301075,243.9987927906466,17646380
2021-05-27,256.31951904296875,258.26239891511113,248.8085677023155,249.85110060182083,58822252
2021-05-28,255.27700805664062,256.03519809058633,252.4100640292202,255.41916507261848,11757252
2021-05-31,255.44284057617188,256.15365454434027,251.6518327459403,255.276995552837,10772410
2021-06-01,257.21990966796875,259.21019482786636,255.72721749036924,256.79343858426813,11930088
2021-06-02,257.3146667480469,258.26241874343566,252.57590677110312,256.8171027350869,9427136
2021-06-03,255.44284057617188,260.58441229978007,255.08743359208765,258.5941274042896,11275982
2021-06-04,256.46173095703125,258.4993922423326,256.106323909952,257.55164011678784,9543432
2021-06-07,259.8025207519531,261.20046075676066,257.1725146985909,258.1202667122779,8696866
2021-06-08,260.9161376953125,263.2381418751517,260.2290405714708,260.6318236387641,10859468
2021-06-09,257.88336181640625,262.1719344442958,256.93560968104504,262.0534654273756,12413798
2021-06-10,262.6457824707031,263.2381274920624,258.5230553374232,258.5230553374232,11441488
2021-06-11,262.66949462890625,264.8730298801285,261.34264744373024,263.0012136559751,11224718
2021-06-14,266.1287536621094,266.6974106544879,262.0534315757396,262.4799315507975,11904318
2021-06-15,264.37548828125,267.2661209277168,263.94898822116716,266.08143067537765,7674490
2021-06-16,263.11962890625,266.5789176574541,262.29034596958013,265.32316370721014,10994538
2021-06-17,264.7545166015625,266.0813635649075,260.41853980237113,261.81647973216633,8798696
2021-06-18,260.5369873046875,266.2945915731515,258.75995252097545,265.37052770100274,20014232
2021-06-21,256.911865234375,258.14393117049474,253.61842150274404,258.14393117049474,10781642
2021-06-22,263.73565673828125,265.346846553099,256.9829243854804,258.3808642361174,11505842
2021-06-23,255.96412658691406,265.77333640385024,255.13484360759176,265.3705533831317,22485404
2021-06-24,260.181640625,260.8924547031612,255.51397308098072,256.79344420629076,17337360
2021-06-25,259.44708251953125,261.105648343857,256.1299508708797,260.5606794323415,10079644
2021-06-28,259.39971923828125,261.0108801929282,257.9069983538126,260.51331620580333,6519660
2021-06-29,257.1250915527344,262.40882022446,256.3669015646643,259.5892523986032,15855760
2021-06-30,258.5704650878906,259.6840621794578,256.84080602420823,258.19134112871285,8586644
2021-07-01,255.58505249023438,258.6889639564975,254.94533135069497,258.2624639147375,8658748
2021-07-02,255.22959899902344,256.9829459628155,252.86021902716806,255.94041299058006,8314614
2021-07-05,254.16339111328125,257.2673021748882,253.78429608286189,257.2673021748882,6878338
2021-07-06,252.38636779785156,255.0874670154273,252.03096076719945,254.2581839439057,8386882
2021-07-07,252.1731414794922,254.18711461135084,248.8322923222839,253.0734885845822,10755374
2021-07-08,251.62815856933594,254.44772658274525,250.20653055481992,253.0024105526065,9131020
2021-07-09,249.16400146484375,251.60447449725223,247.95562341818473,249.92222043832723,11449216
2021-07-12,249.18768310546875,252.17312504484036,247.9319290589497,251.50968707540318,7731112
2021-07-13,248.71380615234375,250.9173411137995,247.64758515610947,250.20652711630996,8344716
2021-07-14,266.1761779785156,266.93436807477434,249.06923554685778,249.37726654270563,58696166
2021-07-15,272.9052429199219,274.68227819959725,264.896725690278,265.84447783943824,62132402
2021-07-16,273.7818298339844,279.2314032534406,269.3036963264214,274.8480507203997,73815654
2021-07-19,271.9100646972656,276.7436060673074,270.1093415382966,271.31771965003253,21715702
2021-07-20,269.208984375,273.9714620271917,266.1051018944646,272.8104598685823,21047054
2021-07-22,276.8384094238281,277.21750450006283,270.5832394351041,273.4738719298817,24086770
2021-07-23,283.9228515625,285.1786057616441,276.60146068584,277.92830786288437,28114910
2021-07-26,279.80010986328125,284.5625582170147,278.75757680459435,284.37299623430886,12199806
2021-07-27,280.27398681640625,281.7903959137348,276.8146975439085,279.06560871121087,7966274
2021-07-28,280.51092529296875,281.17433438950565,276.26972898617714,280.0370492569719,9147860
2021-07-29,279.80010986328125,283.3778681328473,278.59173176205,281.2928020154735,11668940
2021-07-30,278.236328125,281.00849138647044,277.21748307097,279.0418942535654,6356412
2021-08-02,280.6530456542969,282.14576654191535,275.9142859134054,278.73385374385464,9247796
2021-08-03,284.0412902832031,286.2211083470715,281.5534412454181,286.2211083470715,10331214
2021-08-04,282.8092346191406,286.2211481298114,281.62454443648414,285.9842100932801,9018712
2021-08-05,284.75213623046875,291.19683908191917,283.14094605605646,283.14094605605646,22588728
2021-08-06,283.37786865234375,287.3584389116827,282.5722736090135,286.10265585092395,10540400
2021-08-09,282.8092346191406,287.1689002759366,282.1932015087793,284.325643837561,9293502
2021-08-10,286.1500549316406,288.566840256279,281.0558871500981,283.5674534738969,14055564
2021-08-11,284.91796875,287.40581795738046,283.5911216240167,285.22599974491493,8565026
2021-08-12,287.0977783203125,288.5431233357617,284.6336461275603,285.27336719239077,7905016
2021-08-13,291.6706848144531,294.0163768538759,287.1688627092747,287.1688627092747,16729368
2021-08-16,290.9835510253906,294.22961896820425,289.30129701573316,291.95499103746647,7144852
2021-08-17,300.8638916015625,301.88270767355044,289.63302433203836,290.8414023780734,23645544
2021-08-18,298.2575988769531,302.9015784047191,295.9829706875095,301.2667002397186,13847154
2021-08-20,293.8268127441406,299.46594880413346,292.8553727131257,294.9878147474446,12341386
2021-08-23,297.9969177246094,301.8353307646883,295.4616926368994,296.64638266351085,14072750
2021-08-24,300.22412109375,301.3851230283997,295.74598730186955,301.3851230283997,8967436
2021-08-25,299.32373046875,304.60742951753906,298.3285737027388,300.9112031998596,12815436
2021-08-26,298.04437255859375,302.5698834329948,296.6464323086214,299.5844698509308,8416702
2021-08-27,300.8876037597656,301.3851678276916,296.31468830760593,298.3049735024086,8743108
2021-08-30,299.702880859375,303.04370086221263,298.8025048935172,301.36144685314787,8743710
2021-08-31,303.7308044433594,304.4889944153561,298.0206048705589,300.72167472273054,15591816
2021-09-01,304.2520751953125,306.7636121709047,301.0297242309813,305.0813581821747,9450444
2021-09-02,308.70654296875,311.3365491288261,303.63606370516794,305.65003681597085,9077556
2021-09-03,310.4361572265625,311.1943761833406,307.78246318557876,309.4410291919675,7549940
2021-09-06,325.292236328125,326.35845749313756,311.17073512724505,311.17073512724505,24676832
2021-09-07,319.51092529296875,326.9744730473095,318.80011122112677,326.9744730473095,12812218
2021-09-08,313.80072021484375,320.05588974225856,312.7581871397582,320.05588974225856,13432462
2021-09-09,313.8717956542969,314.91432876720506,309.914942136624,313.1846985082226,11611460
2021-09-13,317.852294921875,318.3735469000312,311.7392835695709,313.87172535436173,11177578
2021-09-14,319.1318054199219,320.19802644476323,317.49692739721246,317.97080340825306,7322676
2021-09-15,319.4161071777344,322.49630113108395,317.4969151914202,319.39241916271226,8290832
2021-09-16,316.4781188964844,322.5911317130221,315.1275836785306,322.1172556473401,9315692
2021-09-17,315.2460021972656,319.5819790729373,314.0613122228302,318.1603511036148,10815562
2021-09-20,313.94287109375,317.733879348467,309.63061077324846,311.6919599425118,9092860
2021-09-21,316.3595886230469,317.02302655577944,311.38389089683506,312.9950807774175,7367102
2021-09-22,316.6202697753906,319.6293708898444,314.1797967382755,317.02305281735494,9583304
2021-09-23,319.5345764160156,320.8140473822181,318.16035338965355,318.8711673794221,6462586
2021-09-24,320.5771484375,331.31045255974675,319.8663343611419,322.47265264112156,24253176
2021-09-27,309.86749267578125,321.4537364176484,308.49324086306825,321.31157941845896,16798164
2021-09-28,303.0910949707031,309.86754528791954,301.0297458247314,309.86754528791954,16224924
2021-09-29,303.6360168457031,306.3608035751027,297.2860675070826,298.5181623385798,17679132
2021-09-30,300.4847412109375,306.4792838047283,299.75023924155965,302.688276042165,12027918
2021-10-01,301.5036315917969,303.1621977380779,298.6366873235594,300.8165055465751,8417708
2021-10-04,303.7782287597656,304.98660687357545,301.361472532146,303.2332886692347,10494244
2021-10-05,306.5266418457031,307.7824246626011,300.46103556614713,301.5983493974167,10912148
2021-10-06,301.2666931152344,308.2326767036982,300.6269720290186,308.208988686264,9673198
2021-10-07,304.6785583496094,307.3322521919342,301.81161453780817,302.80674249790655,7448686
2021-10-08,313.3031005859375,316.33588935732837,305.6499923100229,306.19496122989045,22091966
2021-10-11,309.3462219238281,315.7435474049311,300.9112355926221,307.5218110410472,20422932
2021-10-12,312.3316345214844,313.8954483322385,304.488993146641,308.9671267655144,18680432
2021-10-13,318.7289733886719,319.72413030305734,310.8626436699208,315.12752750075816,18925882
2021-10-14,335.6227111816406,350.5971827374839,329.34385354216766,330.29160563869186,118377606
2021-10-18,336.3335266113281,341.56985118113624,332.85054921178534,340.71688007544196,21198892
2021-10-19,337.1864318847656,345.90576107485407,335.5041780197092,339.816437665132,21865148
2021-10-20,332.63726806640625,342.4938832027375,329.6992310457345,338.1579061802925,16108782
2021-10-21,329.9598388671875,335.97806959375373,323.0412611330842,335.9543815793886,15916912
2021-10-22,323.3730163574219,334.3195411460477,321.4064192520296,332.5425060230177,10758302
2021-10-25,316.4070129394531,324.2259669877604,313.1372569500136,323.53884099889603,17621916
2021-10-26,316.6202697753906,321.66703196189866,315.1275487646353,317.9944928597544,12193966
2021-10-27,318.0181884765625,319.65306654572674,314.3930542429519,316.62027734274835,12631178
2021-10-28,311.2891540527344,318.2551080713708,310.3887780890394,317.9707940423595,10357542
2021-10-29,306.4792785644531,312.4738210557474,305.29458865890825,311.9288521299594,13522634
2021-11-01,310.6020202636719,311.31283424142543,306.83470039695897,308.54064237432965,8802466
2021-11-02,309.82012939453125,313.2320424494012,308.54065838356803,311.336538410373,8079378
2021-11-03,309.2041015625,313.6348307589462,308.11419250636266,312.47385765400884,6871182
2021-11-04,309.7727355957031,311.64455151150423,306.78732269008214,310.3887685884353,1565810
2021-11-08,311.9762878417969,313.23207095115833,306.8347442373298,309.41737451012483,9504460
2021-11-09,312.023681640625,315.7199089362345,311.1943985777531,314.2271878538259,8284130
2021-11-10,309.25146484375,312.28428280134733,308.75390083027895,310.81527877622415,8091390
2021-11-11,304.13360595703125,307.9009258789923,301.76422599643877,307.9009258789923,12067796
2021-11-12,312.7818908691406,313.94289301282686,306.02915694395904,307.071690071414,12126506
2021-11-15,312.2369079589844,315.6014159896356,311.4076249590116,313.4926620050857,9435996
2021-11-16,313.4452819824219,316.9045709536331,310.2229310081853,311.9999659854954,11327094
2021-11-17,313.61114501953125,316.549182135347,311.81042192374,313.4452999813638,8854994
2021-11-18,308.70654296875,315.57774534678344,305.76850582248863,314.36936726492115,7842498
2021-11-22,305.19989013671875,312.97146958595295,302.33294557536567,311.8104673802361,11582434
2021-11-23,304.6075134277344,307.5218626496743,296.67008973948464,304.5601373928647,9134924
2021-11-24,301.6220703125,306.8820822789551,300.0108803629594,305.3182972826924,7985552
2021-11-25,301.7168273925781,304.1335832023272,299.96348056830277,301.8589843949587,6661362
2021-11-26,294.490234375,300.6269341176935,293.63726339324563,299.4896201932913,8277074
2021-11-29,298.8261413574219,299.89236216948177,286.1973655373222,292.16819051562146,10376060
2021-11-30,301.97747802734375,305.88695498885903,298.7788150588313,298.82619108912667,26850200
2021-12-01,300.8164367675781,306.10016499474955,300.0819348553535,304.5126632638469,9453644
2021-12-02,306.5030212402344,307.1190543163635,298.0680333930631,301.8116657314682,10210456
2021-12-03,303.6360168457031,309.8911852091173,303.23323385494206,305.53152065745934,13405010
2021-12-06,295.935546875,305.27090938249717,295.29582587693386,301.97746556620297,9409906
2021-12-07,299.6791687011719,300.6979846614109,295.22472310751937,297.5941029077402,8557090
2021-12-08,304.08624267578125,309.44103582659926,302.45136464981164,302.8067716588008,15360658
2021-12-09,304.7970275878906,306.88206448766374,302.26177381200785,304.1099016515077,6865604
2021-12-10,302.4513854980469,306.07654880886093,300.9586643881591,304.2995136414224,8525212
2021-12-13,305.8395690917969,311.12326891546815,303.37540821093177,304.93919316046913,13123680
2021-12-14,306.5504150390625,308.9197951864564,302.9252518443108,306.1239150432926,8609412
2021-12-15,301.5747375488281,306.4556552047955,301.07714454504594,306.4556552047955,7123544
2021-12-16,305.3182678222656,307.9719904876198,302.9962930285599,305.1761108223396,12437240
2021-12-17,317.87603759765625,320.7192937996444,308.06679791617756,312.75818221869713,104600018
2021-12-20,315.57769775390625,321.0509592449769,314.1797579032025,316.3358877120373,26298202
2021-12-21,327.3535461425781,330.3389592594373,317.970806808265,320.34018688880354,27362096
2021-12-22,324.9131164550781,329.77034583607406,322.8043623050505,329.77034583607406,12327754
2021-12-23,329.13055419921875,332.6609360141876,326.54792433870625,327.02180031593446,12944908
2021-12-24,330.9787292480469,332.8505454094731,327.045563861149,330.6470102320944,13182426
2021-12-27,331.5236511230469,332.1870891184852,327.5194219033914,331.6421201277254,10188656
2021-12-28,334.2957763671875,335.2672162267599,332.4476486943689,333.1347745687805,10158044
2021-12-29,333.4665832519531,336.45199659202314,331.73692409459966,334.2010853472174,7898416
2021-12-30,338.39483642578125,341.1433403349775,333.6087004460071,334.1299524712158,18087350
2021-12-31,338.9871826171875,340.62206059016637,336.0254576382749,339.2004326002883,8549558
2022-01-03,340.57470703125,344.41309128794353,339.29523597131964,340.24298802710547,9280810
2022-01-04,341.9015197753906,342.6597097746083,337.18644798693924,342.49386475074647,10228800
2022-01-05,338.11053466796875,341.5935117880218,333.13483654040925,341.1907287469341,14711264
2022-01-06,334.43798828125,337.51818229305036,331.6895132553396,334.4616762967216,12883220
2022-01-07,337.16278076171875,341.90154085675346,335.3146527554167,335.50421472845665,13120326
2022-01-10,328.63299560546875,335.97807337314686,326.97442965792857,335.97807337314686,27537820
2022-01-11,328.9410705566406,330.9787317800823,326.5005973382113,329.3438536285296,15487458
2022-01-12,327.6141662597656,332.54248830766414,323.75209415198105,331.7132052944281,23460682
2022-01-13,307.90093994140625,315.6014251650274,307.071656917324,314.2745781111151,61505934
2022-01-14,303.18585205078125,307.66398593253143,301.6220670713227,307.66398593253143,26514548
2022-01-17,306.43194580078125,308.8013259463897,299.9872144508677,303.04372062332214,20457876
2022-01-18,300.1056823730469,308.0194178153847,299.0868662679775,307.49816575447454,14329980
2022-01-19,294.3480529785156,299.32375037012383,293.32920813385425,299.0157194385493,17382766
2022-01-20,291.5285339355469,294.9404470717376,289.3013108519851,294.11116403489734,16827124
2022-01-21,287.1855163574219,290.00967529054117,285.1682641152209,289.53502770414093,19646694
2022-01-24,271.8544006347656,287.39910883343623,269.8134218408864,287.39910883343623,26150716
2022-01-25,267.08416748046875,271.4983836585016,261.3883971939267,266.9892321816559,34712370
2022-01-27,258.5642395019531,264.3312185245364,254.98065647866173,263.42937663806146,31351744
2022-01-28,262.0766296386719,268.1521118660923,259.46606837945194,261.1035790840878,29899780
2022-01-31,271.7831726074219,272.63756136434677,267.0129705754643,270.07445303394627,26252174
2022-02-01,273.7055358886719,276.4347594466853,268.864124826506,275.2481405084186,20920202
2022-02-02,279.0927429199219,280.0420379638672,272.92232513427734,276.24485778808594,16368826
2022-02-03,274.4649658203125,279.47249204426737,273.4682174806362,277.5264485353033,14082780
2022-02-04,271.37969970703125,274.25131119891944,269.6234982174703,273.87159900473466,13633558
2022-02-07,264.378662109375,272.35273445436405,263.71414400971554,271.4509215707518,15091358
2022-02-08,265.92132568359375,268.55561414666204,263.1683753170522,266.4671820276473,13953814
2022-02-09,270.05072021484375,270.905079981853,267.3689500601507,267.89107972956884,10207476
2022-02-10,272.28155517578125,272.8036558477029,268.74542543904676,271.6882457894226,11603824
2022-02-11,266.4908752441406,268.65051582288424,264.4261410001384,268.65051582288424,15442458
2022-02-14,257.1165771484375,264.4498874051396,256.309670539738,261.0561459201036,16241546
2022-02-15,267.3926696777344,268.2945115567557,257.8522660826317,258.9676761702025,13676992
2022-02-16,267.6537780761719,270.69150516209163,264.6397486046821,268.2470875425846,14607822
2022-02-17,268.1283874511719,271.6882437425035,266.3484593055061,271.49837315222527,14228840
2022-02-18,266.96551513671875,268.5081196444327,263.5955002146777,265.3279753268004,13411838
2022-02-21,270.9288330078125,271.83067499834704,263.6192776542069,263.78539271921574,17534002
2022-02-22,267.7724304199219,270.0744594794307,263.9514944163386,264.02270313784413,21490124
2022-02-23,269.172607421875,270.9762912438325,267.0604490522753,270.16938463456523,14408512
2022-02-24,254.95692443847656,264.3312128659092,252.10903934659828,260.106838391549,26953888
2022-02-25,263.54803466796875,265.20930098285015,259.8695163993028,260.1068401585716,15922624
2022-02-28,263.8091125488281,265.85009129756537,258.2557302081702,261.53081001604727,18316874
2022-03-02,263.52435302734375,264.9957489976668,261.2460503438605,263.42941771340895,16354110
2022-03-03,270.33551025390625,273.3732662063161,265.9687469361375,267.22657455007,25911326
2022-03-04,273.0647277832031,275.29557704640973,262.97846741727864,266.27727366040665,26948372
2022-03-07,271.42718505859375,275.1294590589874,266.8705802475988,267.22656590377613,21112334
2022-03-08,278.8316650390625,280.3979959128421,271.49835575479585,271.49835575479585,22039998
2022-03-09,277.9061279296875,283.0797975782805,276.31607029732737,279.09274675090734,23527232
2022-03-10,279.21142578125,283.1272681317733,277.47895060779183,282.4152967953145,16161966
2022-03-11,278.2383728027344,280.0420275249599,276.43471808050884,278.6180850121211,9927188
2022-03-14,283.9104309082031,285.1682294772715,278.1434518458504,278.3333224454237,15006442
2022-03-15,278.95037841796875,286.5447394218532,277.336565116568,286.5447394218532,13853244
2022-03-16,283.9578552246094,284.52743799527707,281.22863221158553,282.5339127830317,11150296
2022-03-17,285.3581237792969,290.00966415334887,284.31389333527983,287.16177874431435,16881290
2022-03-21,284.7885437011719,292.3829048665365,283.8392485555013,287.20923473455633,15592952
2022-03-22,289.5587463378906,290.0096673266261,282.96116245021653,286.40235735712,15580500
2022-03-23,290.1046142578125,291.9082693148255,288.4433476844761,291.40989513686253,11393836
2022-03-24,289.79608154296875,291.33868621718915,287.5415054806466,288.111088385166,7751490
2022-03-25,286.37860107421875,291.43360930579047,283.4832624721227,290.00966658931264,11986194
2022-03-28,284.8834533691406,289.06034584011655,283.412028643672,288.5856983100014,11476810
2022-03-29,285.97515869140625,287.32789266726536,284.38510093240075,286.21248247455264,9402006
2022-03-30,285.1682434082031,289.2027475996463,284.5512073847258,287.2092220874839,15488764
2022-03-31,280.94390869140625,286.35487361538867,280.1370020271613,284.7885424260829,14476178
2022-04-01,285.64288330078125,286.4023367456246,279.7097890606928,280.84895474286446,8567994
2022-04-04,287.4465026855469,287.8736970061932,284.31384090141756,287.1617257852381,8855948
2022-04-05,286.7525939941406,291.7060818120641,286.22611758300195,289.76776176206636,12862488
2022-04-06,284.07244873046875,286.202220258613,282.8520270448834,286.202220258613,8235902
2022-04-07,277.9941711425781,283.33056078790787,276.39087644428514,283.33056078790787,15721530
2022-04-08,279.3343200683594,280.93761504548695,277.82672152283675,280.4590160420023,8636632
2022-04-11,273.327880859375,279.62146947782503,271.8920838402334,279.5018197262299,17164216
2022-04-12,267.3932800292969,271.84424510153826,266.19678247163165,271.84424510153826,16338532
2022-04-13,267.6325378417969,270.6477053750557,265.4309651518937,268.01541115832214,11204576
2022-04-18,257.7734069824219,263.1576456753357,256.5290612801609,263.1576456753357,18930062
2022-04-19,253.87281799316406,261.09965042866554,251.76697093589075,260.3578279009993,13286008
2022-04-20,256.7683410644531,258.70666100281636,254.30354474527277,256.52904158536234,8660976
2022-04-21,258.0605773925781,259.6399481936956,257.1751517474957,258.9220497194273,13388782
2022-04-22,257.3426818847656,258.8502511712889,253.9685648590831,256.05045877391416,9782424
2022-04-25,253.3463592529297,254.20786078899417,250.45084125620795,253.63353616873906,9473768
2022-04-26,253.2985076904297,257.36659898068694,252.26950820893697,257.00764974919366,8718740
2022-04-27,248.3689422607422,252.22165814150392,246.23917099393506,252.22165814150392,16275078
2022-04-28,250.09188842773438,252.05416175114024,246.9570709852141,250.78586278343448,13241338
2022-04-29,243.5111541748047,252.93955988409078,242.6496818566396,252.93955988409078,24151260
2022-05-02,236.906494140625,248.39286961410986,235.75785951441284,246.7177731908933,43822854
2022-05-04,235.35105895996094,241.1421097985667,234.15456145635156,239.29950072187182,17267854
2022-05-05,239.84986877441406,241.07030490053592,237.5286608692941,239.77808185068483,10869532
2022-05-06,232.16835021972656,234.94421824744364,230.20609163187385,234.51348211978834,18441782
2022-05-09,231.23507690429688,234.20239619977764,227.1430617748058,230.68469103975724,16675250
2022-05-10,228.60279846191406,231.52225514299306,227.88489999635442,231.16330591021324,14969534
2022-05-11,225.85084533691406,230.66077362775098,221.3759421589167,229.7514239230953,21029342
2022-05-12,226.76019287109375,227.81311647860375,221.18451762631472,224.03218742457003,14573000
2022-05-13,224.29541015625,229.48821203586206,223.50572475651217,229.48821203586206,16775318
2022-05-16,223.98431396484375,227.0234202912722,222.54851708045373,226.8559077336238,7314066
2022-05-17,232.91018676757812,234.034897272745,224.12789271156478,225.42011577804274,11321450
2022-05-18,230.3257598876953,237.02614562988282,230.01467347080154,234.9442371388525,15390968
2022-05-19,215.919921875,226.76018559828904,215.36953598196018,223.09890640773202,22945978
2022-05-20,219.96409606933594,221.2084563494482,217.76253782078066,221.11273071033114,12731912
2022-05-23,223.02711486816406,223.8885871519918,218.95902371713532,221.9741913162136,14111568
2022-05-24,220.13160705566406,224.75008429913086,219.19833320085496,224.19969839236114,13779460
2022-05-25,212.90475463867188,220.562338155544,212.11506925963073,220.22731303440827,15481506
2022-05-26,216.97286987304688,217.61898147486085,212.49796608944118,213.4551641348891,11583082
2022-05-27,223.4818115234375,223.96041052907228,218.36079632087223,220.1555425920027,11414472
2022-05-30,227.9327850341797,230.44542990857224,226.44912513959224,226.44912513959224,12291148
2022-05-31,228.7942352294922,230.08645831032518,225.13295597470758,227.7652503495527,31587004
2022-06-01,225.3004608154297,229.22497813659015,224.22361315353967,229.22497813659015,10514566
2022-06-02,226.9276885986328,228.02847494402056,224.032170801351,225.80297814808307,10535040
2022-06-03,227.57382202148438,233.55630945632885,227.0952230266968,229.5600049287163,23269778
2022-06-06,226.47303771972656,227.5738095049226,222.16564700354505,225.89871311529646,13791156
2022-06-07,223.81680297851562,225.30046269060435,222.62030556645718,224.94151346698683,4701342
2022-06-08,225.13294982910156,225.89871109292568,222.21349322646773,225.44403623468224,5627652
2022-06-09,227.3584442138672,227.88490602367165,222.18958096739922,223.52965229628143,7402238
2022-06-10,220.61019897460938,223.6014425087825,218.38470210063952,223.6014425087825,17453098
2022-06-13,213.50299072265625,216.80532049784492,212.97652896587414,215.39344777815847,14130822
2022-06-14,213.40728759765625,217.14036849842051,209.62635848224085,210.583556466178,13056384
2022-06-15,210.63140869140625,215.68062196041828,210.248520753682,214.62771299445973,11391596
2022-06-16,202.11233520507812,213.81408563320832,200.89191369790532,213.45513641278325,17944686
2022-06-17,193.9282989501953,200.41330883253397,192.4207005842836,199.09716172975314,41550546
2022-06-20,198.45106506347656,200.0065117557471,193.42577574998703,195.74698373497333,20750838
2022-06-21,203.4763641357422,204.24212546518402,199.4082725916202,201.01158218014595,12187804
2022-06-22,196.82383728027344,202.3038016316263,196.36916239139563,202.3038016316263,16202862
2022-06-23,200.55690002441406,201.39444825318557,196.84775786842593,197.42208249614205,19655010
2022-06-24,200.41331481933594,203.88315728486475,198.97751793704816,201.49016248105178,15362102
2022-06-27,203.35670471191406,206.15651168024587,202.9259685488665,204.36176549614623,12447870
2022-06-28,204.4813995361328,205.3668105067525,198.95358755595376,201.9687550713822,12091828
2022-06-29,201.37051391601562,203.30883387614327,199.76720446696814,201.01156469334893,16684176
2022-06-30,199.12109375,202.44736240243068,198.61857067850764,201.92090061925498,12123284
2022-07-01,201.96878051757812,202.54310516701014,196.89562813320387,198.61858747581735,8907248
2022-07-04,201.15513610839844,201.84911043943717,199.09716643226048,201.46623711549373,6372716
2022-07-05,197.9485321044922,202.47128349771486,197.685293913978,201.53802429229484,11513210
2022-07-06,199.12109375,200.34152987540926,197.70923556521217,200.34152987540926,10522910
2022-07-07,201.39443969726562,202.90203812955204,199.6714950986778,201.01156636550863,10706024
2022-07-08,200.58084106445312,203.26099834875484,199.36040486781675,202.92597321108633,9535432
2022-07-11,196.79991149902344,198.61858182770305,194.09581550766683,198.49893207961406,16689574
2022-07-12,195.8187713623047,198.5467914130966,195.26838545189773,195.74698443584845,9777472
2022-07-13,194.64620971679688,197.18277845169405,194.00009817694746,197.18277845169405,11956780
2022-07-14,192.13357543945312,196.51275339218438,191.6789005447021,196.51275339218438,13161242
2022-07-15,188.4962158203125,193.40185548570938,187.13220577269988,191.8942715828458,22328354
2022-07-18,193.7129364013672,194.167611272871,189.8362817573128,190.96099227707353,13632394
2022-07-19,194.14366149902344,195.1726463222564,192.01390493106328,192.87537720035579,12897178
2022-07-20,197.23065185546875,199.81508354788576,194.83765684291922,196.6084643887964,25237412
2022-07-21,198.13998413085938,199.81508061505747,192.68395850346494,195.67520222524723,45382342
2022-07-22,196.63238525390625,199.76720259352413,195.77089836417656,198.97751723219943,15468542
2022-07-25,198.52284240722656,198.92965444362815,195.53159891262828,196.4648727252154,12535662
2022-07-26,193.9282989501953,198.80999944073753,193.49754821383155,198.52283715172194,15186298
2022-07-27,194.6222686767578,194.98121790508296,192.3728622759958,193.80865918929638,14084158
2022-07-28,199.09718322753906,199.5757822256822,196.65632541587266,197.08706159306502,15898464
2022-07-29,202.7823944091797,203.06954211368344,199.95864873231716,201.29873464462247,15919784
2022-08-01,205.31895446777344,206.22828957341756,202.2559240355443,203.97888321794858,10365748
2022-08-02,205.60610961914062,206.58723161376525,203.23703899997093,205.2950232261387,16912426
2022-08-03,206.92227172851562,207.23335814408517,204.6010637565737,205.318962225895,12034938
2022-08-04,208.4298553466797,210.7271246035208,204.40962684436687,209.17167792182914,17789134
2022-08-05,210.58355712890625,211.5407551158558,208.74094808289186,208.74094808289186,12967586
2022-08-08,208.59735107421875,211.9236049462674,208.2862646841251,211.9236049462674,9557496
2022-08-10,205.8693389892578,208.66914581641706,204.02673007868762,208.19054685812253,11329742
2022-08-11,209.8417205810547,211.54074105266673,208.81272112894584,209.62634520603626,9154644
2022-08-12,208.71701049804688,209.86564508707937,208.1905487180833,209.1956094606172,7092398
2022-08-16,209.19561767578125,210.4878261620577,208.95631818509875,209.8656533285559,4774208
2022-08-17,212.04327392578125,212.9286849669287,208.98024335066316,209.2674056620734,10401476
2022-08-18,208.2144775390625,211.42109650317158,207.73587856565408,211.42109650317158,16888260
2022-08-19,206.97015380859375,211.78006815839245,206.27617938139468,210.0810474651577,17253908
2022-08-22,201.01156616210938,206.2282919818469,200.55689130113683,206.2282919818469,12900580
2022-08-23,199.40826416015625,200.29367520345846,196.2255838313452,198.6185787561177,17028776
2022-08-24,199.16897583007812,200.77228544066938,198.3075034511517,199.95866127837448,7429170
2022-08-25,198.71429443359375,201.05942642117012,198.59464469335333,200.676538488992,8753902
2022-08-26,199.69540405273438,202.20804844165434,199.24072922580055,200.29365271676295,7904194
2022-08-29,193.52149963378906,194.47869758958305,190.96099218090376,193.83258604828578,23519514
2022-08-30,197.9246063232422,199.07325558292322,194.4308395411449,195.81877368996373,19750992
2022-09-01,196.4409637451172,197.01527377689217,193.7608064464538,196.177725533915,11778706
2022-09-02,195.12481689453125,197.5417359868031,194.83765457523106,197.4460103451423,9815080
2022-09-05,194.07188415527344,195.26838159149582,193.35398569353998,194.78978261700686,18018508
2022-09-06,193.56935119628906,194.95728523034302,192.03782871380693,194.7897726766839,18226162
2022-09-07,195.00515747070312,195.67519311204023,191.91818825132071,192.4446500429719,12248532
2022-09-08,197.56564331054688,198.30748045619114,196.03413541385612,196.22557207523235,14064948
2022-09-09,199.64756774902344,200.74835420041398,196.87169942160455,199.57578082094372,14671342
2022-09-12,201.96878051757812,203.1174152107596,200.0783086017401,200.93979557588813,11678424
2022-09-13,202.27984619140625,203.88315561798908,201.72946031216526,203.35669384431816,9408334
2022-09-14,199.24075317382812,202.30379838636568,195.74698639823512,195.74698639823512,17583964
2022-09-15,198.6425018310547,201.44230879962862,197.78102950488508,200.86799878407618,10640314
2022-09-16,192.22927856445312,197.54173019588464,191.5353188026435,197.54173019588464,20192486
2022-09-19,192.3728790283203,194.4069248326261,190.00380807279697,193.8326001750196,13584188
2022-09-20,193.78472900390625,195.93842446862024,193.56936822084413,194.31119081641722,8989822
2022-09-21,191.7985382080078,194.2633199949719,191.20028949244946,194.2633199949719,19290112
2022-09-22,190.45846557617188,191.6071001807583,189.04659277519843,190.48238968235185,16500324
2022-09-23,188.73550415039062,191.15242307344775,188.400479033716,190.53025026325915,13966710
2022-09-26,188.95086669921875,191.05671384268626,184.06916598967112,187.61079543126797,18994144
2022-09-27,190.673828125,192.10962504552813,187.6107976156763,189.9080668462487,12454694
2022-09-28,190.50633239746094,191.67890582844743,189.21412381820696,189.52521025734129,8921590
2022-09-29,187.99366760253906,192.3489211050088,187.39541889631195,191.91818495766154,11883068
2022-09-30,188.68765258789062,189.86022596051308,185.45710939202948,187.8261802446005,13570530
2022-10-03,188.8072967529297,190.48239317532577,186.94076366053898,188.5201344450969,8140834
2022-10-04,194.07188415527344,194.3111836425179,190.96099082109518,191.41566568913234,12591696
2022-10-06,196.29736328125,197.6613732575534,195.00515483450047,195.9144899501423,11203878
2022-10-07,195.3162384033203,197.063121685345,194.43082740660935,196.1298478715208,7580186
2022-10-10,196.8477325439453,197.90065602407216,191.31992078747967,191.58314435467133,18714926
2022-10-11,193.54542541503906,200.00651167255234,192.54036463162288,198.5707147264383,22723292
2022-10-12,195.24444580078125,196.03413114029357,192.20533957351316,193.47362385887303,12610118
2022-10-13,181.43687438964844,187.77831081000662,180.95827541452707,185.21780337197094,84896212
2022-10-14,180.5753936767578,185.4571092330357,180.07287057788307,185.21780973725117,27864794
2022-10-17,179.52247619628906,181.36508514810873,178.23025313769307,180.5753851646993,16909538
2022-10-18,181.5325927734375,183.90166363850966,181.10185659951952,183.63844003380484,22328480
2022-10-19,180.934326171875,182.4419245403095,180.45572722460838,182.4419245403095,10198278
2022-10-20,182.58551025390625,183.11197205126618,179.95321587278835,180.4318148511734,11868814
2022-10-21,183.08802795410156,183.44697717733325,181.96333207252064,183.06410384815862,8931540
2022-10-24,184.1170196533203,184.93062909495163,183.78199455014934,184.93062909495163,3472470
2022-10-25,184.0930938720703,184.95458079543715,183.61449489431598,184.95458079543715,5783256
2022-10-27,183.13589477539062,185.19387913031943,182.3940722067666,184.73920426201335,11723118
2022-10-28,183.42306518554688,184.66742549606994,182.82481644064947,183.20768979511092,7609676
2022-10-31,185.00242614746094,185.88783716374923,184.14095384309914,185.00242614746094,6638382
2022-11-01,187.80223083496094,188.08939313492917,185.02636268185793,185.69639831132955,11540196
2022-11-02,188.5440673828125,188.9748035285286,186.96468204094512,188.01760560219003,6716614
2022-11-03,185.93568420410156,188.44832858523807,184.52381151909563,186.53393286627693,10312476
2022-11-04,186.91683959960938,187.80225069912896,184.57170734556934,185.93571746043108,9023630
2022-11-07,187.3715057373047,188.9748152848012,185.5049725859622,188.08940422671964,8252598
2022-11-09,187.10829162597656,188.75944947198946,186.24680463156372,188.5919368948245,6862546
2022-11-10,186.12713623046875,187.18005980514948,185.21780110997983,186.07927341240483,5494908
2022-11-11,191.2960205078125,194.23940134998125,190.1234471500767,190.72169588245578,28417046
2022-11-14,189.78842163085938,192.70787836005553,189.30982264593155,192.70787836005553,17623428
2022-11-15,190.07559204101562,191.224226732643,188.5680080953996,190.50632822466557,12462712
2022-11-16,190.60202026367188,192.25319238318093,189.62089831802035,190.96096945437557,11039528
2022-11-17,189.8841552734375,190.48240402981253,189.04660701451243,190.43454120816602,6057616
2022-11-18,188.4962158203125,190.91313488635714,187.99367811556988,190.41061178729663,9546202
2022-11-21,186.00747680664062,188.7833594473708,185.5049537573288,188.49619715961518,7904612
2022-11-22,186.0792694091797,186.36643170570395,184.02129972783783,186.17499504324815,8410828
2022-11-23,186.05535888671875,187.58688150953824,185.69640964127814,187.0125568745604,6717760
2022-11-24,190.60202026367188,191.3199186450793,186.24676716199747,186.6057163527012,13370266
2022-11-25,192.7796630859375,193.54542437421668,189.47733304877033,190.96099280624594,13648550
2022-11-28,194.14366149902344,195.96234627573557,192.39677824948643,192.77965156790958,13679200
2022-11-29,193.9043731689453,195.69911933786497,192.8275254675935,192.8753882865677,9102602
2022-11-30,194.74192810058594,195.26838991610404,192.7078823722932,194.74192810058594,13892346
2022-12-01,197.99639892578125,199.2646832699853,197.01526227786385,197.58958688179996,15852984
2022-12-02,197.3742218017578,198.09212029129307,195.77091225399263,198.0442574708543,11726622
2022-12-05,197.3502960205078,198.59465631295103,196.53667189699593,197.78103218943914,9947062
2022-12-06,196.87168884277344,197.46993755409483,195.17265373921188,196.46487679793862,8832518
2022-12-07,194.4547576904297,195.98628025262516,193.97615871545378,195.7469807651372,6568616
2022-12-08,193.2104034423828,195.26837310092904,193.01895217636655,194.90942388566998,8940712
2022-12-09,188.5919189453125,194.31118249907257,187.25184766690185,194.31118249907257,15423336
2022-12-12,189.69268798828125,190.24307383421277,185.69638401930703,188.04151584480658,10365880
2022-12-13,190.36273193359375,191.12849317300459,189.52518377298082,190.6498942240829,6813842
2022-12-14,191.46351623535156,193.59328754005503,191.08064289336704,191.8224654705927,9995152
2022-12-15,189.14231872558594,191.31993819611466,188.59191822571736,191.31993819611466,7766926
2022-12-16,186.533935546875,188.95085433452385,185.7203115123522,187.32362087115865,18012634
2022-12-19,186.19894409179688,186.89291851755397,184.59564904898403,185.91179636248793,8838046
2022-12-20,186.15106201171875,186.60572223754042,183.30339250005926,186.0792604867697,8778558
2022-12-21,186.414306640625,188.20905285346797,185.6246212281105,187.08434230561662,10215214
2022-12-22,186.05535888671875,187.58688150953824,184.7392116534365,186.7014704496483,9093800
2022-12-23,180.74290466308594,184.66742220187834,180.43181824242507,183.78201115408814,12120710
2022-12-26,182.10691833496094,182.63338015272936,180.09679670554786,180.9104208426156,7261148
2022-12-27,185.0263671875,185.38531641978085,181.9872607663859,183.06410846322842,7685840
2022-12-28,185.6006622314453,186.4382103725722,183.4230429067876,184.2605910479145,7676002
2022-12-29,187.01254272460938,187.6586542386521,184.16487308397117,184.85884741492097,9485398
2022-12-30,187.96974182128906,189.6687622895591,187.39541722615715,188.08939156146812,8256556
2023-01-02,188.11331176757812,188.52012379688978,186.89289028532403,188.08938766231074,5559512
2023-01-03,190.02772521972656,190.3627503586709,187.46723227971196,188.11332923874684,5994422
2023-01-04,186.51002502441406,190.24309115961313,185.98356323465998,190.24309115961313,8926522
2023-01-05,185.16995239257812,187.7065358863125,183.66236844569136,186.6536122314518,9568980
2023-01-06,182.82479858398438,186.07926559608666,182.53763629334458,185.21779332984806,8484754
2023-01-09,187.51507568359375,188.08940030542504,184.3084712611343,184.73920742466683,7347432
2023-01-10,188.11331176757812,188.52012379688978,185.38530651145697,187.61078871151608,7879496
2023-01-11,188.4962158203125,189.52520073143006,187.3715052685729,188.08940375619196,7656600
2023-01-12,188.8072967529297,190.4345303564067,186.89290084161988,189.405545475214,9510500
2023-01-13,188.52012634277344,189.81234936964236,184.97849698020076,189.52518707415135,13621860
2023-01-16,190.76954650878906,191.9181810804034,186.17499361665068,186.6535925719634,23867444
2023-01-17,189.69268798828125,192.42069311381658,188.4483278546447,191.46349525804695,14310032
2023-01-18,192.97109985351562,193.28218624564167,190.48237950514599,190.7216789768861,16080426
2023-01-19,193.06683349609375,193.3539958169584,190.841351069337,192.4446606389557,9447456
2023-01-20,192.94717407226562,194.02402176725545,192.06176304635986,193.1386107413497,9265614
2023-01-23,194.78977966308594,195.1487288885093,192.6360843105457,193.9283073643424,8815290
2023-01-24,195.07765197753906,196.80485494664046,194.3819683266775,195.94124614126167,9552640
2023-01-25,192.65475463867188,194.7417908334821,191.91110496360005,194.30999377564507,6355554
2023-01-27,190.97555541992188,193.6383311062729,189.12842252600012,192.65477779014685,7410134
2023-01-30,192.99061584472656,194.21404335140542,189.53620990333562,190.97554327197247,7261256
2023-01-31,191.359375,193.13454404292446,190.8076334683026,193.01459959509216,9566846
2023-02-01,193.0625762939453,193.78224296599655,191.11948213606937,192.63077921904576,7029896
2023-02-02,196.44503784179688,196.70890979095105,193.06259536405562,193.06259536405562,10835460
2023-02-03,195.7013702392578,198.1482400544603,194.86175905258636,197.93233417836765,8850236
2023-02-06,194.14208984375,194.88575424173496,192.67877336517282,194.50192320487457,5958022
2023-02-07,192.15101623535156,194.54990532692898,191.4553325421313,194.54990532692898,6683580
2023-02-08,195.1496124267578,195.55742646894947,192.39089018593702,192.39089018593702,8300976
2023-02-09,195.89328002929688,196.2051473287747,193.61433536126282,195.1496302574434,5277374
2023-02-10,194.69381713867188,195.26955633095375,193.25448379962307,195.26955633095375,5160140
2023-02-13,192.19898986816406,194.62186190477692,191.5273038755873,194.62186190477692,4825356
2023-02-14,194.35797119140625,195.00567408802942,192.6307683476295,193.35043497906523,4638822
2023-02-15,195.4614715576172,195.67737742291666,192.07904394563482,193.20652469684774,5227672
2023-02-16,196.66090393066406,198.26816237979932,196.01320101633723,196.1331454581883,11189362
2023-02-17,194.9337158203125,195.749343943406,193.83023272827455,195.19760239738704,5616244
2023-02-20,195.29356384277344,195.65339722263974,192.96665303296422,194.4539526230854,6497188
2023-02-21,193.2305145263672,195.74934804905726,192.91866187569886,195.46147843241846,5761172
2023-02-22,189.58419799804688,192.0790484575621,189.24836231727232,191.671234392226,6883372
2023-02-23,189.0084686279297,191.28741315937663,188.74458205508412,189.89604583737867,6078322
2023-02-24,188.6966094970703,190.2319043675443,188.33677613445832,189.96803242495832,5106634
2023-02-27,187.28126525878906,188.69660096943983,184.93035699096498,188.4327290387788,5554710
2023-02-28,185.697998046875,188.64864333210798,185.05030970783068,188.00094035140668,10061602
2023-03-01,187.5691375732422,187.95295395823007,185.81793688238653,186.20176790903096,4542612
2023-03-02,186.1777801513672,187.28127793988813,185.81794678065202,186.4896474526462,4438972
2023-03-03,187.32925415039062,187.80903196648416,186.6815511703329,187.40121789447326,4393936
2023-03-06,188.91250610351562,190.30385877569282,188.1208756729369,188.28880082891575,6727722
2023-03-08,188.36077880859375,188.55268701208118,186.56161194779145,187.90498401386088,4908842
2023-03-09,187.16131591796875,188.96048260269353,186.92142702667212,188.45670714597702,4157054
2023-03-10,186.68153381347656,187.065350174003,185.48208938476193,186.1057946310313,4567396
2023-03-13,184.93035888671875,188.36076722875947,184.1147307699677,186.63356422024086,5982520
2023-03-14,182.05169677734375,185.74597714794126,181.04416044294192,185.4581075321612,8094852
2023-03-15,180.27650451660156,184.09074380215822,179.868690466942,184.09074380215822,7687926
2023-03-16,178.88516235351562,180.73230988098064,177.51779264400741,180.08460689840757,7686620
2023-03-17,180.63633728027344,181.52392911688753,179.36492906971296,180.9721875887186,9044282
2023-03-20,176.15042114257812,180.3724746826424,175.19086551642582,179.9166799035573,8184754
2023-03-21,175.79058837890625,177.6377358938448,175.3348082399324,177.03801362546585,7211152
2023-03-22,175.79058837890625,177.51779144016902,175.5267164374823,176.4862720668886,5374846
2023-03-23,173.43968200683594,175.0709236672272,172.88794044192292,175.0709236672272,9485192
2023-03-24,173.5596160888672,176.00648575404216,173.1997827452137,174.3272634836592,7906696
2023-03-27,173.31973266601562,174.63912163440745,172.33619401896803,173.5596215693596,6227714
2023-03-28,170.8968505859375,174.66309443444553,170.51301957808207,174.15933362360158,7813096
2023-03-29,172.26422119140625,173.07984934574833,170.32112686830396,171.76046033479668,8823840
2023-03-31,175.23886108398438,175.47875001086186,173.3437327049892,174.32728609018167,7914212
2023-04-03,176.53424072265625,176.7501319395371,175.19085414822177,176.53424072265625,4053500
2023-04-05,177.39784240722656,178.4293617538798,176.17441486797728,177.37385937377326,6443110
2023-04-06,175.91053771972656,177.73370225124387,175.52672131396363,177.03801854393402,6429614
2023-04-10,179.10104370117188,179.62880220012627,176.3663190747548,176.5582272630138,5624940
2023-04-11,177.63772583007812,179.84470658101128,176.8460954089978,179.19700363952515,6784354
2023-04-12,178.54930114746094,179.17302105780337,177.20592919567997,177.80565143159222,5578210
2023-04-13,176.70216369628906,177.46981112987356,175.59868057665048,177.46981112987356,6724634
2023-04-17,173.36770629882812,173.65557589942253,168.88178106106244,172.69602032521195,13603290
2023-04-18,176.51025390625,176.9900317177058,172.36017876548888,174.37525143026588,8024898
2023-04-19,173.10382080078125,176.5102460386132,172.91191261308427,176.5102460386132,7475944
2023-04-20,174.08737182617188,174.49518587084086,172.2402244297225,172.95989110561268,4423266
2023-04-21,176.58221435546875,176.89408164042254,174.47119495277607,174.68710082056617,5299988
2023-04-24,181.33203125,181.6438839017868,177.78166370148276,179.9166808374162,17779044
2023-04-25,180.22853088378906,181.78780876183882,179.48488113707418,181.4519730807914,7528552
2023-04-26,179.70077514648438,181.18808930458417,179.14903358635328,181.18808930458417,7008146
2023-04-27,179.62881469726562,180.68433176860884,178.50133388052566,180.588370346975,8491700
2023-04-28,184.71446228027344,186.15379575258726,182.31557315975041,182.31557315975041,27709406
2023-05-02,186.32171630859375,188.14486613841228,185.8899192059164,186.63356895821312,9746608
2023-05-03,184.76242065429688,186.3216983941291,183.29908968269183,186.3216983941291,4828488
2023-05-04,184.0907440185547,185.26619081994784,183.77887674149443,184.59450484177228,6253358
2023-05-05,182.02769470214844,184.42658370624017,181.83578651015242,183.6349532632212,7902194
2023-05-08,182.48348999023438,183.75489823769917,182.12365663859399,182.79534263332474,9613544
2023-05-09,183.41903686523438,183.97079301782176,182.33953687537232,183.51499827655107,5716698
2023-05-10,184.11473083496094,184.49854721847547,183.2751196845735,184.2346752850163,3670402
2023-05-11,184.54653930664062,185.60205638887732,183.8028895271039,185.05031481293162,4049964
2023-05-12,183.87484741210938,184.8344030411354,183.0592192707745,184.52255039003333,4580358
2023-05-15,185.0742950439453,185.67401732211752,183.51501712069756,183.8748504876009,5089694
2023-05-16,185.6500244140625,186.53760162522684,185.43411854874034,185.91389634576169,4059352
2023-05-17,183.41903686523438,185.84192340525155,182.96325676561938,185.29018189431983,5376102
2023-05-18,183.56298828125,184.88237722458646,183.39506312376682,184.81041348328122,4237016
2023-05-19,185.29019165039062,186.2497472474581,183.99478573768695,184.61849101911824,7281582
2023-05-22,189.8720703125,190.27988438363778,184.9063669982321,185.43412552313646,12197390
2023-05-23,190.7836456298828,192.9186627680345,190.01599819584754,190.47179297777203,12725634
2023-05-24,191.76719665527344,192.12703001303916,188.72060463119232,189.2723461847684,8256974
2023-05-25,189.0804443359375,191.43135275725655,188.3847606309086,191.43135275725655,13605054
2023-05-26,192.72674560546875,193.13454501683,189.51222853069072,189.58419227142176,7926180
2023-05-29,191.81517028808594,194.78979868626325,191.59927904990593,193.83024302771022,7959308
2023-05-30,193.11056518554688,193.75826814617753,191.64724874701466,191.91112068128882,7378972
2023-05-31,193.6623077392578,194.21404928576294,192.15101058434152,192.7507328395985,11783582
2023-06-01,195.34153747558594,195.7493515529861,193.85422329770975,194.31001808568473,7065484
2023-06-02,194.2860107421875,196.61292117652292,193.8302160112415,196.08517735120273,6320754
2023-06-05,193.9261932373047,196.588954179164,193.68630433653695,196.18114011952753,7252860
2023-06-06,191.88714599609375,193.51838766452207,189.77611186343185,193.51838766452207,13707400
2023-06-07,193.25450134277344,193.6383323863565,192.39090711761162,193.06259314181048,8215860
2023-06-08,191.69520568847656,194.1900559952321,191.31138932204766,193.8782033673016,10615052
2023-06-09,190.61570739746094,192.07903842112827,190.0159851684963,191.6472413446049,12018232
2023-06-12,189.8000946044922,191.8151525157571,189.32031681966873,191.8151525157571,11973622
2023-06-13,189.77610778808594,191.19145819095525,189.2723469418616,190.92758625086762,13016186
2023-06-14,190.20790100097656,190.5437366518542,188.40873438023957,190.13592262282273,18512564
2023-06-15,186.6095733642578,190.68768449374633,186.27372306163758,190.51975934243623,28702320
2023-06-16,182.9392547607422,186.46562423913338,181.90773550096043,184.9783102488722,41110648
2023-06-19,182.38751220703125,183.27510398976298,180.92419589833005,183.27510398976298,10629440
2023-06-20,183.5150146484375,184.69047615448244,182.60343972622763,183.17916432052266,11802658
2023-06-21,184.95436096191406,185.79397219844674,183.80289705157227,184.354638650105,8829264
2023-06-22,183.41903686523438,185.19422048300316,183.08320120893737,185.19422048300316,9356174
2023-06-23,182.2915802001953,183.75489662738002,181.40398834559602,183.41904631212955,6470406
2023-06-26,182.7473602294922,183.22713802722868,181.85976837534844,182.31556313986064,4100400
2023-06-27,183.56298828125,184.3546187189206,183.03522977558416,184.3546187189206,5880750
2023-06-28,183.13119506835938,184.1147337175494,182.69938332807428,184.1147337175494,7140112
2023-06-30,186.7055206298828,186.99339022694053,183.75489020376708,184.71444576618885,9070810
2023-07-03,187.88099670410156,188.98447983028927,186.87346035664575,188.98447983028927,9036924
2023-07-04,189.968017578125,190.6397035408408,188.5526672724708,188.91250060696026,12617234
2023-07-05,188.98446655273438,189.70413323011846,188.00092795030517,189.08042796638134,12366958
2023-07-06,190.0879669189453,190.4478002627028,188.62463586933785,189.27233881643255,9037242
2023-07-07,189.9200439453125,190.687691349145,188.64863571109484,189.51222988937118,9065220
2023-07-10,187.08935546875,189.92004150749483,186.9454133464473,189.92004150749483,5630400
2023-07-11,188.09686279296875,188.45669610883974,186.08180500908423,187.11332425291675,9634838
2023-07-12,188.00094604492188,189.00848241856366,187.28127929827167,188.9844847420142,6848220
2023-07-13,189.1763916015625,191.23944504562454,187.7130750837705,188.00094470871605,13595726
2023-07-14,194.33399963378906,194.5499055088958,188.24083012047757,189.3922939571803,31366784
2023-07-17,199.2277374267578,203.8815880830342,194.69383122407973,195.26957045801427,45759860
2023-07-18,200.16329956054688,201.65059899411082,197.7883936467554,200.5471159353396,17769026
2023-07-19,200.5231475830078,201.98646409089892,198.6999830651265,201.506686266455,10830990
2023-07-20,200.37921142578125,201.50669227517628,198.93987790953,200.78702551705064,8255710
2023-07-21,194.16607666015625,198.7959293860225,192.39089298789477,194.31000413989372,23514212
2023-07-24,193.85421752929688,195.74934572818094,193.59034559147304,194.9337175976508,6808460
2023-07-25,192.10301208496094,194.54988158813663,191.91110390938263,194.54988158813663,6458200
2023-07-26,193.2305145263672,193.63832859646743,192.5828115493441,193.5903478867515,5329662
2023-07-27,191.88714599609375,195.07766558789535,191.43135120798328,193.8302403208653,8948358
2023-07-28,191.31138610839844,193.2784778970291,190.2558691559657,192.41486912458714,6760060
2023-07-31,194.33399963378906,194.78979441827792,191.4073666526529,191.79118305100147,6762180
2023-08-01,195.24557495117188,195.74933576744039,193.85420766499027,194.54989130808107,7181804
2023-08-02,193.25450134277344,194.7418155231363,191.43135147113975,194.7418155231363,5399618
2023-08-03,191.74319458007812,192.87067533687124,190.49576937344867,192.87067533687124,6821698
2023-08-04,196.1571502685547,196.70889179281306,192.05504142300362,192.31892798967053,12481540
2023-08-07,197.26063537597656,198.14822721556396,195.77332129905392,196.68491081312843,8822866
2023-08-08,199.7554931640625,200.30723471458572,196.68491812311638,197.86036496698637,15724284
2023-08-09,200.451171875,200.78702221326222,197.93233826300568,199.347688720694,9309388
2023-08-10,200.85897827148438,201.890497640011,199.37166412442753,200.1153285187844,9901644
2023-08-11,198.17221069335938,202.5381915192943,197.83637502469128,200.85896925098518,7571468
2023-08-14,199.17974853515625,199.6835240045693,196.46900692351713,198.26817365358596,5792180
2023-08-16,200.85897827148438,201.60264266584124,198.62801437172752,198.69997811526994,8131780
2023-08-17,200.33120727539062,201.69857688418247,198.8678908950688,200.85896576460138,6340960
2023-08-18,197.5245361328125,199.7555000876098,195.74935232613322,199.13178013098806,10602392
2023-08-21,198.91586303710938,200.23525188250045,197.5005127826641,197.57247651862707,7334260
2023-08-22,200.11532592773438,200.59510373401443,198.02828954208488,199.10778960621496,6350240
2023-08-23,199.2277374267578,200.52314338228211,198.91588477573364,200.18729305554413,6134234
2023-08-24,198.00430297851562,201.50667504525873,197.66845266344427,200.90695279810024,5776956
2023-08-25,196.56497192382812,197.33260469599824,195.3175467065668,196.70889940819586,6598510
2023-08-28,195.77333068847656,197.8843647784682,195.58142249165647,197.40458696558954,3401974
2023-08-29,195.7973175048828,197.6204672360442,195.3175397186134,196.540967216938,3998562
2023-08-30,195.36553955078125,196.80487305049235,195.1016529575064,196.70891162718192,4018182
2023-08-31,195.94125366210938,196.70890108246988,195.00569572244288,195.74934546743344,22061952
2023-09-01,199.7554931640625,200.4271791665106,195.50945663758964,195.72536250771716,8476130
2023-09-04,208.2715606689453,209.42302454222053,199.58757894516322,200.5471346131688,27634648
2023-09-05,207.1920623779297,209.90280423572813,206.44839794364282,209.0871760540348,17973426
2023-09-06,205.96861267089844,208.9672240517446,204.33737100804956,208.10362983072375,13531912
2023-09-07,207.6718292236328,208.07964329289294,204.74518163687165,206.2804764946779,9322650
2023-09-08,206.30445861816406,207.9596979218795,205.9686082939834,207.9596979218795,5748410
2023-09-11,208.63136291503906,209.90277105711107,206.35241854356187,207.74377112623793,8253314
2023-09-12,208.70333862304688,211.82189425764412,204.81713559621753,209.71087491024798,14545328
2023-09-13,209.0391845703125,210.11868457514544,207.02411203796197,208.6793512353682,7445670
2023-09-14,209.39901733398438,212.6615003719166,208.8472611752503,210.33457521729372,14895010
2023-09-15,211.60598754882812,212.90139343314013,210.26261559903924,211.00626531380522,19835876
2023-09-18,209.23110961914062,211.606001036209,208.7993125107334,211.606001036209,6025196
2023-09-20,206.35243225097656,209.59093236241077,205.84865678198187,208.34350716893448,9102700
2023-09-21,205.80068969726562,206.90417276200046,202.96998901166052,206.25646981458817,8893070
2023-09-22,200.78700256347656,204.74516928067771,199.87542770239176,203.6176885601741,19818260
2023-09-25,198.67599487304688,201.38673658245432,197.66845853953825,200.78701431746785,9301132
2023-09-26,198.10025024414062,199.97138073158226,197.52452567043514,199.97138073158226,6480566
2023-09-27,199.41964721679688,199.85144432486777,196.8528329609629,197.78840556316405,7773994
2023-09-28,194.47793579101562,199.8274553775947,193.83023282724673,199.8274553775947,16876116
2023-09-29,194.81378173828125,196.34907664876474,192.63079847154316,194.31002087415936,12780272
2023-10-03,194.52590942382812,195.79731762992284,193.63831759033164,195.00568721040395,5728104
2023-10-04,194.2620391845703,194.52592577436118,192.22298342023385,193.20653675037875,6905870
2023-10-05,195.17359924316406,196.9008022166265,194.31000507726094,195.72535541535038,8125304
2023-10-06,195.67738342285156,196.61294137063743,195.24558632066908,195.74934716627249,6365004
2023-10-09,194.59786987304688,197.18866694841756,193.54235290376528,193.92618391152942,6030450
2023-10-10,195.62939453125,196.10917232286556,194.88574481090836,194.98169158423772,5128014
2023-10-11,202.05841064453125,203.4017972236695,196.22911350184197,196.22911350184197,19092228
2023-10-12,200.11532592773438,202.41825354121588,198.96386212099364,202.34628979860523,10234398
2023-10-13,197.212646484375,198.8199049420638,196.25309094445998,197.62046051717002,10914054
2023-10-16,196.8048553466797,197.62046880481864,195.82130209202595,197.18867172207965,5277652
2023-10-17,197.38058471679688,198.5560461877778,197.21265955784864,197.52452684231957,5979388
2023-10-18,195.4854736328125,198.46008725599646,195.269567762653,196.2291233781943,4881066
2023-10-19,189.65614318847656,190.35182679903562,187.16130761466704,188.04889940141828,25629102
2023-10-20,188.00094604492188,190.01600415054799,187.59313196015526,189.53622631944785,8429336
2023-10-23,183.8268585205078,188.5526727114544,183.37107840200062,187.521153384494,8837826
2023-10-25,183.20315551757812,186.00985857068903,182.8433221682474,184.42658304863997,6678294
2023-10-26,181.4759521484375,182.57943522750898,179.94065733771015,181.7398240807548,10995582
2023-10-27,183.44305419921875,184.40260984860222,181.85977859274166,181.85977859274166,6202812
2023-10-30,183.27511596679688,184.40259670277726,182.50746857368324,184.23467154777487,4688744
2023-10-31,183.1791534423828,184.2826511388165,181.9077452336201,183.85085405832336,6153536
2023-11-01,182.7713623046875,184.97832851408398,182.38753127226354,184.16271502328954,4241952
2023-11-02,184.06675720214844,184.78642393014457,183.3231074398819,184.13872094661664,4742730
2023-11-03,184.0187530517578,185.53006470136543,183.58695599829358,185.19421441441813,5291528
2023-11-06,184.54653930664062,185.4101481852863,183.7549088157918,185.19424230521054,4939936
2023-11-07,183.89881896972656,185.67400262930482,183.68292775166285,184.66646635337273,5692178
2023-11-08,183.37109375,185.1222799132715,183.03524341001585,184.52255762162665,7102052
2023-11-09,182.72337341308594,184.234670516334,182.17163188544376,183.75489272853105,9231126
2023-11-10,181.97970581054688,183.17915025865662,180.87622277494825,182.45948358979078,10710700
2023-11-13,183.10719299316406,183.70691523841984,182.3155625577577,183.562987756221,3585902
2023-11-15,187.90496826171875,188.1928378636464,184.35461554902773,184.9783208184908,10792518
2023-11-16,190.51976013183594,191.67122388013132,186.777484647806,187.90496536366737,13843576
2023-11-17,189.7041473388672,191.43135042137644,189.27235022865415,190.9515726007715,7886928
2023-11-20,192.007080078125,192.43887716678353,188.6486355015377,188.6486355015377,8610496
2023-11-21,192.2229766845703,193.15854927091019,191.93510707018442,193.15854927091019,5440248
2023-11-22,192.03106689453125,193.15854766721523,191.47932534583893,193.11056695827315,5318582
2023-11-23,193.11056518554688,194.31000968980493,192.15100958214043,192.15100958214043,9677360
2023-11-24,189.9920196533203,193.5903533588756,189.77611377432405,193.11057553146824,6250566
2023-11-28,190.3998260498047,191.31140095675318,188.60065926964714,190.47178979267963,8145314
2023-11-29,194.90972900390625,196.0132120745274,190.95156219951923,190.95156219951923,15544086
2023-11-30,198.17221069335938,198.86789434689277,193.85421057485024,195.24557788191703,19825958
2023-12-01,195.5814208984375,198.50806846148808,195.02967934645292,198.50806846148808,9830426
2023-12-04,195.4854736328125,198.1482346092769,195.14962331071035,198.00430712360838,10662472
2023-12-05,193.9981689453125,196.2291329317305,192.91866882527242,195.46148547359275,11165368
2023-12-06,200.90695190429688,201.69858233869297,194.76580197737732,195.14961835718867,22082070
2023-12-07,200.6670684814453,202.22634635966335,199.899421059222,201.50667964663964,11250552
2023-12-08,202.7541046142578,203.66567952123944,199.10779034467458,200.93094015863784,15479122
2023-12-11,201.79454040527344,202.56218779381177,200.18728188838358,201.50667080436455,10084242
2023-12-12,202.5622100830078,205.29693498842096,201.57865672514723,201.84254332237418,11903364
2023-12-13,201.3387451171875,203.56970889542524,199.10778133894976,203.20987555565605,9696816
2023-12-14,208.4154815673828,209.18312900582734,203.06596181586335,203.18590627056852,24681376
2023-12-15,214.24478149414062,215.66013193189156,207.98368674632923,209.20711434111533,41567234
2023-12-18,213.62106323242188,217.57923004133255,212.06178539860858,213.9808965786865,20182072
2023-12-19,210.47853088378906,214.62860600762238,208.70334713198076,213.7889948409995,16064694
2023-12-20,207.2400360107422,215.66013092778945,205.9926107455648,212.06179726381077,26449942
2023-12-21,208.2235565185547,209.42300096854635,204.96107347123967,205.77668691224048,10663008
2023-12-22,221.9691925048828,223.72037851707083,208.22356169461776,208.84726696745525,46080814
2023-12-26,225.54354858398438,228.27827328173285,215.10838134720402,217.81912301141563,54628644
2023-12-27,225.9513702392578,228.08637275376998,222.66488924314686,224.77590872331615,25262992
2023-12-28,225.231689453125,229.04591410000236,224.36808064582087,226.7189888893347,16839956
2023-12-29,226.1192626953125,228.062371496507,223.62442701506043,225.95135218501497,15961140
2024-01-01,228.9259796142578,231.97257164275777,224.67994305813244,226.93490462673097,20347278
2024-01-02,225.11175537109375,229.33379426235723,222.76083237767295,229.33379426235723,14282514
2024-01-03,218.73069763183594,222.56892005886235,218.29890053712677,222.56892005886235,19534364
2024-01-04,217.05148315429688,220.62583377514096,216.57170533360141,219.25846405782744,15170336
2024-01-05,219.06654357910156,222.137118531114,217.57922948997884,218.32287921371204,16889130
2024-01-08,216.06793212890625,220.69778490566114,215.44421221265733,219.49834042247818,10082886
2024-01-09,216.2598419189453,221.89723103164107,215.87602553814773,219.7382309459278,14465048
2024-01-10,217.62721252441406,218.77867631352237,215.42023172099022,216.59569318503907,8874676
2024-01-11,215.03640747070312,219.21046538370635,214.31674079863473,218.27490749501098,8638818
2024-01-12,223.3125762939453,225.01578157715258,218.29889257484953,218.29889257484953,36086734
2024-01-15,237.29811096191406,253.80246492067374,234.6833160054069,245.6222590062638,127844264
2024-01-16,232.69223022460938,237.49000816738481,230.5332301503604,237.49000816738481,25912492
2024-01-17,231.44480895996094,235.81078989033094,226.4551227431052,227.96641989240266,28668932
2024-01-18,231.5647430419922,234.6113348792875,224.72790966360802,231.44479859675738,26144924
2024-01-19,232.71621704101562,236.6983815832526,232.02054801299724,234.1315674138068,15498620
2024-01-23,225.4475860595703,233.17201159421194,224.0802163965816,229.35777221455757,19972336
2024-01-24,229.846923828125,230.30369067042406,225.03891358448357,226.4572824755109,11708750
2024-01-25,225.97647094726562,230.4719632506866,225.27930362519035,229.8469131443372,12852980
2024-01-29,227.41888427734375,229.34208837271242,225.97648120581727,225.97648120581727,10051300
2024-01-30,227.17848205566406,232.17880973141325,226.69768103544044,228.09200105951243,11828014
2024-01-31,229.89500427246094,230.73640605560914,225.49567788371968,227.1784814500161,10584480
2024-02-01,226.6255645751953,229.67865399840647,226.26496380882114,229.60652210682545,7828120
2024-02-02,232.2989959716797,233.90968222683136,228.3804708278415,228.3804708278415,16296222
2024-02-05,231.91436767578125,235.35209192665025,230.37579859076465,232.22688539442711,11566604
2024-02-06,240.23220825195312,241.2659274309584,232.27495785144288,233.0442423589171,29024038
2024-02-07,238.09266662597656,241.2178731989155,236.818532207934,240.85727244049946,9103534
2024-02-08,235.03956604003906,240.4485771578389,233.23656233410577,238.42920713804094,11303840
2024-02-09,235.80886840820312,237.87630694504023,232.1066946492535,236.02522006556543,7893788
2024-02-12,241.09767150878906,245.59314919860284,236.07329510232594,236.07329510232594,48873500
2024-02-13,245.97779846191406,246.6509169380848,236.40986134372662,241.89098989666314,22373576
2024-02-14,247.3721160888672,248.57411859658762,238.98213271582563,242.2996713754398,22594656
2024-02-15,249.29531860351562,251.3867912160784,246.67494728327472,248.550082922359,14570776
2024-02-16,261.074951171875,262.036553201974,250.4732946591867,251.2185303633604,34942644
2024-02-19,257.685302734375,262.4692785705191,255.4736005190612,262.4692785705191,18602758
2024-02-20,255.7620849609375,258.7430568802246,253.0215135295645,257.6131569795708,10374126
2024-02-21,250.6896514892578,257.85356873467475,249.77611785696143,257.66126594339823,13115574
2024-02-22,255.32937622070312,256.26694408039424,250.71369815943746,251.3627677991961,14596482
2024-02-23,257.7814636230469,260.23353694416915,256.4111631882614,257.2285307438901,19860994
2024-02-26,256.2188720703125,257.9497439822133,252.92536751732104,257.8295437287267,8820636
2024-02-27,255.5216827392578,258.3824543951769,253.6465472079461,256.74771935014815,10399260
2024-02-28,248.9106903076172,255.28130373008128,247.61252170332057,254.82453689856294,12789056
2024-02-29,249.3433837890625,252.05992114389258,246.74707602851504,248.7183483659176,14462764
2024-03-01,249.5837860107422,252.51668970232538,248.83855033392882,251.17045277876517,9420630
2024-03-04,250.25692749023438,253.09366520777647,249.31935964489318,251.4348958422905,5662370
2024-03-05,246.79515075683594,250.25692387264212,245.5210310242414,248.93472110482315,10521548
2024-03-06,246.72305297851562,247.54039122870535,240.40050788288957,246.9874876680338,11091922
2024-03-07,247.85292053222656,250.20885721836547,245.44891548341738,247.01151876514336,9707982
2024-03-11,247.39614868164062,249.51168481995308,246.31434643163715,248.7664491391035,11131512
2024-03-12,245.61720275878906,251.21853167887062,244.1267166697542,246.53072175759024,11652760
2024-03-13,242.51602172851562,249.39148483970368,238.8619311899751,247.0355481988422,13580480
2024-03-14,249.0308837890625,249.48765060816015,238.06861218665782,240.95341818630925,12825472
2024-03-15,248.57412719726562,249.17512847192052,243.47763345361557,247.49232490288682,13649086
2024-03-18,245.3046875,249.31936429877254,244.72772040396134,249.0549296056031,6393960
2024-03-19,237.9243927001953,244.7277243421237,237.10702507980122,244.7277243421237,9617386
2024-03-20,237.27529907226562,241.00150690977335,235.20786059286593,238.50133578190554,8385344
2024-03-21,240.6168670654297,242.94874018435635,239.65526506244726,240.23221746050743,11644580
2024-03-22,234.1981658935547,235.95308657794828,230.568109604011,235.23188509070036,28646502
2024-03-26,230.71237182617188,236.04926606990065,230.32772220736825,233.669295157477,18273346
2024-03-27,227.08230590820312,231.24124628693673,226.57747072851785,230.64024503831996,14320668
2024-03-28,230.8325653076172,232.2509194678547,228.5247116811622,229.1978448260963,15455150
2024-04-01,233.16444396972656,233.8615965955178,231.52970887944278,232.56344273738154,6041008
2024-04-02,231.3614501953125,232.0826517050574,230.5921656503415,231.72205095018495,6932654
2024-04-03,232.3230438232422,234.48664827438748,228.83723665195257,230.78447478883064,13794516
2024-04-04,234.3424072265625,236.53006060606776,230.59216525152812,233.573122682922,16004046
2024-04-05,233.2125244140625,234.22220947129594,232.01052188708994,233.90969174885956,6414344
2024-04-08,230.73638916015625,236.36176653901586,229.9190362915346,235.59248203046252,26640770
2024-04-09,228.76510620117188,233.30868144624847,228.4766373441806,232.68364602559157,15801250
2024-04-10,229.48631286621094,230.52004676098227,227.46695745730977,229.58247893596527,10771534
2024-04-12,226.33706665039062,230.78447581983536,225.97646590692213,228.38047086337875,13170046
2024-04-15,220.85594177246094,225.1831507624271,220.30302355831944,224.26963179912175,12176472
2024-04-16,215.567138671875,220.4472660545363,213.86028625965338,217.8268946455856,21439424
2024-04-18,213.64393615722656,218.98083041344464,212.922734627275,217.56246153538683,21986258
2024-04-19,217.6826629638672,218.2355812052342,210.1100468585532,211.55244992623207,20470106
2024-04-22,222.13006591796875,224.12538716858614,216.36045381620332,217.68265658952456,18881740
2024-04-23,222.1781463623047,224.43790227207967,221.26462739142195,224.43790227207967,10322712
2024-04-24,221.12037658691406,223.4041813330047,220.4953411571368,223.04358058362195,5915168
2024-04-25,221.64926147460938,222.3944971570523,219.14909040010303,220.63957643787097,11805090
2024-04-26,223.38015747070312,228.76512010650129,221.9377544065439,222.08198884380673,21478294
2024-04-29,222.58682250976562,225.01486162178824,221.93773824358797,224.84657834198194,7249940
2024-04-30,222.32237243652344,224.4138596549758,221.88965448478058,222.6108559619792,8902956
2024-05-02,219.9183807373047,222.61086934866856,218.98082756429574,222.32238580586483,14937276
2024-05-03,219.8943328857422,222.13005452593995,217.89901173745562,221.36077001724783,9730626
2024-05-06,220.51937866210938,222.41854850663984,219.2452589296604,220.59149587849663,6918126
2024-05-07,223.0435791015625,223.74074641488946,218.2836521759152,222.03389407542352,9278528
2024-05-08,222.70703125,224.24558566133695,221.7934976027486,223.57246718932188,8205680
2024-05-09,219.19717407226562,223.28398259290208,218.30768928319773,222.0098628710448,9233484
2024-05-10,217.24993896484375,219.96646173253797,216.50468859677457,219.26929439997042,6654714
2024-05-13,217.2980194091797,217.9230548446004,213.95644656557567,217.24993637425143,7111608
2024-05-14,219.41354370117188,221.12038141637615,217.4182224455843,217.65862295042334,4909420
2024-05-15,220.35110473632812,221.0482720944142,218.5961839229012,219.41355153769982,4793424
2024-05-16,223.3080291748047,224.77446634813705,219.29333791080165,222.13006086168838,14621472
2024-05-17,221.64926147460938,223.28398194353335,221.1924946544785,223.28398194353335,6876820
2024-05-21,221.60118103027344,223.47630202163083,221.02422862602316,222.6108660788143,8467448
2024-05-22,221.79348754882812,222.82722140039732,220.61553394441907,222.56277205606597,7765884
2024-05-23,223.9571075439453,225.01487564905545,222.0098692969046,222.3704700591627,13171332
2024-05-24,222.9233856201172,226.21687547715598,222.13006688723925,224.53407194013144,8205526
2024-05-27,217.53842163085938,222.20218259812913,217.12973784006135,222.13006538160766,40983758
2024-05-28,219.269287109375,219.8462541704458,217.8509329829722,218.2836509423344,15778126
2024-05-29,216.74508666992188,219.00485725720617,216.12005123405967,218.28365575141956,9756036
2024-05-30,210.08599853515625,216.12004509295937,209.1965137687179,215.87964459786153,20724568
2024-05-31,210.68701171875,212.58616693397502,209.38884310246343,210.37447931909693,21438004
2024-06-03,213.52374267578125,216.6249005492204,212.29769123224034,216.4566319251999,8964424
2024-06-04,210.6629638671875,214.38917177021995,200.49402523413352,214.38917177021995,17730732
2024-06-05,217.08164978027344,218.7644532669422,211.09567150854167,211.40820389437144,12267428
2024-06-06,221.64926147460938,222.1300624756389,217.61053600053782,218.74042128753362,15425568
2024-06-07,232.9721221923828,233.86160699036623,225.159105824619,225.97647340609183,72672440
2024-06-10,228.5006866455078,234.82321717624092,227.5871676345263,234.82321717624092,18311752
2024-06-11,228.88531494140625,230.39984986121254,228.06796202813547,230.39984986121254,9371714
2024-06-12,229.29400634765625,232.9000140423863,228.64492202802828,229.82289041079324,13875116
2024-06-13,232.03457641601562,233.35677922802134,229.895005996526,230.78449082281548,12995932
2024-06-14,229.5824737548828,233.47696472592943,228.95743833423168,233.18848119605897,11322596
2024-06-18,236.4819793701172,237.03489759626223,230.8085186563758,231.26528548438566,31870984
2024-06-19,238.3571014404297,239.03021992192302,234.02989233712387,236.6742979002552,20880284
2024-06-20,235.78480529785156,239.19849530104588,234.75108609193097,239.19849530104588,12571126
2024-06-21,235.85693359375,240.85727592101583,235.15978092113423,239.4148728665082,95171176
2024-06-24,235.85693359375,237.94842095736257,235.32806421207,235.64058193930344,9934518
2024-06-25,238.88597106933594,239.4388892645875,235.25591484804147,235.85691607611525,9258210
2024-06-26,238.09266662597656,240.35242257498757,237.4195334719607,238.88598535991534,12812090
2024-06-27,245.59315490722656,246.14608781799322,235.20786462366544,236.62621882755195,42137138
2024-06-28,247.54039001464844,248.23755735324258,243.21319556686163,246.17011886474248,16405832
2024-07-01,253.55039978027344,257.61317416622165,247.17978642553527,249.0068537321851,30757528
2024-07-02,258.7671203613281,262.0365614980218,254.0071784233329,254.48797945360448,36276968
2024-07-03,259.1517333984375,262.25290565055855,257.4689299348113,260.5460680066046,16049384
2024-07-04,255.1610870361328,263.8635730726954,254.39178785741595,260.3056634130802,19524632
2024-07-05,257.276611328125,257.94974448727385,254.56010320146828,255.47360752229596,10376090
2024-07-08,260.2095031738281,261.0749390917198,257.2285311493003,257.6852979616154,12176360
2024-07-09,260.11334228515625,262.0125121136924,258.4786071387738,261.55574529228284,8681444
2024-07-10,257.49298095703125,261.2432230521098,255.66594294617406,260.1133523909359,9233748
2024-07-11,256.7958068847656,259.41617825007233,254.8245344883503,258.04590711424277,8807618
2024-07-12,269.3207092285156,271.55641641500307,260.3777924452676,262.0365618712202,54186042
2024-07-15,269.1043395996094,272.56611284925077,267.3975018297718,272.56611284925077,16099478
2024-07-16,269.1043395996094,270.4986449648466,267.5177020860387,270.13804419604577,11239032
2024-07-18,275.5951232910156,276.1720903271364,267.4936092973781,267.5897753610253,25019786
2024-07-19,267.9023132324219,278.8165014008319,266.70031077655653,278.8165014008319,26523490
2024-07-22,243.18914794921875,253.261935100489,241.14574363184414,250.49732925933512,76014568
2024-07-23,240.66494750976562,244.24692101985963,233.8375817495544,244.24692101985963,25847632
2024-07-24,240.44857788085938,243.45358406645082,240.32837763343574,241.60249732155015,12240276
2024-07-25,243.69398498535156,244.00650269462054,237.17912275992376,238.47729130351092,21887890
2024-07-26,252.32435607910156,254.1273598087242,244.487305736828,245.20850722867704,26153996
2024-07-29,252.13204956054688,255.08895802594694,251.38678455337845,253.86292137708529,12011554
2024-07-30,250.7377166748047,253.3580879435311,249.8963149409966,252.13205128627777,10816526
2024-07-31,250.97811889648438,252.37245351754814,249.75208223079798,250.8819528285207,7758508
2024-08-01,250.76174926757812,253.2859544530212,248.81451113653185,251.4589165689008,10759752
2024-08-02,241.43421936035156,249.6559193998633,240.88130114459608,247.6125151486367,15652228
2024-08-05,233.18849182128906,238.40518575846554,230.9046870044826,235.59249689161163,21938080
2024-08-06,235.35208129882812,240.08797391837575,233.95776138199156,235.47228154463957,11271584
2024-08-07,239.15042114257812,240.44858974797623,236.86661632881356,239.77547126375896,7079826
2024-08-08,234.29432678222656,237.5156994249569,233.83757462552342,237.5156994249569,13160570
2024-08-09,236.21751403808594,238.6936508069676,235.42419536092407,238.16476679789926,6065948
2024-08-12,235.13572692871094,237.5156977857985,234.34240820064255,236.33772944786986,7338468
2024-08-13,235.8328857421875,236.89065379000039,234.22219949010588,235.13571843709968,6289418
2024-08-14,238.06861877441406,238.88598636608606,235.80886281588513,237.03489953051064,11121756
2024-08-16,248.21353149414062,248.79049859872813,239.41487852292042,240.88131579382946,25931140
2024-08-19,249.8963165283203,251.55508582608817,246.9874763849741,248.09331280156474,11466562
2024-08-20,252.2522430419922,253.6705824403385,249.84823816918473,249.9684384128251,9543812
2024-08-21,253.06959533691406,253.91099708932526,250.52135589876443,251.65125585946086,6454402
2024-08-22,249.5357208251953,255.08896654666094,249.07895400270152,253.76676378698988,11496506
2024-08-23,246.36244201660156,250.71368515997528,245.85759216722016,249.9684494855462,11277706
2024-08-26,250.0165252685547,252.32436424803456,248.0692870466737,248.09332122802735,17351380
2024-08-27,248.64625549316406,251.57912993276514,248.0933225901707,250.0165266412573,7965796
2024-08-28,257.0362243652344,258.719028006017,248.98280694148895,250.01654091627634,34375566
2024-08-29,259.00750732421875,260.57011059084016,256.7717709121315,257.228537736143,25685318
2024-08-30,258.86328125,260.59415318599196,257.56511262512333,260.4499187489535,19434804
2024-09-02,256.00250244140625,260.5941461961899,255.71400422930225,258.86327430662436,15735982
2024-09-03,257.7333984375,260.04123762136754,254.58415741138515,256.26696109587965,15056686
2024-09-04,249.60784912109375,253.98312645181133,248.45391499095788,253.86292620266232,20402128
2024-09-05,252.348388671875,252.90132155045234,249.77611510543724,250.5934826602093,12069118
2024-09-06,250.30499267578125,254.7764655205278,249.2712881174884,252.34839695691815,14579954
2024-09-09,247.54039001464844,250.85792874546755,246.86728620333665,248.62219229481576,11919540
2024-09-10,252.7811279296875,253.8629301890157,247.13171613097362,248.47795307342915,10287272
2024-09-11,247.29998779296875,253.02153155114863,246.7711184201939,252.42053028855682,8261524
2024-09-12,254.84857177734375,255.7861396244435,248.93472517021735,250.23289377806583,15779474
2024-09-13,264.7290344238281,265.642568115836,255.23321411561497,256.6515830181468,35919706
2024-09-16,265.3540954589844,267.7340370383919,263.95976075856555,265.88296484423813,11088578
2024-09-17,265.3540954589844,266.7964985232388,263.0221928976471,263.95976075856555,8728238
2024-09-18,258.7430725097656,263.9837858554035,256.0986669829738,263.9837858554035,16665520
2024-09-19,256.4352111816406,265.1377272138697,254.41587038289185,261.6519198337823,20969182
2024-09-20,259.1998291015625,259.9931625564074,255.30535241322673,258.62289132978435,16664232
2024-09-23,257.18048095703125,259.8248866042606,255.7861462410949,259.1998217928483,8544290
2024-09-24,259.4161682128906,260.5460681465332,254.51199224710768,255.8822926756831,12355694
2024-09-25,257.8055114746094,259.34408059989346,255.18514005985816,259.05558238190974,8065196
2024-09-26,260.54608154296875,261.123019283861,257.5651093833767,259.00751242713756,11403400
2024-09-27,260.49798583984375,268.71970086004535,259.9691164580319,263.91169067715504,26462384
2024-09-30,260.3297119140625,261.7961491207928,256.7477385316866,258.67094256563183,8199446
2024-10-01,262.8779602050781,264.24823138690806,259.728719363041,259.728719363041,9411274
2024-10-03,254.8966522216797,260.7864642483162,253.02151665448613,259.6805985136434,14035368
2024-10-04,256.5313720703125,260.5701122777244,253.88696652506454,253.88696652506454,11922754
2024-10-07,255.5216827392578,260.44989270805746,252.8772773901458,258.6709232404114,9878074
2024-10-08,253.3581085205078,256.6515838363086,250.16076993405358,255.5697815192661,11502804
2024-10-09,255.37745666503906,259.00749825742616,254.10332230778266,254.7283577233984,8841688
2024-10-10,252.4205322265625,258.47861326169397,251.67529652437992,257.2285423642113,12620244
2024-10-11,254.00717163085938,256.94007544454615,250.18479767326207,250.18479767326207,8436982
2024-10-14,264.22418212890625,265.3300185532582,257.85356891632455,259.0075030478525,33136266
2024-10-15,256.2428894042969,265.81081134529455,255.23318973393668,265.81081134529455,21601252
2024-10-16,255.85826110839844,259.05557011620107,254.34372623654824,256.26693021565256,12553622
2024-10-17,254.22354125976562,258.6709507286126,252.4445716030737,257.2045134756053,23755278
2024-10-18,263.7914733886719,268.47928301428215,252.32435223549027,255.7861252127859,74653054
2024-10-21,263.5270080566406,270.1620851241475,262.9981387116136,265.20981150360706,23966964
2024-10-22,262.2529296875,267.08497420678634,261.4836304261593,264.3444024456823,18478300
2024-10-23,263.0943298339844,266.6041714884848,260.69032468079695,263.2385642740224,12698576
2024-10-24,262.9500732421875,264.68094506836184,262.10867150945427,263.0943076700748,9576604
2024-10-25,261.29132080078125,265.40216366226656,259.87295191930264,264.3203613647301,10124540
2024-10-28,268.575439453125,269.1524065493274,260.9307208021816,261.2913215690874,11185858
2024-10-29,270.30633544921875,270.8833025341243,266.00316051257806,269.1524012794077,12055630
2024-10-30,271.77276611328125,278.2635796338992,269.77743021863745,270.4505633590813,20755492
2024-10-31,265.3059997558594,272.27761461914804,263.623196168169,271.55641308156646,15680094
2024-11-01,265.0896301269531,266.7964972212704,264.4405604895123,265.2579280910875,1962810
2024-11-04,260.0171813964844,265.6185249240741,256.84390645588275,264.92135758758536,9855560
2024-11-05,261.4115295410156,262.2048336441656,259.8248919889492,261.07496294614907,6862260
2024-11-06,271.12371826171875,272.06125681333856,260.1133627046745,263.2145352825989,19554884
2024-11-07,270.88330078125,273.9123412751971,266.58012587245497,272.1333716689854,11997142
2024-11-08,273.5757751464844,278.2876191831935,271.65257110327536,271.65257110327536,20852658
2024-11-11,275.7393493652344,280.4031245261788,272.15737635960255,273.5757450546092,16139444
2024-11-12,274.3691101074219,278.72035341068715,273.5998108783199,276.4605827779578,11260890
2024-11-13,273.5757751464844,275.7874480578688,271.9170057900636,274.0565761572866,11391200
2024-11-14,272.4699401855469,276.24421640274414,271.26793765194714,273.5517424657867,9783520
2024-11-18,265.8108215332031,272.4699330012213,259.77677484278746,272.4699330012213,15289764
2024-11-19,270.2101745605469,273.96041666572165,266.70033296654697,267.3253684264485,12919778
2024-11-21,267.8782958984375,272.90264300330875,266.9887964177016,270.21016907115484,11672608
2024-11-22,274.84991455078125,275.78745306224613,268.2389005322882,270.18613879221857,14733232
2024-11-25,280.0425720214844,282.4946455907181,275.9317289927024,276.70099891950645,23297474
2024-11-26,283.1918029785156,283.8408726222484,278.5280271791561,281.2685988835851,15771340
2024-11-27,280.2589416503906,286.557423619149,279.7781406040498,284.3938189106152,13659676
2024-11-28,275.11431884765625,281.7493663149305,274.32098551477867,281.6291660733286,11896556
2024-11-29,277.83087158203125,279.2252063481635,274.8258650565452,276.46060034471634,8540112
2024-12-02,281.0522155761719,281.53301657086064,277.99914099820364,280.042545225631,11194000
2024-12-03,280.4512023925781,284.82650886542524,278.191431944598,284.00914134010105,15445286
2024-12-04,282.71099853515625,285.59580464265787,280.5954623180157,283.33603398929523,14036431
2024-12-05,287.8074951171875,289.34606433738935,282.6148496765525,283.6726178495517,13487264
2024-12-06,285.932373046875,287.6632449841024,284.8265365677706,287.6632449841024,7894350
2024-12-09,292.08660888671875,293.96174453392683,282.4705888410654,283.6725913467721,9285213
2024-12-10,296.26959228515625,299.05823231216164,291.7981487001242,294.25022214637124,17028502
2024-12-11,297.135009765625,298.0004456724887,293.81747121925684,296.3176422191235,8608406
2024-12-12,297.231201171875,301.75071322446985,295.6445636497325,296.17343304185806,12958440
2024-12-13,298.0485534667969,299.10629219667464,292.5193419328758,297.2311858926296,7382211
2024-12-16,297.3273620605469,299.44286893791605,295.30799191042126,298.0966319530874,7221189
2024-12-17,296.99078369140625,300.26022462359924,295.5002829833342,299.0582221231045,10568517
2024-12-18,300.5968017578125,301.22183721088476,296.7022959118727,297.1350285655655,10965226
2024-12-19,300.74102783203125,301.3660632677251,289.58643867638256,294.5867808534623,12405595
2024-12-20,293.4809265136719,307.71262361768476,292.7116273471701,303.38541484806103,22214824
2024-12-23,296.0772705078125,298.72167619159507,293.28863038315865,294.82719955923994,6693583
2024-12-24,293.57708740234375,297.32735878805676,291.1730823324072,295.6926236021939,8837902
2024-12-26,293.336669921875,295.16373714591833,292.3269995892307,293.67323648134425,6516148
2024-12-27,297.231201171875,298.9620731331639,293.00015799757307,293.4809590252384,8063921
2024-12-30,292.0385437011719,297.51965757935136,291.02884397793764,297.2311887131499,13709891
2024-12-31,290.25958251953125,291.365418999717,283.913003167216,289.3941465500713,9337030
2025-01-01,288.76904296875,291.70194641322496,287.4709038617611,288.4805741329217,7878201
2025-01-02,292.1346740722656,292.7597388450482,285.74002668058796,286.5573942447341,8800435
2025-01-03,283.1437072753906,292.1346620744528,282.7109746575077,291.65386109714416,12535720
2025-01-06,282.99945068359375,286.3650576101199,279.3934432623157,283.6725838072044,9173687
2025-01-07,282.7590637207031,286.07660244535015,280.1146581518806,282.99946422695973,7381943
2025-01-08,286.1246643066406,286.9901295861102,278.1914477804406,281.7493869304966,7937785
2025-01-09,281.07623291015625,286.55737565939586,280.1627286824577,285.5957737276529,7964702
2025-01-10,289.00946044921875,291.60579750745853,282.99944813455556,282.99944813455556,19505556
2025-01-13,280.6435546875,287.7594037481253,279.1049855902869,287.47093488116985,9541248
2025-01-14,281.60516357421875,283.23986943644917,275.5470531084979,280.5954638237159,7670070
2025-01-15,281.4128112792969,283.3841129296536,278.5761030689249,281.7493778387005,4662694
2025-01-16,276.98944091796875,285.11498945525193,275.6913017107195,284.53802239327234,10345666
2025-01-17,271.12371826171875,276.74906695450414,269.72938350706545,276.74906695450414,9358955
2025-01-20,288.72100830078125,293.6732528654302,285.54773335335005,290.4038118462479,39380165
2025-01-21,286.8939514160156,294.10596613564513,286.3650527291183,290.78842762631035,15619474
2025-01-22,297.231201171875,298.09663715251946,287.8555811324006,287.8555811324006,30859317
2025-01-23,305.5009765625,312.1360246980273,298.72166464591106,299.1543972975658,39904371
2025-01-24,307.8088073730469,310.1166463136702,304.44320035879,306.7510392994133,17479586
2025-01-27,296.1253662109375,306.89529167895597,294.97143200025846,305.5971230283835,12372895
2025-01-28,297.7435302734375,301.6663698556201,295.73305703023436,298.13580824587757,12077491
2025-01-29,306.42279052734375,308.6293875884752,299.16551402762315,299.16551402762315,16338112
2025-01-30,303.0393371582031,307.6486853260161,300.0481841513363,305.000756816185,9984186
2025-01-31,305.8833923339844,309.6101076738606,303.5787182300551,305.68726832381554,15597644
2025-02-01,298.92034912109375,307.20735929223247,297.4983378015759,306.52085042840355,6046117
2025-02-03,307.5506286621094,307.94290663382657,294.5071691180555,297.15509780270526,14877076
2025-02-04,310.14947509765625,312.6993265704027,307.3054226556609,311.8657172523468,15366864
2025-02-05,310.98309326171875,315.2491870105061,308.82551966289395,311.66957218578926,9628027
2025-02-06,311.81671142578125,317.35771613953585,308.4822739643667,313.8271546637902,15062390
2025-02-07,311.86572265625,312.84643247592373,307.94288337755506,312.84643247592373,8589587
2025-02-10,312.8954772949219,314.80787354502263,309.75722361567034,312.6502998233136,12304840
2025-02-11,306.9621887207031,314.21943575899286,305.58920089111695,313.3368028634653,10627890
2025-02-12,304.2162170410156,309.65914490870995,303.38260765643344,307.40352415409023,9668342
2025-02-13,302.5980224609375,307.5996488505585,301.0289105910796,304.31426475637375,8832731
2025-02-14,302.1567077636719,306.3737481051475,298.67516987348694,304.06907399480605,7371341
2025-02-17,299.4597473144531,304.3142429303212,296.174363455903,302.1566992995648,7507772
2025-02-18,306.1776123046875,306.71699072449434,299.45974417194657,299.45974417194657,10368789
2025-02-19,308.0409851074219,310.394682878065,302.3528497387357,305.2459559108933,7835672
2025-02-20,307.2563781738281,308.23708800512526,304.2652251599275,305.19691147121534,7697134
2025-02-21,300.4404602050781,306.7660206049001,299.1655194780858,306.7660206049001,8722925
2025-02-24,289.3584289550781,297.44928520874606,287.6912401692317,297.10606070473233,12600963
2025-02-25,285.6807556152344,290.5843046640979,284.50392180084003,288.67193849237407,10810040
2025-02-27,288.8190612792969,290.0939721588887,285.72983112575486,288.32870633654767,15555649
2025-02-28,272.2940979003906,288.32871076007075,271.65664245081496,288.32871076007075,17458839
2025-03-03,278.08026123046875,280.826266720744,273.91224443939626,274.05937485748643,11471554
2025-03-04,274.5987548828125,277.63896136907863,270.97011650744827,273.6180450439453,9331785
2025-03-05,279.6003723144531,281.4146914454712,273.27478207976225,275.971734052417,10285712
2025-03-06,280.38494873046875,286.3672849847642,278.03125100404327,282.88577688201923,9782051
2025-03-07,279.30615234375,282.1502348420384,277.4428096209637,281.856003930721,8097300
2025-03-10,275.48138427734375,280.1397559532064,272.58830824650965,278.9629221187428,8165123
2025-03-11,272.39215087890625,273.9122391192764,267.9299331960997,271.65661851829714,8602609
2025-03-12,263.36962890625,272.3431483400791,257.14214504979424,272.3431483400791,18584311
2025-03-13,258.90740966796875,265.87045583799903,258.269954228428,263.3696276736446,8683943
2025-03-17,254.83746337890625,260.084267121287,253.90577703935543,258.90740331647436,12697926
2025-03-18,254.83746337890625,254.83746337890625,254.83746337890625,254.83746337890625,0
2025-03-19,260.5746154785156,261.35917137600615,251.3068955538521,256.94597711262145,14044300
2025-03-20,262.8302307128906,268.6654660901986,262.33987580484416,264.0070944637574,17038774
2025-03-21,259.20159912109375,264.3503257886549,255.18071271430023,258.90739814021737,22659168
2025-03-24,264.2032165527344,266.40981362293354,260.28037731682474,261.89854251585984,9269617
2025-03-25,265.7723693847656,269.4010078017961,264.15420411783185,266.7530792348939,12563930
2025-03-26,262.2418212890625,266.9982702901099,261.6043658398046,266.753092815096,7308412
2025-03-27,266.94921875,268.2731530330135,264.39936729168767,264.7916452247616,14783522
2025-03-28,257.191162109375,266.6059827996334,256.5537066828704,265.7723734285629,14283389
2025-04-01,257.534423828125,257.9267017994563,253.51350728197508,255.3278265693844,8388635
2025-04-02,258.51513671875,260.4275030745007,256.0633619583842,257.7305508380983,7136992
2025-04-03,251.4049835205078,255.47492353343904,250.37523515445136,254.88649162013672,12262561
2025-04-04,241.54884338378906,249.05126788518277,240.12681706865206,248.11959650384782,14639785
2025-04-07,238.21441650390625,239.14610283266745,223.60184572930416,226.5930137637474,13011904
2025-04-08,242.4805145263672,244.68711172630378,239.1461069655743,240.02873985977095,13806651
2025-04-09,232.08497619628906,237.6259957362432,229.48610112234795,236.05685401629552,19063559
2025-04-11,235.12518310546875,240.2739097428148,233.75219532128762,240.2739097428148,11205821
2025-04-15,239.29319763183594,240.3229459424028,236.69432257775975,240.3229459424028,10694621
2025-04-16,242.87278747558594,243.65735834559618,236.54721195918438,239.29320252199787,16203319
2025-04-17,232.3301544189453,233.21280225098582,227.67178269280586,230.46681171426735,54875421
2025-04-21,233.8502655029297,236.15493968315172,232.8205171465657,232.8205171465657,16298364
2025-04-22,229.63320922851562,234.38965806626595,228.99575380114268,233.85026464686464,18367713
2025-04-23,238.9009246826172,240.6171669146347,231.54560083111352,232.62437268400058,31898042
2025-04-24,238.06732177734375,240.4210194878196,236.84143443554487,240.07778001078296,23000820
2025-04-25,236.25299072265625,241.4017173009845,233.45797670165894,239.2441586800977,16620430
2025-04-28,235.8607177734375,237.28274405610568,234.14447554431686,235.8607177734375,14218414
2025-04-29,236.74334716796875,238.9009207672718,235.22325890179312,236.93950110568318,16647246
2025-04-30,236.8414306640625,238.70477340814676,234.58579499818245,236.89046914984257,14206640
2025-05-02,237.0179443359375,241.05847900802647,236.10589137772322,237.37100047302403,10822257
2025-05-05,238.8715057373047,242.10783627603104,238.01827799058967,239.2932037905595,12170446
2025-05-06,236.53741455078125,241.15654963127076,235.96860103378765,239.7835618071103,8869045
2025-05-07,239.33242797851562,239.73452261313423,231.45732898906303,231.45732898906303,9130056
2025-05-08,236.9100799560547,241.0878984294893,234.69366617105578,238.42036650441682,11434833
2025-05-09,237.34158325195312,238.26345289687706,231.93787741481646,232.03595438470202,10582438
2025-05-12,252.31703186035156,252.96430396012818,240.1562355687932,240.3621762595299,19791711
2025-05-13,246.71717834472656,251.99340200225382,245.7854920375837,251.99340200225382,11714159
2025-05-14,248.0607452392578,248.7962776071463,245.91298833071238,246.71717756920373,8839105
2025-05-15,251.6207275390625,252.14050255030523,245.78549209586583,248.31572524568895,12083645
2025-05-16,249.40431213378906,252.04242394605694,248.63935967071922,252.04242394605694,6640387
2025-05-19,246.89370727539062,249.82603514423295,246.43277244399695,249.40432212288678,6788784
2025-05-20,244.89306640625,249.68873703641378,244.50077348249172,248.11959527027048,9366429
2025-05-21,246.0797119140625,247.24675902108947,243.31411793938997,244.8930613845833,5313593
2025-05-22,241.19578552246094,245.06958647913768,240.27391585913918,244.19675530173737,11469037
2025-05-23,242.58839416503906,245.65802084832117,240.86235018016225,241.3527051154114,7437642
2025-05-26,245.412841796875,246.01107541259594,243.41218529388087,243.69659953457906,3690751
2025-05-27,243.4612274169922,246.14837787215845,243.20624823569932,246.14837787215845,6861143
2025-05-28,242.6570281982422,245.31475844538318,242.19610834135807,244.77536504122787,6205160
2025-05-29,245.31475830078125,246.88390002750003,243.3141168154371,244.83420509291804,11785042
2025-05-30,244.85382080078125,246.26604534648814,243.7260104850971,245.17745683954277,13858429
2025-06-02,242.90220642089844,243.62793709099108,241.45076004515775,242.82376280226995,5846259
2025-06-03,241.4703826904297,244.68710983093123,240.98982947229905,243.2160450423685,8573438
2025-06-04,242.09803771972656,244.99112882676218,241.75478328141514,241.75478328141514,6698150
2025-06-05,243.15719604492188,244.67729926431088,242.11764602627156,242.13724944834263,6468060
2025-06-06,243.79466247558594,245.15784859342153,242.33341434962503,242.33341434962503,4445411
2025-06-09,246.44256591796875,248.51186425215042,244.41250435696793,244.7851788799643,9193904
2025-06-10,249.95352172851562,250.86558969624338,246.97217028480975,248.02152207238578,10739851
2025-06-11,253.9254150390625,256.55371033184537,249.19838623935493,251.0813324468539,17268454
2025-06-12,254.60206604003906,257.9266867484042,251.37555222989525,254.98455724176844,14528657
2025-06-13,255.1905059814453,257.19116248919113,249.10030609057978,250.0810159570781,8692116
2025-06-16,257.8188171386719,260.19211812626037,253.02313178661726,254.9845514128701,10935361
2025-06-17,257.83843994140625,260.32945143407727,256.6125525828523,257.81883651807,7528454
2025-06-18,256.54388427734375,260.4765403256076,255.9946891594926,257.8286117775551,5016660
2025-06-19,260.4569091796875,261.30033521495807,256.7596438141168,257.77959043971515,14184486
2025-06-20,261.3984069824219,262.04567906296165,257.7991887305316,260.86881529309136,12904674
2025-06-23,258.16204833984375,260.0842611723299,256.75964045355727,258.9073973944359,6214062
2025-06-24,259.85870361328125,263.4677088653074,259.603709461827,260.3784786635519,6319428
2025-06-25,264.2130432128906,264.75242165665645,260.7217185553022,260.7707420760484,5331739
2025-06-26,263.3402099609375,266.0665822690859,262.0358789706371,263.909038459633,8564099
2025-06-27,259.9371337890625,264.79165951845664,259.3977553430807,263.8109496683883,8906108
2025-06-30,260.8492126464844,261.5945317693221,257.8286095949838,260.96689303804357,7119563
2025-07-01,259.44677734375,263.17349270950604,258.613197919188,260.3784636674113,3886095
2025-07-02,261.8495178222656,263.5167364616031,259.34871979214756,259.8880982131101,8750887
2025-07-03,261.8985595703125,265.62527504443784,261.31015758972075,263.2225238844243,9357962
2025-07-04,264.8406982421875,266.1646626015579,262.3398999525144,263.12445590604955,7141779
2025-07-07,262.5850524902344,265.3310279957011,262.14372110272905,264.84067308909005,4849218
2025-07-08,264.4483947753906,265.0858501673054,262.19277417972665,262.63407563771915,5519016
2025-07-09,262.63409423828125,264.2032360341256,259.7410180458059,262.83024818609573,11564433
2025-07-10,259.9371337890625,262.3889084142334,258.0737910597105,262.3889084142334,6911031
2025-07-11,253.3173370361328,256.9949988974523,252.7779586013615,255.96526554783838,13109857
2025-07-14,249.34547424316406,254.54322436989276,246.7956226997374,253.31733708256158,10388421
2025-07-15,252.43470764160156,254.8374587288802,247.92345134176819,249.1003001606619,8750149
2025-07-16,257.73052978515625,258.9073935455552,251.11073847291195,252.43470272113854,12179338
2025-07-17,255.572998046875,259.2506600584986,253.02314639970461,258.76030512361547,7484171
2025-07-18,261.8005065917969,266.65500239498084,260.476542307696,263.41867185952486,30319126
2025-07-21,255.32781982421875,261.99663494734835,254.2000094631014,261.80051093130925,12190000
2025-07-22,254.6903533935547,257.0930745062403,253.7586670887266,256.6517730425497,6724044
2025-07-23,256.3575439453125,256.7007983720845,253.1702369932236,255.2297336249665,6510321
2025-07-24,256.79888916015625,258.31897750908996,255.2297473596789,256.94598965700624,8139900
2025-07-25,254.20001220703125,256.9950114146563,251.11075214994622,256.74983394529335,8427780
2025-07-28,250.0500030517578,254.0,249.0,254.0,8998911
2025-07-29,251.8000030517578,252.6999969482422,247.25,249.1999969482422,12923128
2025-07-30,250.1999969482422,252.5,249.1999969482422,251.4499969482422,6057152
2025-07-31,248.3000030517578,250.14999389648438,246.0500030517578,248.10000610351562,7338764
2025-08-01,242.75,246.89999389648438,242.1999969482422,246.5,7436999
2025-08-04,246.0500030517578,246.4199981689453,241.10000610351562,242.75,5234393
2025-08-05,245.91000366210938,246.9499969482422,244.52999877929688,246.0500030517578,7383968
2025-08-06,239.9600067138672,246.0,239.30999755859375,246.0,7700190
2025-08-07,242.32000732421875,243.17999267578125,238.61000061035156,239.11000061035156,6190830
2025-08-08,239.0500030517578,243.25,238.39999389648438,242.39999389648438,8922847
2025-08-11,241.6199951171875,244.75,238.6199951171875,239.0500030517578,3047287
2025-08-12,241.72000122070312,246.2899932861328,241.10000610351562,242.6999969482422,8101435
2025-08-13,241.64999389648438,242.88999938964844,240.1199951171875,242.88999938964844,5820844
2025-08-14,246.80999755859375,248.42999267578125,242.41000366210938,243.10000610351562,12857225
2025-08-18,245.2100067138672,249.00999450683594,244.75999450683594,248.63999938964844,5789317
2025-08-19,246.9600067138672,247.5,244.77999877929688,245.4600067138672,4090961
2025-08-20,250.83999633789062,252.88999938964844,245.3000030517578,245.3000030517578,10099384
2025-08-21,249.91000366210938,252.74000549316406,249.61000061035156,252.74000549316406,7607486
2025-08-22,248.63999938964844,253.0,247.61000061035156,252.0,13572686
2025-08-25,253.83999633789062,257.2900085449219,250.60000610351562,250.60000610351562,16391069
2025-08-26,252.02999877929688,254.82000732421875,251.30999755859375,253.0,15797327
2025-08-28,250.64999389648438,252.35000610351562,249.0800018310547,252.02000427246094,5851451
2025-08-29,249.41000366210938,253.10000610351562,248.66000366210938,250.5,10117017
2025-09-01,250.36000061035156,252.99000549316406,249.39999389648438,249.4199981689453,3198345
2025-09-02,250.92999267578125,253.14999389648438,249.60000610351562,250.36000061035156,5046939
2025-09-03,249.55999755859375,252.39999389648438,249.1199951171875,251.89999389648438,3862765
2025-09-04,244.97000122070312,250.33999633789062,244.44000244140625,249.5,5021036
2025-09-05,243.6699981689453,247.32000732421875,241.27000427246094,246.10000610351562,6233782
2025-09-08,242.52000427246094,246.99000549316406,242.1999969482422,244.36000061035156,6596932
2025-09-09,249.14999389648438,249.85000610351562,245.0,245.0,12836972
2025-09-10,255.75,257.1700134277344,249.25,249.3000030517578,15261331
2025-09-11,253.91000366210938,255.6999969482422,252.1699981689453,255.6999969482422,5865301
2025-09-12,251.94000244140625,255.89999389648438,250.82000732421875,254.8800048828125,5345794
2025-09-15,251.27999877929688,251.7899932861328,249.60000610351562,251.5,3700703
2025-09-16,254.00999450683594,254.5,250.1999969482422,252.0,7316998
2025-09-17,254.14999389648438,255.5,252.85000610351562,253.3000030517578,7339871
2025-09-18,256.92999267578125,259.79998779296875,256.0,257.0,10498239
2025-09-19,255.8800048828125,257.6600036621094,254.6999969482422,257.0,10741757
2025-09-22,250.3300018310547,251.77999877929688,247.2100067138672,248.5500030517578,15784007
2025-09-23,249.6300048828125,252.0,248.75,250.22000122070312,8674114
2025-09-24,244.58999633789062,249.1199951171875,244.25,248.3300018310547,7888797
2025-09-25,242.0,245.63999938964844,241.27999877929688,245.4499969482422,7957740
2025-09-26,235.75,241.5500030517578,235.00999450683594,241.4499969482422,16999628
2025-09-29,239.63999938964844,240.7899932861328,236.2899932861328,236.8800048828125,8894412
2025-09-30,239.3699951171875,241.5,239.0,239.92999267578125,5590909
2025-10-01,241.07000732421875,243.57000732421875,237.83999633789062,240.0,9479378
2025-10-03,240.97999572753906,241.39999389648438,238.05999755859375,240.97999572753906,10968346
2025-10-06,242.1300048828125,242.9600067138672,239.32000732421875,240.0,6064946
2025-10-07,243.52999877929688,245.0,242.13999938964844,242.89999389648438,6587728
2025-10-08,244.27000427246094,246.35000610351562,242.57000732421875,243.25,7360563
2025-10-09,246.39999389648438,246.8000030517578,243.16000366210938,243.99000549316406,4629760
2025-10-10,248.6999969482422,251.25,246.25,248.0,7070200
2025-10-13,245.1300048828125,247.6999969482422,244.50999450683594,246.05999755859375,6717589
2025-10-14,248.4199981689453,250.14999389648438,245.11000061035156,245.8000030517578,7888607
2025-10-15,250.2100067138672,252.1300048828125,248.5399932861328,250.0,13278925
2025-10-16,253.80999755859375,254.07000732421875,248.8000030517578,250.39999389648438,10661302
2025-10-17,240.89999389648438,250.0,239.11000061035156,250.0,43802251
2025-10-20,241.24000549316406,241.94000244140625,239.27000427246094,240.89999389648438,9871824
2025-10-21,241.36000061035156,242.16000366210938,240.36000061035156,241.0,2082336
2025-10-23,244.3000030517578,247.8000030517578,243.3699951171875,244.8000030517578,18964626
2025-10-24,242.97999572753906,245.8800048828125,242.16000366210938,245.0,6803979
2025-10-27,244.10000610351562,245.72999572753906,243.05999755859375,243.2899932861328,5074768
