Date,Close,High,Low,Open,Volume
,INFY.NS,INFY.NS,INFY.NS,INFY.NS,INFY.NS
2017-09-22,368.3857116699219,373.2863170480509,364.1617682380326,372.4251336892314,17604088
2017-09-25,367.17596435546875,369.88258732660984,364.61288864228754,369.492994812199,9088700
2017-09-26,371.5023193359375,372.527549243554,366.74523754658054,367.8524908528118,7366478
2017-09-27,369.0008239746094,372.3225846191492,367.0733863211158,371.58439890034094,6000138
2017-09-28,367.44244384765625,370.68218076412865,366.7452824191714,367.4834430369665,17537266
2017-09-29,369.0418395996094,370.0670697073647,367.0323785763962,368.2626547057026,5705832
2017-10-03,370.5386047363281,374.00388698468083,369.7389203667039,373.2247022081182,4947522
2017-10-04,368.9187927246094,371.29734660353984,367.91408724095965,370.3131156860492,4991492
2017-10-05,370.3335876464844,371.1127724838546,368.67271999843734,369.0828120117838,8611300
2017-10-06,377.3462219238281,378.1048822286511,370.702725494715,370.72322509186614,8574308
2017-10-09,378.884033203125,380.9754925257535,374.82411212975103,377.284664288152,3504832
2017-10-10,383.6206359863281,385.4660503210456,381.2010827354628,385.4660503210456,7143220
2017-10-11,381.67266845703125,384.6663353573239,380.5654149377362,383.6206056563354,5982504
2017-10-12,380.27838134765625,383.1695255099804,377.10016772289526,381.3856349713218,10280972
2017-10-13,381.4265441894531,382.820866946637,380.3808146365794,382.53379755191935,7180728
2017-10-16,385.0764465332031,386.30672272021013,382.61589415918905,383.82567074908593,5758750
2017-10-17,381.5906677246094,384.1742427365125,381.1805756582745,384.1742427365125,5625102
2017-10-18,379.0685729980469,381.3856030717321,378.494459151227,380.93451183279984,7231852
2017-10-19,380.1348876953125,382.20584785202277,379.41722650031136,381.38566362916436,1091434
2017-10-23,385.28143310546875,386.3066631030884,380.6063743043114,381.385559114514,9154096
2017-10-24,379.95025634765625,388.21362055870276,377.9407954386084,387.94705073381846,14529328
2017-10-25,383.5590515136719,387.41392641532883,375.336711728467,376.87455676422957,13984134
2017-10-26,388.5006408691406,390.3255552501621,385.52747390984536,386.3066587111895,33659258
2017-10-27,388.0905456542969,392.74510476996574,387.1268394874994,391.6378513883072,8524956
2017-10-30,387.1678771972656,391.4943681566342,385.9171015063242,391.4943681566342,12968326
2017-10-31,383.321533203125,386.71045757995284,382.55228061672756,384.6313690983402,9954988
2017-11-01,385.4838562011719,386.4610431822859,383.9245395733859,384.6314348538827,5633134
2017-11-02,383.7582092285156,385.04723409365937,382.5523276092512,383.8205666629251,4686138
2017-11-03,385.3175048828125,386.66891248857064,381.2840678758805,381.304853686223,3699086
2017-11-06,386.169921875,388.78956843669494,383.6542297433684,383.86213860349494,5066534
2017-11-07,397.3138427734375,399.185022566719,384.9848368725715,385.15117411710776,13442820
2017-11-08,395.9832458496094,399.9543003624296,393.9873256871999,399.28900210146037,5369994
2017-11-09,396.8980407714844,400.43249163220474,394.29917984448406,396.2743141490043,4723232
2017-11-10,400.0374450683594,400.9938207786262,395.0268464602115,398.6860374357324,6589428
2017-11-13,395.8376770019531,403.0937011703574,394.7565357203561,400.03742575183225,5021216
2017-11-14,394.6526794433594,397.0436318879618,392.2201553689138,395.8377754479525,5733710
2017-11-15,395.775390625,396.4822859853007,392.73992565612633,393.0102173872577,7023516
2017-11-16,410.9942932128906,414.1129264817678,394.4031540706632,395.77534763306863,15687502
2017-11-17,403.7382507324219,409.7883939384129,401.3265128505923,409.7883939384129,8057670
2017-11-20,399.4136657714844,403.7589655851435,398.04147250914383,402.9273302286345,5661190
2017-11-21,401.7838439941406,403.9668868722459,399.2057692336215,399.7255413474561,5364656
2017-11-22,401.8046569824219,403.7797911485991,400.5572038248363,401.92939722228056,6084920
2017-11-23,412.17938232421875,413.5100043216201,402.9274365419097,403.96698101183205,11894618
2017-11-24,419.7888488769531,423.84307236864777,411.7427847144684,412.0338622461832,18619912
2017-11-27,415.2979431152344,418.6036990274457,413.0317314911713,418.6036990274457,6017730
2017-11-28,409.4557800292969,415.77621546905624,408.04198940136916,413.4892176400284,4616868
2017-11-29,408.62408447265625,412.47039843868856,407.62611177831815,410.6823872925411,3838070
2017-11-30,405.87969970703125,411.43088195308627,402.65711211210663,411.43088195308627,17266944
2017-12-01,398.68603515625,408.8319979380714,397.9583541274575,407.25189563716486,4085000
2017-12-04,409.72601318359375,414.4871315361879,402.74028000198695,407.5013983545811,17811606
2017-12-05,409.3101806640625,417.06519163743627,407.0855659153042,409.7259984024847,9976738
2017-12-06,411.7842712402344,413.36437345505595,409.16462475520143,409.580442463286,7490094
2017-12-07,415.7345275878906,417.02357767381886,409.82991122590795,411.2437015447975,7549544
2017-12-08,416.5870056152344,418.72847719459423,413.73866415950476,416.2335706770495,5983244
2017-12-11,418.0215759277344,418.6868995505468,413.30205465171105,413.7178723986559,5139098
2017-12-12,420.1838073730469,421.6391693975948,416.64935674200194,416.64935674200194,9320434
2017-12-13,417.3770751953125,423.71829601397104,414.84059701964986,420.3501823211073,5362398
2017-12-14,421.26495361328125,422.0550174924075,415.5266737222897,418.00079441797305,6023572
2017-12-15,425.3399658203125,426.7953278741201,420.745159603977,421.22336014488525,10384134
2017-12-18,422.7203369140625,428.5833573481641,418.2295100518248,420.7660136890304,4035448
2017-12-19,417.46026611328125,423.28171504452615,415.6306577259458,423.07380615412455,7118898
2017-12-20,422.4084167480469,423.551915467321,416.2335338157666,417.93837629997546,4186326
2017-12-21,424.986572265625,427.85569982316446,415.1524966424619,421.9718932521461,11059162
2017-12-22,432.18017578125,434.4464130133252,422.4708413027176,422.4708413027176,12906940
2017-12-26,430.6208190917969,433.0741537825472,425.3815259909225,428.2922500201859,10808906
2017-12-27,430.05950927734375,432.07621521932623,427.21116783277034,427.46064833174705,6970172
2017-12-28,429.6437072753906,432.45047719952214,425.71422430570607,428.2922995341421,8433472
2017-12-29,433.3029479980469,436.1097180781174,428.2923233292809,428.3338949564434,6601768
2018-01-01,429.76849365234375,434.32167811209894,428.29232020628234,431.49409685956135,5431340
2018-01-02,428.16754150390625,433.2821204267494,425.3815827222309,431.30698600061976,6112248
2018-01-03,424.6746826171875,428.95760056413906,423.5519695644229,427.66857563139234,6846552
2018-01-04,422.2213439941406,424.54991318990494,419.8095807948481,424.54991318990494,8947614
2018-01-05,420.8074951171875,426.7952799030649,418.31258901965475,422.179688394931,11025976
2018-01-08,430.8080139160156,432.0346560139936,424.1549043245559,426.17163570400686,5594690
2018-01-09,433.0117492675781,434.4879223977371,427.83483923577427,432.4504055275867,9948236
2018-01-10,437.5442199707031,439.103536506593,429.5605396105476,435.2780335754772,9468634
2018-01-11,447.336669921875,450.4968740637173,438.79159649534085,438.79159649534085,16775298
2018-01-12,448.438720703125,451.536594007529,445.15380043690277,451.49502237612353,18016528
2018-01-15,449.5613098144531,454.4679281460133,442.8874155252047,449.08310931477246,10649250
2018-01-16,466.9010009765625,471.87005408235166,449.60299085589685,449.60299085589685,22646966
2018-01-17,479.0636291503906,483.09709186100616,466.96334253655147,467.7325952375491,26154088
2018-01-18,479.3131408691406,484.3861483058127,470.7473046427356,476.1113642255497,13204970
2018-01-19,475.466796875,477.3172163604822,472.3689748698162,476.11133470593273,5988278
2018-01-22,478.19049072265625,481.0804042542888,470.7057699983016,470.76815282280677,9650214
2018-01-23,489.45904541015625,493.99146887061784,480.2694836242118,480.2694836242118,15403796
2018-01-24,493.0766296386719,507.73420298920433,485.4671457233083,488.5026351179384,20604718
2018-01-25,488.7521667480469,492.07870856595565,483.28415348305936,491.49655359602167,13548914
2018-01-29,491.8706970214844,497.4218523694839,484.51069433040436,485.0720887521821,10823002
2018-01-30,486.77703857421875,491.9539490388747,483.4712571463175,490.20753486643673,8628312
2018-01-31,478.29437255859375,485.092982699193,474.926258895811,481.9951607288873,9213698
2018-02-01,475.9449768066406,481.4753730726275,465.1129550951122,474.9470040751616,13005454
2018-02-02,475.3836364746094,483.5544653071236,469.9156229817715,472.0570945180847,10244486
2018-02-05,473.28375244140625,480.2071282725291,472.30659086069005,474.03224471033985,9860220
2018-02-06,460.6220703125,469.18790502500866,455.38277729486833,457.37867185639567,10552078
2018-02-07,461.16278076171875,467.71191152878544,458.87578271607646,464.0526943521529,8342056
2018-02-08,471.6412048339844,476.69339981164427,464.2812521813894,466.8801126885196,8807244
2018-02-09,461.2041931152344,465.84057043111596,459.8943572623717,464.88416945690017,4382690
2018-02-12,458.56378173828125,465.9653063731419,456.4846932297816,463.5535941586804,6291972
2018-02-14,456.46392822265625,464.5931854169452,453.3244839535979,459.8944246087523,8345712
2018-02-15,463.4080505371094,469.7492709420812,458.64695781533726,458.64695781533726,7986736
2018-02-16,469.0632629394531,474.7183745463041,464.9258456091533,467.7949984179177,9889222
2018-02-19,470.601806640625,472.3690323337752,465.8407130179775,469.2088271284146,6461840
2018-02-20,472.7639465332031,477.9824793341002,458.95881823837595,458.95881823837595,7188594
2018-02-21,477.1092529296875,478.98043263380157,474.03219170890026,477.15082454909043,13771358
2018-02-22,482.6605224609375,484.0119303420472,474.21940062301775,476.340112059044,17859974
2018-02-23,480.53985595703125,484.84356008211614,476.83906734491137,483.80401557079085,9459828
2018-02-26,473.4500427246094,480.29027462899586,471.6828174262388,478.6061925704785,5083608
2018-02-27,478.27349853515625,479.7081000564503,468.06520444917754,476.0904556087926,6616026
2018-02-28,487.5879211425781,494.61525181192593,475.09262724577667,477.19247658999456,17268416
2018-03-01,482.6605224609375,486.34049992384956,480.70619905955215,486.34049992384956,6579852
2018-03-05,480.6436767578125,486.8393704743054,475.3835728413573,482.66038239720575,8101456
2018-03-06,478.75177001953125,484.5940298779227,475.529182364754,483.4089594082893,6689734
2018-03-07,475.7370910644531,482.3486036280523,473.22142406127824,480.26951481931064,6370416
2018-03-08,480.95562744140625,484.7603701382293,477.7746113913081,477.7746113913081,6093014
2018-03-09,483.7623596191406,484.84347557067133,480.49820057434573,483.32573069688755,4220964
2018-03-12,493.0559387207031,495.59241705820915,487.23448972885,489.0017153156625,7676970
2018-03-13,492.24505615234375,497.7338299636305,488.64822258434856,490.7480716956283,8581052
2018-03-14,490.99761962890625,495.07260312454457,486.13252149726304,490.6649451252203,4429710
2018-03-15,491.7044677734375,494.1578025424581,487.3383815902484,490.66492344410676,6101500
2018-03-16,487.2968444824219,491.6629309748457,486.1949172634855,491.4965937185716,17954826
2018-03-19,476.8390197753906,490.87286927826347,475.13417709869435,484.0118761879701,7526620
2018-03-20,484.2405700683594,486.5067564507902,477.6082466510866,477.6082466510866,8553766
2018-03-21,485.4671936035156,488.7937354012271,483.26333935893194,486.50673791530045,7692994
2018-03-22,482.88916015625,489.604576027668,480.39425372456486,484.21975661621485,6813168
2018-03-23,485.5087890625,488.08688953770996,475.0093909979564,476.94295366461336,12008084
2018-03-26,480.3735046386719,485.2177920716165,475.6955544744779,485.2177920716165,8930722
2018-03-27,479.8536682128906,482.8891579947875,478.23196888775396,482.34857463340825,3802088
2018-03-28,470.6224365234375,478.5021606865015,468.3146282625873,478.5021606865015,12558322
2018-04-02,472.8471374511719,478.00328740731794,466.25643664338423,474.4480255450762,8072702
2018-04-03,474.2193603515625,475.5084360589739,469.08402099124885,471.82840814956575,4077168
2018-04-04,467.4622497558594,475.9241807702005,465.7158356756748,475.6954607258678,4813302
2018-04-05,477.1717224121094,478.73103911543984,469.499853776319,473.84518011167097,7763544
2018-04-06,468.6265563964844,476.5270928397259,466.58903947774365,475.27963971710886,5937742
2018-04-09,462.0774230957031,468.12759098629175,460.12310019250793,467.79491651983443,7202882
2018-04-10,462.971435546875,467.587001847281,459.6448939597,462.38928061732014,8926058
2018-04-11,467.483154296875,470.4978332994566,464.26056639756365,464.88429308775295,9025574
2018-04-12,483.4295959472656,487.65015530077164,467.7948622582546,469.64523052092414,17044366
2018-04-13,487.109619140625,493.11821529662365,478.294304298705,488.1699745678589,21227038
2018-04-16,471.2046813964844,474.0322625645065,458.2311871456896,458.2311871456896,24745084
2018-04-17,467.8780517578125,468.7928811454312,463.63673155747705,468.62654391504634,10397940
2018-04-18,468.1899108886719,471.849126888786,463.15852695776175,466.9008861928347,10430380
2018-04-19,471.0592346191406,473.9491990915488,467.0050106384577,467.37925685001585,8525542
2018-04-20,490.0203552246094,496.3615752397184,472.7639204293948,473.61636703010674,24272692
2018-04-23,493.86676025390625,504.96912550840557,480.3734935076721,485.67517023757716,21830638
2018-04-24,480.0614929199219,497.4842631872203,478.231885047164,492.7439316674815,8526216
2018-04-25,482.4941711425781,486.92264083743595,476.1945213591051,479.0221026855049,11594178
2018-04-26,489.1886901855469,491.35097258071437,482.34850964121523,488.16995717136786,11302084
2018-04-27,492.8271789550781,495.4884227174554,488.2531836868994,490.66494695008566,7663370
2018-04-30,498.7734375,502.28707751059045,490.9352823355239,491.37186055821445,5511678
2018-05-02,497.754638671875,499.64657890573204,491.08074373913576,498.52389132779496,10295042
2018-05-03,491.7252197265625,500.9355407676852,489.04316522459015,497.8377193430676,5332230
2018-05-04,487.79571533203125,493.15977361164653,480.2694253975141,492.7439559273197,6023368
2018-05-07,491.9124450683594,494.82316959539105,488.79381164653967,491.1847639366014,4638960
2018-05-08,484.6564025878906,489.7917416885553,482.7852226983283,489.7917416885553,5718556
2018-05-09,486.79779052734375,489.37589087866206,483.5960143473028,485.4671941104695,3783504
2018-05-10,485.6750793457031,491.91234491949217,483.5336080135695,489.0016209850573,3182862
2018-05-11,490.9768371582031,491.9955704019543,484.8643361776846,487.46319726787203,3311706
2018-05-14,494.5320739746094,495.44685272766014,486.506771037652,492.47374564174055,4432094
2018-05-15,496.7151184082031,502.3078468966213,494.03306343915614,494.03306343915614,5611974
2018-05-16,494.8022766113281,498.14962956769904,492.5360903363435,493.67958906865664,6205004
2018-05-17,491.8706970214844,497.92081323440925,487.9828122352219,497.3178979593753,9519598
2018-05-18,491.9955749511719,493.38860511559744,487.7542539163711,491.9124316991194,7139660
2018-05-21,490.4570617675781,494.157850087867,486.5067929360461,490.47787295976724,8475320
2018-05-22,496.4239196777344,498.1495731756758,488.1283773896333,488.58576667898086,5636804
2018-05-23,492.70245361328125,502.16230726232226,491.2886631359099,496.90220266391225,9538442
2018-05-24,507.7135314941406,510.43715837537434,498.14972213757613,498.14972213757613,9740570
2018-05-25,510.7488098144531,519.21068834339,507.63017762253634,511.4972510851207,8901438
2018-05-28,504.9691162109375,512.536979413821,501.4762367484506,511.8716811254915,5739794
2018-05-29,505.9254150390625,510.0212603130874,501.559328846001,504.8235386546808,3388934
2018-05-30,503.84637451171875,510.9360878347162,501.30989625188874,506.0502290090333,6323066
2018-05-31,512.2042846679688,516.4456050824376,503.24339255315624,503.8463079398704,19720340
2018-06-01,507.6302795410156,518.2128199333473,506.1332951811514,511.6221193963255,4998356
2018-06-04,515.364501953125,516.8614356213063,503.9710860603566,507.75501723128696,4270156
2018-06-05,507.6510925292969,516.445648138529,506.05020433541847,516.445648138529,4710862
2018-06-06,514.5536499023438,516.2585432695313,507.31846172326453,509.4598825097034,4038184
2018-06-07,520.7908935546875,523.0987022505694,514.7823476837877,514.7823476837877,6676226
2018-06-08,523.9512329101562,524.762057306829,518.1297837799696,518.9406081766423,6459878
2018-06-11,524.9283447265625,528.0885495167519,521.8720943752544,526.238180808267,5171290
2018-06-12,523.3067016601562,528.608378613805,519.959348064249,526.3213807122311,7839820
2018-06-13,530.0845336914062,533.910037017524,526.7579914046927,526.7579914046927,5766928
2018-06-14,523.9141845703125,529.534967429863,521.5475581620863,529.534967429863,7598848
2018-06-15,541.473876953125,545.8056679687501,521.9279906631098,522.7732181783537,19957760
2018-06-18,535.6207275390625,545.7000561086154,533.4865072650186,542.6361061324005,8214846
2018-06-19,524.71728515625,533.9302866561649,523.2170371154236,533.761230817996,7545700
2018-06-20,525.372314453125,529.2603404717883,523.195843236643,527.6332877875192,5371802
2018-06-21,526.8092651367188,531.0142519079515,522.3506688087767,526.5556555800094,5798790
2018-06-22,527.3585815429688,530.5915871948499,524.5481896602591,525.3089150802058,4343118
2018-06-25,537.7548828125,540.4385215818204,529.9576792201774,531.2889229426363,7731178
2018-06-26,540.037109375,542.5939438572483,535.1347989285974,536.2969870407819,4483504
2018-06-27,536.7194213867188,546.6296924296444,534.8599107114408,542.6148621121847,6952142
2018-06-28,545.0028686523438,548.5528356879229,539.3609834720428,539.3821348022361,10996818
2018-06-29,552.4407348632812,555.7371431156805,542.3191550594654,548.5738598911877,9966600
2018-07-02,564.0625610351562,566.3024345834986,555.31447689755,555.31447689755,4830144
2018-07-03,572.1134033203125,573.8672608208789,562.8159001823277,562.8793025668969,8127452
2018-07-04,568.5,571.6485034135586,565.8164129856973,571.3949454794327,5025722
2018-07-05,542.635986328125,569.3663026328398,535.9164182357838,569.3029002606451,17019902
2018-07-06,542.7417602539062,550.1797526463045,536.2968999511053,545.2774429959918,11215356
2018-07-09,548.911865234375,550.6657226349294,540.5441438405073,548.1300401055282,6644998
2018-07-10,549.9896240234375,555.9273171155867,546.9890762826739,552.9901717642011,5974488
2018-07-11,558.040283203125,567.1898808419115,545.7422338883677,556.8147446480806,11899832
2018-07-12,547.0100708007812,560.8506704505135,542.8261845584113,560.4280567207506,13272240
2018-07-13,556.7512817382812,562.7523754600448,548.7004703630859,555.7369985714605,19496158
2018-07-16,563.2807006835938,585.0664591380774,544.1996804234897,556.7513391792764,35344680
2018-07-17,561.188720703125,570.3171659500778,554.7649617600216,561.9493943803635,11161690
2018-07-18,558.9279174804688,567.7394051395503,555.3145487538224,566.218005734657,6919016
2018-07-19,556.4554443359375,562.8792036004476,553.243590497976,559.1179313109483,5118864
2018-07-20,569.7256469726562,577.7764604063906,558.3996282148277,560.3858924167631,11705738
2018-07-23,573.0430297851562,578.135545540299,564.7175604738483,571.437128667363,7675702
2018-07-24,582.0026245117188,584.2213470361486,573.0643320241529,580.8404365227317,6172246
2018-07-25,584.7918090820312,589.0390981411546,577.0579563915245,582.7843936579014,6936922
2018-07-26,580.3543090820312,587.6021449236939,578.6427028272379,582.5941825032929,7362218
2018-07-27,580.4388427734375,587.0105073172865,578.2624232000471,580.3331893343955,6493232
2018-07-30,570.9512939453125,580.2487983618905,569.683452433961,578.980956850539,6409970
2018-07-31,576.9100341796875,578.9808519239957,564.4218285092277,569.9158073960978,7943996
2018-08-01,572.2402954101562,578.3258934854981,570.9513025520768,576.3607803841627,4675706
2018-08-02,572.0711669921875,577.607397321929,570.5920187275987,574.5856984065496,5940742
2018-08-03,576.4873657226562,577.3748442178443,573.0642049048803,577.3748442178443,3970390
2018-08-06,575.029541015625,581.094039400006,569.4721586120058,577.3116661062622,6178930
2018-08-07,578.114501953125,583.1858673327534,575.0294523003422,580.6713359674596,7351528
2018-08-08,575.9169311523438,580.0374155249252,571.9232515497418,579.7416065131015,3992358
2018-08-09,583.1858520507812,587.2006828711147,580.5234162494014,580.5234162494014,6409524
2018-08-10,585.51025390625,587.0105534941036,580.2698841884117,585.6582100034223,4779520
2018-08-13,595.357177734375,595.8220425864924,582.6576126865718,587.4331691576087,9979746
2018-08-14,595.1669921875,602.0344659414735,593.3497323433182,597.5547187141594,6151320
2018-08-16,604.1475219726562,606.4084952736665,596.4136695198838,597.9773197983337,6626774
2018-08-17,604.4857177734375,607.5708195534005,601.379516253867,604.7181760293572,6390408
2018-08-20,585.0031127929688,595.0190385351311,580.460014752496,586.5879144349942,16101876
2018-08-21,584.8764038085938,589.9689212210507,580.5657632717897,587.4332381785533,8361482
2018-08-23,590.5604858398438,592.2931919595377,585.4679693334731,588.7009749551453,7717182
2018-08-24,582.4886474609375,592.4623232732919,581.5588661058208,590.1801983325886,7053000
2018-08-27,598.1676635742188,600.090525670594,583.7987924348088,584.4749642883539,7012950
2018-08-28,602.0978393554688,607.8876791679485,596.5193580242619,598.9282359653292,6496890
2018-08-29,595.9276733398438,605.859097044512,593.8357557906817,605.859097044512,5646496
2018-08-30,598.5056762695312,600.7667014963803,590.0323000606072,597.0688305403581,11507962
2018-08-31,609.0287475585938,614.6072807697282,600.5764714101472,602.2669266398365,10875864
2018-09-03,606.1337890625,620.3547524929628,604.3376805712916,612.3673420613997,10976328
2018-09-04,623.0595092773438,632.6528213368599,605.182925954832,610.2542912561295,15370124
2018-09-05,616.931640625,628.891580110055,613.1281164573702,627.1166228006003,8658978
2018-09-06,614.6073608398438,621.6649917078142,612.0293750078318,619.171559601462,5598659
2018-09-07,619.3826904296875,621.3690059717568,611.775643067888,620.692782713168,6510605
2018-09-10,617.7345581054688,631.3850041998469,616.5090193815814,623.5666490608261,5629871
2018-09-11,620.6505126953125,629.4831499577209,618.7064998577398,622.0029075825818,6963561
2018-09-12,627.9194946289062,630.9622928201987,622.2987114385417,629.1873358067097,4636617
2018-09-14,620.1435546875,629.6946170853014,616.2132253682378,627.0744319315287,7896514
2018-09-17,613.5929565429688,625.4683934247327,612.4518683855903,621.2422556313222,5427054
2018-09-18,607.8031616210938,617.0161633253645,606.028204252447,617.0161633253645,7729732
2018-09-19,608.3524780273438,614.480377250266,602.8162483574565,614.480377250266,4849498
2018-09-21,596.1390380859375,606.3663233786473,584.8975209064669,603.3657240164114,14350769
2018-09-24,607.084716796875,616.9738899221455,597.1532926098047,597.1532926098047,8637881
2018-09-25,613.80419921875,622.0874181095559,606.0280961746624,607.0846305124844,9602273
2018-09-26,606.74658203125,618.5797678463,601.802021451114,618.030400886616,6599606
2018-09-27,612.6209106445312,617.692275884285,606.4085088612709,610.2542838503651,14592616
2018-09-28,617.0582885742188,620.8618120931746,604.5066815971002,609.4089904815921,7490031
2018-10-01,631.0892944335938,638.0624230866905,619.5519154812094,623.3554402010805,8252398
2018-10-03,615.7482299804688,635.5688250518482,613.8887191741339,628.6802003335824,7792464
2018-10-04,597.7449340820312,616.8048050297041,593.772354276625,615.7482705914895,6173037
2018-10-05,612.451904296875,618.283995429186,599.5199322084889,602.6472846767049,8543578
2018-10-08,603.872802734375,615.9172947099329,599.4776093799616,612.8321936737387,7259306
2018-10-09,606.6620483398438,610.5923769164588,593.8991335103816,606.1126298201558,6777212
2018-10-10,592.0396118164062,608.4792969847914,587.7712232654427,608.4792969847914,8866251
2018-10-11,569.1339111328125,585.6581498731585,560.6393851554824,578.9808320505692,10985897
2018-10-12,573.7404174804688,578.1778618616421,559.1179920278445,571.7119024308022,8909221
2018-10-15,590.64501953125,595.8854408178642,576.022592790602,582.0236879421232,6222176
2018-10-16,587.64453125,603.4080477614748,582.699970069098,600.1116392484718,11588963
2018-10-17,596.18115234375,610.0851540069099,592.8002425940984,600.1114805631554,20360697
2018-10-19,577.7553100585938,581.2630252000116,573.0643072418118,580.6713555680305,10421001
2018-10-22,574.7125244140625,587.4754407046537,569.5143539710009,582.1082660102725,6672840
2018-10-23,555.821533203125,576.4451029773388,552.1870655988447,571.3314873815477,9041701
2018-10-24,549.2288208007812,563.3441304100955,546.9889988723363,560.3858341513779,7058164
2018-10-25,554.3128051757812,560.8064680448502,543.6324043053423,549.3998207753793,8270469
2018-10-26,541.3681640625,554.2701202143737,538.2068069756622,551.3650301800717,5464141
2018-10-29,550.8948974609375,555.8505914205841,539.573676225796,541.4534365968008,7137446
2018-10-30,563.5833129882812,567.1719377333432,544.6576759268731,547.7763213627566,8793411
2018-10-31,586.482177734375,592.0786972103658,566.5311581530361,567.2574566829911,11947995
2018-11-01,569.6498413085938,589.3017778770741,563.583342642871,589.3017778770741,5860244
2018-11-02,565.8475952148438,577.425138450543,564.0105455442504,569.0090040628833,6654067
2018-11-05,569.0516357421875,571.2731377843309,561.3617487726984,566.9155560284405,5799426
2018-11-06,569.4361572265625,576.7415396318219,564.4804625753587,570.6750939269598,6975525
2018-11-07,577.1687622070312,578.8776260477626,574.1782504857513,575.032682406117,758956
2018-11-09,563.4978637695312,580.1592865800026,560.0801360135372,580.1592865800026,9694143
2018-11-12,567.5137329101562,577.9378135212895,565.8902912840983,569.0517000477751,7118080
2018-11-13,568.79541015625,570.546985379527,560.7637282514394,566.9156492689121,4137808
2018-11-14,558.1150512695312,568.7954523878612,547.2637533032288,568.7954523878612,7323026
2018-11-15,560.8491821289062,569.0517084171048,552.5611813510116,558.7985244816615,5513390
2018-11-16,556.1069946289062,566.0611473634518,550.4250536474894,563.8396452301797,8583785
2018-11-19,556.833251953125,565.6338896551453,554.7398834722101,563.0705940826899,6018930
2018-11-20,548.0325927734375,560.5072765436785,546.9217896819342,556.8332301305566,5384830
2018-11-21,528.9788208007812,546.8791813080626,522.9977969086369,546.836470138911,14359086
2018-11-22,530.388671875,536.7114896290349,526.9709438242548,531.6703198940294,6632975
2018-11-26,530.9867553710938,536.5832743148412,512.5309936267196,530.6022505565547,15075209
2018-11-27,545.8966064453125,547.6908927219997,534.2763003640977,534.4471971881604,12285851
2018-11-28,569.3934936523438,571.3586767808223,546.8364684678876,547.6481892808474,17719890
2018-11-29,564.8223266601562,576.6562424806109,562.8998544440561,573.3239364458786,13399070
2018-11-30,570.29052734375,574.178181685503,564.7367205268515,564.7794316876749,10445773
2018-12-03,572.7684326171875,580.1592897905803,569.0089633550214,575.1608837799326,8260890
2018-12-04,585.4995727539062,588.0628689498373,573.5802350127482,574.648275094386,7827923
2018-12-05,582.2099609375,584.1324328558652,574.6054956002558,583.5770312192932,5177288
2018-12-06,571.187744140625,585.6703757572147,567.8127275933368,577.6814059363699,8039771
2018-12-07,583.4060668945312,585.926651325937,568.7098283889081,574.1782131841483,5553948
2018-12-10,571.785888671875,584.2605746591943,568.3681607684572,572.3840014850509,5121196
2018-12-11,576.3143310546875,582.637148133974,564.4377064856227,571.7858523007916,7120933
2018-12-12,579.7321166992188,581.5691663742658,572.9820829843478,578.5358910293661,6926183
2018-12-13,596.179931640625,598.1024036523647,581.0137635480115,582.7226275584468,7521474
2018-12-14,603.271728515625,609.8081544504009,593.3176265876504,595.9236338670603,9560576
2018-12-17,593.3174438476562,608.2272365615887,591.9076105624921,608.2272365615887,4778465
2018-12-18,578.108642578125,586.5675398320712,576.3570674923166,586.5675398320712,8021298
2018-12-19,568.0691528320312,573.7938582515633,564.8650325021136,573.7938582515633,8295459
2018-12-20,569.94873046875,573.7936736275008,560.8490629499339,563.9249966167829,11705260
2018-12-21,552.1338500976562,563.4977828238459,549.7841626029397,563.4977828238459,12802132
2018-12-24,554.5264282226562,562.8998523019484,553.3302024325875,561.3618849650002,8379825
2018-12-26,550.296875,552.8174596277619,544.5721706294189,552.8174596277619,6178552
2018-12-27,561.1910400390625,566.7021379775562,554.5264795287358,557.7306001731622,15333902
2018-12-28,561.3190307617188,566.9155491133946,558.2003335575356,566.7873634719799,4736598
2018-12-31,563.0279541015625,565.6339611662842,560.3364725500569,563.9250972352681,3373319
2019-01-01,568.2399291992188,569.3079690827412,558.9266527051337,564.7367792414191,2943390
2019-01-02,571.6576538085938,575.8871021550916,565.676630492443,569.0516469366336,7416655
2019-01-03,571.7431030273438,578.4503723039501,566.5737485264782,574.1782129811735,6827249
2019-01-04,564.8223266601562,575.8018103845664,556.235294524988,573.964760517912,7889310
2019-01-07,573.9220581054688,575.5454478225004,565.2068401626768,568.19735254449,8046340
2019-01-08,572.5122680664062,578.8350870175659,571.2306198047172,576.6990065814176,8621545
2019-01-09,577.6815185546875,589.3872486859699,567.3429110656084,586.3113140042065,18130292
2019-01-10,580.7574462890625,582.7226294774566,574.6482365714811,582.3808358140876,9572493
2019-01-11,584.0043334960938,585.7131976760385,574.605580506398,581.1847180292643,12281903
2019-01-14,599.7257690429688,606.8175433541903,594.6418888284671,604.0833508551791,19312937
2019-01-15,620.8302001953125,623.7352895272371,604.2542525583812,604.2542525583812,19671304
2019-01-16,629.5454711914062,630.3999031697199,622.453696201481,623.6499218312757,9658944
2019-01-17,626.59765625,631.4252176783319,622.9663204243803,628.6910249795525,6903771
2019-01-18,624.5469970703125,629.0327644687135,620.5738679430038,623.7352763490965,5902151
2019-01-21,636.5518798828125,641.6784722040164,627.1531272939388,630.7417523488602,8129422
2019-01-22,636.8508911132812,639.9695888751663,627.1531084571055,633.3477406591683,6723375
2019-01-23,625.1450805664062,634.5010675535208,623.0517121150352,634.2874595921642,7212099
2019-01-24,625.4441528320312,628.947302773259,616.0454019014953,622.111847551051,7429783
2019-01-25,624.034423828125,630.4854274946252,618.8224092085829,622.0265293805293,5543112
2019-01-28,621.9837646484375,625.9568420292878,614.336588066489,624.5897717338016,7944693
2019-01-29,621.9409790039062,626.1703750399012,612.2004348262112,619.8903216558496,6760819
2019-01-30,620.2321166992188,627.8365290692284,616.1308019936149,621.9409804430927,5763026
2019-01-31,640.439453125,641.9347090268363,620.3175912760806,620.3175912760806,13825233
2019-02-01,646.8477172851562,651.5043819864818,636.1246064117189,641.9774445897368,6276585
2019-02-04,645.8651123046875,651.5043421437446,640.1404079829866,646.8049665610683,3945391
2019-02-05,644.9678955078125,649.3255294654294,638.2606259877733,638.2606259877733,4694366
2019-02-06,652.1878662109375,655.3065635413387,644.5406901894324,645.5660189110976,5880482
2019-02-07,652.7860107421875,657.4426753064861,650.2227148884878,651.9742899584384,3961797
2019-02-08,650.13720703125,659.8349875418979,645.0106159982278,649.3681975161443,5915169
2019-02-11,651.7605590820312,656.8444386633877,648.5137287096081,655.263760711796,5500216
2019-02-12,641.20849609375,649.6673414882657,633.1341033736837,649.6673414882657,7310690
2019-02-14,632.3223876953125,643.387292464589,629.9299885385369,641.6784284739792,4610535
2019-02-15,633.94580078125,637.8334557546334,625.9568306948943,634.2448311059765,5586389
2019-02-18,633.1767578125,638.8160397206395,628.8618870879653,634.2875088677685,5346825
2019-02-19,618.8650512695312,632.7495704640896,616.3017554182281,631.5106337058822,9401334
2019-02-20,632.8778076171875,634.8429908330256,620.3603576645627,621.1720785136065,5210675
2019-02-21,626.68310546875,630.5707602952356,621.2574314578209,630.5707602952356,7202786
2019-02-22,627.9647216796875,630.7416252943025,622.026409673742,625.8713531401319,3750833
2019-02-25,645.0106811523438,647.6593992601397,628.4773921105505,628.4773921105505,6547552
2019-02-26,634.4155883789062,643.0453283842464,632.4076945822347,639.6276013088045,8319610
2019-02-27,628.2210693359375,637.7480061064565,626.0849895354072,636.5517805580054,5936354
2019-02-28,627.4093627929688,634.3302927936826,625.7004989138375,631.1688841872123,8559921
2019-03-01,633.9031372070312,635.1847852384644,628.4347514127594,628.4347514127594,3998826
2019-03-05,625.871337890625,634.4156564966404,623.9488662042716,632.7067927754373,4826505
2019-03-06,625.871337890625,628.9472717286377,621.1719626573166,628.9472717286377,6076668
2019-03-07,617.7115478515625,627.5802257916608,615.6608904469568,627.1530098449,5951551
2019-03-08,608.654541015625,617.7115504147673,607.2020485109183,617.7115504147673,7193994
2019-03-11,607.714599609375,613.9092299744618,606.1339216867106,609.4661743170138,9932198
2019-03-12,604.0407104492188,610.8761664222764,602.887195963531,605.7922856122367,11997387
2019-03-13,605.3223876953125,613.9948415899763,603.4853379536248,606.6467469240117,11348867
2019-03-14,605.2369384765625,610.8335102789786,603.399940808553,610.0645005525778,6415187
2019-03-15,613.9520874023438,618.3951441183149,606.3049107686612,608.3555683761523,14638664
2019-03-18,606.817626953125,618.3524591455513,602.6736003937592,616.515409454749,8065544
2019-03-19,617.1134643554688,620.7448000751098,604.4251709952306,609.0390721487778,8917337
2019-03-20,631.3825073242188,634.2448335302998,621.3002206254638,621.3856429613155,13471173
2019-03-22,634.9283447265625,637.7052484920811,625.7004903358396,636.5517862496355,8883260
2019-03-25,628.2210693359375,634.3302784256082,624.2052288808635,634.3302784256082,7644966
2019-03-26,621.81298828125,628.2212293147221,614.4221294291525,628.2212293147221,9406261
2019-03-27,623.4788818359375,625.7003836092732,621.3000912216318,623.7352009404951,7387487
2019-03-28,630.3997802734375,636.5516997480584,623.7352225719229,623.7352225719229,9277241
2019-04-01,645.1815795898438,649.3683172321546,633.9885412977088,633.9885412977088,6584982
2019-04-02,648.8556518554688,654.3239851140507,644.754336723547,648.5138582110126,7283600
2019-04-03,643.6436157226562,648.08667255655,638.0898077178869,645.9505925547155,6897127
2019-04-04,639.0297241210938,644.0708417133826,636.6372727616167,642.0202361700485,7688525
2019-04-05,648.7701416015625,650.1799751192331,639.1150714074363,641.5929448171647,6276040
2019-04-08,655.56298828125,657.9126764112904,645.4379893810519,651.9743632525643,4919911
2019-04-09,649.8809204101562,660.4758974519467,647.8303150200722,657.912601601551,6730692
2019-04-10,643.130859375,655.09290519037,641.9346339333106,652.7859287816152,7031088
2019-04-11,634.586669921875,642.3192692513237,632.3224042150059,642.3192692513237,8200995
2019-04-12,638.9014892578125,642.1483202308506,632.7922799681111,634.9283598385819,7043212
2019-04-15,621.5992431640625,624.8887853089682,608.868186258348,619.2068441359141,31574803
2019-04-16,618.6941528320312,621.9410359555042,610.1498333500234,621.9410359555042,12524411
2019-04-18,612.6704711914062,617.3271361432573,608.9964239254072,617.3271361432573,13801105
2019-04-22,616.0880737304688,620.1039138471889,610.9187714788013,612.6703463375803,6455426
2019-04-23,622.1973266601562,623.7352936665172,613.8239043807375,618.5232798809648,5516668
2019-04-24,629.2463989257812,630.4853356418504,618.6087110746008,622.1973355744477,8285120
2019-04-25,622.496337890625,630.2716993156686,621.2146900662052,629.246370626056,8005235
2019-04-26,630.57080078125,632.1087679140533,622.8809129668446,624.5897769256013,6895168
2019-04-30,641.9774169921875,644.0707856743954,630.5707714580802,630.5707714580802,9920046
2019-05-02,624.4188842773438,639.4569185052494,623.3081331267982,638.2606928659606,6351352
2019-05-03,618.2669067382812,624.5897237070981,613.6530057330015,617.668846123986,6348116
2019-05-06,613.823974609375,616.7290121425638,607.2021265559835,610.9188849257952,8858265
2019-05-07,619.0786743164062,621.9410527102222,614.0802681449326,615.5328129260821,5747536
2019-05-08,614.6356201171875,620.3176136088846,612.2005098495397,616.0454537355452,6247642
2019-05-09,616.0880737304688,623.9915683265232,611.6023065273027,614.4646845090756,7396525
2019-05-10,612.49951171875,620.3175847838248,610.9188334992214,615.8745282919349,8352335
2019-05-13,614.9347534179688,620.7021697236077,608.4410385836061,612.24327161518,6808993
2019-05-14,609.936279296875,613.2685850496737,601.178351053393,612.2005450199808,10513001
2019-05-15,611.8587036132812,619.6340657130494,608.86819176346,610.8334269850815,6668929
2019-05-16,626.3840942382812,629.7163999830158,614.422045934669,615.1910556143437,6468556
2019-05-17,618.5232543945312,628.6909624040101,615.2763715533096,626.4267492283384,8155948
2019-05-20,617.2417602539062,620.659488600494,603.2290531727381,614.9347831898804,11213708
2019-05-21,606.0485229492188,617.4552198542995,604.6814527993525,617.4552198542995,8645535
2019-05-22,606.4331665039062,613.6958391566476,604.0834782927252,606.6467745231046,5795713
2019-05-23,598.9995727539062,612.3714550744863,595.9236382621452,610.9189101726685,7233736
2019-05-24,605.9632568359375,608.1420482647625,598.4869759475404,601.3493026275108,7016424
2019-05-27,605.0233764648438,609.8936500848015,602.8018737647083,604.4253156881605,10247544
2019-05-28,622.1119384765625,626.6831811147604,606.4758428005265,608.3556036914493,23860490
2019-05-29,621.85546875,626.8539261919226,618.3096079838973,619.8902859922301,10293077
2019-05-30,626.7684936523438,629.9299020308969,617.3697429947108,621.1719752817389,15089296
2019-05-31,630.357177734375,634.8002343511266,626.4695227511129,629.2891377856553,8290306
2019-06-03,636.2528076171875,641.5930076000404,622.8809259999675,623.5644611676946,7744761
2019-06-04,628.2637939453125,631.8097073502216,626.4267965677803,629.9299466554552,11733702
2019-06-06,628.5200805664062,636.2527309298762,626.853980092883,629.2890901314048,7563925
2019-06-07,631.5106201171875,635.6546462778565,628.7337163380286,628.7337163380286,3218358
2019-06-10,643.814453125,644.3270914179644,632.3650445118595,632.3650445118595,4435148
2019-06-11,645.0106811523438,648.5138311852851,641.25115982155,645.0961034847038,5733127
2019-06-12,644.0709228515625,646.7624048948435,636.5519306113337,646.7624048948435,8738342
2019-06-13,643.507568359375,647.4501408827224,641.2113174865203,641.2113174865203,4808577
2019-06-14,641.6014404296875,645.9772651156288,639.6951253811039,644.5475156074194,5556353
2019-06-17,641.6879272460938,645.110620092637,639.3050471853084,643.8108673322085,3085588
2019-06-18,650.0065307617188,651.9994748894879,641.3848248292542,641.3848248292542,6202838
2019-06-19,651.5227661132812,654.5555226066375,648.663267681313,652.0426460715976,4596253
2019-06-20,654.1222534179688,655.855257080078,637.6587186279309,639.3050403746898,7148684
2019-06-21,650.0497436523438,654.2089422441622,647.4069234034753,654.2089422441622,13200318
2019-06-24,645.9771118164062,651.5227446622152,643.5076027650969,651.5227446622152,4758178
2019-06-25,648.2300415039062,650.6562891008892,638.8718316873714,644.6774049165897,3677911
2019-06-26,640.5181884765625,651.1328363110655,639.4783756622979,643.8108849825032,5447130
2019-06-27,633.0227661132812,645.2837855436159,630.9431938977297,642.94422052494,11122346
2019-06-28,634.279296875,640.7780601626537,631.246540674095,637.312053075905,5919494
2019-07-01,633.6727905273438,639.0451125594964,632.4163522709981,636.8788579406506,3224968
2019-07-02,641.21142578125,642.6411751151891,632.6330355517767,636.0124142208615,4837606
2019-07-03,633.6727905273438,643.9841836678798,632.5463487029591,642.0778690258804,5958379
2019-07-04,635.839111328125,638.0920480984691,631.3332906745179,631.679912604442,3274064
2019-07-05,622.1483764648438,638.0920328939837,618.249117837975,636.878909055237,4926289
2019-07-08,621.8016967773438,628.1705170084759,617.2092476208672,620.805251397518,7177092
2019-07-09,619.9820556640625,623.7513174472324,614.3931083165104,622.1483102261312,5022638
2019-07-10,621.4984130859375,626.2208584508297,612.1835187803623,614.3497732700309,7573816
2019-07-11,625.1810913085938,626.9140950267049,614.8696980310019,623.4047730749451,6252688
2019-07-12,629.730224609375,633.0662356041779,623.5347151766539,626.0475917169225,7874441
2019-07-15,675.3081665039062,677.3011629825713,653.5156776489723,661.1408830225383,31064152
2019-07-16,680.0739135742188,682.6301044503537,672.4053938328866,673.271895629063,9924322
2019-07-17,688.1324462890625,688.8689516863502,673.0552933614749,679.2508025723517,6754348
2019-07-18,686.8759765625,691.9016763455164,681.2437149516724,683.7132238877449,6534471
2019-07-19,680.5505981445312,688.4357441027715,676.9545941853874,683.4100437729547,6812754
2019-07-22,679.68408203125,686.2694750307548,677.6477709223345,681.0271493405742,7107151
2019-07-23,684.579833984375,696.6675463928613,680.6805753291911,681.9370136954998,10782564
2019-07-24,681.3304443359375,687.7858941720391,678.9908785909442,682.8035081670132,5745146
2019-07-25,688.4356079101562,693.3746782296564,682.5000923573876,683.0199722280436,9773568
2019-07-26,681.9368896484375,688.8689037744699,677.7776917502322,686.5293384295198,4941763
2019-07-29,685.79296875,690.5587294044308,681.2438335798616,684.1032793951039,6244316
2019-07-30,686.8759765625,691.2951145177052,683.2799729946043,686.1827857108894,8673253
2019-07-31,687.6991577148438,693.0281119207904,677.2577689734494,685.2729104251979,7350584
2019-08-01,666.2099609375,683.1501152975044,662.3540698137092,681.4604260245303,10066407
2019-08-02,672.0587158203125,675.7847155422841,660.490938962481,662.9171332116924,10838336
2019-08-05,673.011962890625,680.9837900784188,666.0366339339578,669.4592737559295,9976238
2019-08-06,671.0623779296875,679.0775201570857,667.0331231145973,674.8316398763901,9331718
2019-08-07,672.4920654296875,678.8608857670048,669.2426834883244,674.9183129222326,5130457
2019-08-08,683.4533081054688,686.9193153731986,676.9545444784754,678.2109826904423,8009009
2019-08-09,684.4063720703125,690.3852551777303,680.0305488998159,686.2693719494978,4362520
2019-08-13,662.6573486328125,681.0705145804388,658.671460923688,679.4675071704189,7517099
2019-08-14,671.3656616210938,674.3551037538591,665.4734592778204,671.6256016137083,5940968
2019-08-16,671.1489868164062,675.9147469166787,660.7076502650426,675.8714324022731,5128088
2019-08-19,673.8351440429688,678.470907505193,670.1091440037163,672.0587730482715,3881451
2019-08-20,686.9193115234375,691.4684460368377,679.2074242411296,680.3772334196766,8435344
2019-08-21,692.724853515625,696.450800564872,687.1359064982189,687.1359064982189,5926896
2019-08-22,689.4754638671875,694.3278525884718,686.5726512269136,693.1147818516861,5222488
2019-08-23,695.1077880859375,701.8231773600475,689.5621551434552,690.1254024954687,6895015
2019-08-26,695.4110717773438,699.0937047597221,681.850349115656,689.6488660195159,5412074
2019-08-27,679.9008178710938,688.8257779253946,676.8246934504938,685.403084435814,16061642
2019-08-28,695.3677368164062,697.5339914482331,681.3303962247534,682.2835799950027,5881134
2019-08-29,699.2238159179688,701.6066964739964,689.3023572072727,689.3023572072727,7830413
2019-08-30,706.1123657226562,708.2352529064203,694.9344709085738,701.8664855809784,8174186
2019-09-03,705.5491333007812,712.6111445525123,703.6428186481292,706.1990096900666,5647088
2019-09-04,711.657958984375,712.6544572669249,702.0831241171807,702.5163750422761,6199015
2019-09-05,722.7059326171875,725.695374888173,716.2938499922154,719.2832393761196,7926895
2019-09-06,727.9915161132812,733.9270323511382,723.5723251543658,730.7209650798638,6106841
2019-09-09,718.41650390625,728.1213330588456,717.0734369129901,725.088577254101,4377870
2019-09-11,710.6181640625,717.9401154582138,705.4625202338333,712.524478758289,7981036
2019-09-12,707.4120483398438,710.401437061286,702.6029213279871,707.4120483398438,4400017
2019-09-13,718.5899658203125,720.1063440413375,708.3652546788162,708.8851346283375,4832021
2019-09-16,717.20361328125,726.0852575094901,711.0081037135492,720.9728752866965,4846496
2019-09-17,720.2796630859375,723.5290450246711,711.0080827100026,720.4962885485197,5540901
2019-09-18,719.0664672851562,721.7526544842467,713.997453123513,719.1098346829876,3199389
2019-09-19,711.1380004882812,716.5969509641614,706.3722408385801,714.7339510371775,6601607
2019-09-20,697.533935546875,723.5289890455164,694.9344301970109,713.0443386225597,22462366
2019-09-23,662.3106689453125,699.1803650310719,642.8577446915556,699.1803650310719,17279260
2019-09-24,688.0457153320312,692.0316551798626,662.8738496577365,662.8738496577365,13717998
2019-09-25,686.8327026367188,694.0679718248822,677.3011824243921,682.5435079637567,9313576
2019-09-26,678.0809936523438,690.6019556208774,674.2250499475601,682.5868137269086,18442824
2019-09-27,677.7777099609375,688.2190459414002,675.9580244717198,681.9802224829306,5087642
2019-09-30,698.0972290039062,700.1334871743977,679.4674394318153,680.2905738706893,8178091
2019-10-01,687.6124877929688,699.7435129044114,685.8794842056199,699.266947495305,5881438
2019-10-03,680.7238159179688,691.3384633264996,679.4674305751901,686.746014208795,5497672
2019-10-04,687.5259399414062,691.1218910774691,681.9803066523136,684.5364978228654,8201713
2019-10-07,684.1465454101562,694.9345043404883,681.1571033614506,688.7389947741431,3679845
2019-10-09,679.0341796875,689.6488270964519,674.8316140831396,689.258890695851,6335025
2019-10-10,678.5142822265625,688.6090502189726,672.9253345588136,680.5505933638142,10402917
2019-10-11,706.0256958007812,713.8242124397157,672.9253146003333,677.1711948141391,20636344
2019-10-14,681.1570434570312,690.6019342267557,675.871403634717,681.720290781556,15150858
2019-10-15,665.7333374023438,672.362097476925,662.8738919751598,669.8925355588907,13762133
2019-10-16,668.462890625,672.3621491125418,659.8845007975768,663.0905683536379,10767032
2019-10-17,666.773193359375,667.6830097514558,662.9605639514169,664.6069386700982,9860495
2019-10-18,665.3433227539062,670.4990185514239,658.5413054250665,661.8340013747783,10037200
2019-10-22,557.6372680664062,598.8394214226614,553.1314477633318,598.8394214226614,90152532
2019-10-23,570.84228515625,576.1506525524268,539.6942650463567,552.7676808234587,60516887
2019-10-24,557.4617309570312,573.123512171809,554.5224325222147,570.3157929421511,25666433
2019-10-25,559.3043212890625,572.5093146952297,558.0320676569595,567.683565682473,16549337
2019-10-27,569.3067626953125,572.5093267102873,566.4113239374509,571.280932787417,2945281
2019-10-29,570.8861083984375,573.606054501536,567.6835445697802,571.1931800848948,16709764
2019-10-30,579.6163330078125,589.0923925437075,575.7557657457743,579.4408940594233,22879467
2019-10-31,601.551513671875,610.1940233716141,584.442040313775,586.4601236033717,27405901
2019-11-01,603.569580078125,608.9217527372657,598.9192702481323,605.412117274803,9713519
2019-11-04,622.0828857421875,642.7019940848411,595.0148436581592,598.2173538860906,29381982
2019-11-05,610.7642822265625,621.8635256576514,606.7282229167773,621.8635256576514,12897805
2019-11-06,624.9784545898438,633.050628547299,607.1670616143186,610.5012052883462,21372589
2019-11-07,631.822021484375,635.5510086838589,624.8027514618171,629.102075771746,13733737
2019-11-08,621.337158203125,635.4634206232713,619.0120031062726,633.4892505212315,8585630
2019-11-11,618.0469360351562,620.5036705842779,612.4314968776238,613.2211864179257,6951494
2019-11-13,606.5966796875,614.1862888204707,603.4380287661126,611.1153573763684,9973690
2019-11-14,618.8365478515625,622.7848882932605,610.9837267069599,610.9837267069599,10539902
2019-11-15,617.6082153320312,625.5487560561842,616.2043288030569,622.1268395416542,7362623
2019-11-18,618.7487182617188,622.960269939485,613.5719847382907,618.5732257849816,7490916
2019-11-19,625.4610595703125,626.4701014629773,618.5734195117632,622.8727455507671,6495885
2019-11-20,625.5926513671875,627.3474694635892,618.573378981581,625.4171588469877,6142171
2019-11-21,625.8119506835938,633.0067149807007,623.3990760051782,627.7861208750246,9692973
2019-11-22,608.219970703125,624.7152503097323,601.112925190113,624.4958980448764,14415826
2019-11-25,612.5192260742188,618.7050026148412,608.2199539332614,608.3515331568676,7334511
2019-11-26,605.9385986328125,620.5474790517544,601.9025388893651,618.5733089169132,27253106
2019-11-27,610.457275390625,612.1243738124493,605.4998934147729,609.1411619690139,3861635
2019-11-28,615.8093872070312,617.125500497538,608.9656088069531,613.3965128411021,4837683
2019-11-29,610.983642578125,616.2042360427507,606.7720907307786,614.9758957617012,4262379
2019-12-02,607.7811889648438,617.6958993662723,605.6753860686146,616.9062098919884,9383736
2019-12-03,612.738525390625,613.9230596175192,604.1399282988565,607.7811969015714,5239013
2019-12-04,621.951171875,623.3989177356107,608.3513362312252,611.5538995942585,7427886
2019-12-05,627.2157592773438,628.1370815064882,617.5204012018379,619.8455563137302,4814422
2019-12-06,627.4351196289062,631.7344449112246,622.6093703969455,628.1809493691575,5226096
2019-12-09,629.321533203125,633.7962971697206,626.6893065044712,628.224772078686,6435865
2019-12-10,626.9524536132812,630.4182291185748,622.9602542438248,625.5924806702071,4457939
2019-12-11,632.6556396484375,634.1033856699158,625.5925091269166,628.7511595611414,6043554
2019-12-12,616.0287475585938,632.3485847081022,613.7913656457383,630.4182744793061,11112042
2019-12-13,624.1009521484375,625.5048385477546,614.4933137936983,614.4933137936983,10302412
2019-12-16,626.4700317382812,631.9099782986686,623.1358882183006,624.9784257140594,5616324
2019-12-17,640.2451782226562,641.6051510802018,627.3472588339752,631.4710906865167,10525565
2019-12-18,642.6581420898438,646.9135537183423,634.1472652800588,641.3858885087832,12215295
2019-12-19,641.25439453125,645.7292128999921,635.7705878681833,643.57954997751,7199210
2019-12-20,641.868408203125,644.8954793268487,638.9729698228266,641.385844065206,7794167
2019-12-23,645.7730102539062,646.9136312190676,641.9563026062679,642.3950070969295,4975608
2019-12-24,643.4917602539062,646.606551387984,639.0169423735973,646.606551387984,2890759
2019-12-26,639.5872802734375,644.500749091091,637.4814773214182,642.2633669250665,3821806
2019-12-27,646.6065673828125,647.0891316178668,639.4995224157393,640.289211929679,3399094
2019-12-30,643.0531005859375,647.4840054843046,638.0957181370095,645.8607666444055,5368416
2019-12-31,641.5176391601562,647.3085173862746,636.5163969360735,640.2453853452794,6927885
2020-01-01,646.5186767578125,649.2825360010934,642.7458294889037,644.8954918389238,2112415
2020-01-02,644.63232421875,649.9844970434491,641.2981811368331,648.3174522788851,5658200
2020-01-03,654.5470581054688,656.3018759556174,643.9304315331854,643.9304315331854,7882938
2020-01-06,648.2734985351562,661.3907713738128,646.2116091869706,654.634712610656,6519403
2020-01-07,638.6659545898438,651.5638224737842,636.2091668473895,647.5277629873902,7899363
2020-01-08,630.1550903320312,639.6310958563827,621.4687206955816,636.0776004788496,8639443
2020-01-09,638.3588256835938,641.82460150137,626.7331579188731,633.226005110474,13521186
2020-01-10,647.6594848632812,651.8271776782243,640.9472844875701,649.6775148841681,9341405
2020-01-13,678.7196044921875,682.185380156595,662.4436810523848,666.8307252977648,36952038
2020-01-14,680.562255859375,681.7028767542699,673.1481397133713,675.5610142633683,11414418
2020-01-15,673.4552612304688,678.9829271705886,668.7172848044211,678.9829271705886,6047430
2020-01-16,672.9727172851562,677.7984668875922,667.0502064094394,676.219141364627,5740586
2020-01-17,673.7183227539062,678.1492800170271,668.8048549162057,676.2189699547937,3762957
2020-01-20,674.2449340820312,679.4655281669933,669.4191847443475,677.0087402073921,3887680
2020-01-21,669.0243530273438,676.0436249279585,667.4888872990842,674.2449472139849,4448374
2020-01-22,675.7803344726562,682.6241130705176,672.0952064421806,674.2448689226904,9733935
2020-01-23,688.1956787109375,689.2047204101849,681.4835324706991,681.8344639140262,12528017
2020-01-24,686.7918090820312,690.082092421613,678.7634963123363,680.6499468481453,7540490
2020-01-27,682.7118530273438,688.5905034484848,679.4654828950746,683.5454022043277,3741610
2020-01-28,682.6241455078125,685.9582887213285,677.3596919434849,685.2563722899763,5121009
2020-01-29,692.8899536132812,695.6099003104321,688.1080634689872,690.1699533633306,6832757
2020-01-30,684.9931030273438,692.889782713332,682.6240884109899,692.889782713332,3859680
2020-01-31,680.8253784179688,688.7220577263864,677.0086179538965,684.8614375322687,6092028
2020-02-03,673.3236083984375,693.9865771944159,670.7791011782155,686.1337568624781,6416745
2020-02-04,691.2665405273438,693.0652715107092,675.6925334516502,675.6925334516502,5771311
2020-02-05,688.3711547851562,689.6434084247421,679.4654864136356,685.2563638418876,6310409
2020-02-06,676.7892456054688,690.3452220586332,675.6047651655771,688.19555982255,7341622
2020-02-07,682.0098876953125,683.3698607008612,676.4822226565361,680.8254071701413,2853344
2020-02-10,678.4126586914062,682.6242112378415,675.3855868898822,679.114575190346,3827682
2020-02-11,678.7196044921875,683.5892128940021,674.9028974198213,683.5014934302089,4312817
2020-02-12,685.3001708984375,687.2304810770695,680.0795775355872,680.6937744405318,2948825
2020-02-13,695.1272583007812,696.6627240022976,686.3093088397744,688.7660432516419,4387430
2020-02-14,690.0382690429688,701.2252329869426,688.4150303782467,697.1014002735077,5321680
2020-02-17,692.6704711914062,696.1801068135779,687.2743850012015,693.4162473400019,2929629
2020-02-18,699.8652954101562,701.0936358523965,687.5815696709893,688.7660503747198,5083346
2020-02-19,702.322021484375,706.1825888247519,698.5491736199729,701.9271767369017,3985192
2020-02-20,699.2948608398438,707.2792600381049,696.531001512022,704.7786662102942,4564569
2020-02-24,698.2859497070312,712.1051418227169,695.0395791633616,702.0149380557083,6627536
2020-02-25,700.5232543945312,707.1915403013198,697.8910278177274,701.0496782887773,6996695
2020-02-26,686.7918090820312,703.19936604597,684.8176390782822,696.6187993668065,8760569
2020-02-27,682.4923706054688,685.0368773860678,677.53504332986,682.6240033382783,5223386
2020-02-28,642.0000610351562,664.0230015699631,633.533044280391,658.0566321490356,14123957
2020-03-02,650.2037963867188,672.0074377301394,643.7987227010674,646.6503013706122,9821523
2020-03-03,655.4244384765625,665.9533451187563,650.379337377178,662.4437095713583,7826587
2020-03-04,665.7340698242188,668.1469445418683,654.1522604689419,661.478657652391,11013444
2020-03-05,662.0927734375,678.7196837804078,659.5921793466277,670.1210867655298,7755293
2020-03-06,648.3613891601562,652.792293885243,639.7188784064768,650.1600668937702,9216022
2020-03-09,618.0907592773438,636.8672790930439,611.5540517439836,635.6827984053315,10308654
2020-03-11,601.9025268554688,610.632756432225,587.030434759779,605.9824998070195,16165009
2020-03-12,553.820556640625,587.8640142160082,550.5741327172316,586.1091962631245,13965574
2020-03-13,563.603515625,585.2316637499142,500.12301100067634,519.42600440772,16903113
2020-03-16,511.6609802246094,545.8799245671221,508.8971209912155,545.7482918216139,19140152
2020-03-17,486.9180908203125,519.4260805928004,482.57490595614905,516.0041643839952,16059887
2020-03-18,468.7995300292969,507.142306845659,463.2718650770034,498.36821849192785,15390183
2020-03-19,478.67041015625,489.5941615684699,446.8204780981062,446.8204780981062,16583991
2020-03-20,513.4596557617188,541.756090404405,480.82003671913304,482.1361499583278,21354894
2020-03-23,461.9119567871094,492.182565847117,452.6553029880135,473.8008374609886,17146150
2020-03-24,517.4957885742188,527.4544122994552,458.0074724087042,458.0074724087042,20027097
2020-03-25,531.8851928710938,557.1545540612694,496.35013863569,523.8130216922485,18339548
2020-03-26,564.1739501953125,571.0615889748694,537.0619924428813,539.606499798005,14843813
2020-03-27,572.684814453125,592.1633032440952,563.5158805020125,583.5207932253911,13495283
2020-03-30,549.8721923828125,582.1608306040221,544.9586701963033,548.4683059497563,14624804
2020-03-31,562.8578491210938,580.8447328420328,556.0140699280755,570.3158252980685,15175521
2020-04-01,528.902099609375,559.3482006120729,521.1809116291314,556.5843410232259,13083824
2020-04-03,513.8984985351562,531.7098917905164,510.783707074336,529.5163691346148,10221655
2020-04-07,560.6643676757812,565.2707650627889,537.7640135157766,539.6065510494608,15145605
2020-04-08,554.1714477539062,575.2731749432872,549.5650509629486,552.767614914921,11806896
2020-04-09,558.2513427734375,572.772447540917,554.6100748729378,567.5079947996351,11931114
2020-04-13,559.2605590820312,571.8074979926685,549.3019340691917,551.8903015197887,8330276
2020-04-15,560.7081298828125,573.2112063298127,557.6810585587707,571.5441616018853,11963447
2020-04-16,547.37158203125,557.0669943022731,529.5163303414349,543.9497190704142,17783287
2020-04-17,551.6708374023438,566.8061406948931,549.257962964401,565.051322921844,8878320
2020-04-20,573.2111206054688,579.9671786313979,560.66418630176,561.5415950440162,13322913
2020-04-21,555.5753784179688,567.2449071744164,550.8373484914498,550.8373484914498,11660575
2020-04-22,563.164794921875,565.9286539553274,551.0565646640847,555.5752412291815,8266728
2020-04-23,596.0238647460938,599.8406256547978,559.8746067680338,567.7274272612167,14451289
2020-04-24,577.3350219726562,592.2509723883632,574.5273029485543,586.5916746083171,7319940
2020-04-27,583.1258544921875,597.5153799231981,580.0110640298697,580.0110640298697,7183306
2020-04-28,579.7040405273438,594.005794136468,572.9918413733725,590.4961587205952,7296571
2020-04-29,593.6109619140625,598.3928509792194,577.3350380415343,584.3543090207626,8639056
2020-04-30,627.7860717773438,631.7344118514151,612.519135403152,614.1862337444313,16253821
2020-05-04,591.1104736328125,615.2392219337802,588.1711212535618,605.2367375806238,9122740
2020-05-05,591.1104736328125,601.5516089477347,587.8640495144865,598.1736056067181,6393053
2020-05-06,584.2667236328125,597.9104240191016,582.6434847146907,593.9182234440884,7934250
2020-05-07,583.4331665039062,591.6807795552593,581.2396438488445,583.9595905200015,4779548
2020-05-08,591.5491333007812,597.4277840608125,586.5478915033577,589.8381751131373,8400321
2020-05-11,599.1824951171875,612.9139108012204,594.8831705461096,598.831510173628,7370186
2020-05-12,603.3502197265625,606.2895179656286,592.6896807319567,595.3219072933126,7356039
2020-05-13,609.0533447265625,614.0984453662029,599.9282717137518,609.6236283193734,8287101
2020-05-14,577.4666748046875,589.3994141311474,572.5970126867923,578.2124509302957,16888262
2020-05-15,572.3338012695312,583.3014122610247,567.4203329664575,583.3014122610247,9255353
2020-05-18,582.5118408203125,588.3465783813679,572.9480615569728,578.9582916238571,10435442
2020-05-19,586.6355590820312,592.0755048795161,574.7028196673064,582.5994996322006,5902208
2020-05-20,587.4691772460938,590.4962489654653,578.7828603959606,586.547908519188,5794636
2020-05-21,589.7943115234375,596.1555264607974,583.8279413272309,584.7930697586787,7213225
2020-05-22,607.4739990234375,610.5449300143466,590.9348635363701,592.2509768181883,11867731
2020-05-26,597.1205444335938,613.7035920720671,595.7605715125679,608.0442946365383,7099606
2020-05-27,618.9682006835938,622.258484491658,592.2510854515533,601.9464443620899,8774636
2020-05-28,620.6790771484375,622.9603188668341,605.4121408705853,620.3280921673968,9440091
2020-05-29,614.5425415039062,623.2581846370441,600.268445571348,615.876570175767,28290128
2020-06-01,622.146484375,628.4609192257294,614.9872081373462,621.4350132841225,12276438
2020-06-02,629.7505493164062,632.9077944466039,620.3678903177164,622.9914913231122,7059304
2020-06-03,623.9251708984375,633.1300008891504,618.9892758910041,632.0627671433306,11378568
2020-06-04,629.439208984375,630.9511190357456,620.3233461908887,624.3254322953461,10782424
2020-06-05,625.7039184570312,632.9521627891738,623.0803178181826,628.772195330201,7718679
2020-06-08,641.0896606445312,645.4919659139633,626.1040943046327,629.3502523017298,10719105
2020-06-09,638.1992797851562,648.8715089071941,635.9314419530762,640.3337473222696,10078029
2020-06-10,636.6429443359375,639.844645799005,630.7287829757898,635.8870164486704,7263049
2020-06-11,626.0596313476562,634.4640223640241,622.7690166191285,633.2189072942798,8825715
2020-06-12,615.476318359375,618.2333433719971,600.7575469766981,601.0243418406906,9795316
2020-06-15,611.4743041992188,626.4599264834811,609.4288042932603,616.3212862097473,7857344
2020-06-16,623.6138305664062,633.2188243490577,621.7906692459096,624.3253015351664,10131760
2020-06-17,625.7929077148438,631.707069264896,620.7680443821375,622.4578358431633,7291916
2020-06-18,634.9087524414062,637.3099606940532,627.8828461891886,629.8394324869248,6670195
2020-06-19,627.4826049804688,633.1300255596814,623.4360622232472,630.5508817635981,22438862
2020-06-22,625.8372802734375,630.2840421706742,622.5466656131301,628.8610457945016,7804096
2020-06-23,640.911865234375,644.3358504564615,615.5208093444601,618.7225107356634,12157390
2020-06-24,635.1310424804688,646.3813178477159,630.9066185518167,637.5767615970568,10220838
2020-06-25,622.9913940429688,627.5270698457786,616.7659268648091,626.8600555052615,14945284
2020-06-26,665.4135131835938,668.4372789410681,631.440238776184,631.6181201223332,26030458
2020-06-29,650.78369140625,662.3008171293081,649.3162380695995,654.0298497416194,8954428
2020-06-30,654.5189819335938,657.1870394283036,644.1135468478716,651.717499851441,10411290
2020-07-01,650.9171142578125,660.1663476574207,649.0049846765821,655.6751284039879,5477468
2020-07-02,672.8839721679688,680.7547731031945,654.02974560888,655.7639392811026,17263756
2020-07-03,678.30908203125,679.4652292875596,669.237676752472,671.4610577383606,7796572
2020-07-06,679.4652709960938,689.2481479345191,677.2418898737243,680.5325047911842,8810958
2020-07-07,706.2792358398438,708.7694117234722,680.8437244266933,684.267763763225,19362533
2020-07-08,688.9813232421875,698.0527286852647,686.7579422160295,698.0527286852647,8476642
2020-07-09,695.206787109375,702.5884012279489,689.248115128684,693.6948771617724,6854166
2020-07-10,695.3402099609375,702.4995408007821,687.9141385170607,687.9141385170607,5206452
2020-07-13,708.8583374023438,716.2399516517524,699.0754607561538,700.8097088361494,10804688
2020-07-14,696.5853271484375,717.173858690045,694.8955357305508,705.2120570259717,8961822
2020-07-15,739.0073852539062,754.5710522037314,706.8572743848482,710.5925653091588,30060599
2020-07-16,810.2000732421875,849.7762568418333,795.3034198647927,800.5061099286693,90432109
2020-07-17,803.2186279296875,818.1152803729522,793.4357516982899,810.200022436662,31682878
2020-07-20,830.9219360351562,840.4380175666015,806.4202882841438,807.9766549833412,18421053
2020-07-21,833.1009521484375,844.6180778490103,826.3863516477368,840.438110253828,12877784
2020-07-22,816.3366088867188,835.1019232556906,809.3107030486458,835.0574664909967,14354201
2020-07-23,807.487548828125,814.4689436835986,800.9952869522857,814.3355733882971,13051307
2020-07-24,820.7388305664062,823.3179742074954,803.3075454527898,803.3075454527898,18209580
2020-07-27,843.5064086914062,847.3750704418038,817.0037144441865,819.5828041838615,16827870
2020-07-28,856.3129272460938,860.4928943366533,837.0584805660905,841.3273611829709,15818463
2020-07-29,848.5757446289062,853.7784352560393,839.1930319410403,847.7753056331453,11152710
2020-07-30,855.0679931640625,865.0287522671754,852.6667304982219,855.5571261948261,12492320
2020-07-31,859.114501953125,877.3017711582792,847.8197145182986,862.0048975342302,12704346
2020-08-03,851.0213012695312,858.5807963852518,842.6169105492309,853.7782718931486,8479792
2020-08-04,844.7513427734375,863.2943726047318,836.480376433684,854.178510641282,11133170
2020-08-05,840.1712646484375,854.6232418624963,834.4793872945021,846.6635266328617,9614176
2020-08-06,863.4277954101562,866.5850400003067,838.2146754269946,847.9975522754795,10976491
2020-08-07,845.6852416992188,862.1827183081617,843.9954503809033,862.1827183081617,8010948
2020-08-10,846.08544921875,850.9324310285657,840.7048776405259,843.9065790962767,5716319
2020-08-11,843.5064086914062,855.5571244844961,841.416397699747,844.7959807021288,6802442
2020-08-12,849.287109375,852.7110944996123,837.9478659527133,843.1060991629693,6908726
2020-08-13,845.9520263671875,861.3378122605587,843.3284258916622,849.153673342286,5097703
2020-08-14,848.08642578125,856.4463600426581,846.7079404194653,850.087468678546,4663873
2020-08-17,851.554931640625,864.8507610118887,848.5311117372377,848.5311117372377,9008210
2020-08-18,860.4929809570312,861.9604342613792,852.6222332236648,857.2468769748864,6141761
2020-08-19,853.1558227539062,864.0503906281122,851.5105423794882,863.4723440854801,6622744
2020-08-20,849.4649047851562,858.6696797429232,846.040865725153,852.7999760425731,5656501
2020-08-21,843.8175659179688,856.846600594148,841.8165229713601,856.4908379131564,6513773
2020-08-24,842.572509765625,846.663509210871,835.2798090190104,842.2167470826626,5798574
2020-08-25,834.3014526367188,843.6841637461561,830.2993668947164,842.6613867882729,6233918
2020-08-26,845.5962524414062,848.664529082758,834.5683152324956,837.1029478639203,5153601
2020-08-27,842.26123046875,854.6232512885985,840.6159501420166,853.7783556011816,6154280
2020-08-28,831.766845703125,847.1081748540247,829.8102595347734,846.1743656751053,7593610
2020-08-31,825.8526611328125,845.3295014480568,813.4017268663498,831.7668766220885,12808355
2020-09-01,813.0015869140625,831.5445643092135,811.1783709144948,823.7627301512396,6907773
2020-09-02,821.76171875,823.8961864854351,812.4235174005682,813.7575461647727,5678118
2020-09-03,832.0336303710938,844.3511937305957,821.761620965379,823.9850019744846,8827948
2020-09-04,817.4483032226562,826.6530791095023,813.2683359684394,813.757468945879,8650342
2020-09-07,822.6954345703125,824.9188155914105,812.0232056690423,817.2259498274694,6700385
2020-09-08,835.3688354492188,846.6636236377149,823.1402379439471,827.0534108583427,12891964
2020-09-09,825.0968017578125,841.3274852739322,823.5404348453079,831.5446075381889,5528947
2020-09-10,836.0358276367188,837.7700759113605,822.4732016731856,831.811403156274,5171884
2020-09-11,841.0606079101562,848.575646835775,827.9871162705836,831.4556124767968,6671903
2020-09-14,870.1424560546875,881.3927319427276,843.3729148248619,851.1102919718684,21871587
2020-09-15,873.7443237304688,884.0163336524719,864.1393281447226,871.1207231515052,11608203
2020-09-16,890.9088745117188,894.3773710041576,873.344162486157,876.9015725166505,10059251
2020-09-17,899.13525390625,908.0287776837598,884.9056158622342,884.9056158622342,15628241
2020-09-18,891.2645874023438,906.0722732574046,888.5520189803201,899.1353349420978,12897633
2020-09-21,898.1570434570312,916.9223580734721,889.7971088773121,890.2417850936426,14140637
2020-09-22,896.0225830078125,909.3628696034623,881.5261490968927,897.3566116673775,12625762
2020-09-23,906.9171752929688,922.2585052991503,896.5561973731888,907.272937991326,13486204
2020-09-24,867.4744873046875,897.3567108697015,862.6719618866308,892.0205956415367,14427432
2020-09-25,899.5355224609375,902.6037991881054,867.1186156651046,867.8300867498103,13311078
2020-09-28,898.6016235351562,903.7153994758521,888.018309006056,902.5147412511552,8554526
2020-09-29,897.3565063476562,914.2542007189203,892.9986581918373,905.3606773656235,8708463
2020-09-30,896.6896362304688,910.6524809958908,893.7992406760437,897.3566505891822,8048817
2020-10-01,905.0494995117188,912.9202466080552,899.8022985929857,907.6730456893221,5563358
2020-10-05,932.6639404296875,938.177991168938,905.4053183738242,905.4053183738242,14212509
2020-10-06,938.9337768554688,942.7135244771933,917.233557032157,938.266762569282,9090819
2020-10-07,948.5390014648438,953.3859294156534,920.9245614831242,929.2844971291418,9284008
2020-10-08,972.6846313476562,999.6320512434162,967.9711289843538,969.3940710456617,21482613
2020-10-09,984.3351440429688,990.1159338460174,968.0154429020156,973.9296572593751,10567867
2020-10-12,1006.8357543945312,1013.8616595373621,989.0487077359811,998.7426698775944,14633537
2020-10-13,1029.692138671875,1037.0292951633098,1009.9040499525504,1009.9040499525504,17523825
2020-10-14,1011.1936645507812,1036.006617873835,1005.946463752017,1033.427474237474,16649573
2020-10-15,985.6248779296875,1054.7720326863157,971.617576483811,1049.4359178497914,44288251
2020-10-16,1002.7448120117188,1010.2597962240026,975.5306507997595,990.6051302688944,18365685
2020-10-19,1001.3218383789062,1012.9723325187,991.8947251269936,1009.4149230980901,12902123
2020-10-20,1011.6383666992188,1018.0416606278602,987.1811754163805,995.0964335806225,10448776
2020-10-21,1021.2877807617188,1026.623895025529,1009.4149482374454,1014.8844870705555,19811433
2020-10-22,1004.12353515625,1029.8702479290591,999.4544342912867,1015.6406071977424,11271335
2020-10-23,1009.0223999023438,1020.258729522637,1006.9099918796849,1018.4609167833902,9069862
2020-10-26,999.9883422851562,1015.404608397535,991.6285789249065,1008.7976685578816,6309368
2020-10-27,980.5719604492188,997.516323036562,968.2569874654698,993.9206976714057,10172479
2020-10-28,967.7177124023438,993.0668285605852,961.8748209014216,984.7519445015805,7608392
2020-10-29,966.1895141601562,972.6167168133362,952.9306448690318,961.8298401019129,6935616
2020-10-30,953.3800659179688,974.054912251054,945.9640884289273,963.6276203942367,8800386
2020-11-02,963.8973999023438,970.7739462446721,944.8405179240057,957.3353391318722,7183119
2020-11-03,955.1329345703125,970.2794838049434,950.5934138557352,963.6275552277524,7204782
2020-11-04,983.3585815429688,1003.1795109331575,958.9533613323182,960.0320050865702,15702690
2020-11-05,992.3927001953125,1009.4719223907028,987.8981680386307,997.6962700861546,9568890
2020-11-06,1000.2582397460938,1007.764087314292,981.3362134262649,995.9884337350455,8807127
2020-11-09,1021.6520385742188,1030.1466595450484,1007.8088590741676,1015.1349676477776,10160320
2020-11-10,980.7518920898438,1001.2468925999046,969.0211194329931,1001.2468925999046,15622869
2020-11-11,1009.0223999023438,1012.4831674794378,977.1112237807106,985.2013811073218,12514800
2020-11-12,1004.7527465820312,1026.551229341695,1001.1571205598187,1014.0564069685468,9180976
2020-11-13,1010.550537109375,1018.4609573692055,1004.0784548820852,1006.7751740984203,6363212
2020-11-14,1018.8652954101562,1024.4385802728314,1016.7528875644482,1022.056456646917,1136144
2020-11-17,1010.100830078125,1029.247575594627,1000.1679826318572,1029.0228490497375,12813968
2020-11-18,998.2805786132812,1018.1912682317089,990.1004423255879,1014.4159051218417,9839468
2020-11-19,985.875732421875,1002.0110606721682,983.2240020620108,988.7971786314679,10092343
2020-11-20,991.808349609375,996.8871926903187,980.7967462636072,994.1904735036,8063554
2020-11-23,1024.6185302734375,1029.06818319162,990.5499527025146,993.2916613610854,10546363
2020-11-24,1024.79833984375,1038.1470786494122,1018.7756008048077,1029.2478828690405,8515426
2020-11-25,1002.864990234375,1027.8995126050327,998.9097799583233,1022.056620753758,8958701
2020-11-26,1000.6627197265625,1006.7303388915146,987.269100020362,1006.7303388915146,10962256
2020-11-27,988.797119140625,1007.6741550514914,980.7069608931107,1004.9774356356534,25306145
2020-12-01,1022.8207397460938,1024.9781372934601,993.3366723647434,993.3366723647434,8933802
2020-12-02,1025.5625,1031.450272036826,1007.6742377934773,1019.360022888317,6741637
2020-12-03,1012.5730590820312,1031.0456292876868,1009.2021601196695,1031.0456292876868,16212632
2020-12-04,1019.944091796875,1022.0564997316314,1002.2805604228399,1011.269623745018,10564055
2020-12-07,1027.8994140625,1036.4390244110734,1021.1576164188893,1031.3153020938412,7792141
2020-12-08,1036.7537841796875,1049.0238797837862,1029.247936891547,1029.247936891547,12308330
2020-12-09,1056.3948974609375,1060.2602393853772,1040.0348427035874,1049.967803632564,10039346
2020-12-10,1049.6978759765625,1053.2036326399734,1033.7422884804512,1040.394217326194,9488782
2020-12-11,1045.6077880859375,1053.4732183901037,1038.4615267300624,1042.461615964271,10574009
2020-12-14,1046.8214111328125,1054.0575412558665,1032.1242048445142,1051.1810848900202,6728187
2020-12-15,1037.8773193359375,1046.0573457233122,1035.5401846152286,1039.1358102562535,6905926
2020-12-16,1047.8551025390625,1050.7316687360103,1036.9783575022489,1042.731380166364,7788404
2020-12-17,1042.0123291015625,1050.731787639608,1039.3156097097574,1048.035068247803,6658153
2020-12-18,1069.518798828125,1074.1930678675205,1056.7542630624607,1063.2713339763013,15995676
2020-12-21,1058.2825927734375,1087.4520627787485,1035.5852052262885,1067.9008477628877,10858352
2020-12-22,1097.115234375,1100.126548795415,1057.2037692448978,1062.50733882118,10901851
2020-12-23,1126.374755859375,1131.5883473611214,1106.1493610073994,1112.8461700775822,15878346
2020-12-24,1111.0931396484375,1123.5429695500852,1102.059087737151,1123.5429695500852,7313885
2020-12-28,1114.91357421875,1121.835109125127,1111.0482330758468,1113.250509710664,4607051
2020-12-29,1123.9027099609375,1127.6330837176893,1110.1493982206223,1110.1493982206223,6878105
2020-12-30,1120.7564697265625,1126.5993609424154,1112.9809079318184,1126.329645148234,5194690
2020-12-31,1128.8466796875,1131.1838143373934,1113.7450085608632,1117.3406340929403,7430470
2021-01-01,1133.0263671875,1137.5658877551593,1128.8465408045345,1130.7342220306753,4253550
2021-01-04,1158.01611328125,1159.5891994044732,1133.6557729761507,1140.7121659257957,7208454
2021-01-05,1163.005126953125,1167.6793962718457,1146.1506322032428,1152.397987698619,8145280
2021-01-06,1152.4879150390625,1170.3761749898576,1139.8583455016612,1168.5783621250498,7161715
2021-01-07,1134.5548095703125,1166.465988875993,1128.5770596699097,1164.9827712721649,10954918
2021-01-08,1179.454833984375,1183.6797590729552,1149.0268802628925,1149.0268802628925,13186251
2021-01-11,1237.074951171875,1243.5021539161944,1204.5345831895638,1206.422264694874,20528626
2021-01-12,1233.07470703125,1238.6928713607163,1222.5125580918534,1238.6928713607163,8309868
2021-01-13,1246.91796875,1251.9968115873107,1222.5126393349674,1234.9624703704742,14442997
2021-01-14,1231.9512939453125,1244.0865310618844,1185.1631691706132,1222.512776187979,27521697
2021-01-15,1208.984130859375,1226.5128058343928,1204.534588026862,1222.5127162063673,15018441
2021-01-18,1179.41015625,1204.5345456040827,1173.9717287753224,1202.7367328494497,8861765
2021-01-19,1183.5450439453125,1196.444327863247,1179.3651075556575,1186.5563582114848,5585744
2021-01-20,1204.0401611328125,1212.0854394347348,1187.050917567979,1187.050917567979,8225838
2021-01-21,1204.2647705078125,1223.456508502453,1200.039954634344,1213.5235496302355,6142421
2021-01-22,1205.2987060546875,1218.9171608821837,1192.4444095027288,1192.8488735181843,9646591
2021-01-25,1191.1407470703125,1211.6358551336596,1180.264002504233,1209.0290048501095,6542611
2021-01-27,1169.477294921875,1193.3433051321435,1155.1846603784857,1186.196932995553,8133665
2021-01-28,1147.184326171875,1165.387181127048,1143.903405531686,1161.2073540693195,4660690
2021-01-29,1113.789794921875,1160.6227870017176,1106.5535559645639,1156.21812458117,12183519
2021-02-01,1133.4312744140625,1148.7575650315555,1115.5430123823576,1124.1276137023617,8880279
2021-02-02,1142.734619140625,1163.5443216632602,1135.857964088338,1150.6000491642085,6892490
2021-02-03,1154.780029296875,1172.1738446935738,1144.3077486924228,1148.4876850385506,8182968
2021-02-04,1150.0157470703125,1162.6454244125505,1143.4537969517771,1155.0945895852606,5032240
2021-02-05,1143.498779296875,1158.465592407593,1134.4198468425857,1156.3531843693338,5477481
2021-02-08,1171.7696533203125,1177.5675565580098,1146.555281213543,1155.5443465307796,6921922
2021-02-09,1173.567138671875,1197.3431659047264,1166.6454944725515,1174.7806402048784,7965949
2021-02-10,1165.4320068359375,1172.4883992776902,1153.8360937305665,1164.802816323847,5951207
2021-02-11,1161.9713134765625,1164.9826277984498,1153.341834475863,1158.6902833581805,4673317
2021-02-12,1177.3876953125,1189.9273962192688,1169.971717205751,1173.0729005221121,5797875
2021-02-15,1177.2528076171875,1194.1073028879357,1174.9605523684509,1186.5564670606832,4363513
2021-02-16,1159.94873046875,1186.3316088600113,1155.9935207379995,1181.1628975503354,6896421
2021-02-17,1151.7686767578125,1163.6341959298466,1146.105523221749,1159.948702075637,4575741
2021-02-18,1161.7916259765625,1173.9718525654648,1146.1057519302967,1147.004658402399,6437551
2021-02-19,1160.7578125,1168.1288006708053,1147.7236704378786,1165.0724971378693,5389696
2021-02-22,1137.2965087890625,1176.2641950227307,1132.6222386800814,1164.083967532306,7371303
2021-02-23,1138.330078125,1160.4881424500375,1130.4197677788572,1142.6448726627384,6612942
2021-02-24,1145.476318359375,1147.543736968876,1125.4306643908565,1132.6669038485365,4537258
2021-02-25,1145.7012939453125,1168.353693269703,1143.4090385374589,1158.19600618952,8788221
2021-02-26,1126.5994873046875,1145.4765225808928,1118.9137933360307,1140.7122745478393,15132388
2021-03-01,1138.9144287109375,1154.6452909859504,1131.7231773852172,1135.5885188647067,5756286
2021-03-02,1172.6234130859375,1177.5673983461695,1149.8810369969556,1152.6227454422717,10461434
2021-03-03,1207.725830078125,1210.8270135036446,1175.7696612195746,1185.837369778467,9056399
2021-03-04,1195.860107421875,1225.973471825094,1191.8600178333616,1200.0400441282789,12041941
2021-03-05,1183.58984375,1204.534403767112,1173.1176734712135,1194.1969816452302,6486176
2021-03-08,1200.714111328125,1210.0177697506867,1184.039355278149,1190.871131062039,5119392
2021-03-09,1209.523681640625,1213.9282356946742,1185.4329436149576,1195.0961884633828,6518173
2021-03-10,1229.838623046875,1235.0972027282578,1218.0179837676778,1219.7259276096895,7925984
2021-03-12,1235.8614501953125,1251.0080011886434,1231.5467652849002,1234.1984952903686,9462061
2021-03-15,1234.73779296875,1240.400947106705,1221.1643284519723,1231.5017519169687,6658635
2021-03-16,1244.08642578125,1263.8623660754606,1240.9402534617163,1245.9292277460324,9352771
2021-03-17,1246.782958984375,1258.4687401428441,1242.2884277695791,1251.5022167599107,7626744
2021-03-18,1201.9278564453125,1252.8509314993908,1180.7136850399638,1252.8509314993908,10961755
2021-03-19,1208.53466796875,1218.1979117877854,1184.7586375338283,1195.545514355077,12767112
2021-03-22,1232.2208251953125,1236.8950941592368,1201.0287101079375,1213.613398565953,4862758
2021-03-23,1232.89501953125,1243.4121796894872,1222.153023060968,1233.703947443594,7165335
2021-03-24,1216.894287109375,1231.9059769901212,1210.152490504891,1220.5797806405405,6134303
2021-03-25,1198.9613037109375,1215.7708081460744,1193.3880186416443,1210.602096762089,8749994
2021-03-26,1201.1187744140625,1219.5463569430794,1197.3434111536933,1208.7594793651183,4922071
2021-03-30,1245.2552490234375,1258.4691310070918,1201.073971513907,1210.7372166269972,10546381
2021-03-31,1229.748779296875,1247.6819156771273,1225.4789744701702,1242.2884780012896,8220987
2021-04-01,1245.1650390625,1250.9180616804947,1232.4006127133255,1240.4907699083803,5675155
2021-04-05,1267.3680419921875,1280.9415054726444,1246.7830653267072,1250.378690605227,9479572
2021-04-06,1268.40185546875,1281.8404615772447,1264.266798454032,1279.143742513618,5793571
2021-04-07,1285.615966796875,1289.8857724539662,1264.4017964254963,1267.682826929009,5879234
2021-04-08,1294.290283203125,1304.942301480815,1277.345920489526,1285.436077621409,5654434
2021-04-09,1295.369140625,1307.9088412939445,1285.4811700035339,1307.9088412939445,6052712
2021-04-12,1281.6158447265625,1328.1792417707388,1271.952600587821,1324.9880800469598,20384532
2021-04-13,1255.906982421875,1290.1552911448764,1235.9961855594531,1288.1327519321428,14855206
2021-04-15,1223.186767578125,1228.2656102015126,1186.5563352585891,1197.6129268199538,25342491
2021-04-16,1216.894287109375,1232.2655614216462,1210.4670857338144,1227.0069820161011,10879878
2021-04-19,1224.8050537109375,1240.2212118765328,1197.6580124985544,1204.5346689350752,12508028
2021-04-20,1214.737060546875,1239.5918427924767,1206.6918926962244,1239.5918427924767,8560766
2021-04-22,1214.512451171875,1226.8275350555732,1209.16400182491,1218.5126506085744,6622446
2021-04-23,1198.9613037109375,1212.0853141486664,1196.4443221016081,1207.2311980334032,7316262
2021-04-26,1207.725830078125,1214.692355211498,1187.4554453142646,1197.5681430885154,7088606
2021-04-27,1212.1751708984375,1216.2202493330262,1204.6693250824333,1209.9279051014437,3636115
2021-04-28,1218.9169921875,1222.0631643649751,1208.66943800634,1220.714804860343,4879234
2021-04-29,1219.2315673828125,1230.6027542972556,1214.7820249827055,1229.703847975636,5412357
2021-04-30,1217.4337158203125,1235.0073777380865,1209.8380015373589,1210.1975860004666,8354677
2021-05-03,1215.3665771484375,1223.4117464310652,1202.7368969322301,1205.2538790240073,4560337
2021-05-04,1195.0062255859375,1217.9732189499612,1190.241977632572,1217.1193017365222,4887060
2021-05-05,1205.883056640625,1208.040454163131,1193.5680816164222,1205.5234720985745,3939788
2021-05-06,1223.95068359375,1226.7372709215733,1202.1971970258573,1209.0288623317422,4810090
2021-05-07,1215.81591796875,1234.2434995136653,1212.1753030886932,1227.2769747832704,4991435
2021-05-10,1204.1302490234375,1216.1306288829394,1200.0851697631697,1213.388920159061,7195348
2021-05-11,1196.1297607421875,1205.4334195511567,1191.1407865903884,1201.7479254492678,6420988
2021-05-12,1192.8487548828125,1195.5454739970917,1181.6124252399827,1195.5454739970917,5241898
2021-05-14,1183.3204345703125,1192.713962778006,1178.7360337690927,1192.713962778006,4824609
2021-05-17,1195.0062255859375,1199.9950904161867,1186.8261990490278,1186.8261990490278,5017129
2021-05-18,1204.534423828125,1208.6693707997897,1195.0959078205165,1202.7366112552472,5620150
2021-05-19,1201.8380126953125,1220.2206070678799,1198.4671132580595,1206.3325452783167,4435878
2021-05-20,1203.9053955078125,1212.7146124638152,1200.040054063484,1212.0854218704528,4490092
2021-05-21,1217.568603515625,1220.2653224602886,1210.2424951033338,1211.2762593114098,4969733
2021-05-24,1211.77099609375,1225.2096048745177,1209.119155982663,1219.5015703340853,4225371
2021-05-25,1223.95068359375,1229.7037053307236,1217.5234821937663,1220.7146431572532,4099340
2021-05-26,1255.996826171875,1258.4688184939166,1224.3553683416512,1229.6139482444034,6850024
2021-05-27,1260.4913330078125,1273.0760209465604,1251.0078278477763,1262.2441563645154,15365391
2021-05-28,1263.0084228515625,1271.053590867902,1254.963145105443,1267.2332388444306,4261312
2021-05-31,1266.3702392578125,1273.4119392429232,1256.6027199236266,1273.4119392429232,4429904
2021-06-01,1260.4188232421875,1272.9576366194055,1252.6503046419778,1272.0490301692846,4791325
2021-06-02,1252.650390625,1264.734790692768,1240.2478895467564,1254.5584421184496,9272276
2021-06-03,1262.64501953125,1271.1404679527334,1251.1966000441153,1261.236635119004,5115645
2021-06-04,1259.0106201171875,1269.2324432520065,1251.741768110205,1266.551987526104,4194328
2021-06-07,1262.64501953125,1264.780222580561,1251.4237516645499,1263.8716160988222,5154576
2021-06-08,1283.8154296875,1291.8112107540412,1268.0057663052726,1268.414594839206,7360630
2021-06-09,1285.9508056640625,1294.764244224107,1276.2286497029654,1284.2244311556549,5394317
2021-06-10,1294.1282958984375,1298.3987021277069,1289.3126370323416,1293.8556695800241,3496575
2021-06-11,1314.66259765625,1318.933003290514,1298.807349725657,1299.39796605734,6140828
2021-06-14,1328.2010498046875,1342.0118244859777,1320.6140966629812,1336.5601853885398,7132294
2021-06-15,1339.1951904296875,1341.103241965154,1329.2913570426965,1330.1999635751934,5403104
2021-06-16,1345.2828369140625,1353.3239827057598,1333.3801132815156,1338.1048229800595,7661710
2021-06-17,1358.6392822265625,1365.3175175160532,1340.2853652102433,1340.2853652102433,7677951
2021-06-18,1365.908203125,1377.2657844357784,1351.461337514914,1371.0872158371628,13533974
2021-06-21,1363.182373046875,1368.1797087848922,1348.5537197008484,1356.5495012472277,5454052
2021-06-22,1373.6766357421875,1382.3992354571405,1364.817722877308,1371.723109696901,6427862
2021-06-23,1365.7718505859375,1385.6248799619614,1361.6831214319513,1385.6248799619614,5529809
2021-06-24,1416.6990966796875,1425.3763324234951,1373.08598818163,1378.3559498240268,10785137
2021-06-25,1430.3282470703125,1433.780995988941,1401.9797698421646,1428.3293572209222,9780240
2021-06-28,1428.1475830078125,1435.734424260376,1417.9711247857465,1429.1470278644247,5019178
2021-06-29,1420.197265625,1429.8284711990805,1416.6990422841063,1418.3345781555338,5913567
2021-06-30,1436.3251953125,1445.592937219506,1428.3748884610413,1428.3748884610413,6058722
2021-07-01,1417.78955078125,1432.7360827714067,1416.562954235745,1432.7360827714067,4814317
2021-07-02,1424.513427734375,1426.0125398468406,1401.6164755750622,1416.4721708422655,5166064
2021-07-05,1434.6441650390625,1440.1412786385333,1418.380197689641,1425.7398880349235,4058338
2021-07-06,1419.4249267578125,1441.7312590769384,1414.79105612742,1429.8739007482866,4089574
2021-07-07,1421.6055908203125,1427.0118655990887,1403.478937001397,1422.9231366852998,4797120
2021-07-08,1418.107666015625,1431.963915835736,1407.4315391050477,1424.6950634710877,3326813
2021-07-09,1420.06103515625,1426.4212802716218,1409.2485962773437,1413.7916285026092,3436594
2021-07-12,1406.386474609375,1433.7809813211954,1393.5751458183672,1427.011907619037,4588982
2021-07-13,1403.7515869140625,1414.1551980289798,1395.8922293132025,1414.1551980289798,4456160
2021-07-14,1432.7816162109375,1438.1424167593461,1397.527639542581,1411.9745051174857,5657716
2021-07-15,1436.3251953125,1450.908263045991,1413.7917098136713,1415.5180843413355,10021355
2021-07-16,1413.2918701171875,1430.737180651541,1407.9765445229693,1429.919412656921,6265593
2021-07-19,1400.798583984375,1410.9750432404396,1397.0279557746642,1403.524403459662,5669162
2021-07-20,1408.385498046875,1415.3362487858965,1397.4367457577998,1397.7093720633547,5069939
2021-07-22,1444.865966796875,1447.2737961294304,1418.6981669626841,1418.6981669626841,7854575
2021-07-23,1445.093017578125,1452.4073435297935,1440.186631704865,1443.3667541336133,4179719
2021-07-26,1457.31396484375,1464.3556651091174,1448.4095769168314,1448.4095769168314,4586710
2021-07-27,1456.0872802734375,1462.2203736823035,1451.8622381867779,1458.3133216636998,5892859
2021-07-28,1458.8583984375,1460.6756112185417,1440.595432170804,1458.4040952422397,4686788
2021-07-29,1469.2166748046875,1471.9424942384626,1453.8612031449802,1453.8612031449802,4660873
2021-07-30,1463.3106689453125,1475.0317141826629,1459.3582531213112,1462.856365726143,6234257
2021-08-02,1482.4368896484375,1485.344385906777,1471.21551132202,1478.7115144929824,5553389
2021-08-03,1503.92529296875,1507.0600516472089,1486.1166294266857,1496.4747647351307,5513668
2021-08-04,1498.5191650390625,1526.3679744938981,1489.2514237545286,1516.5549806164975,6740391
2021-08-05,1502.4263916015625,1513.7384986817397,1496.520449079695,1498.7464907416143,5420536
2021-08-06,1499.3824462890625,1508.8774510432706,1493.74913018797,1505.5610150373882,3754855
2021-08-09,1511.28515625,1515.055784295382,1495.929685025653,1509.1953170444733,5018477
2021-08-10,1523.9600830078125,1526.4587506055298,1509.240703706806,1515.5554738154904,6846517
2021-08-11,1524.23291015625,1530.0933778376407,1515.5556735351454,1521.7342422292586,4899639
2021-08-12,1535.1815185546875,1541.450925580674,1521.0072793528136,1525.6866250055218,5659579
2021-08-13,1555.7158203125,1565.074510517425,1536.7260354471844,1541.905047517022,5612790
2021-08-16,1548.6287841796875,1562.757547277607,1535.6356681780478,1551.6271187781572,4564109
2021-08-17,1582.4744873046875,1589.0618842398546,1532.4102927801925,1548.1745929181277,9510390
2021-08-18,1575.02392578125,1595.0587438880336,1569.163458100048,1570.9806711378014,6686090
2021-08-20,1574.569580078125,1585.5183327010102,1559.2595828305214,1559.2595828305214,6206972
2021-08-23,1579.8394775390625,1592.923432706201,1573.706383952642,1577.11365816732,6189051
2021-08-24,1563.575439453125,1596.42158589899,1556.1702744558495,1590.0613405368426,7602939
2021-08-25,1576.9320068359375,1587.2446681103022,1560.9859188868804,1560.9859188868804,6153253
2021-08-26,1569.79931640625,1586.4268587761542,1562.8030911196936,1575.5235813962493,5302248
2021-08-27,1552.626953125,1569.7995285883849,1549.3558807377954,1567.3463352118695,6698514
2021-08-30,1542.8590087890625,1561.5762768316226,1535.908148245913,1547.4020403971526,6559667
2021-08-31,1550.491455078125,1558.2600847056185,1531.7741841151649,1544.7673009071232,12255438
2021-09-01,1524.41455078125,1553.2628070693172,1520.234983076621,1553.2628070693172,7801974
2021-09-02,1534.7271728515625,1539.4519930640754,1510.69457598293,1524.0510467834472,6830050
2021-09-03,1545.221435546875,1550.0369827290895,1530.4565821277902,1541.0418684540912,5339139
2021-09-06,1572.252685546875,1573.70643374169,1544.040409791209,1549.3103717755255,4876026
2021-09-07,1550.6734619140625,1576.3415981296948,1548.2656322632693,1571.889403647568,3520341
2021-09-08,1538.4979248046875,1545.4033118813336,1529.1392336796573,1545.4033118813336,4584896
2021-09-09,1536.998779296875,1539.997225202321,1528.4124919800074,1531.8197664571585,3331674
2021-09-13,1537.271240234375,1545.9938397746905,1522.0974463135944,1529.1846208291531,4662374
2021-09-14,1532.0467529296875,1540.9510293884045,1525.1867300230015,1540.9510293884045,4945167
2021-09-15,1555.0345458984375,1558.350981797339,1535.7266578251022,1538.4979520082384,4062344
2021-09-16,1546.67529296875,1562.1216022537953,1536.862299175055,1558.4417018526922,3246568
2021-09-17,1536.7261962890625,1560.9859451336797,1530.5021531201455,1541.905208900963,7454864
2021-09-20,1533.59130859375,1551.6271236689756,1524.5960829422513,1531.001802505224,5660743
2021-09-21,1561.3946533203125,1568.9361309488545,1530.6838229663197,1544.6309092879992,4672222
2021-09-22,1559.986572265625,1579.9759159092982,1556.4884593107588,1560.0774107357743,4553892
2021-09-23,1583.2923583984375,1585.518400038669,1563.8026817178268,1573.7065151100142,3826090
2021-09-24,1602.6455078125,1624.5883763537443,1592.287371820758,1597.3301821196212,8280446
2021-09-27,1563.8482666015625,1607.3250700850183,1561.0769721151698,1607.0979184357695,5045337
2021-09-28,1532.9097900390625,1553.7168981680627,1521.9156751061432,1553.7168981680627,6557197
2021-09-29,1537.5892333984375,1545.9030044277745,1503.7436438318298,1507.6052211649328,7792548
2021-09-30,1522.0975341796875,1547.3568387431596,1517.463663304571,1547.3568387431596,6914031
2021-10-01,1512.966064453125,1525.504767014689,1509.4224770871208,1512.9205897647134,5733906
2021-10-04,1525.322998046875,1533.7276072691736,1513.1931247574664,1519.6442080318086,2947154
2021-10-05,1538.089111328125,1547.3113784746631,1511.0125935484168,1518.2814454716804,4373310
2021-10-06,1520.598388671875,1552.808443380544,1517.3727913665937,1546.5390366106856,4271698
2021-10-07,1536.45361328125,1548.447174885723,1523.4151320041883,1532.8191872297273,5476108
2021-10-08,1566.3013916015625,1573.252253947608,1543.177399084087,1549.401331818746,4738376
2021-10-11,1536.4080810546875,1571.8892084195347,1511.6485545058827,1528.276097434484,8840633
2021-10-12,1531.1383056640625,1534.6364185976868,1510.1040424566936,1523.733140312801,7439300
2021-10-13,1552.9901123046875,1557.0334775876145,1526.5043228079976,1540.9510767466015,7104171
2021-10-14,1558.941650390625,1620.590581131645,1542.9955614589314,1593.6958500860594,19655776
2021-10-18,1628.359130859375,1634.5830630857922,1580.9752805832566,1580.9752805832566,13438109
2021-10-19,1655.6173095703125,1666.838577346781,1619.4093637469448,1648.2121446209107,10324260
2021-10-20,1637.6270751953125,1679.1049884621252,1630.0857070010952,1662.2049279688235,5876115
2021-10-21,1593.3778076171875,1648.2121875961695,1587.1992390643957,1648.2121875961695,8779629
2021-10-22,1562.6214599609375,1602.0548922420703,1550.9912527162028,1589.9704926737438,7369809
2021-10-25,1551.4910888671875,1571.6621090021983,1533.0008576772336,1564.6658832481858,5905209
2021-10-26,1561.711669921875,1582.703180395499,1554.5617978837658,1567.5325432558725,5871709
2021-10-27,1584.8575439453125,1589.6242379154667,1559.3744907121156,1566.6618850523641,5090259
2021-10-28,1561.8951416015625,1581.0074575259582,1551.0327558802303,1576.0574770247522,5329972
2021-10-29,1528.7579345703125,1569.8700653107035,1522.6163644817277,1557.4035262089408,5875091
2021-11-01,1558.3660888671875,1564.9201108260659,1536.3203964152594,1537.695384836872,3636806
2021-11-02,1556.395263671875,1564.2326306070647,1545.8078079720165,1553.7369303202765,3471772
2021-11-03,1560.61181640625,1574.3158225463526,1557.4035101757524,1566.5700994057452,3530713
2021-11-04,1566.2947998046875,1573.903112375131,1562.9032071051827,1572.0697948301397,483407
2021-11-08,1592.6949462890625,1595.9032526556878,1561.0702121037543,1585.820004074865,5245903
2021-11-09,1597.2781982421875,1604.1531402719243,1582.1533257767665,1590.174091478126,4016134
2021-11-10,1595.1239013671875,1605.023749692163,1578.4406433561305,1582.1531564135157,4780368
2021-11-11,1588.8450927734375,1594.7574985770318,1566.5702342682268,1588.5241726052875,4731349
2021-11-12,1631.8360595703125,1634.2652279312947,1593.1989780971776,1597.7363947003298,5069009
2021-11-15,1638.2069091796875,1649.9859531883599,1627.5278110477404,1633.5777371633978,4354074
2021-11-16,1642.927978515625,1658.1902614229905,1628.903050988107,1640.8196180465454,6034233
2021-11-17,1638.4820556640625,1651.819488635704,1632.2946075240563,1643.1571059984349,4732492
2021-11-18,1631.102783203125,1640.3151375252248,1612.4029202478314,1633.1193879182665,4326924
2021-11-22,1612.7696533203125,1636.6027841629093,1605.207217572181,1635.3194393535562,6621839
2021-11-23,1592.1448974609375,1601.6322948852967,1567.4867501810602,1590.494866649379,8436160
2021-11-24,1554.6534423828125,1595.4447620679748,1547.3201714281765,1594.98643263331,7333061
2021-11-25,1578.8533935546875,1582.3366304170838,1555.5243562026865,1558.3202107513016,4476260
2021-11-26,1550.6658935546875,1575.140638947809,1543.653431300353,1560.6574969323747,4494181
2021-11-29,1554.9742431640625,1569.319976779763,1530.0411667963886,1550.0701406159924,3942776
2021-11-30,1569.9156494140625,1585.7280130413935,1558.3657714047674,1562.4907358292887,14808963
2021-12-01,1571.978271484375,1596.7280602334772,1570.236597304146,1572.0699149892648,5193264
2021-12-02,1602.5489501953125,1604.6114327566963,1568.7242138092479,1572.070041232639,5559574
2021-12-03,1590.907470703125,1637.7487202351147,1588.1574938785834,1623.4946289358368,6754012
2021-12-06,1554.0118408203125,1589.4406169418342,1550.5284923247566,1585.81985913203,3991449
2021-12-07,1568.999267578125,1581.1449983051332,1552.820215211459,1559.3284711839217,4202122
2021-12-08,1607.2237548828125,1613.1362715394564,1588.203083951059,1588.569769866459,3029169
2021-12-09,1616.482177734375,1621.9363656152493,1596.8198880506973,1612.4030901728913,2082171
2021-12-10,1612.6322021484375,1616.757167281118,1600.4864714799896,1613.3196963372175,1823469
2021-12-13,1599.248779296875,1623.7235242149843,1593.8863477582809,1619.781958558682,4040584
2021-12-14,1606.123779296875,1616.0695051482858,1567.8073957320184,1586.644779305723,4768144
2021-12-15,1589.669677734375,1602.2737364843924,1577.753113097995,1599.5696377294837,3053149
2021-12-16,1623.952880859375,1629.4528342458236,1611.486342229459,1615.7488284833244,4481031
2021-12-17,1669.09814453125,1688.4855004252702,1656.173277900845,1668.3190069348489,18887243
2021-12-20,1648.977783203125,1677.165045499712,1638.3445619193908,1651.5443610871475,5773891
2021-12-21,1660.6190185546875,1684.8188326544423,1650.9024578948045,1650.9024578948045,5353584
2021-12-22,1672.62744140625,1676.7066406282208,1661.3067264292642,1672.9024838335604,4156428
2021-12-23,1702.7855224609375,1706.452158001076,1674.7357829582454,1678.6315832196426,4112933
2021-12-24,1708.19384765625,1719.4229190991205,1699.4855881699425,1716.856229439158,3780347
2021-12-27,1710.623046875,1718.2771263923382,1691.2815662579003,1704.9855722004531,2647733
2021-12-28,1730.6519775390625,1737.8936051210562,1721.852074608909,1723.9603229095464,3340933
2021-12-29,1728.40625,1735.9686859965211,1720.0187986063086,1726.5270544784923,3236635
2021-12-30,1735.0977783203125,1750.6352138298448,1718.1395886523812,1727.443698876587,4584738
2021-12-31,1730.4228515625,1740.1394135966204,1715.6646655402487,1732.485334103099,4619420
2022-01-03,1740.2310791015625,1754.531047747914,1730.4228734321573,1730.4228734321573,3329616
2022-01-04,1740.87255859375,1747.7474994997385,1721.4852028594978,1740.2308303044297,3921999
2022-01-05,1690.914794921875,1744.310173720347,1686.6523088272654,1741.65184063685,6995719
2022-01-06,1666.302490234375,1675.6523656780032,1649.9859180636793,1675.6523656780032,6449205
2022-01-07,1663.0941162109375,1682.9855675391345,1656.2191751670684,1664.1481843202025,4834389
2022-01-10,1696.50634765625,1714.0603868167143,1661.9024764559133,1663.7357941354012,7857560
2022-01-11,1700.9522705078125,1714.152181342438,1695.9565241498024,1700.4022975348785,5142287
2022-01-12,1720.981201171875,1731.5686561894713,1704.98554818021,1713.1438347417302,5362535
2022-01-13,1738.718505859375,1753.1100046683785,1710.8061774704788,1746.2350634736003,14277630
2022-01-14,1768.555908203125,1771.901735722373,1724.2354707158736,1725.1521296583062,7688506
2022-01-17,1777.860107421875,1791.0600192298991,1769.6101765289661,1776.9893261419188,5262464
2022-01-18,1760.672607421875,1782.9015860656239,1752.1476347708972,1761.9100745752519,3690315
2022-01-19,1711.447998046875,1756.318405238252,1707.5979636321556,1756.318405238252,5747770
2022-01-20,1671.7108154296875,1693.9856717816563,1664.194257099349,1690.3190361284492,5533463
2022-01-21,1636.877685546875,1657.319222933606,1627.9861393418607,1645.4026577244595,8252758
2022-01-24,1592.05322265625,1621.2487862488053,1583.9865795756018,1617.9029588836443,7116712
2022-01-25,1578.6240234375,1594.9863611422659,1558.7783374266799,1582.703110464448,9137653
2022-01-27,1538.70361328125,1567.211682805281,1526.2370745710286,1560.1534540059404,11231734
2022-01-28,1545.6702880859375,1583.5742254643599,1539.5287178345586,1540.9037062696593,10998502
2022-01-31,1591.503173828125,1603.6947822357527,1572.3908577052837,1574.8200262252203,8788872
2022-02-01,1624.365478515625,1631.6528721465322,1590.1281784505836,1618.91129082175,5119935
2022-02-02,1638.1610107421875,1643.38603333258,1624.319484467234,1639.902684938985,4253717
2022-02-03,1593.657470703125,1630.736280667835,1589.486627699846,1630.736280667835,3832922
2022-02-04,1595.994873046875,1607.7739181571546,1567.6243233461087,1587.6532989938855,4700077
2022-02-07,1572.070068359375,1587.6532702031707,1554.1035756717793,1578.6699679109515,4310209
2022-02-08,1574.1783447265625,1581.2365733677884,1554.6534657575476,1567.4866901211121,6053401
2022-02-09,1592.511474609375,1597.7363853276167,1581.2365259266433,1590.4031144827397,3867244
2022-02-10,1622.1195068359375,1626.0611847183295,1603.0071918598912,1609.3321604144307,4334630
2022-02-11,1577.8907470703125,1600.4405332298606,1570.2366677708203,1594.9864576306056,7551371
2022-02-14,1542.0035400390625,1575.3241802088924,1538.382782182204,1549.153524139982,7459637
2022-02-15,1593.38232421875,1601.1739248261767,1549.5659842794273,1557.4034625903387,4669915
2022-02-16,1588.8450927734375,1609.1490001483157,1582.9325750729922,1593.3825100741633,5350642
2022-02-17,1581.05322265625,1603.236321975161,1576.9282578484235,1598.6530277442428,3937950
2022-02-18,1564.6907958984375,1578.9448859263464,1561.5283675910196,1567.4866501794208,5602215
2022-02-21,1586.4615478515625,1592.511586240144,1550.5285629515922,1559.2368226903093,5120890
2022-02-22,1589.8074951171875,1605.0698896626816,1550.1162280334843,1558.2286377063788,8878515
2022-02-23,1597.598876953125,1611.715445822276,1588.9364954567636,1604.1530102027486,5478811
2022-02-24,1538.291259765625,1572.0242424358269,1531.2787963255612,1549.2452896049654,13592379
2022-02-25,1553.3702392578125,1584.1241918873916,1537.2370640655927,1572.0701042769776,9737281
2022-02-28,1572.6199951171875,1584.032465623111,1526.2370769012384,1542.0035653092905,15076542
2022-03-02,1560.8868408203125,1571.5200618249676,1550.0702208950704,1567.48674023097,6771489
2022-03-03,1577.432373046875,1589.394815899755,1563.407559660803,1576.8365224099455,7344147
2022-03-04,1579.67822265625,1591.319745157599,1540.9035089918918,1553.9658974530068,9074499
2022-03-07,1594.848876953125,1605.0696455046082,1554.6534087811626,1555.5700676306797,9742588
2022-03-08,1630.002685546875,1649.9858927848907,1575.23232049471,1575.23232049471,10984500
2022-03-09,1662.223388671875,1678.9524135438992,1641.7360847011198,1641.7360847011198,10193515
2022-03-10,1673.7276611328125,1691.0066606004784,1659.3360479470398,1691.0066606004784,6547182
2022-03-11,1670.152587890625,1678.7692043019213,1660.0693395553908,1662.819316374091,4758657
2022-03-14,1733.126708984375,1737.068386493459,1678.90643171498,1678.90643171498,10289724
2022-03-15,1686.0107421875,1730.972793631946,1677.4857697464472,1730.972793631946,7140443
2022-03-16,1731.9354248046875,1736.1061558464455,1694.9023812238884,1709.5689242739597,5233979
2022-03-17,1700.035400390625,1763.0099275439795,1680.2814702459145,1763.0099275439795,17731459
2022-03-21,1698.614990234375,1729.6438747405994,1687.6608481396079,1705.902384463537,8362085
2022-03-22,1730.10205078125,1732.4853415701796,1685.7357371151113,1695.8189851348318,5709382
2022-03-23,1716.352294921875,1741.6520603667807,1702.2357242637431,1738.9020834293597,6192824
2022-03-24,1729.4603271484375,1736.7019549436463,1701.456464482246,1701.456464482246,3784303
2022-03-25,1720.15625,1736.151902548271,1703.1521831756534,1734.3185848053477,3438588
2022-03-28,1717.72705078125,1724.143662766315,1698.2480501123027,1710.48542344731,4008555
2022-03-29,1728.8187255859375,1731.9353882977512,1705.4898007973982,1717.727175017485,3917785
2022-03-30,1745.2728271484375,1759.0685896110049,1737.0687740035717,1750.8186587582175,7795839
2022-03-31,1747.9310302734375,1753.5685049819426,1736.3352726154383,1741.651939082954,5399145
2022-04-01,1744.906005859375,1751.0934531223463,1721.7603698015928,1729.597735863257,6171518
2022-04-04,1726.02294921875,1735.2354165534855,1716.9022372977697,1732.2562749244316,7364074
2022-04-05,1705.9937744140625,1732.1185518084062,1702.3730166918253,1726.801997582043,5472024
2022-04-06,1676.4315185546875,1702.6938170352983,1670.2899490070213,1700.4021699060447,5407453
2022-04-07,1660.0693359375,1675.7900590961772,1656.906907361624,1669.2818030188057,5797544
2022-04-08,1663.369140625,1684.8189802722507,1657.3192145441942,1671.0690974082224,5131446
2022-04-11,1619.323974609375,1662.8193986861695,1615.6573386696039,1662.8193986861695,8248407
2022-04-12,1597.2322998046875,1611.0280613906957,1583.7574583600424,1611.0280613906957,6456184
2022-04-13,1602.823974609375,1611.0280270581331,1587.65322495857,1608.6905020894412,6257693
2022-04-18,1486.270751953125,1512.4871739217342,1457.4876403245803,1471.6958531705118,30523965
2022-04-19,1431.8212890625,1500.2499024972567,1420.8213815921094,1500.2499024972567,17044923
2022-04-20,1455.3792724609375,1463.2626284192265,1432.7378426745277,1443.7377493361364,10678747
2022-04-21,1483.8875732421875,1491.5874190096506,1456.800256141785,1462.0710451761188,7766514
2022-04-22,1453.31689453125,1476.4625331304314,1450.5211518583667,1470.6417711492143,8134245
2022-04-25,1430.9962158203125,1441.7211923088341,1424.579603388439,1441.7211923088341,7000570
2022-04-26,1449.23779296875,1459.321041370177,1435.9921159637947,1445.754444216792,5345435
2022-04-27,1423.387939453125,1441.6752391683433,1421.1420580813808,1441.6752391683433,8819356
2022-04-28,1450.704345703125,1468.3042636356065,1427.6503521009124,1439.1544659986814,9245177
2022-04-29,1436.9088134765625,1464.1794178396483,1430.721365427795,1457.487762598539,9831395
2022-05-02,1412.5712890625,1423.3420305592451,1403.4047005546317,1421.646234064656,7072627
2022-05-04,1407.5755615234375,1439.1544145879882,1402.6255812849784,1418.3004254594043,6220959
2022-05-05,1453.0418701171875,1456.9376704218184,1427.650351581843,1430.0337542268524,6144870
2022-05-06,1414.267333984375,1431.683855208675,1407.1174608304052,1420.821468298153,6171472
2022-05-09,1439.475341796875,1454.5544484743823,1395.2924257167579,1411.6547653907824,6832202
2022-05-10,1423.5712890625,1438.3753528574246,1417.200554388535,1428.1545836183998,6212545
2022-05-11,1399.5089111328125,1420.7753518748366,1385.6215070579083,1420.7753518748366,7846080
2022-05-12,1383.0550537109375,1400.196531133673,1378.9300884801019,1387.8216354411659,7034979
2022-05-13,1379.021728515625,1401.8006807424024,1373.2467324482875,1392.6799690693026,6723761
2022-05-16,1364.9967041015625,1385.8506934424,1355.4176636465932,1384.1548969083362,6145331
2022-05-17,1391.900634765625,1397.9047952021128,1357.4801608808812,1370.3133852302776,6516378
2022-05-18,1383.421630859375,1420.5463180198133,1379.8467505021408,1395.1549100786954,6594126
2022-05-19,1308.209716796875,1360.9633671472852,1299.5014576111087,1357.571774117878,16561140
2022-05-20,1333.8760986328125,1344.509318520251,1326.1302644986386,1331.9052597988239,10488908
2022-05-23,1346.0218505859375,1363.988341304398,1329.201183406879,1333.8302433679657,5887569
2022-05-24,1320.9052734375,1347.0759257997265,1315.6344855663926,1346.205032839451,5693167
2022-05-25,1292.901611328125,1322.280576344643,1282.6350755287638,1315.4056340066293,9630092
2022-05-26,1305.2763671875,1310.8221981692582,1289.7849216356956,1299.8222916111945,13040065
2022-05-27,1339.5594482421875,1344.7385933567052,1317.6055125572325,1323.6095611563396,8284860
2022-05-30,1399.5548095703125,1402.4880731999708,1361.238423988207,1363.071741730952,10904213
2022-05-31,1392.8851318359375,1406.2248366976683,1378.5728096596154,1399.4623136599773,16033857
2022-06-01,1369.679443359375,1403.213870557175,1363.7043106711114,1401.5927289341514,8738508
2022-06-02,1396.9610595703125,1402.380282443649,1366.9467542416833,1374.7282575612358,7205840
2022-06-03,1409.6522216796875,1440.500279324993,1406.22470997771,1412.6166630939842,9395707
2022-06-06,1417.387451171875,1423.4550853644485,1383.0655188177598,1404.371953468,6624883
2022-06-07,1395.756591796875,1407.938335908529,1391.9585111333508,1407.938335908529,4904592
2022-06-08,1389.550048828125,1408.2626109195949,1382.1391152343751,1408.2626109195949,4697608
2022-06-09,1403.445556640625,1405.2519264807795,1372.4122720548423,1375.6545555190285,4361061
2022-06-10,1368.0584716796875,1383.9455710933585,1365.0940302087895,1376.6736146688293,6516436
2022-06-13,1319.609375,1337.3029564991043,1307.7518359097567,1337.3029564991043,6987685
2022-06-14,1334.4776611328125,1342.2128008452455,1299.8315222173412,1306.1771118108265,6090247
2022-06-15,1317.478759765625,1339.8969031884842,1314.3754537385298,1334.1533614320367,4651958
2022-06-16,1294.319580078125,1337.4419975970354,1289.5025182026482,1332.115388775437,6641772
2022-06-17,1285.1485595703125,1294.0879077001855,1266.4822480734495,1288.6224346721403,9692047
2022-06-20,1310.021484375,1317.6176460413926,1280.2387725138215,1287.696069641459,4595194
2022-06-21,1343.13916015625,1348.7899746589815,1317.9882805261443,1319.1462389521907,6270787
2022-06-22,1331.4205322265625,1352.124805240916,1329.3362071630663,1330.3089374254466,6253366
2022-06-23,1345.501220703125,1350.6426009394486,1327.4834342566735,1333.7827728271357,6254281
2022-06-24,1334.987060546875,1359.4431646256814,1323.6854317704713,1350.6426807660944,6114340
2022-06-27,1366.0203857421875,1374.7282558009683,1357.2662651950743,1359.9527513841067,4511097
2022-06-28,1371.16162109375,1378.6651683504751,1346.0107439027315,1360.8326103187287,4412178
2022-06-29,1355.506103515625,1368.2436459200944,1349.7163115135934,1356.8492900273463,5060038
2022-06-30,1354.25537109375,1372.8753173565044,1347.8634188621552,1357.1734485344632,9165177
2022-07-01,1370.4671630859375,1375.6547949150297,1336.1452254951994,1346.9374220918878,4651635
2022-07-04,1378.4337158203125,1382.3707744844498,1354.348180463237,1371.254373550415,4800224
2022-07-05,1367.27099609375,1398.7674664383424,1363.611892565881,1388.4385673643712,7379669
2022-07-06,1381.81494140625,1389.5500809069235,1361.759079288785,1373.0607080474113,5209162
2022-07-07,1388.345703125,1402.4727950463023,1385.5666030749078,1392.3754886631302,3323472
2022-07-08,1402.9361572265625,1405.252074230193,1389.5038386055053,1403.4457042001152,3652582
2022-07-11,1364.6771240234375,1389.4574331994475,1358.4241488107996,1384.918213762047,4702638
2022-07-12,1332.671142578125,1360.4621442157136,1330.2626117192424,1354.1629183603186,4710356
2022-07-13,1338.09033203125,1352.4953794215367,1332.6711094629559,1343.2317124391973,5264025
2022-07-14,1323.638916015625,1345.9643288340646,1309.882394391045,1344.1579591664824,6157606
2022-07-15,1325.0286865234375,1339.5263490867067,1306.7793063917306,1339.5263490867067,5620018
2022-07-18,1380.1937255859375,1383.621237035509,1341.4253030252682,1343.23167280077,5835171
2022-07-19,1374.8670654296875,1377.3682101141305,1361.8515689611993,1363.194868432512,3418540
2022-07-20,1403.723388671875,1413.4502382106534,1389.5499341111956,1390.7078923896215,5079392
2022-07-21,1420.027587890625,1422.389755211079,1392.421814009448,1405.298334216868,5008061
2022-07-22,1395.38623046875,1426.6047435858995,1382.278118812284,1421.046543286214,7020642
2022-07-25,1392.8851318359375,1405.4374475148409,1371.1155115049787,1371.1155115049787,7859626
2022-07-26,1344.2969970703125,1386.446679968465,1338.5998195127602,1386.446679968465,7268273
2022-07-27,1362.7318115234375,1364.538181398445,1338.5999131844894,1344.1581135160513,4517285
2022-07-28,1405.6688232421875,1412.199640488895,1380.1473759682892,1386.2151229567373,6636841
2022-07-29,1435.5904541015625,1441.1486543958167,1415.4883416034259,1419.9349470715792,7009465
2022-08-01,1436.8411865234375,1448.837590650613,1424.6594411979472,1448.837590650613,2983249
2022-08-02,1429.9395751953125,1433.0892445029015,1415.8124834185385,1432.6724247324003,4374635
2022-08-03,1450.782958984375,1454.3958119616748,1426.512195125792,1434.9421100182385,6011955
2022-08-04,1482.093994140625,1485.7530970968417,1458.9810788700863,1470.6070253108007,7402209
2022-08-05,1497.6107177734375,1505.9942683891477,1484.317378514635,1489.9681926535625,5361971
2022-08-08,1500.158203125,1502.5667338427763,1478.4812005012768,1497.9349005078725,3763409
2022-08-10,1484.4564208984375,1501.82579825184,1471.1630800470102,1501.82579825184,4423829
2022-08-11,1500.667724609375,1511.2283278462633,1497.0086212937895,1509.9777553891563,3462090
2022-08-12,1476.7210693359375,1495.1557884769024,1473.0619662635522,1494.5073770479803,3562286
2022-08-16,1478.898193359375,1490.5241416234355,1473.9421537273454,1490.5241416234355,3004430
2022-08-17,1487.9764404296875,1493.3030486989298,1468.2911489998783,1478.8980019728403,4067324
2022-08-18,1466.39208984375,1480.519181703832,1458.101153296319,1476.7211009348725,4635706
2022-08-19,1479.5001220703125,1486.7258270166365,1468.383722510961,1468.5690636860686,4739884
2022-08-22,1459.6297607421875,1481.2604012713316,1458.101233021311,1469.2176337813207,3950555
2022-08-23,1428.827880859375,1440.036894215993,1420.120012115225,1434.0155112552957,5551574
2022-08-24,1424.288818359375,1432.1629354039635,1418.2674347370428,1421.9729015815549,2888426
2022-08-25,1406.3636474609375,1434.6640826839741,1402.2876113088012,1434.0156712178525,4331088
2022-08-26,1409.513427734375,1431.1903200499391,1405.7152334482537,1422.1119934010137,3079136
2022-08-29,1354.116455078125,1360.4157935515293,1343.23164690493,1360.4157935515293,8079050
2022-08-30,1383.019287109375,1385.9373651843262,1358.0537467521094,1364.6309285026764,6725875
2022-09-01,1356.3861083984375,1359.9989612286915,1344.204476476115,1352.5417769696817,8140604
2022-09-02,1346.010986328125,1369.1701567742386,1341.3791522389022,1369.1701567742386,5175653
2022-09-05,1353.6998291015625,1358.9800745470081,1339.850577806981,1344.1582059766251,3669352
2022-09-06,1347.956298828125,1361.7591866699318,1339.0168366529965,1353.699840797904,3428442
2022-09-07,1350.318359375,1357.8219065646467,1332.1615957940903,1333.9679655146454,3600574
2022-09-08,1367.2247314453125,1372.041793391848,1355.8303750000148,1366.3909787402135,4061475
2022-09-09,1400.34228515625,1408.0774247085037,1371.0227556372274,1378.4336894514827,4816910
2022-09-12,1423.08447265625,1432.070297453377,1409.1427217355324,1413.4503494867745,5494819
2022-09-13,1431.1904296875,1438.6477281149284,1427.8092811268577,1437.6287471891776,4947158
2022-09-14,1366.761474609375,1388.5773429093863,1363.6118051604285,1386.7709730469846,14332197
2022-09-15,1327.2982177734375,1366.5760743457176,1323.8243427406153,1366.3908462433817,12784100
2022-09-16,1275.6533203125,1320.0725587223737,1267.5938621048604,1320.0725587223737,20464045
2022-09-19,1287.9276123046875,1302.4715236302584,1278.9417878558418,1289.5023903935416,6595241
2022-09-20,1286.3065185546875,1309.4656859113175,1283.1104856103493,1304.2779419579347,7219797
2022-09-21,1275.8385009765625,1286.5380812873855,1267.6401785331122,1278.2933952775163,7917054
2022-09-22,1267.223388671875,1282.0452571191677,1259.8588180198792,1265.7412244435222,9168498
2022-09-23,1264.907470703125,1292.0964260796256,1261.7115505545173,1266.80656782915,10426200
2022-09-26,1278.6175537109375,1296.4037479502074,1255.2267960719582,1259.8586292677958,9414587
2022-09-27,1290.9383544921875,1302.9347579730907,1276.533307136096,1290.8456273570864,8561254
2022-09-28,1292.003662109375,1302.3326739971817,1275.6070158529492,1277.4597493545511,7022098
2022-09-29,1295.6627197265625,1306.0379808303796,1290.4287256100483,1301.4525112090196,6119965
2022-09-30,1309.373046875,1314.7923828665785,1274.6806570733074,1286.6770613384476,8120130
2022-10-03,1291.1236572265625,1308.02985040639,1283.9443149173205,1308.02985040639,4943169
2022-10-04,1324.148681640625,1326.7888043147336,1309.8826107879445,1315.162856136162,6631341
2022-10-06,1348.00244140625,1352.310068906912,1337.7660447818066,1338.599797375784,6180672
2022-10-07,1344.34326171875,1350.5036226697623,1334.1069778990357,1339.8504060008383,3994466
2022-10-10,1354.9503173828125,1357.1272565773293,1321.3231599222415,1321.3231599222415,5274677
2022-10-11,1318.9610595703125,1370.6986213413168,1315.533434653443,1354.9503861652117,12824774
2022-10-12,1323.5,1334.9869691838028,1309.4656355867398,1331.1888884996554,5481467
2022-10-13,1315.3480224609375,1332.0688725618104,1310.8088032819626,1325.6306696088257,4821514
2022-10-14,1365.696044921875,1383.9917864088732,1359.2114783188883,1375.6544864907473,14990688
2022-10-17,1380.239990234375,1384.9181872031604,1366.8540369352932,1368.150972904232,4286396
2022-10-18,1392.9775390625,1399.693697529043,1387.0025191767377,1398.8136944110029,4692004
2022-10-19,1376.0712890625,1394.1354386594285,1372.226957947108,1393.2554355784782,3553171
2022-10-20,1390.3839111328125,1393.2556255105071,1365.649850463783,1366.3909891143603,4583939
2022-10-21,1390.0133056640625,1395.1083227791257,1381.537027301718,1389.828077547175,3594485
2022-10-24,1406.0858154296875,1409.7450321145277,1399.7402255081881,1406.6879764620671,982837
2022-10-25,1413.9134521484375,1420.0274493745878,1409.050027273703,1415.58084425637,3914341
2022-10-27,1427.164794921875,1437.4194355162388,1416.4420233482358,1433.5798469445867,6760137
2022-10-28,1417.144287109375,1430.9106521012861,1411.2912213274926,1429.084541304415,3053981
2022-10-31,1439.9947509765625,1448.189043482002,1433.0646978798516,1433.0646978798516,4542336
2022-11-01,1473.0997314453125,1474.9727126677476,1448.8446017512358,1454.4167894786017,4542692
2022-11-02,1454.65087890625,1472.8655751513168,1446.8779612836015,1472.163207208946,2938906
2022-11-03,1433.5328369140625,1445.847709887298,1425.0107962035886,1441.0247609351713,3174027
2022-11-04,1417.8468017578125,1423.8871205428436,1405.8129201282302,1423.8871205428436,4509682
2022-11-07,1411.712646484375,1430.8639469936122,1396.4010487186013,1424.776758364222,4898592
2022-11-09,1415.2244873046875,1431.8940649851572,1405.7659555205155,1431.8940649851572,3334755
2022-11-10,1406.56201171875,1415.9737879810214,1390.6885417670746,1390.6885417670746,3435763
2022-11-11,1470.3837890625,1473.5678797946769,1448.4231314014712,1448.4231314014712,7214098
2022-11-14,1484.61865234375,1490.3312223650648,1468.8386936584686,1475.1132495160641,4908813
2022-11-15,1492.7659912109375,1496.3714570965585,1472.865566296739,1477.641645412607,3497614
2022-11-16,1501.0072021484375,1506.8133982293257,1492.2977937094035,1495.716007314732,4497697
2022-11-17,1486.5850830078125,1501.0070599637168,1482.4176315788193,1495.7626215668854,3469515
2022-11-18,1492.2041015625,1496.5119353338391,1475.440897445847,1490.6119989981225,3126064
2022-11-21,1468.6044921875,1487.0065550778356,1464.7181477072463,1481.6217342048546,3071764
2022-11-22,1484.3843994140625,1487.1470008232748,1462.798246401735,1469.3536802844574,3399329
2022-11-23,1482.6051025390625,1490.893021408857,1478.999636625954,1487.9899234392515,3245067
2022-11-24,1526.2923583984375,1532.098554135688,1484.1034129991024,1488.0834978738435,5282215
2022-11-25,1531.7708740234375,1539.5905476763803,1511.3085772600134,1527.7907889701378,4563255
2022-11-28,1520.2987060546875,1548.487047342963,1517.1146154796493,1524.6065395067094,3825766
2022-11-29,1525.5899658203125,1534.6738783664032,1512.4790982095546,1518.2384235986972,3131710
2022-11-30,1531.115234375,1541.2293784079006,1510.699808237202,1517.067875616915,11868134
2022-12-01,1551.8583984375,1566.374001316123,1547.3633125882818,1551.0155341164937,5407928
2022-12-02,1533.8778076171875,1556.2599533549007,1530.1786015641067,1550.8282627462265,4283343
2022-12-05,1535.6103515625,1540.3864304174972,1520.2051280209669,1533.9714931296692,3824966
2022-12-06,1510.4656982421875,1522.7337021301264,1505.455496440047,1521.7972115384105,4822398
2022-12-07,1503.53564453125,1520.673468081389,1495.294481599639,1505.8768710098102,4898087
2022-12-08,1517.2552490234375,1520.7670887284646,1496.9802049295415,1503.535639045592,4206837
2022-12-09,1469.634765625,1524.6067189153207,1461.9554740029873,1524.6067189153207,8880658
2022-12-12,1448.9381103515625,1466.4973078867708,1432.8773891268456,1451.5603295772305,8037679
2022-12-13,1472.3037109375,1477.3139127542995,1443.2725025093648,1448.9382020152038,6135067
2022-12-14,1479.09326171875,1487.6153032300251,1473.0996990751207,1481.5281143908717,4976020
2022-12-15,1442.6636962890625,1470.2901675909304,1437.7471208878828,1469.6346699311841,6443866
2022-12-16,1425.5260009765625,1451.092241076926,1416.020712471429,1428.1482204855195,9630453
2022-12-19,1411.619140625,1420.5626719468778,1400.1003743657811,1412.181012144378,6222740
2022-12-20,1411.5723876953125,1419.7198105379402,1388.3005038322647,1405.6724509349922,7396259
2022-12-21,1413.679443359375,1424.4022150963663,1406.9366423896,1418.783271447071,6236361
2022-12-22,1425.385498046875,1432.783681993216,1415.7395995824402,1424.8703825134335,6302640
2022-12-23,1402.0201416015625,1414.007267754237,1398.1805527662816,1412.8834103737136,6283822
2022-12-26,1406.9835205078125,1414.0072001086726,1401.3177065693715,1405.204165478721,4115459
2022-12-27,1418.642578125,1424.8233924179633,1402.3944911907677,1414.0537519180007,4860076
2022-12-28,1414.2413330078125,1428.1013255966334,1403.331194418562,1409.5120096485568,5029860
2022-12-29,1421.17138671875,1424.683226545259,1405.6724212240092,1408.4818930852164,4624745
2022-12-30,1412.4150390625,1433.2051984118561,1408.5286946315782,1430.9575981689939,5060544
2023-01-02,1427.2115478515625,1429.5527741439698,1408.5286077652272,1417.8466426819327,3801140
2023-01-03,1425.8536376953125,1435.3121687570185,1418.8767149717241,1423.3250447880514,4551130
2023-01-04,1399.8660888671875,1424.4020950067627,1396.4010053183051,1424.4020950067627,7059590
2023-01-05,1381.5108642578125,1410.2611937869729,1375.938791008204,1410.2611937869729,9868404
2023-01-06,1356.506591796875,1381.3235919229485,1354.6336106552847,1376.6411390689723,6443714
2023-01-09,1390.1734619140625,1394.7622888379901,1356.2256767734436,1356.2256767734436,11498717
2023-01-10,1376.4071044921875,1389.6584697803341,1361.7042473170561,1387.8791147184363,7158624
2023-01-11,1377.8116455078125,1399.1168043423427,1371.0220893957094,1376.6410323850362,6173092
2023-01-12,1386.56787109375,1390.6884523345761,1362.5937361257968,1387.8321104596064,6591385
2023-01-13,1408.1539306640625,1422.9036556983845,1374.7680222466474,1389.283624661377,11610426
2023-01-16,1428.6163330078125,1430.9575593811455,1406.8897979903595,1414.1007294931478,6073063
2023-01-17,1441.727294921875,1444.2557738432447,1427.21169045855,1430.0211622901613,5922644
2023-01-18,1447.2525634765625,1453.292881983309,1441.820872391935,1446.643821736746,5843098
2023-01-19,1441.165283203125,1451.1389300985147,1429.2250290804857,1442.1017737225477,6165284
2023-01-20,1428.6632080078125,1446.8779035257678,1427.2116019244468,1440.3224696586608,6496429
2023-01-23,1449.6875,1454.6509460823788,1431.051313538268,1437.513121770026,4855020
2023-01-24,1453.33984375,1469.1665583932827,1451.326366015072,1460.9253950530808,5200802
2023-01-25,1445.0050048828125,1457.1793827593365,1441.024919807795,1448.7509673063582,4158617
2023-01-27,1422.669677734375,1452.450009383952,1411.6659134946801,1447.814426771755,6209955
2023-01-30,1441.07177734375,1445.9414827242906,1423.465708381426,1431.7068713675565,6964719
2023-01-31,1436.3424072265625,1450.5302621810438,1416.9102279600907,1450.5302621810438,9448126
2023-02-01,1452.59033203125,1456.2895379449433,1431.0042954833616,1444.255544060007,6194199
2023-02-02,1483.1669921875,1486.1637163893859,1453.4334155485399,1453.4334155485399,6916834
2023-02-03,1497.8231201171875,1502.7396958709587,1473.099744891826,1496.0437650760916,7040194
2023-02-06,1470.1497802734375,1496.51201414969,1462.4237326409375,1496.51201414969,4570612
2023-02-07,1463.1729736328125,1475.9560935124825,1456.3365463513178,1469.3537888869607,4336238
2023-02-08,1489.48828125,1501.194413608142,1466.0760165337158,1466.0760165337158,7983338
2023-02-09,1514.30517578125,1516.8805247196535,1485.320839819749,1494.8261271746128,6904911
2023-02-10,1506.39208984375,1513.6498924248972,1495.0604614564386,1510.5125572743648,4786762
2023-02-13,1467.9022216796875,1495.575566077777,1466.5443559660605,1495.575566077777,4001199
2023-02-14,1492.0634765625,1494.6388254158169,1477.9224929950983,1484.0564371278406,5043736
2023-02-15,1495.6221923828125,1497.4483031229606,1475.909021714688,1483.4009456827828,3465747
2023-02-16,1500.07080078125,1511.9173163013838,1496.371594044499,1498.385071848337,4290289
2023-02-17,1483.2138671875,1493.70251624534,1475.4409494323093,1492.7660256395436,2857734
2023-02-20,1491.314453125,1501.1944749661757,1481.9964171141442,1484.2907734230373,2417716
2023-02-21,1479.1868896484375,1499.9301791189498,1475.9091725773583,1497.1674632827064,2723288
2023-02-22,1462.6109619140625,1474.9725912373558,1456.5237734422892,1463.7347048279285,3656244
2023-02-23,1452.2159423828125,1470.149760417762,1449.827959919277,1470.149760417762,4766854
2023-02-24,1452.1690673828125,1469.3536457941773,1446.8778730095628,1460.925230999947,2790986
2023-02-27,1413.4453125,1442.1955282782062,1406.60888537264,1442.1955282782062,4920268
2023-02-28,1393.076416015625,1427.2114472251376,1387.2233506972805,1419.3449045737461,9679811
2023-03-01,1401.0367431640625,1405.5318292458812,1387.4107598361636,1397.6185297683587,5125043
2023-03-02,1378.6546630859375,1394.0598877672114,1374.1127065281696,1390.6885444623579,4644499
2023-03-03,1385.3504638671875,1395.1836142697232,1379.45052789859,1392.3272724733395,4615015
2023-03-06,1411.712646484375,1423.8402678058542,1398.3209000903332,1399.6320097355872,6561742
2023-03-08,1397.8994140625,1400.989878639518,1387.0361464232192,1395.8860508113924,4137080
2023-03-09,1386.380615234375,1403.1905746633752,1380.9489243872285,1400.0533542248045,5104656
2023-03-10,1378.0926513671875,1380.6680002615576,1365.0754104557427,1367.2761402837575,3699580
2023-03-13,1343.9576416015625,1384.414104244787,1337.308581183309,1371.209495287346,8798403
2023-03-14,1329.8165283203125,1356.3660114975357,1321.3881137041978,1349.4828290912467,7402784
2023-03-15,1329.4888916015625,1351.2154276056997,1326.866672217267,1346.673471098705,7556182
2023-03-16,1314.9263916015625,1327.7563810512163,1309.869319640301,1327.7563810512163,7323117
2023-03-17,1330.47216796875,1351.262328164951,1321.7628738597364,1339.1815763954655,9090018
2023-03-20,1314.505126953125,1329.5357333317868,1296.8990569629539,1329.5357333317868,8221829
2023-03-21,1302.3773193359375,1315.7691794876926,1301.7218216995677,1310.1502363724428,8536755
2023-03-22,1301.0196533203125,1317.876485251042,1294.3705924778442,1313.896399934064,8356487
2023-03-23,1287.253173828125,1296.0560938352812,1282.9920959575372,1296.0560938352812,7607718
2023-03-24,1292.9656982421875,1310.103406683715,1290.0157301518043,1299.8488809079524,7559127
2023-03-27,1300.7386474609375,1307.1068296318651,1286.8317841199055,1298.2101684235522,4170193
2023-03-28,1290.109375,1309.2138053231909,1288.4705165169416,1303.6884881453407,6633366
2023-03-29,1295.681396484375,1301.6280879262915,1277.8880780901077,1291.4203192470966,8813966
2023-03-31,1337.2615966796875,1339.134577725812,1305.3741629600318,1314.8326943794225,8711975
2023-04-03,1321.2476806640625,1343.863950499421,1315.9097302114565,1343.863950499421,5242764
2023-04-05,1333.141357421875,1336.8404498923917,1311.0869561116274,1311.0869561116274,7506334
2023-04-06,1331.595947265625,1337.6831358925422,1320.779435593794,1326.070630109961,6948465
2023-04-10,1336.9339599609375,1342.9275226746292,1325.1342012444914,1333.5157464016077,4993788
2023-04-11,1316.84619140625,1342.3186882844154,1300.7853558338913,1338.1513511220319,6942255
2023-04-12,1337.589599609375,1340.5863238692878,1311.0868693098168,1323.3081176401072,5831169
2023-04-13,1300.97265625,1321.4350666922073,1295.1664604335588,1320.2175832221326,11267238
2023-04-17,1178.38623046875,1181.0552059573615,1110.0224130276456,1170.8943052697248,53171705
2023-04-18,1179.3692626953125,1189.296038916163,1173.5161971974424,1189.296038916163,12430884
2023-04-19,1153.9437255859375,1174.6870162100558,1151.3216203738693,1174.6870162100558,11307230
2023-04-20,1145.70263671875,1159.2348803248456,1143.829655496165,1152.5389495905642,8621249
2023-04-21,1149.4017333984375,1154.9270508901977,1142.518550242077,1150.1041013596518,8691352
2023-04-24,1148.41845703125,1151.8834264895454,1140.6455394018426,1150.0104453082618,8313774
2023-04-25,1147.107421875,1157.0341999172645,1137.8361415616966,1148.090668468442,6808576
2023-04-26,1149.5889892578125,1154.6928168900636,1143.0335555852816,1150.0103642668273,5680192
2023-04-27,1167.101318359375,1168.5529244021643,1147.5755137502608,1151.8833473075476,8020704
2023-04-28,1173.1885986328125,1179.0416648802322,1165.8839262289528,1175.9512001745147,10118277
2023-05-02,1196.31982421875,1198.473798241163,1174.8742817758778,1174.8742817758778,8886401
2023-05-03,1188.5469970703125,1191.684217529937,1181.9446930064287,1185.597028992456,5549783
2023-05-04,1192.66748046875,1194.7745840203725,1182.3192150770417,1188.359532864619,4505401
2023-05-05,1179.1353759765625,1197.7715631137266,1174.5934191050756,1197.7715631137266,5373791
2023-05-08,1185.2225341796875,1189.6241087896717,1175.4830086350073,1182.2725657925323,5260842
2023-05-09,1189.99853515625,1191.2160186382266,1180.6336293493457,1185.597075154084,4969897
2023-05-10,1183.0216064453125,1195.3364791998104,1179.182018316231,1195.3364791998104,6515734
2023-05-11,1176.32568359375,1194.868241053851,1173.469456185083,1189.5770469129602,6888461
2023-05-12,1166.1180419921875,1176.2321861350786,1160.358716292899,1173.7504631972886,8292212
2023-05-15,1178.4329833984375,1188.3130054564801,1166.5395979024681,1170.519683154277,5534710
2023-05-16,1184.005126953125,1193.042169908385,1182.5535207768626,1184.660624654707,5236469
2023-05-17,1167.7100830078125,1180.8677065697564,1163.5426314934318,1180.539957742662,10465667
2023-05-18,1166.8673095703125,1179.650429364539,1163.5427221506357,1178.6670684889439,6948732
2023-05-19,1188.31298828125,1192.433569934166,1173.2355119382144,1176.2791064985481,11094136
2023-05-22,1210.6949462890625,1213.3170510598163,1189.577040098132,1192.1055186838032,7625947
2023-05-23,1217.4844970703125,1230.688990005352,1214.6750256238067,1216.6883887063207,7436031
2023-05-24,1216.1734619140625,1222.1201539760011,1209.2902793126789,1213.9727320099048,4824077
2023-05-25,1221.511474609375,1223.9931975291138,1207.3704896055162,1212.287065188552,4334121
2023-05-26,1233.779541015625,1239.3984848240855,1223.0567689748948,1223.0567689748948,5521606
2023-05-29,1230.9232177734375,1248.0609264704428,1226.6621399885078,1248.0609264704428,4419365
2023-05-30,1239.77294921875,1242.1610457663946,1226.006584333136,1231.485030999138,6274719
2023-05-31,1234.57568359375,1246.562695458783,1230.6892244887258,1236.0271755270528,17800782
2023-06-01,1235.6993408203125,1245.0642467757525,1234.3882311230109,1238.5556828638016,4277841
2023-06-02,1232.8521728515625,1246.0443786264407,1230.0524394319689,1242.3429517033835,10909311
2023-06-05,1238.0721435546875,1242.770032905285,1231.2388288894117,1237.59760459587,5002553
2023-06-06,1213.87060546875,1222.981729923001,1208.1761382030638,1222.981729923001,10008100
2023-06-07,1223.3138427734375,1228.106732235523,1217.192337010864,1224.784959775844,5397578
2023-06-08,1217.47705078125,1226.208520218204,1215.8635490052707,1220.703822624761,5034942
2023-06-09,1201.485107421875,1217.1923928289245,1199.6344518797355,1217.1923928289245,5339073
2023-06-12,1226.1610107421875,1229.7200524729546,1208.176032871067,1208.6505717685027,4785588
2023-06-13,1238.404296875,1239.9702986089587,1231.0015586346535,1233.7064075273615,4846587
2023-06-14,1234.180908203125,1240.160029382451,1227.3474778998798,1239.8278752926387,3457981
2023-06-15,1221.2733154296875,1228.059128772096,1217.3346195305912,1228.059128772096,6161155
2023-06-16,1225.87646484375,1235.2248587754298,1215.8162625032485,1221.4632295382082,8536287
2023-06-19,1228.1068115234375,1233.3267400113657,1221.510766412205,1228.1068115234375,4451787
2023-06-20,1237.0281982421875,1238.5466997607014,1225.354493351023,1228.106842521339,4009180
2023-06-21,1233.184326171875,1237.4077922708432,1229.055860544753,1233.7537497317826,4041529
2023-06-22,1216.290771484375,1223.741009475692,1208.6506484095094,1223.741009475692,6676607
2023-06-23,1200.58349609375,1214.2027402501333,1199.017494449738,1211.4503912779653,7239467
2023-06-26,1205.6610107421875,1209.1251680286568,1197.9735034098683,1205.5661261290436,3403244
2023-06-27,1214.0130615234375,1216.717910462432,1209.3150562411674,1214.8197545958758,3240024
2023-06-28,1227.4898681640625,1230.6692559306819,1216.148433698974,1224.3104803974434,5662358
2023-06-30,1267.493408203125,1270.7202959100168,1238.0244960248895,1241.5835377925882,12821692
2023-07-03,1265.78515625,1277.4588608295876,1260.8024972460214,1262.2736143412715,7732412
2023-07-04,1276.652099609375,1277.4587926151432,1263.60227910532,1275.8454066036068,5797775
2023-07-05,1278.692626953125,1288.800213319331,1272.7133901877326,1288.7053287056738,5414936
2023-07-06,1275.4656982421875,1278.8348549715627,1269.0594229934848,1274.1844663632921,5963897
2023-07-07,1262.463134765625,1277.2688398571106,1257.8601310018937,1266.0696764374923,6295647
2023-07-10,1261.466796875,1273.5675389768905,1252.118403598502,1268.489995854001,3940315
2023-07-11,1279.9263916015625,1282.1093170430452,1259.4263327917743,1265.5478387081876,6126128
2023-07-12,1265.405517578125,1283.058342052219,1259.4262809050838,1282.2041488340378,8102770
2023-07-13,1295.586181640625,1306.6904622705142,1263.0802644808616,1266.9240762093295,9977644
2023-07-14,1353.3375244140625,1357.1813360782141,1310.344366986501,1310.344366986501,12833381
2023-07-17,1350.490234375,1384.657035812718,1342.2808039351512,1353.3374678281432,11569884
2023-07-18,1400.07958984375,1402.689553916086,1356.232239770198,1360.977628992627,16743977
2023-07-19,1399.84228515625,1422.4778838610052,1386.3179262126616,1410.3296414156002,13687062
2023-07-20,1375.6883544921875,1396.0935284291188,1367.3364230042164,1396.0935284291188,8347221
2023-07-21,1263.7919921875,1281.2550471115694,1238.5465455411838,1252.9724819521573,45548305
2023-07-24,1268.537353515625,1281.1601344899118,1266.3070438754467,1272.713318970938,8859789
2023-07-25,1266.63916015625,1274.469051706114,1256.8162284736281,1268.9169699597815,6801982
2023-07-26,1280.1636962890625,1281.2551590398325,1271.1949565174777,1274.611613770737,5528885
2023-07-27,1284.2447509765625,1294.352453525993,1278.4553991042765,1289.4171790586518,9191861
2023-07-28,1272.239013671875,1294.3999610114613,1267.9681628240396,1284.9091813496048,6122735
2023-07-31,1286.664794921875,1288.3731813935915,1265.3580435307595,1280.0687502059716,7902180
2023-08-01,1295.6810302734375,1299.287572433425,1287.8986382703856,1292.6440275049854,6064652
2023-08-02,1287.7562255859375,1302.0872775937983,1279.7839486732953,1299.5723140372081,7419145
2023-08-03,1294.826904296875,1296.9623293722977,1280.3059674423107,1281.2550452536098,6503741
2023-08-04,1308.161376953125,1315.3269607642067,1292.6439779220423,1299.192637985444,5712345
2023-08-07,1322.0654296875,1323.9635853654431,1306.8801842639537,1317.2251558795901,3729093
2023-08-08,1319.4080810546875,1322.5875847773373,1313.9034986186628,1321.9231607192773,4161877
2023-08-09,1323.394287109375,1324.9127886246297,1312.100236585638,1313.5238534788593,4090828
2023-08-10,1318.3641357421875,1324.7230274163594,1315.042362971188,1320.7368305786158,3873025
2023-08-11,1301.9923095703125,1325.7192537103633,1297.4368058079544,1321.1162497180374,5783517
2023-08-14,1322.58740234375,1323.9635187993792,1296.0606085656661,1301.9923447610038,4304135
2023-08-16,1346.2669677734375,1347.6430843526266,1333.8340707625202,1338.9591144663077,7735313
2023-08-17,1339.6708984375,1347.6905600057007,1334.4034699774754,1347.6905600057007,5618346
2023-08-18,1318.079345703125,1336.9659019665257,1315.5642662654966,1332.2205127839168,5134103
2023-08-21,1333.833984375,1335.3524857081586,1316.513314251209,1318.9808933993697,3032722
2023-08-22,1332.2679443359375,1334.450869589094,1325.5295152148603,1333.1695218924635,2890714
2023-08-23,1336.254150390625,1344.4636971963555,1334.071340786375,1343.894273641083,2559125
2023-08-24,1351.107177734375,1352.4834101025679,1342.4230924054214,1349.1141374590973,5171963
2023-08-25,1347.785400390625,1350.063210348702,1339.5284696286014,1341.046970982577,4307172
2023-08-28,1343.5621337890625,1352.2462196252268,1339.5285527696528,1347.7854840441626,3133464
2023-08-29,1345.4603271484375,1351.8666030641068,1343.2300172227185,1351.4869487278863,3074444
2023-08-30,1362.069091796875,1363.492708563721,1351.4868506591406,1354.3340841928325,3070887
2023-08-31,1362.3536376953125,1371.322492128357,1355.8999783761528,1362.0689838770345,9792735
2023-09-01,1370.3260498046875,1372.366590381703,1355.4729580726562,1358.082922196826,3582133
2023-09-04,1390.4940185546875,1395.1445234704363,1361.6420270073086,1369.5194199781222,4609014
2023-09-05,1403.59130859375,1404.6827713333548,1382.3319407792674,1390.3991028092184,5496840
2023-09-06,1402.2149658203125,1407.3875094039042,1388.7856074751687,1406.4384315927011,5075786
2023-09-07,1391.537841796875,1398.3712715567144,1387.599261559934,1395.7138073410727,4411743
2023-09-08,1394.7647705078125,1399.6525445547095,1385.843415640873,1388.9754188545974,3125838
2023-09-11,1401.2659912109375,1402.784608504087,1389.9245568734652,1394.7648308962373,4182226
2023-09-12,1424.66064453125,1427.4129932875558,1401.882777617087,1407.007820843618,6793161
2023-09-13,1422.05078125,1428.3621721582897,1412.8447723957217,1428.3621721582897,4804686
2023-09-14,1430.2127685546875,1435.5276970079474,1422.8100311020337,1428.3621131550806,6444213
2023-09-15,1434.6260986328125,1441.0798745512886,1432.1585193184187,1440.7002202288666,8657816
2023-09-18,1415.83447265625,1428.267370107953,1412.2279302561053,1428.267370107953,3991916
2023-09-20,1414.36328125,1418.9662857014068,1401.0286909716779,1401.0286909716779,4169337
2023-09-21,1425.277587890625,1427.9350520755597,1400.838834510779,1410.8516516546968,6779195
2023-09-22,1419.962890625,1430.2128621969134,1409.5704183462783,1415.929309642692,5455613
2023-09-25,1399.083251953125,1413.9837290940338,1396.615672509019,1413.9837290940338,4217863
2023-09-26,1386.2705078125,1404.5402554107282,1384.7045062760928,1403.8284470627452,3996528
2023-09-27,1392.2972412109375,1394.7648205125847,1376.210417587719,1381.8573845965407,3863586
2023-09-28,1366.150146484375,1397.6121022629434,1361.926796141172,1393.1514824430608,5814602
2023-09-29,1362.3536376953125,1373.125763060997,1343.894121422824,1359.174250338779,6068968
2023-10-03,1360.9776611328125,1363.8248947335087,1347.9753406979924,1362.9233171016476,4181867
2023-10-04,1370.8006591796875,1376.1154723166344,1345.982248607264,1352.4360247512807,4510406
2023-10-05,1388.927978515625,1400.506798175597,1376.3526965932092,1378.0610831205893,7384621
2023-10-06,1403.4013671875,1408.906065046382,1388.7856610148956,1394.6698973295106,3598672
2023-10-09,1400.3167724609375,1415.0749783691183,1387.7414918013862,1390.3040713351108,3567552
2023-10-10,1419.013916015625,1420.7696870472064,1394.290389147823,1408.3367891089576,5688951
2023-10-11,1418.3018798828125,1440.9373621205468,1406.0112529262074,1420.769458978731,7220129
2023-10-12,1390.87353515625,1427.79268525823,1378.0609846788639,1415.9292125939835,11081662
2023-10-13,1358.272705078125,1364.7738647819372,1328.7089086889514,1333.4542976485548,17973439
2023-10-16,1361.1201171875,1370.088857157179,1357.1814206629801,1359.1744611168824,4850745
2023-10-17,1368.9974365234375,1379.3424093030972,1364.8215862454756,1366.9095113844564,3923764
2023-10-18,1367.194091796875,1379.9591420581296,1365.10605109278,1368.5702082859855,4264837
2023-10-19,1360.6455078125,1366.3399750170827,1353.4799235717073,1353.4799235717073,6795691
2023-10-20,1354.5712890625,1365.248414304716,1352.6731334638837,1357.1812530105972,3928622
2023-10-23,1336.91845703125,1359.4115543962955,1333.691569362393,1353.005279289947,2636516
2023-10-25,1317.114501953125,1348.3587775546557,1308.7025815988666,1344.9458943551224,6940777
2023-10-26,1306.9239501953125,1320.9118187987838,1300.819322975117,1302.6940498987915,6357656
2023-10-27,1327.016357421875,1331.4867153521186,1310.9616547992175,1310.9616547992175,4634358
2023-10-30,1323.843994140625,1327.016419299138,1310.4329197245515,1327.016419299138,2667696
2023-10-31,1315.528076171875,1327.7854443916494,1310.3366967492134,1326.6317393233992,3451595
2023-11-01,1301.8287353515625,1324.228405726366,1299.4253296877127,1319.9985056410244,3090672
2023-11-02,1317.2105712890625,1323.1229728710377,1309.0389917857558,1317.0663434741273,3758060
2023-11-03,1335.3802490234375,1338.2162206529902,1324.5168089113918,1326.727988976112,3349045
2023-11-06,1349.079833984375,1352.877168328979,1337.0628045979033,1340.0430044149878,2736381
2023-11-07,1350.0411376953125,1351.5792939192095,1340.9561934614692,1345.9072328244042,2272209
2023-11-08,1337.2550048828125,1350.7140775415899,1332.8807593271897,1350.7140775415899,3550635
2023-11-09,1321.680908203125,1343.5037849964333,1317.1144373775558,1341.9656288206845,5498051
2023-11-10,1315.960693359375,1320.0945979787737,1308.4140231623705,1317.0181683643543,2943649
2023-11-13,1320.479248046875,1329.0352787241643,1317.8834993971936,1326.535760188536,3462092
2023-11-15,1356.00146484375,1359.3662327465881,1339.1776253295595,1344.945798877282,8551860
2023-11-16,1389.0723876953125,1397.2439671097416,1356.097614410863,1361.3851069731406,6673907
2023-11-17,1382.0064697265625,1394.9367461730697,1379.6030638923567,1385.3712378944508,4901251
2023-11-20,1381.0931396484375,1395.8981434282862,1378.2571676346465,1386.2845198509563,3584210
2023-11-21,1383.4002685546875,1393.9752532343966,1381.237203506565,1386.2843552855172,3793135
2023-11-22,1401.4739990234375,1402.579471778413,1380.7084795916498,1380.7084795916498,3108786
2023-11-23,1393.2542724609375,1411.1837023014712,1391.7641139980717,1411.1837023014712,3186928
2023-11-24,1381.8621826171875,1396.522957576825,1378.4492995375242,1389.6973087712938,2973195
2023-11-28,1386.957275390625,1389.1684555139282,1371.9120500149772,1388.2070932609774,3755373
2023-11-29,1403.204345703125,1404.2618207292774,1393.7830658701937,1395.032766408813,3875778
2023-11-30,1398.9263916015625,1404.2138843168973,1393.5427861257995,1397.0997797382327,10120867
2023-12-01,1396.1865234375,1403.492853489683,1390.274121786991,1403.492853489683,3489187
2023-12-04,1407.770751953125,1415.0290836998097,1393.3023208663506,1404.0214158015515,5511948
2023-12-05,1397.772705078125,1410.2224175954661,1386.2844722392983,1409.1649425090395,5123039
2023-12-06,1417.3365478515625,1419.9321792336239,1394.9848733984943,1400.464591806758,5269178
2023-12-07,1409.260986328125,1415.9424072165132,1405.3194244603783,1415.9424072165132,4424453
2023-12-08,1433.535400390625,1436.9481661035304,1409.597455929151,1413.5871328983626,6323433
2023-12-11,1430.98779296875,1440.1207348788628,1424.73893797762,1432.4298364282415,3862018
2023-12-12,1419.0189208984375,1432.4298785243093,1410.9434538172047,1420.4128493420585,6103494
2023-12-13,1393.013916015625,1419.018812113955,1377.7763476514297,1418.9706970593943,8549258
2023-12-14,1443.4373779296875,1452.618434833256,1404.8867731828336,1406.857612838719,12489858
2023-12-15,1517.414306640625,1527.1721576419056,1462.2320861007129,1464.202925794702,18395389
2023-12-18,1503.906982421875,1531.4500338076286,1500.0135357990437,1507.3678629823212,6467243
2023-12-19,1498.0909423828125,1513.1361687292908,1483.6223926007674,1509.4349472873578,4221721
2023-12-20,1477.0369873046875,1522.3171258988723,1470.8842454217079,1504.580039292656,6592367
2023-12-21,1476.652587890625,1486.8911205157056,1462.4724930524826,1462.4724930524826,5319038
2023-12-22,1502.5130615234375,1505.4932609831062,1464.154684851386,1475.6429166255464,6741060
2023-12-26,1484.2952880859375,1488.1888523737832,1464.1547946804083,1475.691142373228,6878067
2023-12-27,1506.55078125,1509.3387552878505,1484.3433364104721,1484.3433364104721,4225849
2023-12-28,1502.272705078125,1508.3292166862195,1494.9182605826363,1508.3292166862195,5702253
2023-12-29,1483.285888671875,1499.196364029952,1480.497914582746,1481.5073919205702,4388990
2024-01-01,1491.409423828125,1496.8411444511967,1475.9315138206164,1479.5366225500268,2808451
2024-01-02,1475.1142578125,1489.2943509802142,1464.1547047070342,1486.2660364261817,5396313
2024-01-03,1432.4298095703125,1461.222563163446,1430.507084993708,1461.222563163446,7550363
2024-01-04,1454.252685546875,1461.0303366161402,1435.2177826642023,1446.8021278177912,7056038
2024-01-05,1473.3358154296875,1480.2094618779236,1448.051940416499,1448.532621558546,8895403
2024-01-08,1463.9625244140625,1476.6524595467752,1454.781467714295,1469.8748085428847,4440136
2024-01-09,1470.21142578125,1492.9956655581655,1466.89465540363,1482.3245674013037,4412074
2024-01-10,1461.174560546875,1476.1236736674186,1446.8502390285905,1466.029369674196,4096845
2024-01-11,1436.467529296875,1466.077535646869,1429.1611991473617,1465.9814228857829,11296088
2024-01-12,1550.4371337890625,1555.484286139019,1495.3030263512492,1501.6479944061484,26754401
2024-01-15,1588.2666015625,1600.6200834072047,1572.7886923033784,1581.3928377800241,13228305
2024-01-16,1568.5107421875,1584.8057865912774,1562.2137720417506,1581.2487929441481,6500917
2024-01-17,1576.826416015625,1583.844407829469,1557.6472848471606,1557.6472848471606,9209876
2024-01-18,1579.1336669921875,1585.2864090913179,1565.338141663395,1579.1817820479896,6375464
2024-01-19,1595.0921630859375,1601.148792068902,1580.6237319547474,1587.7858336178035,4522736
2024-01-23,1578.7010498046875,1609.993320778504,1574.4229173595988,1586.343832786963,9401255
2024-01-24,1610.6663818359375,1615.0886248379493,1581.4409451538254,1595.765266547254,8999681
2024-01-25,1604.6097412109375,1615.6174096135105,1593.9386434858618,1608.3109624792746,8865304
2024-01-29,1592.5927734375,1614.4637659098305,1583.9405126792153,1600.8124680993892,4253785
2024-01-30,1587.6417236328125,1624.7022872449177,1584.5654112138673,1598.2167089344066,4995943
2024-01-31,1596.7266845703125,1602.8313117696607,1574.8075769550203,1584.5654278748498,6763779
2024-02-01,1593.0255126953125,1612.2046444398836,1586.5843146039933,1595.4289185456998,5760011
2024-02-02,1627.9228515625,1652.1011372395883,1600.668253420957,1601.6777307925615,7858483
2024-02-05,1622.010498046875,1635.0370047350723,1616.8672329829697,1629.2688306775033,3634135
2024-02-06,1662.6279296875,1666.0408126850077,1609.2723237417308,1621.5778077302,7694265
2024-02-07,1628.307373046875,1662.1953936519833,1621.6739497980948,1662.1953936519833,4613877
2024-02-08,1626.7210693359375,1640.4204816475594,1617.7804706606282,1632.393130184841,5919715
2024-02-09,1604.85009765625,1627.4902262777873,1595.6691583001955,1619.606985174379,4600004
2024-02-12,1615.1846923828125,1627.5381738217136,1605.811410447468,1605.811410447468,3555808
2024-02-13,1619.462890625,1623.8370186269938,1599.2261675031743,1617.9727321357634,2696481
2024-02-14,1601.8218994140625,1604.9463270491935,1572.3081222329592,1596.0537253184355,3768579
2024-02-15,1611.5797119140625,1622.5392659025467,1597.3996176038493,1612.204620896798,4834391
2024-02-16,1635.9022216796875,1642.968211288489,1622.731487432035,1623.7409648134922,4880654
2024-02-19,1634.075439453125,1645.3714455796578,1622.490977718017,1639.1225911266822,3690993
2024-02-20,1620.1357421875,1628.7880024929073,1604.2732649609202,1619.8954016234609,3706389
2024-02-21,1591.5833740234375,1609.320461197266,1581.729410626023,1609.320461197266,4300508
2024-02-22,1616.3865966796875,1619.511024380933,1580.8643040639733,1600.6683454072602,5841277
2024-02-23,1612.060302734375,1632.8257043439937,1607.3016064283056,1631.4317759907635,5373072
2024-02-26,1596.005615234375,1610.2337065894699,1581.4409531976921,1610.2337065894699,2782438
2024-02-27,1599.322265625,1606.5324827253958,1588.9396234127066,1596.8227471676216,5159088
2024-02-28,1606.6767578125,1622.5873509570388,1597.8322715172949,1605.4750549270755,3188916
2024-02-29,1609.2242431640625,1617.2515942284858,1589.4202049073078,1600.6680959372443,7814722
2024-03-01,1590.7662353515625,1607.349735907286,1587.2092415941747,1604.5137639131906,6387291
2024-03-04,1573.9422607421875,1600.139382587033,1570.5294950976115,1593.7944150788564,4445156
2024-03-05,1544.428466796875,1574.086468972356,1540.1023366377801,1570.8659288802326,4596579
2024-03-06,1555.051513671875,1557.5510319856057,1515.1068662897885,1540.8714208560284,6420684
2024-03-07,1553.9940185546875,1565.5303659740043,1542.2173305641352,1554.138246368188,6348359
2024-03-11,1538.7564697265625,1551.446522464346,1526.643328250248,1546.0148020133513,6752895
2024-03-12,1550.629150390625,1562.2136121173794,1535.9203787934227,1538.1795565463428,4614222
2024-03-13,1549.13916015625,1561.7329822176875,1536.785678658404,1550.5812035377992,5688997
2024-03-14,1589.42041015625,1593.698425645205,1545.8706490348302,1552.023391506724,8803799
2024-03-15,1570.8660888671875,1582.2102116034657,1555.8207445330415,1577.6917381203907,11809997
2024-03-18,1540.727294921875,1569.5681635728802,1537.074071284563,1567.0205300379491,4958904
2024-03-19,1501.119140625,1537.2183425142427,1497.8024875779802,1530.8252596452844,6870411
2024-03-20,1494.8702392578125,1514.097484972457,1492.3707207856676,1502.6092525994748,4759059
2024-03-21,1494.6298828125,1516.020193442864,1483.7665595113776,1503.5705989163719,11062497
2024-03-22,1450.5513916015625,1469.8267514450895,1440.3128602801103,1462.2319662822674,14673890
2024-03-26,1434.9774169921875,1449.2055081878689,1430.41094620585,1434.3525080454037,8351081
2024-03-27,1426.5174560546875,1441.0821186835904,1424.306393129427,1438.1980317215819,6857402
2024-03-28,1440.1688232421875,1453.387554709184,1429.6899508266822,1429.6899508266822,12499530
2024-04-01,1437.6693115234375,1470.8363133403095,1435.1217951219971,1466.077616542889,6580002
2024-04-02,1425.5560302734375,1435.4581086770484,1423.6333057176912,1427.4787548291838,7279400
2024-04-03,1423.441162109375,1437.3328008824585,1418.0094414560883,1421.8548907888505,8736248
2024-04-04,1429.2572021484375,1437.8614646501408,1411.2797751153907,1432.9585406732908,11186915
2024-04-05,1421.9510498046875,1429.2573803038363,1419.0189650053617,1422.8644144632087,5072482
2024-04-08,1419.6436767578125,1433.343089680353,1417.1441582216523,1425.70030625456,6610887
2024-04-09,1437.0924072265625,1455.3102931800076,1429.8341922913037,1432.42982355354,9423230
2024-04-10,1448.5806884765625,1451.5127729333365,1427.1903783662924,1442.3798315379402,6744595
2024-04-12,1427.3826904296875,1448.5807763164664,1422.3355382998636,1445.888914905708,12275616
2024-04-15,1411.424072265625,1434.3044243996258,1404.5984234641753,1422.8161919534118,8531224
2024-04-16,1359.798828125,1398.9263432791952,1358.4530148178953,1394.9366663519509,16173541
2024-04-18,1364.41357421875,1388.8802001423792,1353.1175661179432,1366.192071172371,22107945
2024-04-19,1356.7225341796875,1371.719762459648,1325.4782596990215,1331.4867740222267,20603621
2024-04-22,1377.391845703125,1381.333407692064,1358.453055191947,1365.0383635258054,5859087
2024-04-23,1386.6689453125,1390.946960421868,1377.63211661066,1387.2457391969172,4856174
2024-04-24,1375.46923828125,1388.4957455958015,1371.912244382905,1388.4957455958015,4268213
2024-04-25,1382.8714599609375,1389.0723167888113,1365.13437366713,1365.13437366713,9089398
2024-04-26,1374.9884033203125,1389.5530653579672,1371.8639759049718,1384.073229940324,8062444
2024-04-29,1379.3145751953125,1384.1695018055798,1373.065720176132,1374.6999891627063,5055957
2024-04-30,1365.6632080078125,1381.0450041973593,1362.7791212222726,1379.2663901299095,6936588
2024-05-02,1359.798828125,1368.9798848278278,1357.2993096712137,1358.4048997624443,10076354
2024-05-03,1361.5775146484375,1369.7490944518047,1348.983574244914,1367.1533457490432,8842345
2024-05-06,1370.8065185546875,1389.8414215645728,1362.3464834255412,1365.1344575490414,6445422
2024-05-07,1385.27490234375,1387.582195239738,1360.9043925105204,1369.8931061755525,6080661
2024-05-08,1372.152587890625,1384.121502719449,1370.5182014133131,1379.7953719590826,6234983
2024-05-09,1383.9290771484375,1393.9271506886637,1369.796981628288,1372.3927301216006,6088406
2024-05-10,1369.8450927734375,1380.4680752180618,1358.4048585337118,1379.6029430765502,8777481
2024-05-13,1368.451171875,1369.9413304391032,1356.6744832449094,1369.9413304391032,3735954
2024-05-14,1369.65283203125,1378.353207852325,1363.2598665718517,1371.287218365655,3463230
2024-05-15,1365.0863037109375,1376.4785404547986,1363.7404904205403,1370.9025923662102,4327544
2024-05-16,1397.19580078125,1399.5030936490596,1371.86392899688,1378.5453496843256,9249145
2024-05-17,1388.4954833984375,1400.7047364936216,1383.6405573084728,1400.7047364936216,7542860
2024-05-21,1378.73779296875,1388.8800950197444,1373.2099596356863,1374.7481158749965,6752663
2024-05-22,1398.5899658203125,1403.540887941002,1372.8254084127823,1373.5464301608981,7173285
2024-05-23,1415.509765625,1421.0375984268112,1393.9752282828385,1398.493583805413,8641428
2024-05-24,1408.4918212890625,1418.4900122470244,1403.5888972420573,1411.5201358737334,5277938
2024-05-27,1414.5003662109375,1422.4316050153511,1403.8292683812124,1414.9810473505988,5821844
2024-05-28,1410.3665771484375,1418.970722596649,1403.8773817707088,1418.490041457558,6186922
2024-05-29,1394.888671875,1408.8765411803388,1393.975424572836,1408.780428414922,7401634
2024-05-30,1372.296630859375,1393.8311708335086,1366.624686913403,1387.0536367212903,9663150
2024-05-31,1371.7603759765625,1400.8647991922137,1365.0326910520962,1374.5879674980229,37113815
2024-06-03,1370.785400390625,1404.033674005501,1368.9328321553635,1404.033674005501,10589244
2024-06-04,1358.84130859375,1379.658033205682,1324.4229369059228,1373.807893135552,13736134
2024-06-05,1394.380859375,1402.0835675909418,1365.1789578532776,1365.1789578532776,9233424
2024-06-06,1435.478271484375,1437.4771171615735,1401.5962066624481,1408.8600837423232,12660930
2024-06-07,1495.2957763671875,1501.2433949605631,1440.353234743937,1444.0095722834799,24075302
2024-06-10,1462.2913818359375,1491.590883369604,1459.9026220529393,1487.2032779565272,6810606
2024-06-11,1458.39111328125,1468.823815070724,1456.6360237178806,1462.583761115188,4853054
2024-06-12,1448.104736328125,1471.0665854864542,1445.7159765567787,1469.3602945008029,9564320
2024-06-13,1456.6361083984375,1467.4101641892535,1452.1510247241338,1457.6599305401555,7307565
2024-06-14,1451.7122802734375,1466.142554347695,1448.9334875481077,1466.142554347695,4237727
2024-06-18,1460.7799072265625,1469.3601601498674,1458.0499133119856,1459.6099268376586,5420939
2024-06-19,1473.6015625,1477.7942106452415,1459.3174461695942,1467.410187837327,5493456
2024-06-20,1477.5504150390625,1479.5979402789894,1461.6574867540273,1478.42795986229,7927010
2024-06-21,1494.4183349609375,1518.8427190237114,1485.6431242588264,1506.4111705290543,17301941
2024-06-24,1489.0069580078125,1490.9082059639925,1477.5504334510292,1486.4719210591036,5564989
2024-06-25,1503.437255859375,1505.3386228666056,1482.3767746181575,1487.8856805292482,4551525
2024-06-26,1502.2183837890625,1510.16484766337,1496.6607984652117,1502.510938394066,4851004
2024-06-27,1534.052978515625,1538.976894088541,1493.784585190291,1500.0246394725445,14757754
2024-06-28,1527.6177978515625,1548.8245552176206,1525.180239533625,1533.2729807577389,8197544
2024-07-01,1551.0672607421875,1559.9399498116268,1520.5489809415928,1520.5489809415928,6801771
2024-07-02,1580.5616455078125,1592.993193191854,1546.8745412338676,1556.332220098655,10493173
2024-07-03,1586.7530517578125,1595.1382289123615,1565.887527893186,1584.4129718719971,7269965
2024-07-04,1609.42236328125,1618.538808064561,1587.3380599572922,1587.5330170243992,8008311
2024-07-05,1606.30224609375,1624.242700384009,1592.5544400147564,1610.202339677658,7065022
2024-07-08,1620.1475830078125,1624.388910801362,1599.0383035499601,1602.0608521487309,5880533
2024-07-09,1615.760009765625,1625.1202103618075,1609.7635922047962,1618.441324047008,5191182
2024-07-10,1607.082275390625,1632.1891272585506,1596.649572902613,1615.613729908852,9852770
2024-07-11,1611.4210205078125,1623.4138551544518,1601.0371171919653,1614.63864512659,8857679
2024-07-12,1668.9962158203125,1676.7964026037578,1625.0226866329206,1638.039224523514,17078316
2024-07-15,1664.4136962890625,1684.8403883424053,1660.1235696440942,1683.0852986626521,6942230
2024-07-16,1682.939208984375,1694.4932126197978,1657.5398014767109,1675.6752131474088,6886281
2024-07-18,1714.139892578125,1721.3062905823963,1676.0651821635772,1676.0651821635772,11248896
2024-07-19,1748.1680908203125,1797.943081102566,1741.8304389617622,1797.943081102566,29819116
2024-07-22,1765.6209716796875,1777.4675289324205,1748.1680302846828,1755.1882696669777,8462126
2024-07-23,1791.0203857421875,1793.9941354975697,1738.7103600771802,1764.7922342575052,7113056
2024-07-24,1788.1441650390625,1796.3343856241954,1774.1526026760598,1791.6055458109638,6002845
2024-07-25,1779.2713623046875,1785.1703012664898,1766.7423358793608,1774.5425227927356,5815599
2024-07-26,1831.971435546875,1835.9690075636295,1779.7588864220972,1779.7588864220972,11369047
2024-07-29,1824.3662109375,1855.469480366421,1817.4435687877083,1846.304236848296,4635931
2024-07-30,1830.26513671875,1832.9951307328352,1813.543462174526,1824.366197741286,2721265
2024-07-31,1821.58740234375,1838.0653210227051,1818.4673751831438,1830.1188567906963,5004209
2024-08-01,1806.3282470703125,1821.2461520384675,1799.0155718940416,1809.740828819239,7475014
2024-08-02,1775.7125244140625,1813.0559673160951,1770.788727779074,1796.9680816152534,7400938
2024-08-05,1708.1435546875,1752.6045988712729,1675.626547408413,1740.3680073317842,10736703
2024-08-06,1707.3634033203125,1752.0682011331073,1701.2695072438298,1716.2360922033897,7690163
2024-08-07,1746.9007568359375,1752.9946532897359,1718.0887667938127,1751.142084963498,5094329
2024-08-08,1699.6119384765625,1735.4927255440239,1683.9627664492825,1735.4927255440239,6227910
2024-08-09,1726.5225830078125,1736.2728164287234,1712.140988711969,1727.010094678858,4258524
2024-08-12,1752.507080078125,1758.4546990040476,1723.9388468966088,1728.7652841315069,4315329
2024-08-13,1752.5556640625,1764.7922546522138,1744.365563180685,1764.7922546522138,4176918
2024-08-14,1777.71142578125,1779.4177167425098,1752.5557742866815,1756.9921783945222,7450718
2024-08-16,1812.5196533203125,1815.3472449089315,1783.805262567244,1803.7932417323866,7335657
2024-08-19,1818.2236328125,1820.9049470871198,1803.0131729829857,1813.5434730155098,2585989
2024-08-20,1825.438720703125,1838.6015363062697,1821.538627191082,1833.043950660172,3870333
2024-08-21,1825.9261474609375,1832.0688420652468,1820.4660406023306,1828.2662272635982,1966902
2024-08-22,1833.2877197265625,1846.3530568904166,1823.001175405798,1836.9440574204725,4300287
2024-08-23,1815.5909423828125,1835.5789209053598,1810.6183471400204,1831.2887943938006,5015935
2024-08-26,1829.2901611328125,1841.575432070603,1817.4436031129605,1823.2937434663284,3728589
2024-08-27,1852.641845703125,1855.2256813879358,1827.0962815117323,1829.2900840518048,3830679
2024-08-28,1890.6678466796875,1902.2706489166237,1850.009418604078,1859.2721408822472,6514531
2024-08-29,1885.0614013671875,1901.7830759029405,1872.9224080657316,1884.7201669932756,7228284
2024-08-30,1895.15283203125,1901.295526726158,1879.8450130912988,1889.5952465616892,13466759
2024-09-02,1915.4334716796875,1926.4024849433151,1894.2755114819659,1894.8117029397854,5573739
2024-09-03,1892.76416015625,1917.8710125060368,1888.0840002650073,1917.8710125060368,4694322
2024-09-04,1874.43359375,1879.0649546678148,1852.5931659020603,1873.1173360302705,4778310
2024-09-05,1884.866455078125,1891.5453413709522,1861.9046070627135,1878.1387700081425,4081810
2024-09-06,1854.34814453125,1888.1327275977371,1849.473027754597,1873.994888945443,5848106
2024-09-09,1847.3280029296875,1872.8735669396758,1841.8190972305667,1842.7941205747861,4772612
2024-09-10,1864.5372314453125,1886.670214257235,1848.644302962128,1857.3220347286262,6909600
2024-09-11,1862.4407958984375,1877.894891528596,1857.4194020571003,1866.877080537755,5312946
2024-09-12,1901.7342529296875,1907.5357132980039,1863.074672166222,1876.9199561824864,8555092
2024-09-13,1895.54296875,1909.6808080545816,1887.3040686258946,1901.7343435377243,3843127
2024-09-16,1901.5394287109375,1903.2457196993976,1884.7690734614962,1897.1518233120405,1570181
2024-09-17,1903.7818603515625,1909.534402810906,1893.6415938633418,1899.1017007350288,2793127
2024-09-18,1844.8905029296875,1890.3265684033404,1834.3115231145357,1890.3265684033404,6385468
2024-09-19,1846.88916015625,1876.8224480606875,1831.873895960651,1862.8795667117413,7976570
2024-09-20,1858.15087890625,1867.1698455230062,1820.7587546291713,1857.4196113427292,15242974
2024-09-23,1849.0830078125,1870.9723537088278,1831.5325872912213,1861.3195986178432,3636672
2024-09-24,1851.1793212890625,1863.172156185441,1824.6587335944862,1840.8440975119734,7277616
2024-09-25,1847.9617919921875,1854.1043676482084,1829.9238601233028,1839.235261648182,4268341
2024-09-26,1852.7882080078125,1870.0460745062019,1845.7192883877328,1850.399448296488,8952803
2024-09-27,1859.1258544921875,1925.2811678990213,1855.7620713951017,1883.8426736989857,14908931
2024-09-30,1828.75390625,1853.7632808251788,1823.7813106027597,1833.044033110499,6986955
2024-10-01,1856.7857666015625,1861.2708503856265,1828.1688539454187,1828.1688539454187,4029072
2024-10-03,1846.1092529296875,1864.0983863063177,1834.0189394659815,1842.3066380228454,7503887
2024-10-04,1870.2410888671875,1905.2931311832979,1838.8940639202572,1842.355444469921,10001483
2024-10-07,1885.9876708984375,1893.4953029152355,1868.1934951630085,1875.164816740863,6112575
2024-10-08,1899.8818359375,1909.0469604018253,1858.7357782951613,1889.4978132388082,5637391
2024-10-09,1903.976806640625,1927.6211223804971,1896.5178543658283,1903.7818495832903,4857163
2024-10-10,1871.0699462890625,1914.9460002666592,1866.2923077183304,1908.9983811984232,4782119
2024-10-11,1886.7677001953125,1898.3705021069761,1862.3921159361064,1870.094824366297,4709431
2024-10-14,1909.9732666015625,1920.3084903207136,1882.8675698277727,1883.8913919551653,3751378
2024-10-15,1910.3634033203125,1941.71031054596,1903.001929010567,1911.0458720946388,5353705
2024-10-16,1872.1424560546875,1910.6072016149433,1868.4861182079758,1906.170797419034,3111512
2024-10-17,1918.9434814453125,1928.596236666682,1881.9413919550382,1886.8651885882837,8162822
2024-10-18,1832.6539306640625,1888.474019455993,1822.5624624334712,1846.4993341440768,10526196
2024-10-21,1806.474609375,1851.3744846784607,1792.0930141849954,1843.86673306473,4654601
2024-10-22,1805.3531494140625,1830.8988317246783,1800.8192671870856,1811.7882795000614,4125240
2024-10-23,1826.60888671875,1838.894157924995,1797.9431745565698,1799.1619538234872,4311910
2024-10-24,1816.809814453125,1836.944071310787,1813.543509892815,1814.9085664464787,2906475
2024-10-25,1815.5423583984375,1829.4851215197311,1800.2832184781212,1816.9072959329033,4689120
2024-10-28,1818.7598876953125,1834.896572683092,1810.6184660544925,1813.2509816437453,7018940
2024-10-29,1813.7799072265625,1825.9091734808057,1803.6227707551052,1820.3868971098545,4621252
2024-10-30,1777.0960693359375,1813.4841106394226,1771.4258498491638,1806.5812347424808,5919715
2024-10-31,1732.868408203125,1763.0931679230187,1722.2675629117984,1763.0931679230187,7395236
2024-11-01,1736.4183349609375,1741.4969032331146,1727.7405064233335,1740.017715602962,371966
2024-11-04,1739.1795654296875,1742.4830604559677,1694.1629303131592,1700.5727434953685,7336722
2024-11-05,1729.860595703125,1743.9128783247852,1720.7882929682014,1735.5801694120541,3160880
2024-11-06,1798.3963623046875,1801.8478002805573,1738.1934949801216,1739.5247398383508,10421494
2024-11-07,1778.032958984375,1800.3685968171349,1762.2056025400752,1787.7955014436675,4550965
2024-11-08,1804.5595703125,1815.0618266546207,1787.9927409344914,1792.775423572222,4210960
2024-11-11,1834.291259765625,1842.081672068644,1797.2623347827093,1803.6227934762044,3804234
2024-11-12,1842.87060546875,1854.9012833451236,1835.1787816614965,1845.1386209364089,5012450
2024-11-13,1842.4761962890625,1847.2095246339784,1830.544106425298,1835.2774347702136,4257495
2024-11-14,1838.6795654296875,1849.9706494411498,1830.2481478479606,1839.714924537372,4311431
2024-11-18,1786.3162841796875,1823.5425071201328,1770.0945742542924,1823.5425071201328,4839244
2024-11-19,1799.4317626953125,1833.8967865305349,1795.2900854570928,1800.1713565147516,4669769
2024-11-21,1808.602783203125,1841.095557014798,1795.339328415918,1816.442429577535,5436504
2024-11-22,1875.8564453125,1887.4927694808482,1808.553408176173,1828.374498334409,6301486
2024-11-25,1863.4805908203125,1892.6699906690035,1855.8874755481472,1889.4157296228746,12764638
2024-11-26,1897.45263671875,1911.702096274213,1870.9752018384395,1878.518962558038,6850495
2024-11-27,1897.7977294921875,1914.4632675339492,1885.224634635848,1903.3200059027895,4447143
2024-11-28,1830.88916015625,1888.3309462638708,1825.9585347392867,1888.3309462638708,8468790
2024-11-29,1832.072509765625,1850.9568296791742,1819.4008261897052,1825.4161652795651,5244346
2024-12-02,1853.718017578125,1856.6763928884145,1809.7367416638726,1833.2065672761437,2868263
2024-12-03,1865.8472900390625,1873.391171179535,1845.1880172073568,1860.8180760709474,4715792
2024-12-04,1863.036865234375,1887.3941073159906,1848.9845824080737,1857.8597084036323,4705573
2024-12-05,1908.004150390625,1922.845381488632,1862.7409836386182,1873.6377142854979,9050038
2024-12-06,1895.7269287109375,1911.061101890244,1885.8656776464575,1905.9826538933166,3573331
2024-12-09,1896.9595947265625,1903.4186419806354,1870.876513302606,1897.5018913119027,4274645
2024-12-10,1921.51416015625,1938.3275213087989,1905.193741189519,1912.096617063394,6174921
2024-12-11,1946.7589111328125,1950.5554687332371,1924.9162158580782,1927.8745911898272,5025612
2024-12-12,1959.4305419921875,1971.0668661345264,1943.2088325103296,1947.7942178498488,6462130
2024-12-13,1971.954345703125,1978.6106902340612,1926.6912991940405,1942.419946638723,5362693
2024-12-16,1952.5770263671875,1971.8556995891386,1950.1609476784474,1967.7632564033934,3119221
2024-12-17,1949.1749267578125,1954.5000265866995,1930.8330232375165,1940.6942746330094,5811050
2024-12-18,1951.6895751953125,1957.4090287235867,1934.3830310124576,1939.5109539146308,3064095
2024-12-19,1919.1966552734375,1932.5586987644317,1893.360225349003,1907.165976992173,5323592
2024-12-20,1895.4803466796875,1952.4783040802065,1884.7315592319012,1947.7449759219587,11056720
2024-12-23,1897.6005859375,1913.0827019209628,1882.5128236943906,1903.270805285977,2781793
2024-12-24,1882.5621337890625,1915.0549070531515,1814.4701488042217,1900.312385244756,2360544
2024-12-26,1880.93505859375,1893.1136796250162,1875.9058446088604,1882.5621891003143,3623321
2024-12-27,1890.1552734375,1897.4526232065393,1877.4835900581845,1882.907278073787,3937500
2024-12-30,1879.554443359375,1889.4156943738521,1860.325003881144,1889.1198086927782,7789055
2024-12-31,1853.9151611328125,1870.6792875898645,1819.4501375379239,1866.0445478376714,3613063
2025-01-01,1856.3804931640625,1866.6854522663125,1847.998429848315,1847.998429848315,1838368
2025-01-02,1930.68505859375,1935.4185073607873,1859.141752753138,1860.818117320804,7083645
2025-01-03,1911.85009765625,1925.8530263652963,1895.3325017126049,1925.8530263652963,6218003
2025-01-06,1910.9625244140625,1945.6248461798139,1901.2492161351652,1924.9162188256444,7164403
2025-01-07,1904.0596923828125,1931.375430841724,1896.9596395631565,1918.013387115037,4294832
2025-01-08,1906.3277587890625,1911.7020924267943,1862.5437803277457,1903.221440652574,5482050
2025-01-09,1890.69775390625,1924.7683048137867,1884.04140929985,1907.2153497813902,6833503
2025-01-10,1939.65869140625,1950.3582448997252,1905.440199043595,1910.1242932060775,8036913
2025-01-13,1934.974609375,1955.2888825925095,1921.9578062977632,1928.8606819489098,5804152
2025-01-14,1913.132080078125,1944.4415525214629,1904.30618806105,1941.5324112023416,5792162
2025-01-15,1922.598876953125,1930.8823520910328,1910.2229584649278,1919.9856212925836,2985439
2025-01-16,1901.69287109375,1939.6586868478057,1890.2538441886265,1938.6725617632849,7533579
2025-01-17,1790.2607421875,1832.2204128168014,1786.858658785815,1825.3175372033904,16409953
2025-01-20,1788.1407470703125,1802.5873839291105,1768.270301617817,1797.6567582772059,4333011
2025-01-21,1775.7154541015625,1806.236098768633,1768.1716932405016,1793.810946341272,7169109
2025-01-22,1830.69189453125,1839.9122605214925,1780.103749105465,1782.3225305814187,8373913
2025-01-23,1839.5670166015625,1853.4714767898427,1826.9939215973595,1832.220432769354,5907471
2025-01-24,1849.4283447265625,1868.60855091582,1838.3837913147927,1839.616447739169,4887027
2025-01-27,1796.719970703125,1837.151100669551,1786.8587194918016,1823.0988176934152,7652371
2025-01-28,1804.3624267578125,1837.6441493445463,1799.57974403178,1804.6089580362327,6999495
2025-01-29,1855.1478271484375,1862.4451768959955,1814.9632296965842,1819.4007926053778,5145155
2025-01-30,1834.143310546875,1861.0152192135097,1818.414663533007,1847.1602339434605,7336056
2025-01-31,1853.718017578125,1871.1230293523827,1845.0400685173022,1845.0400685173022,5820470
2025-02-01,1825.6627197265625,1864.3681307478303,1820.3869744015317,1854.2111142217134,1701402
2025-02-03,1837.447021484375,1850.5131795891741,1806.975730583523,1810.5257570121476,4823228
2025-02-04,1872.4544677734375,1884.6823232329095,1848.984641243281,1862.7903932312308,7334787
2025-02-05,1870.7286376953125,1893.0642745340085,1868.0167937158456,1879.5544090414844,4996744
2025-02-06,1889.070556640625,1897.3046770838346,1873.6376748748885,1890.4018014395585,4765255
2025-02-07,1877.237060546875,1897.008796469081,1863.2340119765795,1892.6699423538048,4126260
2025-02-10,1854.2110595703125,1878.568301204317,1852.534574687111,1878.568301204317,3828734
2025-02-11,1849.6256103515625,1876.5961083803954,1844.0539793333367,1856.972194364576,4411601
2025-02-12,1837.299072265625,1868.3126596599398,1821.3731272347864,1858.8458824242405,5633947
2025-02-13,1817.6751708984375,1847.5054564916438,1810.1806438825727,1842.5748307737585,5237744
2025-02-14,1830.6427001953125,1833.5024871238693,1802.9818423780237,1828.2759758276586,5292961
2025-02-17,1816.73828125,1827.0432401752385,1796.8678368321998,1813.0403122036325,4428956
2025-02-18,1826.25439453125,1835.8198805610482,1812.1035229276997,1816.7383832854173,4365260
2025-02-19,1785.6754150390625,1823.5425233371382,1780.8433778768451,1821.7675703475043,4611411
2025-02-20,1799.8262939453125,1805.5951018447554,1780.4982655923657,1780.4982655923657,2218020
2025-02-21,1789.8170166015625,1804.4609499348014,1781.1390677643708,1796.5227152827192,3379879
2025-02-24,1739.623291015625,1782.9142076324636,1725.9654822503978,1775.0745611201182,7594720
2025-02-25,1743.17333984375,1753.7741849650602,1720.9362904431496,1720.9362904431496,5092963
2025-02-27,1739.820556640625,1751.2102292840527,1726.8036331353665,1730.846721957405,5757079
2025-02-28,1664.2833251953125,1730.7481826909784,1659.106168289425,1730.6989486606933,12182167
2025-03-03,1684.893310546875,1704.615812415331,1668.8195437500424,1668.8195437500424,7504969
2025-03-04,1664.8751220703125,1675.4266129180364,1646.8289838570458,1671.4821123578997,6759673
2025-03-05,1687.753173828125,1708.9055098893523,1668.9674417970127,1668.9674417970127,8180782
2025-03-06,1692.042724609375,1698.403303714733,1667.6361284442405,1691.204542351751,10610547
2025-03-07,1662.60693359375,1681.3433106627187,1652.2526199503725,1679.4696488805018,8019331
2025-03-10,1677.842529296875,1695.14907322124,1652.9428701352483,1662.606944415946,7558981
2025-03-11,1638.54541015625,1656.6901357180045,1614.336111648948,1656.6901357180045,12671234
2025-03-12,1568.777099609375,1614.1882088567118,1542.1024877383609,1614.1882088567118,14870008
2025-03-13,1557.9296875,1583.766236887254,1548.5122651881575,1577.0605381756682,7822888
2025-03-17,1567.98828125,1571.8834272886888,1523.711239680789,1523.711239680789,7526032
2025-03-18,1567.98828125,1567.98828125,1567.98828125,1567.98828125,0
2025-03-19,1564.536865234375,1580.7585753901394,1550.9776447654951,1580.7585753901394,7387068
2025-03-20,1593.134521484375,1609.2576434825316,1569.9112262370732,1569.9112262370732,7186750
2025-03-21,1570.45361328125,1581.6461093555213,1541.9545731422113,1556.0560901796125,10074677
2025-03-24,1570.6507568359375,1584.8016279799526,1550.8789003823247,1575.7785592177397,8857726
2025-03-25,1605.8553466796875,1613.4485820609123,1582.7307615847424,1582.7307615847424,9890140
2025-03-26,1577.2578125,1615.0264536438078,1572.8696037624018,1603.4394832085677,6651302
2025-03-27,1581.301025390625,1597.4733814773153,1563.9944809345598,1573.4120242257595,9426573
2025-03-28,1548.857421875,1576.271627596916,1538.355165420368,1567.938918601529,6799047
2025-04-01,1505.3199462890625,1525.9299846961485,1496.7899402056196,1517.8930411565277,12680733
2025-04-02,1528.641845703125,1534.065533745542,1513.8992032527772,1513.8992032527772,6193478
2025-04-03,1475.7362060546875,1513.3569025396205,1464.4451218569632,1513.3569025396205,10459504
2025-04-04,1431.508544921875,1451.5761669039568,1427.9091641826965,1440.2357281000195,9590254
2025-04-07,1377.3702392578125,1386.3933080363427,1288.8655111580174,1333.241140845937,21715252
2025-04-08,1408.9755859375,1436.2912029581203,1395.3670114560523,1411.1450129990183,12805001
2025-04-09,1384.2237548828125,1389.8939742084822,1362.7262999262337,1385.5551200692491,8546854
2025-04-11,1389.89404296875,1418.8369123902967,1377.6661874236538,1391.669116387415,12567440
2025-04-15,1406.21435546875,1427.6132214230709,1389.4502292114087,1425.5423828430714,10178530
2025-04-16,1393.493408203125,1407.6936342633087,1377.4196406823328,1405.2283214187144,12022740
2025-04-17,1399.8045654296875,1409.9617020085943,1359.1762598672565,1378.6028759920416,14264227
2025-04-21,1430.8675537109375,1451.379004423389,1390.4364236612141,1390.4364236612141,15648970
2025-04-22,1403.058837890625,1420.0201414292796,1399.6074000468734,1420.0201414292796,9399738
2025-04-23,1454.4359130859375,1467.1569507677636,1419.6256494074153,1425.9368740316995,11136642
2025-04-24,1450.9844970703125,1462.324935726995,1441.22183449924,1449.505309419441,7114292
2025-04-25,1459.662353515625,1480.864043581714,1443.194112173071,1455.0276136053067,8329979
2025-04-28,1461.5360107421875,1468.9319491141807,1444.9691810148831,1459.6623489459623,5886253
2025-04-29,1476.722412109375,1488.8517996048886,1453.6470595242981,1461.4374722845366,8056743
2025-04-30,1479.2862548828125,1487.8656155741658,1462.0290654409305,1476.0321142425894,7704183
2025-05-02,1485.991943359375,1502.065710329334,1475.4403325201433,1478.8917703842976,7402310
2025-05-05,1487.6683349609375,1501.8685607929344,1481.9488814793483,1493.979559817003,4282493
2025-05-06,1490.528076171875,1494.571164972708,1478.3001009589232,1485.1043881672801,4270530
2025-05-07,1487.37255859375,1497.72687229769,1475.8348225262564,1479.1876719914237,5691799
2025-05-08,1490.4295654296875,1495.4587795844232,1480.371016743612,1487.0767158676624,8424409
2025-05-09,1486.6822509765625,1490.429574694462,1473.3695614613061,1479.8779633712215,4478653
2025-05-12,1604.3270263671875,1609.356240543565,1510.743725804376,1515.6743515413355,11372857
2025-05-13,1546.8358154296875,1589.8308459268644,1542.8913150101926,1586.675293741908,12846210
2025-05-14,1570.3056640625,1572.8695652973822,1547.7233747550104,1552.1609377918994,4870057
2025-05-15,1590.6197509765625,1596.1420273386075,1549.2024976963296,1567.7416973152629,11151167
2025-05-16,1567.84033203125,1590.2253238143162,1559.5568570553514,1590.2253238143162,4576751
2025-05-19,1538.157958984375,1563.0082630282545,1534.1147498260523,1554.62619978804,8855798
2025-05-20,1538.94677734375,1561.529065774123,1536.382876208452,1548.2163771805324,7143998
2025-05-21,1546.7371826171875,1549.2024953086398,1530.564707285941,1546.145531646558,4157309
2025-05-22,1526.028564453125,1539.1440761948634,1518.6326263378432,1533.9175651094254,6158990
2025-05-23,1543.088623046875,1565.1777292492216,1528.4939232420525,1528.4939232420525,5038421
2025-05-26,1558.5706787109375,1561.8249396042181,1541.0176042515016,1544.8635161135799,3170102
2025-05-27,1548.3150634765625,1560.9375134619054,1534.805197163501,1557.9791380318973,7775714
2025-05-28,1549.991455078125,1565.6707476113982,1548.216381776405,1559.0637576996792,3623370
2025-05-29,1563.5999755859375,1586.5767391705513,1554.7248494526432,1566.9528250893914,8609500
2025-05-30,1562.699951171875,1572.0,1555.0999755859375,1571.0,13148092
2025-06-02,1553.800048828125,1560.0,1539.0,1560.0,4374509
2025-06-03,1543.0,1567.300048828125,1535.5999755859375,1559.0,6853403
2025-06-04,1551.199951171875,1557.300048828125,1541.4000244140625,1543.0,4548307
2025-06-05,1554.300048828125,1567.699951171875,1541.5999755859375,1547.9000244140625,6948539
2025-06-06,1563.800048828125,1568.9000244140625,1543.0999755859375,1554.699951171875,3960020
2025-06-09,1572.9000244140625,1588.0,1571.0,1578.0,2903202
2025-06-10,1596.0,1607.5,1577.5,1584.0,8591925
2025-06-11,1631.0999755859375,1634.5999755859375,1590.0999755859375,1590.0999755859375,10597410
2025-06-12,1608.5999755859375,1628.0,1598.0999755859375,1617.0,10483574
2025-06-13,1602.0,1609.0,1570.199951171875,1576.0,6968315
2025-06-16,1623.800048828125,1634.800048828125,1597.0999755859375,1600.0,5591842
2025-06-17,1639.9000244140625,1647.4000244140625,1615.5999755859375,1620.699951171875,7622083
2025-06-18,1632.9000244140625,1644.699951171875,1621.0,1621.0,5629707
2025-06-19,1618.4000244140625,1630.0,1611.5,1623.9000244140625,5147760
2025-06-20,1622.9000244140625,1630.699951171875,1608.9000244140625,1619.0,9202821
2025-06-23,1584.0,1601.0,1575.4000244140625,1601.0,7943676
2025-06-24,1581.5999755859375,1609.0,1576.5999755859375,1601.0,8083992
2025-06-25,1614.9000244140625,1619.9000244140625,1585.0999755859375,1590.0,7813533
2025-06-26,1616.0,1624.0,1606.5999755859375,1608.800048828125,6519233
2025-06-27,1608.0,1629.5999755859375,1602.4000244140625,1619.0,8912268
2025-06-30,1601.800048828125,1615.0,1594.0999755859375,1615.0,6294505
2025-07-01,1606.800048828125,1617.699951171875,1600.5,1609.0,4178937
2025-07-02,1610.5,1649.0,1603.4000244140625,1618.0,8653641
2025-07-03,1618.699951171875,1632.4000244140625,1615.0,1618.5,5259695
2025-07-04,1640.699951171875,1643.4000244140625,1612.300048828125,1625.0,4411273
2025-07-07,1627.0,1644.0,1623.0,1640.0,3294523
2025-07-08,1638.699951171875,1646.199951171875,1621.5,1628.0,4590681
2025-07-09,1633.699951171875,1638.0,1623.5999755859375,1637.800048828125,4580828
2025-07-10,1615.800048828125,1638.9000244140625,1607.0999755859375,1638.9000244140625,5330179
2025-07-11,1594.9000244140625,1607.0999755859375,1563.0,1579.0999755859375,11391755
2025-07-14,1570.300048828125,1591.800048828125,1559.800048828125,1591.800048828125,9173426
2025-07-15,1585.5999755859375,1603.5999755859375,1564.0,1565.0999755859375,7614807
2025-07-16,1607.9000244140625,1612.0,1578.5,1579.0,6223491
2025-07-17,1583.5,1610.0,1580.0999755859375,1598.0,7374814
2025-07-18,1586.0999755859375,1599.300048828125,1580.0,1592.0999755859375,5161833
2025-07-21,1584.300048828125,1589.0,1566.800048828125,1580.0,3682661
2025-07-22,1570.9000244140625,1585.800048828125,1565.0,1565.0,8473741
2025-07-23,1574.5,1591.9000244140625,1550.0,1576.300048828125,8035026
2025-07-24,1552.5,1582.0,1548.199951171875,1580.0,14169664
2025-07-25,1515.699951171875,1549.5,1511.300048828125,1543.4000244140625,10851259
2025-07-28,1516.0,1519.300048828125,1482.5,1513.9000244140625,6439855
2025-07-29,1513.699951171875,1517.199951171875,1496.0999755859375,1512.9000244140625,7070448
2025-07-30,1519.0,1521.699951171875,1506.0,1519.9000244140625,5719051
2025-07-31,1509.0,1527.0999755859375,1497.0,1509.699951171875,6851407
2025-08-01,1469.5999755859375,1498.699951171875,1465.5,1493.9000244140625,8702978
2025-08-04,1480.5,1482.800048828125,1451.0,1461.5,8610216
2025-08-05,1460.300048828125,1478.699951171875,1455.0,1478.699951171875,10213323
2025-08-06,1436.699951171875,1456.0999755859375,1430.300048828125,1452.0,10566934
2025-08-07,1436.9000244140625,1442.0,1414.199951171875,1430.0,9892020
2025-08-08,1423.0999755859375,1433.199951171875,1417.0999755859375,1425.0,10048009
2025-08-11,1428.199951171875,1433.4000244140625,1414.0,1419.9000244140625,6625368
2025-08-12,1424.0999755859375,1441.0,1421.0,1428.199951171875,9899184
2025-08-13,1426.5999755859375,1434.0,1422.4000244140625,1425.0,10318063
2025-08-14,1447.699951171875,1470.0,1426.199951171875,1426.199951171875,12902347
2025-08-18,1435.800048828125,1464.699951171875,1429.5999755859375,1464.699951171875,7254561
2025-08-19,1440.0,1449.4000244140625,1432.699951171875,1432.699951171875,3986094
2025-08-20,1496.199951171875,1499.0,1440.699951171875,1440.699951171875,10413061
2025-08-21,1496.4000244140625,1508.0,1484.300048828125,1508.0,6565539
2025-08-22,1487.5,1504.300048828125,1486.0999755859375,1498.0999755859375,5543397
2025-08-25,1532.0999755859375,1539.0,1506.699951171875,1506.699951171875,10694531
2025-08-26,1529.5999755859375,1538.4000244140625,1518.5999755859375,1523.0,15994798
2025-08-27,1529.5999755859375,1529.5999755859375,1529.5999755859375,1529.5999755859375,0
2025-08-28,1500.0999755859375,1529.5999755859375,1498.0,1529.5999755859375,5443364
2025-08-29,1469.5999755859375,1501.9000244140625,1467.699951171875,1501.9000244140625,8169075
2025-09-01,1499.4000244140625,1503.4000244140625,1476.199951171875,1476.699951171875,4546057
2025-09-02,1498.699951171875,1512.800048828125,1486.300048828125,1499.4000244140625,5218763
2025-09-03,1479.0999755859375,1501.9000244140625,1473.0,1500.0,4623483
2025-09-04,1463.0,1484.0,1460.0999755859375,1484.0,5787724
2025-09-05,1444.5999755859375,1472.699951171875,1433.0,1470.0,5466487
2025-09-08,1432.9000244140625,1458.0,1428.300048828125,1451.0,3811567
2025-09-09,1504.300048828125,1507.199951171875,1472.5,1481.0,13072640
2025-09-10,1532.5999755859375,1534.9000244140625,1509.300048828125,1510.0999755859375,7281071
2025-09-11,1509.699951171875,1527.5,1506.5,1523.9000244140625,8003662
2025-09-12,1525.5999755859375,1542.9000244140625,1521.0999755859375,1537.0,12856963
2025-09-15,1508.4000244140625,1527.5,1501.199951171875,1525.5999755859375,6167414
2025-09-16,1511.300048828125,1514.0,1503.5,1508.4000244140625,8923112
2025-09-17,1522.4000244140625,1526.699951171875,1514.0,1516.9000244140625,4795698
2025-09-18,1540.5999755859375,1555.0,1538.5,1550.0,9331945
2025-09-19,1540.199951171875,1551.300048828125,1520.0999755859375,1544.5999755859375,12988129
2025-09-22,1499.5,1514.699951171875,1482.0,1482.699951171875,15654022
