Date,Close,High,Low,Open,Volume
,TCS.NS,TCS.NS,TCS.NS,TCS.NS,TCS.NS
2017-10-17,1079.2425537109375,1087.728203355995,1072.1711451553874,1075.2700656527538,1443016
2017-10-18,1075.935546875,1087.187323454487,1073.1901361377004,1079.4296136733847,1514144
2017-10-19,1074.8123779296875,1079.7624244577985,1069.4464677794645,1078.1817364777799,86822
2017-10-23,1076.4761962890625,1093.572404976284,1059.6504258880732,1074.8539727876446,1886088
2017-10-24,1072.5245361328125,1090.2030555681454,1068.635322789436,1089.8287275428775,1339020
2017-10-25,1067.72802734375,1090.2930465840436,1065.6842899855512,1075.4860828680016,1105106
2017-10-26,1058.9482421875,1071.5862175221102,1050.209966335713,1057.3841262470319,3007552
2017-10-27,1077.905029296875,1081.5962808670472,1055.3817655572695,1058.5933957614589,1409270
2017-10-30,1091.21044921875,1092.795440070437,1076.8205855995018,1078.614125199294,1137252
2017-10-31,1094.464111328125,1101.1376729825647,1084.9960160969824,1084.9960160969824,1592634
2017-11-01,1085.6419677734375,1095.6523049995512,1075.6316305473235,1094.4635367217838,741882
2017-11-02,1095.36083984375,1115.3190010700298,1087.2691870004862,1087.9991078127048,1468422
2017-11-03,1092.8370361328125,1099.7607924932975,1085.621230101893,1097.967253146935,666886
2017-11-06,1111.794189453125,1114.4010486592153,1089.3543250410123,1092.7953791930513,1377000
2017-11-07,1130.355224609375,1154.5260070276968,1112.0029325901487,1113.650447530329,2696892
2017-11-08,1140.761962890625,1150.772305526594,1133.7755779259385,1135.7567915726406,1402252
2017-11-09,1141.3455810546875,1147.0181479001176,1134.2132747605583,1147.0181479001176,1152432
2017-11-10,1129.81298828125,1137.007921016959,1123.3897267450316,1135.422929961262,1356566
2017-11-13,1150.75146484375,1158.4468956101953,1127.0186508636614,1127.0186508636614,1496996
2017-11-14,1132.2530517578125,1149.75027364197,1129.2916184159335,1149.75027364197,1657252
2017-11-15,1128.374267578125,1149.1039999516286,1126.7267522637094,1128.6662155604745,6670834
2017-11-16,1145.6209716796875,1152.4405575133344,1120.7202677303446,1130.3343868480406,1653482
2017-11-17,1129.208251953125,1146.2258528787231,1127.665011337105,1146.2258528787231,1325464
2017-11-20,1127.6021728515625,1137.3830884861231,1124.2028690888437,1132.4196691582688,1014498
2017-11-21,1114.881103515625,1126.580712547757,1111.9822953174084,1126.580712547757,1527740
2017-11-22,1118.0927734375,1130.2094805219779,1114.6517178290096,1114.9020171509103,1822624
2017-11-23,1118.3428955078125,1123.243792112835,1113.2334501110868,1118.2386211119608,793470
2017-11-24,1121.1793212890625,1127.37316008799,1114.9437319943265,1118.655860224102,2287512
2017-11-27,1120.261474609375,1124.4532234447174,1110.3970566366693,1121.1581935930506,1856786
2017-11-28,1120.0322265625,1127.1645345574134,1113.6506127972307,1120.3241745218584,911716
2017-11-29,1108.7078857421875,1123.2437770612967,1105.308581215164,1116.7787646051327,1447532
2017-11-30,1099.885986328125,1112.3780347108163,1094.0466219714342,1106.8306182058734,4299962
2017-12-01,1096.945556640625,1112.8161369812783,1093.421103109603,1099.0519193949283,1031144
2017-12-04,1097.94677734375,1108.8538375527007,1085.6840482657697,1093.6297769656503,1259104
2017-12-05,1099.2816162109375,1106.0177018178035,1096.1950328272683,1097.3838017369367,1167914
2017-12-06,1098.3431396484375,1103.2231612432304,1089.8135140230668,1099.4692828117788,1407518
2017-12-07,1091.6488037109375,1103.6194856722861,1090.7103340162773,1097.9261435902054,1326300
2017-12-08,1085.079345703125,1103.2230902882052,1083.2024066081167,1091.9614557181553,1385548
2017-12-11,1109.938720703125,1114.756117632502,1087.9368172164216,1087.9368172164216,1008002
2017-12-12,1089.5211181640625,1110.3134678260376,1087.5399051767697,1109.8963703550285,1882246
2017-12-13,1096.2989501953125,1105.9130672517356,1084.8705202413614,1089.2082932002709,2961458
2017-12-14,1066.8521728515625,1097.8007918296028,1055.7156882245504,1097.8007918296028,5504150
2017-12-15,1061.7635498046875,1077.9677283070848,1058.113946291023,1069.3338295037067,2718138
2017-12-18,1076.3199462890625,1079.844399298734,1040.3870424861432,1058.1762076091268,2180664
2017-12-19,1074.151123046875,1083.535816018691,1069.729849181312,1074.4430709065778,1801952
2017-12-20,1079.8446044921875,1081.429595434944,1063.8697491033772,1076.9457970930578,1577570
2017-12-21,1082.66015625,1087.7904767942248,1076.1326199262687,1079.0314277096086,1293648
2017-12-22,1103.95263671875,1111.105817000927,1080.3657563899003,1086.1217213622838,3665664
2017-12-26,1105.0789794921875,1121.8880295415274,1097.6338500235568,1120.3239138762126,2175786
2017-12-27,1092.7537841796875,1108.8537896592245,1088.8331081081083,1105.079036625684,739284
2017-12-28,1095.6943359375,1106.7682957237773,1086.810138183463,1088.1240565010783,2605088
2017-12-29,1126.6636962890625,1129.8753265294622,1092.1906301866654,1094.0884440929508,2609542
2018-01-01,1103.4730224609375,1123.9941960399135,1099.0517488869436,1118.7804780660665,1351760
2018-01-02,1097.4666748046875,1113.4832763006896,1092.8786033365823,1109.4791004690837,1920290
2018-01-03,1100.5743408203125,1113.233291404166,1097.4669846330264,1097.800683018271,1257120
2018-01-04,1108.2701416015625,1110.3138792346053,1101.1377314723359,1105.3087077279129,913082
2018-01-05,1121.658935546875,1125.9550615376556,1105.3087286811585,1105.3087286811585,1153706
2018-01-08,1132.1695556640625,1137.3625016565497,1118.5931117958694,1126.1633916408275,1242220
2018-01-09,1129.9173583984375,1134.9225294212433,1116.3825621236929,1132.4199439098404,2149396
2018-01-10,1170.6259765625,1174.5466526395562,1123.9318262902552,1130.7514116853115,3365850
2018-01-11,1163.91064453125,1177.0074660955331,1160.4487147046298,1172.044046275869,2520744
2018-01-12,1158.0087890625,1169.958592780645,1143.0766768527205,1169.958592780645,3360314
2018-01-15,1145.391845703125,1171.2101483406957,1140.782896512541,1158.3426456867421,1457214
2018-01-16,1189.082763671875,1193.5873364010713,1147.2478529710208,1149.5210145822389,4267752
2018-01-17,1204.9739990234375,1220.010386719872,1193.7957638320145,1197.0700204738573,4280806
2018-01-18,1217.1741943359375,1223.3472591738255,1196.2567904559303,1208.3317455937854,2209478
2018-01-19,1234.3167724609375,1243.7848662679799,1211.1052332245652,1222.325218166771,1820000
2018-01-22,1302.9246826171875,1310.575685716415,1221.648710662641,1237.954083597563,4367110
2018-01-23,1296.9041748046875,1313.7740039807568,1291.9080621149658,1302.3183739466351,3239610
2018-01-24,1327.2572021484375,1362.5645802325957,1288.8140738131326,1291.8870498575654,5621538
2018-01-25,1304.868896484375,1329.4314784581056,1288.1245116776902,1327.4246428356591,3833844
2018-01-29,1337.3956298828125,1348.3285476653675,1305.2656514143496,1309.195622476472,3141060
2018-01-30,1318.163818359375,1339.465301177054,1314.3382663493514,1329.5148239045245,1574758
2018-01-31,1301.2315673828125,1316.972483379204,1295.4828779712366,1311.5373588446232,3043214
2018-02-01,1312.206298828125,1333.6959035933148,1291.3855712040443,1306.1021952431083,2400630
2018-02-02,1318.4984130859375,1333.6958977654085,1297.5104917862657,1304.4298435824685,2456490
2018-02-05,1297.406005859375,1332.8597614593743,1286.3894878319832,1300.2490144726019,2757742
2018-02-06,1253.1097412109375,1286.5148111746562,1247.9881816714148,1258.440343996971,2657306
2018-02-07,1235.466796875,1267.220452937218,1232.2892979656235,1265.5481065790034,2180324
2018-02-08,1243.4727783203125,1265.7986574144447,1237.117884290213,1245.793178679879,2755004
2018-02-09,1242.4278564453125,1251.7512074966955,1211.0504385283816,1233.3553981680868,2102458
2018-02-12,1240.588134765625,1264.021904315377,1235.6756182207434,1245.1870864246632,1974562
2018-02-14,1217.384521484375,1243.5776048372254,1209.3154300930523,1241.717139974543,2847532
2018-02-15,1223.2584228515625,1230.428565474344,1214.583128004946,1225.808689250079,2465236
2018-02-16,1226.2686767578125,1254.0923548253718,1222.0668868556115,1222.0668868556115,2515756
2018-02-19,1222.317626953125,1234.7347745192824,1210.4439101326434,1231.2646364537782,1568224
2018-02-20,1231.160400390625,1248.009309211746,1224.1156010096622,1224.157450494524,1889068
2018-02-21,1271.94482421875,1280.432002216945,1237.557202973998,1243.3894903573564,3089228
2018-02-22,1275.2471923828125,1287.2881018302223,1263.6662188313892,1275.9997683617532,3463010
2018-02-23,1285.95068359375,1291.4694058654868,1250.9568583393273,1275.1640297474053,3362500
2018-02-26,1267.512939453125,1291.8664803418285,1263.1230307950755,1285.6161070002254,1363882
2018-02-27,1271.96533203125,1287.1000408694345,1267.6380965128822,1271.4008745038504,1717800
2018-02-28,1268.9134521484375,1280.9961111688117,1263.2274349200852,1268.892527409059,2706864
2018-03-01,1270.021484375,1279.8465182369846,1262.621372901845,1274.745882774081,1718124
2018-03-05,1298.513916015625,1301.7749088550945,1268.0353508199084,1274.7456591415425,2858168
2018-03-06,1272.15380859375,1307.356676625766,1266.864952352419,1305.2662438201605,1906764
2018-03-07,1265.73583984375,1291.4690820120422,1261.9939864206376,1283.5254392285433,1917772
2018-03-08,1255.9111328125,1277.2126231612485,1249.0336291433991,1277.2126231612485,1951826
2018-03-09,1268.5162353515625,1280.6824907297016,1244.7270532922535,1256.3498779015285,1872436
2018-03-12,1276.062744140625,1289.3369912853518,1269.1016443407352,1272.2372932725605,2091340
2018-03-13,1206.93212890625,1229.0488639328387,1200.744428290374,1222.8611633169626,88067154
2018-03-14,1206.9737548828125,1222.0876415840405,1202.0194915981888,1209.5031983683236,3668668
2018-03-15,1199.78271484375,1213.5168961238533,1193.8877568977223,1210.3603228812353,2348906
2018-03-16,1181.3868408203125,1200.7442635332939,1172.7324718700868,1199.4064073309207,7197482
2018-03-19,1183.6029052734375,1190.7103759161957,1179.0039536810646,1182.7667322566424,3489940
2018-03-20,1197.7550048828125,1201.2459654906852,1178.5857003572223,1179.0037868064444,4024984
2018-03-21,1194.3690185546875,1205.887325994954,1191.546933711686,1200.9538831883572,3907678
2018-03-22,1183.7493896484375,1202.3959884640462,1180.0702076081125,1195.7066036896047,2326094
2018-03-23,1178.2303466796875,1184.898907545462,1169.8268698610023,1171.4782910060364,3654122
2018-03-26,1177.74951171875,1182.0975699037958,1162.9283677062795,1178.5856846060192,2964210
2018-03-27,1190.5850830078125,1196.9818278251732,1180.2792900762254,1181.0945384583006,2494574
2018-03-28,1191.1912841796875,1201.9988626079016,1181.0945345625469,1185.6516372476685,6865654
2018-04-02,1216.4852294921875,1218.3039464249064,1187.3655483345003,1187.3655483345003,1662988
2018-04-03,1217.15380859375,1224.9510776938262,1209.1474963320434,1209.1474963320434,1937290
2018-04-04,1217.0078125,1226.6656503715576,1209.1060193846438,1224.7633366002644,2841820
2018-04-05,1236.6788330078125,1239.1037549079658,1220.9588432397145,1223.5509588963375,1809424
2018-04-06,1233.480712890625,1237.5361318271637,1223.5511577788361,1235.0276126410276,1129018
2018-04-09,1222.4429931640625,1238.999258263867,1218.7220643965488,1229.0487798280003,1235866
2018-04-10,1228.17041015625,1236.3857654867147,1223.1951217225742,1223.1951217225742,1184532
2018-04-11,1260.1754150390625,1264.7116945076275,1231.5156663962543,1233.6060989491596,3124416
2018-04-12,1312.4776611328125,1316.9720896928754,1257.5828993290181,1258.4399968176367,6114360
2018-04-13,1318.3521728515625,1354.9347413792173,1309.4887595198134,1316.9724669955683,8179118
2018-04-16,1332.7132568359375,1337.8557406830246,1300.5624490488117,1302.7574029530167,6270274
2018-04-17,1323.91259765625,1335.765287308734,1315.801659257034,1332.7132357995417,3301724
2018-04-18,1320.7774658203125,1335.1386797974592,1315.2378181734707,1323.6622226340478,2433066
2018-04-19,1334.176513671875,1345.067685942085,1323.5571588331377,1329.473041181352,4820952
2018-04-20,1422.5186767578125,1430.8386610192972,1354.600531628067,1358.7813974664252,18465662
2018-04-23,1425.1103515625,1487.5097548642161,1417.1249615288305,1431.528019464497,15185910
2018-04-24,1415.49462890625,1439.5346045415824,1397.4542358451938,1425.6750768084103,8314336
2018-04-25,1450.86474609375,1456.1953492239843,1406.8820646021984,1415.222870262184,8196574
2018-04-26,1479.712890625,1488.3881869393233,1449.5061359883803,1449.5061359883803,12135034
2018-04-27,1443.214111328125,1481.6990057490575,1429.8562640129167,1473.7553598378747,4501330
2018-04-30,1476.7232666015625,1483.7888871401397,1437.2140950504938,1443.2135746725205,3458558
2018-05-02,1463.1982421875,1476.7651288261907,1451.3037015645962,1476.0544021838614,3158046
2018-05-03,1455.7142333984375,1474.1727078997408,1450.9270622612257,1467.3997283515596,3761550
2018-05-04,1455.2545166015625,1462.0484219078255,1450.7600869374191,1459.9579895058985,2347244
2018-05-07,1430.2530517578125,1459.1219462082036,1426.051261842173,1459.1219462082036,3484426
2018-05-08,1438.71923828125,1457.6585770784359,1420.1143890972573,1436.0016760408914,2992820
2018-05-09,1458.829345703125,1461.1078968712454,1438.3012563054008,1438.3012563054008,2615050
2018-05-10,1442.921142578125,1467.9644849990339,1438.3012659883032,1464.53619585336,3858678
2018-05-11,1445.30419921875,1457.0315467164587,1439.2628693174777,1444.1544612694042,2627876
2018-05-14,1435.520751953125,1451.1780691036952,1426.0092852080634,1445.324858799042,2433894
2018-05-15,1455.9442138671875,1461.5466335449987,1435.5834241495604,1442.3982537046293,1952890
2018-05-16,1460.752685546875,1467.0658338395867,1452.9554115277924,1454.9203980723842,1648450
2018-05-17,1459.8743896484375,1477.162204333999,1453.268602857434,1468.716877861807,2968048
2018-05-18,1464.1595458984375,1470.702557445816,1445.742818955722,1455.2752096049705,1874996
2018-05-21,1487.0289306640625,1501.7664775273247,1470.8490060115384,1475.3015857244513,3446178
2018-05-22,1467.023681640625,1494.6383154293112,1460.6687872436582,1487.551769656038,1857416
2018-05-23,1461.2540283203125,1482.116501861912,1455.3589684009353,1473.7547726553566,1507298
2018-05-24,1506.6580810546875,1511.3824782336676,1464.2850816701607,1467.4834021023992,2962316
2018-05-25,1499.1741943359375,1536.3838829630274,1493.634549680781,1515.5631603730453,3769772
2018-05-28,1464.1595458984375,1512.0095155446409,1457.449238542408,1512.0095155446409,3716798
2018-05-29,1473.1279296875,1481.6987037923939,1458.285857457074,1475.80364272563,3525312
2018-05-30,1469.1976318359375,1477.0994248963823,1455.9860592136006,1467.086274853282,3779106
2018-05-31,1467.93310546875,1483.109461780978,1455.3282366677865,1461.9889914112928,5049371
2018-06-01,1460.6820068359375,1481.8024758970225,1447.0655258809084,1478.8515179080384,1603856
2018-06-04,1470.6309814453125,1474.635852972826,1443.9458695251055,1471.2633295812357,1681483
2018-06-05,1451.533935546875,1477.0808394423527,1442.723260032302,1470.4200856718621,2449568
2018-06-06,1455.0333251953125,1462.7479944398794,1446.1382519649144,1452.7147149422126,2236512
2018-06-07,1463.2958984375,1474.6359680582398,1453.3891102015455,1454.4008261294819,2414762
2018-06-08,1473.03369140625,1481.6336866844335,1462.8318300632543,1462.8318300632543,2582138
2018-06-11,1475.2259521484375,1486.4396332044096,1469.5770168322665,1473.0338326043072,2179378
2018-06-12,1501.6160888671875,1504.988612368293,1478.0084243594495,1481.380947860555,4608875
2018-06-13,1537.9549560546875,1544.32063511235,1515.9492615518932,1531.1256167843371,5370983
2018-06-14,1507.138427734375,1544.868529157453,1504.1452723747764,1542.9292872454264,3819998
2018-06-15,1551.403076171875,1557.34708735017,1508.0239289861597,1517.635641969551,9183574
2018-06-18,1542.0865478515625,1574.9264580438116,1536.3111212773767,1574.9264580438116,4674987
2018-06-19,1538.29248046875,1550.5178797380277,1535.3415220244417,1536.3111432403955,3245034
2018-06-20,1536.56396484375,1548.241410885259,1533.3179312574362,1544.6159066171629,3107695
2018-06-21,1533.949951171875,1544.6155760338672,1532.4744723192225,1544.6155760338672,2910659
2018-06-22,1525.898193359375,1540.4000022393273,1517.2561024874794,1540.4000022393273,2949458
2018-06-25,1533.8658447265625,1536.479529855465,1522.6943606300244,1527.668853378016,2083217
2018-06-26,1561.478271484375,1569.0664488296015,1535.3412161841507,1537.0274778164232,4679712
2018-06-27,1566.537109375,1589.42813239172,1560.845976173557,1568.2233710643163,4081208
2018-06-28,1553.6375732421875,1577.498223564559,1539.8103061048823,1572.439437171514,4888125
2018-06-29,1557.895263671875,1574.4628079639624,1553.300241013016,1555.4923609702582,3506276
2018-07-02,1560.93017578125,1566.368431158407,1552.2880851378027,1561.4782313819117,2650290
2018-07-03,1580.069580078125,1585.001875495379,1565.736354090844,1568.1813514810804,3242233
2018-07-04,1573.408935546875,1585.0019867918102,1565.82075655019,1585.0019867918102,2700614
2018-07-05,1585.3389892578125,1591.4094902508,1569.9939459301957,1579.184092842251,2472571
2018-07-06,1612.8671875,1619.654432302041,1586.4772525161268,1587.4889684110115,3713781
2018-07-09,1587.615478515625,1622.5211182239045,1582.135127686973,1622.183845280968,6151747
2018-07-10,1580.95458984375,1601.0211446532192,1577.2869913381571,1600.2623063262447,5303302
2018-07-11,1669.315185546875,1684.5758369590972,1597.0166980497565,1601.9489941052477,22903802
2018-07-12,1662.10595703125,1678.5892060838798,1652.9580080225155,1672.7715827169961,6921701
2018-07-13,1670.3267822265625,1684.4914240145326,1664.3405727871127,1665.1837037763667,4148185
2018-07-16,1677.156005859375,1682.8893373555416,1667.2492174255435,1677.8305517723084,2582159
2018-07-17,1691.4757080078125,1697.2627704970237,1673.607540246194,1680.3661774607167,3315492
2018-07-18,1689.870849609375,1699.544109809251,1683.7881161490764,1693.8837912594909,2013869
2018-07-19,1673.945556640625,1698.487797085664,1664.3144776165104,1691.43348984941,1746318
2018-07-20,1686.7869873046875,1689.6594289596442,1676.1421535279671,1676.9025208967244,1934995
2018-07-23,1694.432373046875,1698.065078160668,1677.8314521020177,1690.5038950937246,2086201
2018-07-24,1688.8145751953125,1702.3318504344945,1676.2688747396717,1702.3318504344945,2038423
2018-07-25,1674.0301513671875,1691.3491612602118,1662.962902256396,1691.26469891085,1535492
2018-07-26,1659.836669921875,1676.9867520125415,1651.726326406882,1668.4961733012847,3503036
2018-07-27,1642.1380615234375,1659.7950264505635,1639.2234397203592,1656.58463168976,2033977
2018-07-30,1642.8558349609375,1651.3885944141102,1631.8308691124087,1641.5041280494117,1579251
2018-07-31,1639.1387939453125,1644.8836780373722,1628.8319112768636,1640.65952888987,2204803
2018-08-01,1669.8062744140625,1674.0727066019201,1647.2493576453573,1647.375999625698,2425180
2018-08-02,1646.066162109375,1676.9869076396255,1643.1937205839151,1672.7627592576616,1509287
2018-08-03,1672.298095703125,1674.4947354093297,1652.9092954869411,1652.9092954869411,1505131
2018-08-06,1669.0037841796875,1688.7727217392905,1666.2158042014605,1687.1253446522078,1532249
2018-08-07,1662.0758056640625,1672.0448380712426,1656.2887424409134,1671.242187923051,1353521
2018-08-08,1667.69384765625,1671.326656660954,1657.5558911355433,1666.0041882361322,1315062
2018-08-09,1667.9892578125,1673.4384704714055,1660.9349514572111,1672.7625655571098,2060297
2018-08-10,1683.8302001953125,1686.7026420496738,1666.0465953481526,1673.5654978260827,2784105
2018-08-13,1689.786376953125,1693.2501585726998,1681.211333695733,1687.8010475114233,3559575
2018-08-14,1692.6585693359375,1710.4421724614724,1674.7904007383693,1682.9007451495095,3311765
2018-08-16,1696.840576171875,1706.5984011697983,1685.4353743902866,1689.9130133782153,2152065
2018-08-17,1700.4310302734375,1708.1612428887308,1693.0387701741245,1701.3603223459113,1213731
2018-08-20,1698.0654296875,1709.9353283317676,1692.7852440145389,1709.9353283317676,1587032
2018-08-21,1704.5709228515625,1709.935571632884,1693.0389750752468,1698.2346991424483,1376866
2018-08-23,1719.3128662109375,1721.762892915885,1706.8094487872504,1708.9215229934769,3046791
2018-08-24,1725.987060546875,1728.5215496225678,1715.8491042441033,1719.3128853551586,1570533
2018-08-27,1732.6614990234375,1739.5047034778702,1719.2287865844903,1725.9874255489503,1532702
2018-08-28,1748.121826171875,1750.4873909245807,1733.5907944870846,1736.125283952709,1987983
2018-08-29,1750.487060546875,1754.373359496932,1728.183536833102,1750.9094753780882,1525867
2018-08-30,1759.2733154296875,1761.469955190861,1744.995775753824,1747.1078500406236,2408020
2018-08-31,1755.8939208984375,1767.3836870263638,1752.1767528167677,1759.1888803981972,2504554
2018-09-03,1734.35107421875,1765.6943433914344,1730.5493399865675,1761.3012695301468,1439711
2018-09-04,1773.2130126953125,1778.15534904876,1737.7724472749046,1740.1802944742262,4420803
2018-09-05,1756.6124267578125,1780.2676620345799,1753.064182717754,1774.1426457575599,1681106
2018-09-06,1753.275390625,1758.5132943290273,1740.6029431520549,1753.0219004240846,2238097
2018-09-07,1757.119384765625,1760.625346017979,1744.9114288529101,1756.6546871128685,1312182
2018-09-10,1757.87939453125,1768.5664077105894,1752.388001492945,1760.9629404267826,1530539
2018-09-11,1728.733154296875,1764.8496319248245,1725.3115520069784,1764.8496319248245,3679745
2018-09-12,1726.7896728515625,1747.8681332106546,1723.4526366937293,1733.88636628642,2307661
2018-09-14,1744.9111328125,1750.106959081706,1704.993033692816,1726.8318602230433,3642038
2018-09-17,1752.3035888671875,1755.387341288955,1735.7450490924625,1748.7976278167425,1033857
2018-09-18,1749.431396484375,1756.232317968453,1738.3219665576046,1751.3322636301386,1456507
2018-09-19,1755.4716796875,1764.8493725471674,1746.1364758246455,1750.402701116278,1301268
2018-09-21,1776.8033447265625,1791.8836360476787,1732.0273745660124,1754.7111325181654,4508530
2018-09-24,1857.3160400390625,1867.4962804215195,1772.5795695063232,1786.8150341965681,3032226
2018-09-25,1844.432373046875,1868.67894698888,1819.5944594979476,1862.7651384051092,2868778
2018-09-26,1809.7518310546875,1857.7804812516085,1803.795946768615,1847.6425250101263,1970951
2018-09-27,1849.205322265625,1866.8198953836454,1804.3870714660554,1809.540408187566,3311802
2018-09-28,1844.8546142578125,1850.1770827335656,1823.8607195163077,1840.0391261158475,2904371
2018-10-01,1905.5557861328125,1922.7902305504276,1850.4729276186806,1850.937418975923,3772208
2018-10-03,1827.240234375,1905.0912187491322,1821.1152182615049,1901.1205598994254,3902322
2018-10-04,1744.4046630859375,1822.0021587210965,1737.265892319522,1821.9600822356915,4762419
2018-10-05,1776.3814697265625,1791.03935068913,1707.3167299689667,1731.9012589210927,3417624
2018-10-08,1755.176025390625,1792.8975898718213,1730.3379078774249,1776.381127600457,2010154
2018-10-09,1767.214599609375,1780.6050250232065,1734.6040945265931,1757.54134193492,1867130
2018-10-10,1726.4937744140625,1779.168880095215,1714.1592827048955,1774.1421851553873,2749573
2018-10-11,1672.720458984375,1700.6421207478538,1639.8143846853375,1676.9868900568752,4700256
2018-10-12,1620.6370849609375,1671.0733839635898,1607.7111474634537,1671.0733839635898,9373289
2018-10-15,1646.9957275390625,1652.1069891811885,1622.073247948192,1638.9698442809856,2638151
2018-10-16,1657.809326171875,1665.9196704930168,1634.7454346027741,1654.1765172879752,2815425
2018-10-17,1630.014404296875,1680.366232570705,1622.0729846836368,1664.3144686597732,2779207
2018-10-19,1616.3282470703125,1629.6765984594845,1579.8739256211568,1629.6765984594845,3428776
2018-10-22,1607.7108154296875,1618.6936008214825,1594.1512583676008,1617.0039415304373,1778496
2018-10-23,1560.851318359375,1606.8645149654235,1555.2213456224883,1598.398421630516,2752811
2018-10-24,1564.957275390625,1586.5458123246044,1533.294067218283,1567.962779713896,2735913
2018-10-25,1568.7669677734375,1589.0009498726065,1545.1042801591266,1561.1474843897565,2507233
2018-10-26,1523.134765625,1569.5289964408169,1516.3618912487266,1569.5289964408169,2285970
2018-10-29,1584.0057373046875,1589.8896296244295,1510.6470329703923,1531.2619453334892,2609483
2018-10-30,1604.1552734375,1616.5157480124956,1561.9940907868613,1580.6194945794416,2404883
2018-10-31,1640.8555908203125,1645.7235935695162,1587.7731336171405,1608.5574301716442,2769190
2018-11-01,1638.8238525390625,1646.1046714059037,1609.6582052709366,1645.5120862703845,2769759
2018-11-02,1619.944580078125,1654.7825746537433,1612.7907725827054,1637.5117236639996,1818635
2018-11-05,1600.81103515625,1631.712271921529,1595.6467395441,1617.0236225118615,1713366
2018-11-06,1636.241455078125,1640.3052203171187,1600.937895029508,1603.4777224674183,1398710
2018-11-07,1644.242431640625,1650.0416852371636,1639.8823726548926,1642.4222008004604,144530
2018-11-09,1616.34619140625,1661.0048252724123,1612.7904742187518,1660.2005878965733,2570479
2018-11-12,1621.1297607421875,1647.586300768354,1615.7538124780424,1615.7538124780424,2552008
2018-11-13,1638.1466064453125,1641.5754154125484,1611.0974809335119,1621.256792426524,1418432
2018-11-14,1592.17578125,1633.871288765277,1583.1593716460523,1629.7228825768186,2422318
2018-11-15,1585.572021484375,1607.7108727605423,1572.6612311686308,1578.0795507244081,1829123
2018-11-16,1597.213134765625,1608.388439883363,1583.3710929460037,1599.245017818474,1829729
2018-11-19,1610.6317138671875,1614.780119829274,1578.3336539061722,1607.7109533156197,1740628
2018-11-20,1590.1439208984375,1610.2508918135647,1586.7151118882498,1610.2508918135647,1190182
2018-11-21,1534.0557861328125,1584.0480979850256,1522.6689343566431,1584.0057261890133,3840461
2018-11-22,1534.5218505859375,1564.1954469128768,1532.3205835534754,1540.8290490362267,3194219
2018-11-26,1562.9254150390625,1574.6933050307769,1510.7743025953878,1539.9823235757974,4333177
2018-11-27,1600.3033447265625,1606.7799270077762,1553.8244701356914,1569.6137553884655,3344839
2018-11-28,1679.5880126953125,1683.9056989465182,1593.741819138673,1599.2447789391517,5313249
2018-11-29,1659.81982421875,1690.6786903737082,1644.5808575553917,1690.6786903737082,4035441
2018-11-30,1666.3387451171875,1685.5991065811356,1659.2272063690189,1664.4338742031705,5268901
2018-12-03,1678.3182373046875,1684.7524470867013,1666.3810672683705,1679.6727914673443,1610576
2018-12-04,1702.404052734375,1709.6426025778735,1668.6666975052271,1678.8260076879073,3270615
2018-12-05,1698.93310546875,1708.4574594921828,1680.5193543567802,1698.2981485338546,2501539
2018-12-06,1687.0382080078125,1707.610854083,1675.9476475225526,1691.525278362833,2321216
2018-12-07,1689.15478515625,1696.5203478606893,1670.3601005783044,1680.5617836865256,1680420
2018-12-10,1672.7308349609375,1702.5314434532984,1659.3543655735778,1672.0535061264368,2010786
2018-12-11,1693.2183837890625,1701.6844757080078,1660.2006253051757,1667.8201080322265,2942014
2018-12-12,1707.44189453125,1711.8442221122789,1680.4773022233553,1694.1500648248316,2219993
2018-12-13,1678.4871826171875,1718.3624505966568,1671.6296695697106,1713.5368200603161,3748429
2018-12-14,1684.540771484375,1692.3295353213841,1672.264937240614,1678.8261589915896,2473761
2018-12-17,1688.392822265625,1697.3668594001094,1680.5193151184167,1692.3718442930556,1227921
2018-12-18,1682.9322509765625,1694.911793060221,1673.2386159759758,1686.3610599282401,1768742
2018-12-19,1666.50830078125,1680.3504477184904,1659.3968642048324,1680.3504477184904,2498833
2018-12-20,1654.3167724609375,1671.9685538663846,1647.5015269642915,1654.1051201578846,1940277
2018-12-21,1605.001708984375,1650.8878847503804,1597.1705741464566,1649.1946664070467,3729956
2018-12-24,1624.2198486328125,1641.49069802865,1612.7906237401658,1613.4679524795538,1864116
2018-12-26,1599.4139404296875,1627.0134809751085,1583.3707386203935,1627.0134809751085,2446614
2018-12-27,1616.134765625,1643.861219920843,1584.937233903277,1616.177137427918,4968201
2018-12-28,1605.21337890625,1625.489627452013,1602.6311795659692,1621.25658154719,2239130
2018-12-31,1602.673828125,1616.17720555491,1596.8322030983995,1615.3305962277466,1879740
2019-01-01,1610.9281005859375,1617.0236457656654,1595.8584148001462,1605.1711164249746,1094883
2019-01-02,1628.2835693359375,1637.7231795502098,1608.5575329877986,1612.79057912724,2100463
2019-01-03,1608.51513671875,1646.6125513941724,1602.7158842651058,1624.6430836030195,2611668
2019-01-04,1588.95849609375,1609.573409960199,1558.6075761837847,1608.5575202331293,4280862
2019-01-07,1606.779541015625,1616.007601503423,1592.4718255817925,1601.6152458229922,1856423
2019-01-08,1603.0970458984375,1613.9759544936617,1594.419300765359,1613.1293452123857,1691756
2019-01-09,1597.5093994140625,1624.6432691930738,1580.3655608517072,1614.82262184628,2414376
2019-01-10,1598.8641357421875,1612.790818267621,1584.9373498708858,1600.0916779663012,3053461
2019-01-11,1559.9200439453125,1587.3924750416884,1553.528102240799,1583.1594284415771,9209862
2019-01-14,1535.1142578125,1567.0737577338687,1532.3627776868193,1566.2271484644284,3615370
2019-01-15,1581.296630859375,1582.6088130502606,1530.6693617378921,1532.3625800583986,7711653
2019-01-16,1583.286376953125,1587.3924113212372,1563.6873513121734,1583.1593648910473,2359280
2019-01-17,1607.16943359375,1610.3085605936703,1587.6556839132154,1593.340082610597,2625816
2019-01-18,1612.5570068359375,1615.5688497283866,1591.6433356829184,1595.8854554475317,1683728
2019-01-21,1619.386962890625,1639.1552849277346,1608.1453440887137,1613.7025631120864,2409803
2019-01-22,1613.617431640625,1627.4891416536134,1603.5211665451995,1618.0291944814203,2457093
2019-01-23,1591.3038330078125,1617.1807617444829,1586.5526799204551,1612.8538206036285,2578169
2019-01-24,1613.3206787109375,1616.4598060452329,1590.7949803620581,1599.10957688637,1962927
2019-01-25,1629.652587890625,1641.7001652474066,1612.8537540751008,1613.7021779331099,2327080
2019-01-28,1658.6689453125,1664.607913403133,1633.6404369305467,1640.0036170276535,2769033
2019-01-29,1682.21240234375,1687.5575140694054,1643.100083252383,1664.6076073122872,2557626
2019-01-30,1681.0673828125,1687.9395966972877,1658.3720401577364,1679.5401781414869,2429575
2019-01-31,1708.81103515625,1713.6046522480945,1684.1219134608082,1685.8187617363355,4094319
2019-02-01,1722.2584228515625,1726.3308998698085,1695.2361365686763,1704.908191811466,3064163
2019-02-04,1739.4810791015625,1743.8928418991377,1716.3615281172836,1722.2580327211886,1590764
2019-02-05,1734.6451416015625,1743.511130008477,1720.603684504716,1739.2690104707435,1111404
2019-02-06,1760.3101806640625,1770.5337314306187,1731.67587027306,1739.1842984947284,1789812
2019-02-07,1767.1815185546875,1779.9503357755636,1753.6916655199436,1760.2669487360924,1339945
2019-02-08,1748.9410400390625,1772.7818357838592,1740.1175138514932,1760.4796885625785,1684474
2019-02-11,1752.7587890625,1778.2964303871245,1738.3355832816883,1747.7531710865824,1778730
2019-02-12,1740.626953125,1756.2378735919015,1712.1198207287232,1756.2378735919015,2422903
2019-02-14,1734.687744140625,1760.4798552637494,1724.8885087734438,1747.7959574925385,1724085
2019-02-15,1722.0460205078125,1740.9659156969665,1706.138071716722,1738.4206438903918,1930065
2019-02-18,1671.6497802734375,1732.4392745338578,1665.159316225355,1728.7486509982434,2942184
2019-02-19,1616.0780029296875,1672.243627741439,1605.218134797972,1671.3952037801293,4408554
2019-02-20,1624.519775390625,1640.682293235485,1596.1400353908539,1624.7318813803613,4645778
2019-02-21,1624.052734375,1645.9421090041621,1609.5023496157798,1624.519408874082,4683919
2019-02-22,1633.7677001953125,1637.4583238906048,1616.3325455269335,1626.5984552378486,2271955
2019-02-25,1684.248779296875,1688.3636146291044,1637.882390975621,1639.5792388295197,2934880
2019-02-26,1729.6820068359375,1735.1544039012206,1673.3042721766262,1683.2732544040696,6453309
2019-02-27,1746.141357421875,1760.437176232456,1715.513170971502,1730.7848015736222,4732082
2019-02-28,1682.806396484375,1757.3829839442326,1677.8431372251853,1747.7532895194377,8454295
2019-03-01,1692.9453125,1701.090162389485,1680.1764895548604,1692.6483848060773,4148548
2019-03-05,1686.7515869140625,1702.7868198322353,1676.9947117630556,1701.0899719798863,2449622
2019-03-06,1696.5089111328125,1709.5746637678935,1684.1644018797926,1687.7702045204942,2635047
2019-03-07,1708.132080078125,1717.2526380751947,1697.01764282779,1701.0901194534347,2539884
2019-03-08,1716.1070556640625,1724.8458636406922,1705.3745757166566,1718.0584721457953,2031071
2019-03-11,1709.4046630859375,1724.8459379753415,1699.9447150687602,1721.36742039777,3111689
2019-03-12,1707.4107666015625,1717.888885421155,1699.3932015608405,1708.7683277991985,2658550
2019-03-13,1697.272216796875,1710.3379671472783,1678.6917104308857,1707.8775168268478,1833163
2019-03-14,1686.15771484375,1703.4655834792622,1680.727781056695,1701.0474924597852,1905495
2019-03-15,1730.74267578125,1755.3469743175071,1689.2123581271799,1695.91492913157,5184318
2019-03-18,1716.19189453125,1751.6560547340334,1706.180451153229,1733.3300157663086,2349915
2019-03-19,1716.19189453125,1722.3005051422451,1692.690490522631,1722.3005051422451,2373993
2019-03-20,1709.6165771484375,1734.857187524217,1696.8477563549195,1720.6036249438885,3091165
2019-03-22,1701.641357421875,1710.4225237724118,1682.679104620312,1709.574099901493,3148149
2019-03-25,1683.485107421875,1703.46553150211,1677.503677557319,1703.46553150211,2429205
2019-03-26,1682.127685546875,1692.5632374974166,1661.2564780784203,1683.2730371116772,2316539
2019-03-27,1669.6136474609375,1695.151189715649,1663.7595010172113,1691.7574936401422,2266166
2019-03-28,1697.1025390625,1709.2349399107175,1673.7708794689504,1679.8794907355818,4054489
2019-04-01,1723.7005615234375,1730.742418261126,1703.8474201174445,1705.3321620495772,2095740
2019-04-02,1764.128173828125,1769.8125735530416,1728.239794979648,1728.3246166714218,3719663
2019-04-03,1764.128173828125,1772.8669829960186,1746.1416253416942,1768.9641495005233,2939886
2019-04-04,1709.1500244140625,1764.46722378721,1703.1262351631096,1763.1521252553496,4397518
2019-04-05,1737.8267822265625,1743.0020439335456,1712.7982762198308,1721.1552312408069,3152103
2019-04-08,1756.8740234375,1760.4798254897078,1724.5914483431325,1746.9050412931606,2194294
2019-04-09,1774.478271484375,1779.9930258542763,1745.759044719546,1756.23716087624,2690970
2019-04-10,1730.9967041015625,1769.387882075142,1727.390902855425,1767.2668225185907,3313062
2019-04-11,1713.391845703125,1743.5108902797335,1708.4285872398877,1735.0266523708299,3422442
2019-04-12,1709.1500244140625,1729.9364109110318,1702.786844874174,1729.08798697238,3198471
2019-04-15,1792.97412109375,1798.4888759879127,1731.6330367671173,1756.237327833382,9189201
2019-04-16,1808.6700439453125,1829.1593975117298,1794.883156084855,1798.6586008720028,5771952
2019-04-18,1824.153564453125,1828.3532206792515,1793.737489505807,1824.026176607055,3413728
2019-04-22,1833.825927734375,1846.1705377848416,1820.3785322432204,1822.4146668942278,2007135
2019-04-23,1828.39599609375,1837.2619845622876,1810.5790939114327,1835.1409247786783,2163524
2019-04-24,1852.490966796875,1862.2903034423891,1829.2866993696687,1830.8986217898296,3003071
2019-04-25,1862.29052734375,1870.7747666482774,1839.4255438449984,1845.3220487346953,4211526
2019-04-26,1899.2392578125,1903.820663765417,1860.7206906003432,1869.0777484073956,2716958
2019-04-30,1917.7349853515625,1923.334458635915,1892.0701631777602,1899.2393034820075,3488395
2019-05-02,1879.59765625,1916.9282965499774,1875.949600292063,1913.1953153738511,2457699
2019-05-03,1808.8399658203125,1854.6973243920067,1802.9009978274692,1853.8064377661271,3780886
2019-05-06,1830.7716064453125,1836.8377545127858,1788.901803875385,1790.174439733015,2891422
2019-05-07,1825.765625,1853.2546814550178,1814.6089344560348,1832.6379408974358,2201698
2019-05-08,1826.529296875,1839.3828348457953,1807.4820164798211,1824.9596299600119,1824895
2019-05-09,1843.2430419921875,1853.0423776386067,1812.3180380251883,1819.8689264746288,2264162
2019-05-10,1812.064208984375,1859.7456013137275,1803.6224307338362,1845.322391814488,2039633
2019-05-13,1806.0826416015625,1838.5348605287545,1800.0587481755479,1809.688443704584,1701744
2019-05-14,1775.1995849609375,1832.4257276891892,1758.2311093033559,1811.3847764468453,2456110
2019-05-15,1777.7872314453125,1802.0522361227008,1768.5394944433945,1779.144792443175,2346876
2019-05-16,1789.1138916015625,1802.0523560221548,1762.2188955116073,1778.296486922051,1946529
2019-05-17,1777.829833984375,1811.385040923513,1773.2059651195048,1792.3804282660817,1947908
2019-05-20,1818.97802734375,1825.2987427499177,1739.2686587746518,1802.9004389737245,2625116
2019-05-21,1789.9625244140625,1823.0085976101348,1783.8539130737295,1822.457204866994,1863157
2019-05-22,1766.2066650390625,1800.3132684707957,1760.4798030292086,1790.1746430803037,2595795
2019-05-23,1742.7054443359375,1794.713879520747,1739.2692855399887,1779.9936395428763,2541294
2019-05-24,1737.5721435546875,1756.2374693155289,1724.2094671577215,1756.2374693155289,2274208
2019-05-27,1743.638427734375,1755.3467198710644,1730.8697092094717,1743.3416036276633,2329820
2019-05-28,1759.4188232421875,1779.5688881256121,1735.0266394359364,1747.7529962044152,5872979
2019-05-29,1788.0960693359375,1801.798034286699,1762.2615995769984,1764.7219463598426,3281320
2019-05-30,1820.9722900390625,1829.6686351670846,1793.9074428719805,1801.203971394268,4971725
2019-05-31,1863.6055908203125,1870.7322688482084,1826.020369981046,1832.5956553184153,4265370
2019-06-03,1902.421142578125,1906.9600866160295,1854.3577995574856,1867.381190578304,3682419
2019-06-04,1867.183349609375,1902.1646208478708,1860.2554183201974,1902.1646208478708,2408658
2019-06-06,1852.6434326171875,1880.782385233849,1840.5837621751903,1880.782385233849,3735467
2019-06-07,1866.0283203125,1872.913444223663,1832.1161669168027,1859.399825075914,2659446
2019-06-10,1908.5792236328125,1912.299817855305,1869.2358921127095,1878.815096285841,2080593
2019-06-11,1926.796875,1936.333272606023,1908.1515158707118,1913.2832545955994,3048937
2019-06-12,1933.724365234375,1938.8561033442218,1897.8878109583284,1920.1253427676645,2404448
2019-06-13,1927.9088134765625,1954.3371846593784,1918.4578194646997,1936.376098936032,3320916
2019-06-14,1928.2508544921875,1935.606430298078,1910.7174135886214,1930.6029014426658,2131408
2019-06-17,1923.7181396484375,1934.6658929178702,1917.0896424467958,1929.5341531488573,1489497
2019-06-18,1925.12939453125,1932.9552137527899,1908.3228223640026,1919.2705750713542,1877447
2019-06-19,1932.868896484375,1946.6391426611426,1918.5427955882528,1928.6780609406312,1652817
2019-06-20,1948.306884765625,1953.481428560558,1891.9005779229221,1907.2957905823312,2199377
2019-06-21,1924.2738037109375,1960.751829467588,1917.5596953833513,1954.337156088741,3871804
2019-06-24,1946.2117919921875,1950.060595799687,1925.086177299885,1927.9512726255523,1382424
2019-06-25,1939.626220703125,1945.31381426223,1924.8296656259631,1941.5078164723113,1386077
2019-06-26,1927.9940185546875,1938.7707524029097,1924.4018435422681,1937.2311891658833,1762224
2019-06-27,1926.5831298828125,1936.3761565803513,1916.9611193874375,1928.6785481840514,2813464
2019-06-28,1904.9019775390625,1934.6233070876972,1900.8821560241909,1932.9555332349478,2372928
2019-07-01,1915.4644775390625,1928.6786643195387,1887.2827179756187,1911.57286685329,2769940
2019-07-02,1926.19775390625,1930.388589339681,1895.7065549777053,1920.0395018582806,1771746
2019-07-03,1913.8389892578125,1931.9284924137412,1909.0066857863703,1926.2834966464366,1656881
2019-07-04,1918.115234375,1926.1122760615353,1907.381516403966,1910.717062487331,984140
2019-07-05,1850.0772705078125,1924.4018633963797,1830.3199945192234,1921.8359942451846,4088470
2019-07-08,1860.5972900390625,1872.0582982923463,1823.5634098894932,1838.0177235395163,2788062
2019-07-09,1824.6328125,1859.7422962466276,1800.0004213368566,1859.400263807131,3977224
2019-07-10,1803.1221923828125,1819.9287648285876,1771.5620774251258,1779.0030580692694,6343581
2019-07-11,1798.2896728515625,1820.9120470805715,1784.1773906642306,1820.056757251036,2400346
2019-07-12,1802.6085205078125,1813.0002060616978,1790.2068207847817,1797.9044275094213,1560725
2019-07-15,1835.1953125,1841.952227318528,1794.3980301263416,1817.4908551089018,2900415
2019-07-16,1805.447265625,1828.1653817404142,1800.30354122151,1822.5930136366335,2735399
2019-07-17,1815.0916748046875,1821.7356518880438,1793.5309812794583,1807.1617666729394,1802969
2019-07-18,1771.1129150390625,1814.1916081749878,1766.0120967165362,1814.1916081749878,3072096
2019-07-19,1780.5428466796875,1797.7314992017925,1768.1550868401036,1780.5857529051614,1953177
2019-07-22,1808.790771484375,1815.263333822237,1773.556381613158,1780.5860970938945,1920167
2019-07-23,1810.97705078125,1826.022489206995,1802.3612690076422,1824.2221016249089,3538588
2019-07-24,1797.5604248046875,1818.1353242660948,1780.157447150507,1808.8765776487214,2413196
2019-07-25,1824.2216796875,1830.308503629812,1793.9166972557825,1807.9332199362277,2544464
2019-07-26,1808.0625,1825.8512181462793,1796.0175670580736,1825.8512181462793,1720592
2019-07-29,1826.022216796875,1836.3096659055898,1803.1326843897223,1809.562340082669,1647090
2019-07-30,1868.15771484375,1873.1729297481302,1817.8349873779866,1826.0221237361634,2851672
2019-07-31,1890.91845703125,1896.0621805627122,1840.7242463770035,1861.8135965754566,3000677
2019-08-01,1868.9295654296875,1901.0349388850534,1857.098956644756,1886.0324083639762,2375236
2019-08-02,1890.576904296875,1894.606115261429,1856.4568066057125,1862.886465367912,2500816
2019-08-05,1927.6966552734375,1930.8256707651005,1882.260420152758,1885.9465887707627,3039682
2019-08-06,1898.805419921875,1930.5679539527675,1895.8478208101994,1914.1509870628372,2885467
2019-08-07,1897.56298828125,1919.038082166125,1892.2478476038327,1911.7511383651815,2165362
2019-08-08,1935.841064453125,1955.4728652643512,1902.2352256777385,1910.8081010186606,2073298
2019-08-09,1925.68212890625,1944.2423203524047,1921.4815036967918,1937.4698325333889,1744550
2019-08-13,1885.56103515625,1925.6821338276272,1881.1460880513791,1924.6105244042396,1647281
2019-08-14,1889.8043212890625,1901.3350046268358,1858.0846864744572,1869.829691669086,1945002
2019-08-16,1856.113525390625,1921.5244039077145,1837.3817070166042,1921.5244039077145,3755507
2019-08-19,1854.3128662109375,1874.0304787503974,1849.7692005921033,1868.8867537401036,974884
2019-08-20,1874.673583984375,1890.319082055812,1857.3135107818216,1862.0285923923918,1843611
2019-08-21,1874.2020263671875,1887.7472117078507,1870.815782356702,1873.130416914583,1214408
2019-08-22,1899.7491455078125,1916.5947615668606,1860.3139195631557,1874.8878074122679,2131601
2019-08-23,1926.9249267578125,1937.383791610329,1897.9485695805174,1898.8487632474576,2826425
2019-08-26,1951.44384765625,1956.3303452214645,1907.4649509718486,1926.3252785769635,2345475
2019-08-27,1917.323486328125,1950.2005455453418,1910.893830103014,1946.0426174669544,3432106
2019-08-28,1919.68115234375,1930.7400780538635,1899.7492167438875,1920.3241180082616,1294621
2019-08-29,1914.7086181640625,1927.3536080834028,1905.0641343272773,1905.0641343272773,1670652
2019-08-30,1937.1268310546875,1942.6133870869105,1901.4635889491472,1921.1812005568254,2583625
2019-09-03,1930.268798828125,1968.503699316506,1917.7094102020158,1946.0428065804765,2545060
2019-09-04,1924.953125,1946.0424796442553,1914.3228445134898,1941.756042464422,2228092
2019-09-05,1899.1492919921875,1932.0261463897357,1892.290991084383,1922.210245075187,2055943
2019-09-06,1883.8892822265625,1914.7516322425608,1879.6886571938674,1899.7491009847838,1890550
2019-09-09,1871.330322265625,1888.476074273744,1868.7155532246406,1886.0327208930948,1703945
2019-09-11,1846.59716796875,1881.7459534314794,1840.2104183236759,1874.0303663786851,2627440
2019-09-12,1829.1082763671875,1856.0270140055882,1817.7492195840125,1847.4541409616825,2118859
2019-09-13,1836.266845703125,1849.9834451573633,1813.6345403231107,1830.3087396749297,2291174
2019-09-16,1843.168212890625,1863.2286576277156,1822.9361432063856,1851.6981820626313,2597948
2019-09-17,1819.7210693359375,1848.7832386287057,1805.104486175592,1847.4114950289447,2796530
2019-09-18,1833.351806640625,1837.1237870604318,1811.5765835301895,1822.9356403132185,1454663
2019-09-19,1801.97509765625,1830.9943580795477,1792.5878430637845,1830.3084863420277,1652691
2019-09-20,1770.6844482421875,1825.5079427265928,1763.4404106319053,1804.504398701079,6941979
2019-09-23,1728.1199951171875,1799.446265446666,1693.1426270877396,1799.446265446666,6323401
2019-09-24,1752.8955078125,1766.8693343152927,1725.7195390473964,1727.4341138502255,4620978
2019-09-25,1790.40185546875,1793.4452676440396,1766.0549766638019,1770.2985074975822,4002232
2019-09-26,1789.673583984375,1806.30487883604,1768.5842264066212,1798.5034783641042,4234281
2019-09-27,1762.711181640625,1787.615419331745,1758.639067003823,1787.4440037330844,2046795
2019-09-30,1799.7034912109375,1803.7327001547787,1766.0120543340513,1767.5981197528051,2620039
2019-10-01,1765.969482421875,1796.8318348450591,1748.6094091838338,1796.8318348450591,3342877
2019-10-03,1766.2264404296875,1784.1436641267776,1754.1387085091458,1774.584992932631,2317618
2019-10-04,1782.6009521484375,1789.973499504734,1761.683010333524,1766.5268105738865,2163251
2019-10-07,1755.467529296875,1795.588625183147,1749.723745045979,1783.1579567347558,2177916
2019-10-09,1731.806396484375,1766.0121874527717,1727.8628950539135,1766.0121874527717,2066920
2019-10-10,1718.3896484375,1748.0518755301077,1712.088607119028,1738.5788081133444,2881452
2019-10-11,1703.301513671875,1710.288427173908,1650.278306922192,1655.4220315151963,12593069
2019-10-14,1732.5780029296875,1742.6511308536974,1687.1417663362815,1710.2885283744317,3510704
2019-10-15,1746.5516357421875,1754.8672815380055,1734.0351561700268,1742.007970730448,2261310
2019-10-16,1754.35302734375,1762.5829657872064,1728.2914683983502,1747.151791962221,3034082
2019-10-17,1780.2554931640625,1786.4353048064431,1752.5123612010834,1765.397793856809,3818774
2019-10-18,1803.396728515625,1809.1380441814954,1775.0398337183303,1785.9968697289373,3087901
2019-10-22,1798.18115234375,1850.8626713084411,1788.2322912512143,1823.2509383478841,5552505
2019-10-23,1814.5733642578125,1826.6261069183213,1799.1457680504957,1805.719991319864,2348134
2019-10-24,1825.00390625,1839.9054751290828,1806.8590975334505,1826.7570320004804,2798671
2019-10-25,1862.6522216796875,1867.0789069595503,1818.9118202123836,1835.5226437433325,3954245
2019-10-27,1854.5445556640625,1866.2028879954516,1848.4963557200547,1866.2028879954516,224405
2019-10-29,1923.9244384765625,1929.928766787078,1859.628455076058,1859.628455076058,5064173
2019-10-30,1974.7210693359375,1981.032279815841,1908.1461556536715,1950.3525763673658,5195136
2019-10-31,1989.490966796875,2002.9024224155028,1960.8712727583304,1972.266590838732,4879261
2019-11-01,1929.2271728515625,1994.1805683954296,1924.055537418887,1984.538376636155,4172620
2019-11-04,1923.1351318359375,1954.0339740638594,1911.695943188933,1934.574320482942,2646411
2019-11-05,1930.0601806640625,1938.0806459034693,1901.2650026977046,1925.808764834881,2693475
2019-11-06,1918.358154296875,1937.9055522912327,1910.0308056718713,1928.438628948195,2540719
2019-11-07,1915.5965576171875,1932.3826492588587,1906.6993169939885,1932.3826492588587,1915598
2019-11-08,1867.0350341796875,1919.3221375545834,1861.8195279263894,1919.3221375545834,2788759
2019-11-11,1841.6148681640625,1874.9681308713239,1832.893109701701,1871.4618791071887,2983768
2019-11-13,1909.6802978515625,1914.238382794918,1856.5604927682334,1856.5604927682334,3823365
2019-11-14,1925.633056640625,1928.4380145882023,1881.7171780702188,1917.4809804144056,2995915
2019-11-15,1906.0426025390625,1938.519308408747,1901.0462356371106,1924.9325802693231,2724180
2019-11-18,1886.8892822265625,1917.7003808955376,1883.5144296420003,1909.5044326213742,1611089
2019-11-19,1848.49609375,1888.686378822186,1845.1651115552907,1887.2401354767417,2975313
2019-11-20,1848.2763671875,1871.4614083447682,1835.9606181630525,1860.0222220408568,2894129
2019-11-21,1856.6478271484375,1864.0986112488795,1847.2684336065554,1851.3007082509869,2052574
2019-11-22,1815.9754638671875,1846.918179538406,1806.1580013948198,1838.152549830108,3742049
2019-11-25,1824.5654296875,1827.5895284827502,1798.8820973887,1818.473361157008,2737010
2019-11-26,1794.0177001953125,1838.9414473147208,1783.849590711639,1831.8852863100446,6561580
2019-11-27,1800.722900390625,1815.975006641036,1793.9295390771265,1798.7067632644132,2907521
2019-11-28,1820.927734375,1835.8729582234855,1805.7192848931215,1811.8990951496185,2924429
2019-11-29,1799.8028564453125,1827.6337297886164,1793.2725053436354,1827.6337297886164,2064271
2019-12-02,1771.577392578125,1812.4689639699786,1767.150707380245,1805.7194728190996,3809860
2019-12-03,1797.83056640625,1807.472758620033,1761.8914863366956,1777.4066073706765,4664774
2019-12-04,1821.9359130859375,1825.0038831103786,1793.0093385697787,1799.583560050724,3334301
2019-12-05,1859.4527587890625,1864.2738543144171,1813.0388001231581,1825.8803598752193,3902721
2019-12-06,1861.4693603515625,1865.3261521319307,1841.6589500137154,1861.8198999662693,1829461
2019-12-09,1806.1138916015625,1865.2818843080915,1800.021822560848,1865.2818843080915,2244747
2019-12-10,1764.3896484375,1806.4647755119568,1755.9746658235322,1805.719611429665,4520045
2019-12-11,1789.853759765625,1795.200771914323,1759.0425532417323,1775.3904722965888,4943024
2019-12-12,1771.446044921875,1826.4502617237945,1739.1008514357382,1797.918309583624,7137306
2019-12-13,1815.5809326171875,1820.971708927517,1759.261765485912,1773.2867720866966,5711133
2019-12-16,1864.230224609375,1872.3384317694254,1823.5139190228044,1837.2759143205597,5574177
2019-12-17,1897.71484375,1901.264966363636,1857.436820527683,1864.011042403076,6059673
2019-12-18,1900.1693115234375,1931.4625656531489,1887.2400081697433,1905.647829893647,8251081
2019-12-19,1953.9033203125,1960.4336736074138,1899.994681400425,1910.7325810211228,6251505
2019-12-20,1948.511474609375,1969.3737132504264,1935.6699144524798,1945.9695279449813,5548338
2019-12-23,1956.2254638671875,1965.2102339721964,1937.2040909336058,1937.2040909336058,2247329
2019-12-24,1942.1129150390625,1966.6128061534523,1938.212038793392,1962.6244020174768,1805896
2019-12-26,1930.1478271484375,1953.8588987566172,1924.2310269839659,1942.8141195144162,1880367
2019-12-27,1927.123779296875,1951.579801697012,1907.4011115533317,1935.4511278997043,2720261
2019-12-30,1913.712158203125,1950.3525317121703,1908.3652526987328,1934.5743988713527,2288830
2019-12-31,1894.8663330078125,1925.8090519738212,1891.140939985105,1918.7965474604891,1909289
2020-01-01,1900.0380859375,1914.3258919461266,1888.1167432750387,1900.3886255433074,1354908
2020-01-02,1891.316162109375,1910.8635607483511,1883.909247204857,1910.8635607483511,2380752
2020-01-03,1929.0081787109375,1948.599446330552,1896.882232055472,1896.882232055472,4655761
2020-01-06,1928.8330078125,1951.185364280787,1917.8320993771802,1932.8214122577692,3023209
2020-01-07,1933.566162109375,1941.279743641955,1914.237909327274,1928.8764654690196,2429317
2020-01-08,1976.868408203125,1981.0320818264327,1930.2353064229992,1932.8211240828691,5197454
2020-01-09,1941.0169677734375,1973.975601431625,1937.2038339012508,1971.1706432060805,3734173
2020-01-10,1940.3157958984375,1958.2414639018093,1935.4508291384043,1952.982086648716,1915807
2020-01-13,1919.9798583984375,1945.0494318706885,1915.0271490308307,1944.0853409705862,2843893
2020-01-14,1934.4866943359375,1954.5601143516437,1924.0556808026847,1924.0556808026847,2948452
2020-01-15,1952.0181884765625,1955.6121826166254,1923.3546192776887,1939.8340475708617,2620681
2020-01-16,1962.44970703125,1971.3906087430653,1941.5874603672253,1952.0623476572086,3117214
2020-01-17,1945.1810302734375,1975.3785826885596,1939.8339103953006,1964.1585335374016,3281059
2020-01-20,1902.4481201171875,1965.429027621054,1890.0446283452136,1923.9675652184246,5817599
2020-01-21,1903.061767578125,1916.648491391048,1891.6664508318024,1902.0974628669824,1902980
2020-01-22,1934.4866943359375,1937.2041250906302,1905.384847112877,1911.783799467269,1773686
2020-01-23,1924.8660888671875,1948.4113575035844,1918.4965781730602,1941.4269024681296,2069866
2020-01-24,1918.233154296875,1924.866274488519,1906.4606260886756,1924.866274488519,1319430
2020-01-27,1905.8017578125,1927.0627049058899,1902.067906264406,1923.7681300105128,1549101
2020-01-28,1918.5406494140625,1922.0988329556171,1890.6465838759302,1909.9747552724314,1743024
2020-01-29,1892.9310302734375,1921.3521008986263,1888.8895992880423,1919.6389648578477,2306761
2020-01-30,1878.215576171875,1902.0682165087635,1866.92607855941,1897.6754492650944,2098567
2020-01-31,1826.5562744140625,1883.9258475870538,1820.0110952517152,1879.5768371759198,3287223
2020-02-03,1847.158203125,1928.1607696576293,1838.9876150240086,1890.646588882283,4728073
2020-02-04,1851.7708740234375,1877.2049513022794,1833.189555959817,1870.4401332206849,3509339
2020-02-05,1885.85888671875,1894.7761181360831,1848.7400047213953,1858.1404834178752,2439322
2020-02-06,1869.869140625,1910.1506837251948,1858.5796440859206,1884.4969683593947,2640065
2020-02-07,1877.073486328125,1889.7685412547999,1861.6548298088892,1879.2258994625834,2083442
2020-02-10,1899.3885498046875,1903.8252875353162,1861.6547227906483,1880.8949571591695,2383032
2020-02-11,1891.876708984375,1910.6778794769423,1886.7812711174943,1900.310906989152,1335820
2020-02-12,1907.1195068359375,1919.6388909070706,1888.8895265218314,1889.8560209130137,1620407
2020-02-13,1925.744384765625,1930.181120726843,1907.338740599898,1909.0518762113193,1645948
2020-02-14,1918.9366455078125,1943.3604774077141,1907.3397813978968,1922.2751919385528,1500115
2020-02-17,1935.67236328125,1947.7524699396488,1924.207200972809,1930.1374351505685,1774724
2020-02-18,1946.6546630859375,1951.2670683578326,1920.5616704459037,1932.7734767028821,2486223
2020-02-19,1929.610595703125,1959.1738279838823,1924.4709731832709,1946.6544436570794,1760463
2020-02-20,1894.86376953125,1945.4683100941859,1889.9877558974144,1936.770718361813,2317278
2020-02-24,1858.4482421875,1914.324116398797,1850.8486256765675,1894.1613563616208,3092877
2020-02-25,1894.2926025390625,1912.3029450991223,1854.62600703837,1858.579496868627,2674567
2020-02-26,1865.6964111328125,1901.1019477297468,1856.3396870980628,1892.4043533504264,2686842
2020-02-27,1849.7943115234375,1862.4893661325689,1832.8381868336298,1862.4893661325689,2349001
2020-02-28,1757.2386474609375,1818.1663057928577,1748.3213087836612,1816.8484756606088,4298076
2020-03-02,1758.2489013671875,1804.504650477469,1744.5433830060683,1787.8561070227177,2667076
2020-03-03,1788.910400390625,1809.8200143280646,1767.649450887411,1774.6778781275198,2757585
2020-03-04,1830.201904296875,1840.0856273700047,1779.0701531633217,1806.3053011870566,3237002
2020-03-05,1866.969970703125,1886.913090253504,1830.9492808181785,1832.398808151463,3937056
2020-03-06,1859.4141845703125,1865.7397257577074,1820.0111957320087,1843.2049182493115,2595027
2020-03-09,1732.8145751953125,1827.3029180117346,1700.0006309766782,1822.9980926494095,4940975
2020-03-11,1716.4293212890625,1745.948794215686,1686.8221217379134,1698.2433131871805,6796449
2020-03-12,1554.907470703125,1676.6310681610462,1544.8041081810186,1672.7654123557077,8728786
2020-03-13,1586.930908203125,1598.967045814718,1323.1452733097904,1482.910173443925,8029720
2020-03-16,1490.377685546875,1618.5146496605828,1472.3233741995766,1541.86088215732,7844271
2020-03-17,1456.6414794921875,1520.7758751513732,1426.023916164222,1519.8973217861787,5713248
2020-03-18,1453.478759765625,1505.445214587159,1430.0652903135835,1473.1583772847328,7258778
2020-03-19,1448.1246337890625,1491.5767590833336,1368.8311245955701,1380.2914745073563,5135111
2020-03-20,1590.6937255859375,1654.0135491293208,1439.8502110398101,1442.5051284541428,8547498
2020-03-23,1477.6383056640625,1548.7016293539596,1431.6640347927816,1433.655222601951,7003490
2020-03-24,1507.24072265625,1566.4011043415717,1445.0271214587124,1462.9036282577763,6350865
2020-03-25,1548.96728515625,1601.8000959377919,1486.7536802074533,1504.4531287813516,2765520
2020-03-26,1584.9412841796875,1621.3137364174418,1524.4092581520856,1620.9154340182147,4556067
2020-03-27,1614.6322021484375,1637.1989991639405,1549.0557665444542,1610.6498262045252,4331250
2020-03-30,1573.9234619140625,1685.8724739647394,1560.6931673377997,1562.8613065730865,8513547
2020-03-31,1616.048095703125,1641.623819948526,1575.2508892228445,1626.0483271440046,3927593
2020-04-01,1512.1968994140625,1623.7034447402787,1506.2233344858723,1615.8714589957608,4941878
2020-04-03,1463.921630859375,1539.852323106888,1460.2047891530835,1539.852323106888,5735369
2020-04-07,1571.0030517578125,1580.4280299664601,1508.878028910971,1513.3028911658416,5427577
2020-04-08,1509.2763671875,1598.2603988276899,1505.3382826167776,1557.5516622019568,6285615
2020-04-09,1562.9940185546875,1574.1889409680934,1532.064168502051,1549.0998871223644,5307397
2020-04-13,1556.887939453125,1581.445927413804,1545.162053309738,1558.4366413965913,2990438
2020-04-15,1535.5599365234375,1603.5700462961759,1529.0554107559885,1579.6757906394446,4761399
2020-04-16,1518.6571044921875,1561.8879895870102,1482.3732319287387,1513.2586858096518,6245533
2020-04-17,1598.437255859375,1638.924746963624,1551.3567629671832,1592.9504696753734,9895823
2020-04-20,1609.455078125,1619.4994932670872,1595.1627522480462,1619.4994932670872,3244282
2020-04-21,1537.7724609375,1588.1716007719874,1528.9669198900117,1561.9764368086192,5122541
2020-04-22,1565.9588623046875,1584.1007988275733,1521.400517865228,1537.7725093614908,3829836
2020-04-23,1662.1995849609375,1681.4477366834988,1558.3037926779834,1575.2510375245408,5934366
2020-04-24,1609.3665771484375,1638.924568443036,1599.8531239908,1628.96862909202,2987102
2020-04-27,1625.34033203125,1659.323294712739,1615.0746735203993,1621.535015426025,3374741
2020-04-28,1645.208251953125,1653.1287130143148,1621.8006633353564,1650.4737953809943,2678505
2020-04-29,1686.4476318359375,1692.5539628430088,1637.243189280505,1658.4382344981145,4241510
2020-04-30,1782.732666015625,1798.2639753528797,1718.793408033713,1752.245409054479,5915544
2020-05-04,1708.3948974609375,1739.8557089601363,1693.5274262098224,1739.8557089601363,3729348
2020-05-05,1710.430419921875,1749.5904489383247,1705.3418285807545,1730.2095316159373,2905528
2020-05-06,1684.6336669921875,1728.9707686259371,1675.7839417946777,1716.6697370244963,3517431
2020-05-07,1674.05810546875,1711.9348603534588,1666.7127911467667,1690.2973278240097,3166754
2020-05-08,1675.60693359375,1716.4041437629028,1669.279358686659,1716.050133161251,2686530
2020-05-11,1712.6871337890625,1726.9351678637013,1689.4123163915076,1689.4123163915076,2449841
2020-05-12,1725.2537841796875,1731.4485913042106,1690.51861566004,1711.005749399057,3256595
2020-05-13,1725.386474609375,1764.6349792471392,1704.1471368451166,1764.6349792471392,2656665
2020-05-14,1683.52734375,1701.890522361261,1673.5714035390754,1690.2974046992017,2263146
2020-05-15,1675.1644287109375,1696.846254467225,1650.6506262018147,1695.6072713896638,3173682
2020-05-18,1721.80224609375,1728.3067715005157,1656.7567759683827,1687.64233372892,3727694
2020-05-19,1724.50146484375,1740.2539085270066,1684.10245374073,1684.10245374073,3198693
2020-05-20,1728.882080078125,1737.1123667098468,1709.5011626764497,1725.696201005118,2778505
2020-05-21,1762.1568603515625,1768.1747154073314,1717.8640600506853,1722.156154245579,3400908
2020-05-22,1787.9542236328125,1798.2641751799486,1735.6523688836978,1749.6791618333377,3663418
2020-05-26,1719.5015869140625,1791.184360223398,1703.57208173421,1783.219607633472,4575317
2020-05-27,1774.6353759765625,1778.794703464659,1717.9528448262533,1733.661106511078,3482160
2020-05-28,1773.7506103515625,1782.3348012872227,1744.54651479919,1759.7680001785711,3475681
2020-05-29,1745.4755859375,1772.2902973917867,1736.6701522838614,1754.0155926436846,7237735
2020-06-01,1809.989990234375,1823.0433344983803,1753.2189832363338,1761.0952600251344,3747773
2020-06-02,1811.67138671875,1841.6276827785484,1805.3881038806364,1823.220212463786,2443886
2020-06-03,1816.109130859375,1831.7304078836128,1792.8990545971644,1821.1683664668267,3699799
2020-06-04,1856.405029296875,1863.9049845867667,1816.6416796204594,1816.6416796204594,4048593
2020-06-05,1817.9732666015625,1862.1300687562934,1810.9170973345022,1856.4496823924228,3573289
2020-06-08,1838.830810546875,1859.4668990446255,1830.265811030304,1844.6000395892568,2957841
2020-06-09,1839.09716796875,1859.910728342734,1828.623754744986,1831.1534265214993,2909439
2020-06-10,1871.671142578125,1892.3072322354772,1840.384167936333,1843.5350980827918,5168397
2020-06-11,1835.192138671875,1868.3431114355326,1829.9999612282527,1863.9052418121703,2269513
2020-06-12,1810.206787109375,1818.816209735488,1784.9109335018156,1785.088404925409,2842642
2020-06-15,1801.6864013671875,1827.5147819094434,1775.9910702416612,1809.8520384528829,2399022
2020-06-16,1815.7984619140625,1840.7835768611912,1802.6623267801542,1832.83983495865,2146528
2020-06-17,1817.573486328125,1827.381219160305,1798.7125449942407,1815.975810311871,2703527
2020-06-18,1808.9642333984375,1827.6920198749413,1797.5145091186964,1815.0885146035469,1944389
2020-06-19,1814.7335205078125,1855.0293960433003,1803.5501113684145,1812.4258501054637,5681758
2020-06-22,1799.955322265625,1821.523409877562,1792.1447374954637,1819.5263687411386,3196138
2020-06-23,1806.478759765625,1814.200607466675,1784.0231022544112,1799.1118548605432,4205944
2020-06-24,1812.60302734375,1832.1740714209973,1803.1947674787868,1805.3249660992167,2560937
2020-06-25,1789.437744140625,1828.4022605864861,1783.3578845065035,1806.2129127638345,3043931
2020-06-26,1880.635986328125,1892.3074960737704,1792.8548003266349,1797.3370917211,6300722
2020-06-29,1865.3695068359375,1888.4022217416846,1856.1832474467142,1871.0056874958036,3076341
2020-06-30,1848.0615234375,1874.4668414505684,1841.7598800786336,1863.9048009224616,3071725
2020-07-01,1856.8487548828125,1876.2865338316603,1845.7096606946616,1845.8871321106735,2503466
2020-07-02,1914.629638671875,1921.5971793248425,1862.129737747584,1865.680032767122,3758699
2020-07-03,1952.351806640625,1957.100413595647,1917.3814822993181,1920.3991468268184,4185208
2020-07-06,2008.7569580078125,2014.7036590617108,1957.1002067730471,1957.1002067730471,5190366
2020-07-07,2014.7034912109375,2043.8159524334258,1981.197583432941,2019.2302038395226,5630055
2020-07-08,1969.43798828125,2018.698348441776,1959.4085747920635,2014.793109268366,2793358
2020-07-09,1956.523681640625,1992.1596882961137,1944.718905018767,1978.4022923644632,3443998
2020-07-10,1972.499755859375,1996.9080357894093,1931.3606228274411,1957.3221569348414,9610320
2020-07-13,1970.4136962890625,1992.5586176903264,1961.537958918391,1970.4136962890625,2963503
2020-07-14,1927.765869140625,1987.2777356941483,1921.597274576968,1961.5380955266046,2976738
2020-07-15,1982.7509765625,2005.916738852033,1935.8872544249891,1939.3487054830496,5569321
2020-07-16,1987.9549560546875,2075.354698501213,1974.9229184800258,1996.183430534386,8582118
2020-07-17,1957.7098388671875,1996.094475179589,1948.1915384311642,1989.9565646011126,4509135
2020-07-20,1964.0703125,1980.9720460875992,1948.8588825785232,1957.9324013844994,2952646
2020-07-21,1979.3262939453125,1991.4242454819346,1958.065563926865,1983.7295964747984,2665286
2020-07-22,1948.9918212890625,1984.6189325183684,1942.9872593013893,1984.6189325183684,2861534
2020-07-23,1931.4228515625,1948.9917545544934,1924.1284643889428,1948.9917545544934,2265766
2020-07-24,1919.1475830078125,1924.1292342398926,1890.414805171725,1916.5679311927177,3665100
2020-07-27,1963.091552734375,1970.3859403191905,1924.573355250821,1925.9077023887346,4248480
2020-07-28,2054.672607421875,2063.7906480003244,1970.3863298796202,1970.3863298796202,8092319
2020-07-29,2024.6942138671875,2083.3609750007,1998.0072671336175,2038.88273044475,6090431
2020-07-30,2027.762939453125,2097.593775490445,2021.3135947235635,2033.4560672393832,7098496
2020-07-31,2029.4530029296875,2076.9558925056294,2008.1479698770222,2048.801036901449,4723290
2020-08-03,2005.21240234375,2049.4239465431447,1984.352151268474,2037.5036479437686,4012337
2020-08-04,2001.2535400390625,2019.00031128539,1979.3258583936279,2010.371577657686,2927928
2020-08-05,2009.9718017578125,2045.9991785983486,2004.1896301661216,2010.4165841879426,3800641
2020-08-06,2053.20458984375,2063.3455416333736,2015.1756948643033,2023.7599082629556,4748047
2020-08-07,2041.86279296875,2070.906998842982,2034.4348394990977,2053.115701602063,3165491
2020-08-10,2030.6988525390625,2068.238448907094,2024.6942893003,2062.0114944372663,2929353
2020-08-11,2028.11865234375,2056.6737686152014,2024.2936975379757,2030.87639002963,2774423
2020-08-12,2008.059326171875,2042.7966602563577,1998.4519822357504,2035.6358368672963,3415751
2020-08-13,2005.4794921875,2045.999215743776,2001.9657543614642,2021.9809640806968,2695682
2020-08-14,1994.53759765625,2029.3641893284707,1986.487210087695,2025.5390173136614,2270405
2020-08-17,2004.545166015625,2019.3120280704309,1991.0683466205471,2013.0850746799053,2625630
2020-08-18,2019.089599609375,2036.2137211172417,2000.0084790792453,2012.9071680072489,3493374
2020-08-19,2007.391357421875,2032.2991636681788,2003.744056064275,2024.9602564706072,2843005
2020-08-20,2004.056640625,2025.1392881468644,1992.6701649420352,2007.7482485835542,2895164
2020-08-21,2000.2755126953125,2020.201677508554,1993.5592549639828,2010.416464627623,1975294
2020-08-24,1999.8302001953125,2010.3714100609868,1983.7289945785383,2002.054111624212,2167966
2020-08-25,1994.9825439453125,2001.5209325298115,1986.8876340366555,1997.0731082353009,1663419
2020-08-26,2004.634765625,2010.3278948616924,1971.6763383123916,1994.4047679304417,2618149
2020-08-27,2000.097412109375,2034.7461348585969,1994.1818930530676,2015.753839481767,3579393
2020-08-28,1991.3355712890625,2028.1634716650942,1988.2666157875487,2017.8889535261715,2941136
2020-08-31,2007.9705810546875,2024.8277942413295,1981.950805001592,1992.6255849208105,6018154
2020-09-01,1998.274169921875,2026.4288117117067,1993.7818238086777,2018.4227277321609,3610908
2020-09-02,2014.9981689453125,2018.2006899695775,1994.0933904486578,1998.852650297142,2084137
2020-09-03,2045.5540771484375,2067.3484128258183,2017.5327884203766,2017.5327884203766,4654146
2020-09-04,2036.036376953125,2067.5714121712977,2013.041035266173,2023.7603367493607,5231303
2020-09-07,2070.061767578125,2084.695064793444,2031.1878300745097,2036.2137842168524,4620401
2020-09-08,2088.876220703125,2126.4603371156404,2070.0620102463004,2077.9790508557094,7453998
2020-09-09,2070.595703125,2098.4836502918906,2063.7906183455643,2068.2384429540675,3866535
2020-09-10,2073.709228515625,2089.143267137182,2067.61583896781,2077.134140415295,2308813
2020-09-11,2111.916015625,2119.833055987291,2072.819466384322,2073.5311617062957,4145424
2020-09-14,2216.26171875,2229.027060863866,2118.8100658872686,2120.8115867440756,7512131
2020-09-15,2216.26171875,2257.715526478097,2192.4215551764973,2216.26171875,7318770
2020-09-16,2226.580810546875,2230.672895711896,2203.7190374301,2214.082381019128,3074003
2020-09-17,2189.174560546875,2220.1314605699913,2179.967694714027,2206.1208142696896,4828176
2020-09-18,2179.3447265625,2224.2677491668596,2167.335601707869,2210.5685380561026,4183256
2020-09-21,2193.044189453125,2228.2708259418223,2181.3462817880013,2192.7772765719183,4598809
2020-09-22,2244.328125,2272.8387286127167,2186.5509177808444,2210.569174404149,7499613
2020-09-23,2194.956298828125,2241.5696177855248,2142.9612873670126,2232.8073189253637,7502280
2020-09-24,2074.688720703125,2179.4350372913095,2048.313195796907,2179.4350372913095,8424708
2020-09-25,2154.793212890625,2170.538469004583,2092.345797095216,2106.4897928700216,8228267
2020-09-28,2158.3515625,2174.0968192692285,2104.7107505691465,2170.538559335891,4347166
2020-09-29,2213.5927734375,2233.741544753513,2158.3509343567953,2165.956756186578,6995811
2020-09-30,2217.062255859375,2228.35968467725,2188.3292711800536,2214.1266487671355,3917166
2020-10-01,2244.772216796875,2259.4945574475205,2217.0623605721803,2232.8076138556207,2610337
2020-10-05,2406.984619140625,2426.8219587691124,2315.5818306294,2330.6599114297746,17412105
2020-10-06,2414.545654296875,2433.849166015532,2357.4356405476406,2433.849166015532,9846367
2020-10-07,2433.804931640625,2464.0946585141005,2404.493812983254,2439.1868424713584,9656101
2020-10-08,2513.642822265625,2566.394050164043,2490.78105388538,2490.78105388538,19839329
2020-10-09,2502.3017578125,2517.33553622634,2472.9906352655557,2499.6775845669827,7739245
2020-10-12,2517.46826171875,2538.817815881736,2491.448492582611,2504.5695727452794,4623203
2020-10-13,2514.3994140625,2539.6184456865817,2501.634072386143,2530.811841090027,4209878
2020-10-14,2509.977783203125,2538.922484311515,2490.2792030659352,2538.922484311515,4395936
2020-10-15,2448.335693359375,2526.191713565848,2436.185943910907,2511.2279751864908,6629355
2020-10-16,2468.61474609375,2476.0741501223265,2440.0273069886475,2456.8224710838654,5273773
2020-10-19,2422.3837890625,2478.1739262985334,2417.9617126635844,2478.1739262985334,3331194
2020-10-20,2446.90673828125,2465.5778269538832,2428.1015150907833,2434.3997304915683,3406273
2020-10-21,2390.088623046875,2455.8398237960555,2379.0557885318804,2446.906248591268,4570143
2020-10-22,2386.291748046875,2400.1387890018855,2356.7664577847513,2377.224256856987,5262294
2020-10-23,2400.27294921875,2413.8519394540713,2385.3539227476103,2401.1663067092954,3499091
2020-10-26,2401.52392578125,2420.9544541401883,2385.7115394273674,2403.087301626222,2672752
2020-10-27,2349.6640625,2428.2795198607173,2344.2594242903315,2411.841829654508,3537502
2020-10-28,2342.562255859375,2372.713074869161,2328.089906355654,2367.3976407684127,3569445
2020-10-29,2351.8974609375,2371.864087674554,2322.9527660925646,2329.8762864991477,3105968
2020-10-30,2380.6640625,2389.1509596105134,2342.0263467074,2354.980031770815,3427003
2020-11-02,2326.839111328125,2380.6639025441245,2322.774290943122,2376.3310312789813,2571196
2020-11-03,2352.746337890625,2380.797675417202,2323.6675084029266,2326.302869338234,2879269
2020-11-04,2370.211669921875,2431.585512580277,2331.66337606151,2331.66337606151,4893928
2020-11-05,2399.290771484375,2420.9994075792224,2382.5850258353457,2398.6654647048754,2816502
2020-11-06,2418.72119140625,2423.9027095376214,2395.359975467741,2411.172362680195,3884421
2020-11-09,2435.82861328125,2451.372946325776,2407.6878524178164,2439.8487219760264,3646592
2020-11-10,2367.0400390625,2423.812731780535,2356.989767527936,2409.5637237591677,4760020
2020-11-11,2401.1669921875,2405.633780915394,2361.501777420853,2383.4337536957946,3242441
2020-11-12,2386.202880859375,2423.679188868712,2377.8946114896034,2399.5585334689868,2437505
2020-11-13,2373.51708984375,2380.708443624884,2354.8904977166003,2372.534309298506,2548093
2020-11-14,2385.577392578125,2402.2384234459832,2376.3757663013334,2392.3667790146424,298819
2020-11-17,2381.736572265625,2407.599236584949,2367.4428476699445,2407.599236584949,2827273
2020-11-18,2346.538330078125,2380.0839612613586,2329.028646927244,2377.22525973723,2893762
2020-11-19,2355.69482421875,2390.7591138295934,2350.290184635271,2355.784247230422,4167501
2020-11-20,2376.55419921875,2390.62457930998,2347.3414536979276,2371.8640725216733,2711471
2020-11-23,2433.729248046875,2438.866053837926,2380.7978144608323,2403.131752682791,3706418
2020-11-24,2431.763916015625,2450.4797127086313,2416.532126458931,2442.7967506838577,3120516
2020-11-25,2413.2265625,2441.50123900978,2401.523492472988,2437.972520645938,3302249
2020-11-26,2430.468994140625,2439.7151152759193,2394.1985850505107,2399.5587311364447,2341099
2020-11-27,2393.885986328125,2427.8782920353297,2384.416525125006,2416.532692331871,6086808
2020-12-01,2436.0078125,2444.13723668209,2344.5725649438345,2393.305270950158,3605017
2020-12-02,2456.33154296875,2460.9322475733284,2414.2543108778978,2429.039423442596,2509032
2020-12-03,2420.507568359375,2478.0844187914868,2412.780112799784,2478.0844187914868,2852548
2020-12-04,2436.677490234375,2446.7724744235275,2411.1720879212357,2421.71375089659,2686527
2020-12-07,2445.744873046875,2451.373069122466,2417.5593992761883,2425.465700680574,1996400
2020-12-08,2498.98974609375,2506.3599477329735,2441.0554071786096,2447.8003019967023,4277818
2020-12-09,2511.049560546875,2537.1355585845854,2495.281668201898,2514.801618808313,3659996
2020-12-10,2487.37548828125,2525.789863212253,2483.7573465563087,2517.4815943155036,2127801
2020-12-11,2486.75,2508.2797846772028,2469.731496169932,2494.8794223078357,1795408
2020-12-14,2499.346435546875,2504.974631871413,2462.3168078086956,2503.1879167274246,2483658
2020-12-15,2467.05224609375,2496.6669695602473,2461.200708954198,2488.8948004161143,2365509
2020-12-16,2514.08740234375,2519.0902931168844,2466.069422022307,2482.6412523402737,2565149
2020-12-17,2535.52734375,2549.3743857147138,2505.8679168401036,2511.228062116767,2863460
2020-12-18,2555.8955078125,2588.949731436779,2542.6737747418215,2562.1490095792556,6076692
2020-12-21,2519.40283203125,2578.6772074117152,2488.0013936052756,2555.8965842386688,2705195
2020-12-22,2566.16943359375,2576.130282534424,2518.0620446985345,2531.7751696448,2881737
2020-12-23,2598.553466796875,2607.710380603379,2559.871045827456,2569.3407219814853,2790988
2020-12-24,2599.08984375,2609.8101342197256,2575.7284132384684,2598.7770813693523,1807144
2020-12-28,2617.001708984375,2635.1369121818507,2592.52379758613,2599.6706585029765,2108994
2020-12-29,2617.98486328125,2637.19205473682,2608.6046069889953,2608.6046069889953,1994151
2020-12-30,2599.044677734375,2633.349513996363,2592.5231252181325,2621.467817182633,2637968
2020-12-31,2557.459228515625,2595.203583560524,2541.6021326091877,2590.736795981246,4040956
2021-01-01,2615.97412109375,2626.4710718058996,2571.9762638534644,2572.869621360881,2681440
2021-01-04,2715.316162109375,2725.411148277449,2627.32042397766,2635.4053552137916,5113293
2021-01-05,2763.1552734375,2782.139123925876,2715.4500610992586,2715.4500610992586,5801309
2021-01-06,2726.08056640625,2781.4687345586954,2713.3055098081795,2769.4084076222757,3726716
2021-01-07,2709.375,2752.300876730319,2680.2961662081784,2747.0746474760936,3717827
2021-01-08,2788.079833984375,2794.422760612635,2733.6744397297516,2760.4751695310238,5879039
2021-01-11,2837.705322265625,2885.5446589159924,2810.9940208693038,2885.5446589159924,9508039
2021-01-12,2836.276611328125,2867.678045361701,2814.0765865698936,2837.7058526996366,3611458
2021-01-13,2822.07177734375,2838.196924675898,2792.8590291998826,2836.4102095832473,3572801
2021-01-14,2909.56396484375,2923.705919931457,2792.9379051082083,2823.906988331164,6931542
2021-01-15,2894.03466796875,2930.4186731272484,2873.1349849537164,2895.5114256465026,4131692
2021-01-18,2883.652099609375,2914.979118616538,2852.9067806900816,2908.937479236585,4160906
2021-01-19,2918.514404296875,2934.8940028198926,2892.8262937218337,2893.7213513622182,2975735
2021-01-20,2961.567138671875,2978.707407244499,2924.243274052559,2926.838854129889,3453446
2021-01-21,2930.2841796875,2961.879535655659,2919.7672537182943,2958.16513431705,2778546
2021-01-22,2956.46533203125,2976.0670092859323,2901.6876230894795,2901.6876230894795,3052459
2021-01-25,2945.903564453125,2989.3138645644285,2934.580953002843,2961.7012460547203,2272887
2021-01-27,2918.827880859375,2959.4634119812754,2888.3511232579795,2953.690333669455,2786662
2021-01-28,2861.09619140625,2931.3134109352054,2849.684207898029,2891.0358220826606,3083938
2021-01-29,2784.837890625,2879.266478935346,2774.678898218704,2873.1800428094575,5445659
2021-02-01,2809.899658203125,2832.8578022732795,2724.645406807697,2774.679048040179,3985846
2021-02-02,2867.27197265625,2885.665448421353,2819.431191850888,2840.912572360228,2881837
2021-02-03,2864.22900390625,2896.4062796564235,2830.7537198712025,2875.8199556662817,2505866
2021-02-04,2853.846435546875,2898.0624132535695,2842.7030118398384,2878.5501133600033,2057261
2021-02-05,2826.547119140625,2869.4205095189564,2800.6352451877906,2863.244480934393,2366135
2021-02-08,2876.80517578125,2887.456275502368,2824.04134707785,2854.7866679215135,2526592
2021-02-09,2843.50830078125,2905.177898337291,2831.962145560351,2859.7089301723518,2658751
2021-02-10,2876.088623046875,2881.548343282133,2825.9653975642864,2850.7584493222253,2127983
2021-02-11,2869.5546875,2881.458997374836,2850.803274340876,2877.610205961478,1165882
2021-02-12,2855.949951171875,2904.9095602002735,2848.073400264141,2850.042483361092,2777404
2021-02-15,2810.346923828125,2872.2400745488662,2802.9179014333436,2872.2400745488662,2630853
2021-02-16,2782.554931640625,2835.2289369012587,2774.678381563174,2819.43125868516,3435770
2021-02-17,2750.60205078125,2804.0817511852565,2725.9431661378376,2779.2438986963666,3678426
2021-02-18,2736.504150390625,2772.798557403397,2712.9192977253047,2743.3512528960932,4189909
2021-02-19,2749.482177734375,2763.1763812188465,2699.627305445884,2737.0855452636715,3725028
2021-02-22,2647.983154296875,2771.0983728001697,2634.288729099401,2771.0983728001697,5366696
2021-02-23,2667.450927734375,2710.234729721283,2656.531267441469,2658.321382850796,3832829
2021-02-24,2638.71923828125,2688.1711676885798,2614.597262605096,2660.1110262187194,3774549
2021-02-25,2680.966064453125,2711.9349262026285,2656.9336805616276,2661.901293929805,4224073
2021-02-26,2590.5654296875,2660.4247237718946,2577.7660614423235,2649.3706742601657,5553153
2021-03-01,2617.32763671875,2653.8460339420762,2597.278431998463,2618.938784254474,3265871
2021-03-02,2690.856689453125,2707.5494274407765,2638.629987469557,2649.3706794131235,3306469
2021-03-03,2738.071044921875,2742.456740159715,2682.398282234533,2716.500067357942,3509857
2021-03-04,2729.656982421875,2758.0750597998126,2699.5383830970018,2705.7589894017337,3916760
2021-03-05,2692.378173828125,2741.740515195055,2682.1298075688724,2699.5834315237335,3203686
2021-03-08,2691.392822265625,2714.7091113872184,2681.591987377549,2699.4931354908836,2003125
2021-03-09,2730.77587890625,2745.052003597564,2678.10187145624,2691.3933454019807,1942397
2021-03-10,2748.67724609375,2768.592278802846,2738.8764085319117,2752.302273279617,3053778
2021-03-12,2737.04150390625,2789.8947019739066,2722.1836779913365,2752.302280580611,2938317
2021-03-15,2744.380615234375,2773.783343113875,2721.870005295029,2721.870005295029,3097083
2021-03-16,2783.674072265625,2811.3760626716953,2738.8763934337435,2738.8763934337435,4894756
2021-03-17,2786.269287109375,2823.9064998525955,2761.52103387679,2779.153623468244,3838390
2021-03-18,2717.841796875,2816.2533143652972,2673.5812521200687,2797.904637653314,3656306
2021-03-19,2730.104736328125,2773.7835923282114,2689.648175200476,2712.0246159259377,5776626
2021-03-22,2801.21728515625,2809.988894451002,2701.865878975166,2728.762406965116,2821646
2021-03-23,2812.8076171875,2836.437046353778,2795.130232629126,2810.4803804199632,3305973
2021-03-24,2793.564453125,2821.490207444266,2784.658454901001,2784.703251486434,2207104
2021-03-25,2743.217529296875,2802.291334267646,2729.925835770478,2785.5983779631874,3179786
2021-03-26,2744.962890625,2790.7897993673264,2723.705271082032,2766.309884822502,3697370
2021-03-30,2827.084228515625,2853.8463633697284,2739.6817226915864,2759.4625830758696,4694008
2021-03-31,2844.359130859375,2868.659859421223,2803.320648894624,2823.906975498895,3530069
2021-04-01,2832.857666015625,2877.6105517346714,2814.9565117280067,2856.218759768947,4285076
2021-04-05,2899.00146484375,2920.572436628889,2820.326003008774,2838.227151869509,5317862
2021-04-06,2922.094970703125,2931.3141091626508,2891.036510716141,2931.3141091626508,2291562
2021-04-07,2928.09130859375,2933.596043876824,2895.3323319556057,2916.9926819005923,2491268
2021-04-08,2969.22021484375,2985.0178983219294,2923.3037039181904,2926.8391386844705,2578118
2021-04-09,2973.60498046875,3002.336415569708,2960.8504102312063,3002.023058015558,2911129
2021-04-12,2905.849609375,2987.792185224553,2875.999347777458,2973.605433321685,3791828
2021-04-13,2778.303466796875,2876.715001955689,2750.5566823971776,2876.715001955689,8654596
2021-04-15,2881.1455078125,2897.5251049711037,2763.445437906345,2828.6504689847543,6062760
2021-04-16,2859.843017578125,2906.2518385333483,2848.6102202432676,2890.1408027792368,3224657
2021-04-19,2829.992919921875,2854.3384408434645,2806.094927761785,2836.4372903834865,2679106
2021-04-20,2814.55322265625,2886.873915374985,2798.2632191811654,2886.5605578289633,3141893
2021-04-22,2791.50537109375,2817.6410063559692,2779.3772982804553,2817.6410063559692,1988980
2021-04-23,2783.181640625,2791.6846879271184,2766.6678714106597,2779.153881376628,1615309
2021-04-26,2775.394287109375,2822.1162440199996,2763.9823042006356,2776.5131089631727,2490260
2021-04-27,2803.3203125,2806.9901359492337,2777.363642939815,2780.0488156529373,1471417
2021-04-28,2796.249267578125,2820.3262273026435,2785.41898424812,2819.386373208734,1639037
2021-04-29,2788.328369140625,2826.010383951158,2779.6015569749493,2815.4934564694463,1621395
2021-04-30,2717.0810546875,2803.364723788989,2703.0734930338713,2773.7830314278035,3072305
2021-05-03,2718.290283203125,2734.401322089413,2688.753378578264,2707.459997432696,1545831
2021-05-04,2729.7021484375,2765.7282199104434,2716.5000477113904,2741.382694817809,1990777
2021-05-05,2770.82958984375,2774.1412590460986,2732.0735545602815,2747.82665471187,1939289
2021-05-06,2784.927001953125,2805.110595088908,2751.40713762071,2779.601452791514,1791671
2021-05-07,2804.126220703125,2828.248200876292,2785.24063407717,2804.2158138823747,1912540
2021-05-10,2815.404052734375,2832.141588361535,2797.0553695103868,2815.8067850035945,2137153
2021-05-11,2794.906982421875,2799.829799280447,2766.757245751011,2797.0550332794637,2415625
2021-05-12,2763.579833984375,2792.5796117756176,2748.3638553304695,2792.5796117756176,1978558
2021-05-14,2731.2685546875,2773.3362663277794,2720.9753912010488,2773.3362663277794,2043935
2021-05-17,2747.603271484375,2752.4812920623617,2717.3950752427927,2734.4011709047204,2890462
2021-05-18,2764.653564453125,2796.159543777627,2754.9869000472268,2774.6781644400266,2098538
2021-05-19,2758.5673828125,2790.789454772672,2745.231112659171,2760.3574979213986,1986041
2021-05-20,2738.876953125,2764.6546622701717,2731.8060836932236,2745.2319511105034,2329027
2021-05-21,2757.224609375,2764.1165083725914,2734.4902364427135,2739.7709882476465,1685566
2021-05-24,2758.119873046875,2779.1537257214172,2749.6168262209962,2758.119873046875,1652260
2021-05-25,2800.843017578125,2813.6599774369843,2772.1511040453966,2781.055430427605,1841613
2021-05-26,2840.867919921875,2846.7142525099684,2791.6688265213775,2806.239642284708,1923753
2021-05-27,2860.206298828125,2894.160005677421,2843.836608582791,2843.971436138704,5959785
2021-05-28,2827.466552734375,2876.395773872791,2820.3158622408355,2868.750569345612,1763701
2021-05-31,2841.452392578125,2851.52624875837,2813.974805788815,2833.222643211938,1652799
2021-06-01,2835.921142578125,2851.166535820747,2817.0329903440174,2849.952429216134,1377441
2021-06-02,2814.7392578125,2841.722331212589,2801.74245470922,2833.9873152578516,2240078
2021-06-03,2825.352783203125,2837.315323584591,2808.6231890349004,2837.315323584591,1281706
2021-06-04,2827.600830078125,2839.3835249511008,2810.736411608474,2813.4347185636184,1836060
2021-06-07,2863.084228515625,2869.6051385982905,2818.472340944757,2828.7258220667936,2559821
2021-06-08,2878.3291015625,2906.076781071199,2866.681453027498,2876.3954026201473,2574057
2021-06-09,2878.419677734375,2896.183536381435,2865.782559690471,2879.9936905258864,1710925
2021-06-10,2893.30517578125,2899.781069736346,2871.8985594504197,2887.188968316895,1874324
2021-06-11,2944.572998046875,2976.233094634134,2888.0883852735583,2888.5831188867132,3452954
2021-06-14,2946.866943359375,2975.963563411032,2941.470327877774,2949.2503606948767,1847360
2021-06-15,2934.63427734375,2966.3393905998582,2924.5606398865248,2966.3393905998582,1304985
2021-06-16,2945.068115234375,2963.3715045944364,2925.8650703585176,2934.0500251292747,1635552
2021-06-17,2984.10302734375,3000.5627458603794,2932.1606116014245,2937.1075083387886,2273413
2021-06-18,2965.7099609375,3020.305674749723,2945.652496964069,3013.9195921879455,3380431
2021-06-21,2943.94287109375,2955.545502974725,2924.6948167100327,2936.6573545990495,1130569
2021-06-22,2969.218017578125,2992.468525530497,2954.6471985986987,2971.7364822435616,1708688
2021-06-23,2933.419921875,2994.221871688954,2928.922742734584,2994.221871688954,1467104
2021-06-24,3034.336669921875,3042.7912785149742,2948.8002384307842,2953.7471352773205,4155204
2021-06-25,3040.812255859375,3057.7664870364997,3013.1095924054707,3035.820343810915,2722861
2021-06-28,3001.192138671875,3050.436244341249,2997.819254721918,3050.436244341249,1355238
2021-06-29,3004.880126953125,3027.770723739238,2991.9731356165926,3005.9143902692476,1497322
2021-06-30,3009.287109375,3041.891654757902,3002.76620029842,3009.5119683086755,1693146
2021-07-01,3005.465087890625,3023.903524012653,2997.2353371643794,3020.305780379087,990310
2021-07-02,2991.029052734375,3003.8460142365157,2963.821116914042,2996.0209658687663,1682274
2021-07-05,2987.0263671875,3034.696465790613,2969.9370865561955,3005.914519464205,1972858
2021-07-06,2934.2294921875,2993.322381093609,2928.653034073179,2979.8308439192087,2159420
2021-07-07,2945.607421875,2952.5780497807373,2915.6113677371595,2945.6524375857066,2640710
2021-07-08,2930.811767578125,2966.3394842635125,2906.8866857215453,2966.3394842635125,2485811
2021-07-09,2885.525146484375,2951.9485744238727,2879.094267742479,2923.1666261052974,6365067
2021-07-12,2871.98828125,2910.573985747161,2867.715961586125,2909.67455002845,1892226
2021-07-13,2866.99658203125,2890.7866146403185,2855.708619005293,2890.7866146403185,1809339
2021-07-14,2891.281494140625,2897.9822471630723,2864.703121419735,2866.501993081537,2044279
2021-07-15,2887.135009765625,2913.1855650269918,2879.0675351694144,2909.3546204357363,2232968
2021-07-16,2879.78857421875,2902.368655380736,2877.2646138771797,2896.193986336898,1256526
2021-07-19,2870.59423828125,2884.2954537928154,2862.84212183848,2866.4477164503674,1597058
2021-07-20,2889.7041015625,2897.996925890474,2844.9495224391003,2870.5944924411556,1811945
2021-07-22,2899.2138671875,2906.9657641549506,2875.4619228384026,2875.4619228384026,2859334
2021-07-23,2896.05908203125,2921.929182321891,2890.4702336880823,2911.5179826736417,1776193
2021-07-26,2882.267333984375,2906.334634231912,2876.228006966159,2884.47571669136,1259611
2021-07-27,2869.10693359375,2893.4898123186417,2849.4563980198473,2884.4758253643777,1121367
2021-07-28,2882.4931640625,2888.487378133066,2823.5415497365884,2873.6594116942424,1660654
2021-07-29,2880.68994140625,2907.4163242025197,2875.7322486733947,2884.701121512862,1731997
2021-07-30,2855.135498046875,2905.6589432609762,2850.5384963477914,2901.6026487845766,2999943
2021-08-02,2901.96337890625,2906.9210725970415,2854.730167043032,2866.4483521303573,2608669
2021-08-03,2961.00439453125,2965.601615762229,2901.557196429502,2910.616297050528,3804735
2021-08-04,2951.13427734375,2979.302987172067,2939.6414437337967,2974.6157578702437,2929598
2021-08-05,2960.148193359375,2988.1366667858642,2940.8132354114273,2952.0807190720075,2534521
2021-08-06,2983.449462890625,2996.249280423954,2943.0667570951296,2949.8723612974263,2292362
2021-08-09,2995.077392578125,3007.9674378988816,2983.629673193077,2996.159026995886,1510489
2021-08-10,3005.173095703125,3019.5954751805193,2988.677675230292,2988.677675230292,2040777
2021-08-11,3014.457275390625,3028.6994178572495,2999.0434907512745,3019.685431494579,1929707
2021-08-12,3021.26318359375,3035.910912909301,2998.052166370646,2998.052166370646,1310205
2021-08-13,3121.904541015625,3136.8678492432655,3026.4464953546735,3029.3760414782487,4363584
2021-08-16,3130.512939453125,3149.8030059434077,3097.6569969862644,3118.8398689284086,2083489
2021-08-17,3202.71484375,3209.7006839993514,3121.543843032639,3138.7606470292285,4336019
2021-08-18,3209.474853515625,3240.5279915068645,3187.8864008959636,3221.463498999894,2631309
2021-08-20,3208.529052734375,3222.5007342394692,3154.895823730949,3160.30421657163,2836148
2021-08-23,3278.747802734375,3310.837687020221,3210.692195500499,3227.007601288427,3744176
2021-08-24,3256.93408203125,3305.7449588206027,3239.987740671893,3296.4153932652675,2511141
2021-08-25,3298.217529296875,3333.14672559648,3251.3899153036546,3254.048997201891,2123263
2021-08-26,3309.801025390625,3323.998055433648,3288.2123496834615,3299.1193623786544,1902533
2021-08-27,3353.33837890625,3361.766545012533,3291.096972997124,3304.527725972904,3944728
2021-08-30,3336.3466796875,3371.5463390046634,3323.99756289038,3348.6957964846206,2033114
2021-08-31,3413.101318359375,3429.0111386427284,3338.2852206750117,3343.6484993267245,3207480
2021-09-01,3348.6513671875,3440.3686934206157,3341.4852908713506,3421.7097826133386,2643336
2021-09-02,3458.442138671875,3478.6333854739237,3355.0066176156174,3365.8234041313044,3403717
2021-09-03,3463.218994140625,3476.604633083877,3429.416542160624,3447.8501019601085,1746812
2021-09-06,3472.187255859375,3495.2631470407837,3437.934110552351,3470.1139951561377,1723693
2021-09-07,3439.647216796875,3488.3678606233043,3432.7516047580775,3483.004582363346,1585039
2021-09-08,3402.013671875,3438.8358952418275,3385.653374188284,3434.328901932205,4147175
2021-09-09,3417.56298828125,3433.1572300107787,3393.766150314233,3416.0306544846244,1441148
2021-09-13,3466.194091796875,3472.548777517436,3395.569405177748,3395.569405177748,1691473
2021-09-14,3502.745361328125,3512.3002762328197,3447.8502647479877,3470.3401198469155,1991188
2021-09-15,3564.626220703125,3587.5667732673196,3484.807322977753,3499.319929861653,2461369
2021-09-16,3518.42919921875,3589.143875371632,3508.333578912855,3542.4964978239504,2946666
2021-09-17,3450.4189453125,3556.0177102003627,3429.8218979245576,3533.4827437225404,6477148
2021-09-20,3446.49853515625,3489.314980931043,3432.3917310492607,3433.428251709208,2002008
2021-09-21,3482.058349609375,3489.8104670921075,3444.830536233843,3477.5964696921997,1568129
2021-09-22,3481.337158203125,3512.61587145685,3472.5936341812035,3481.6527357986406,1744067
2021-09-23,3487.737548828125,3496.526187737752,3456.864637786615,3488.4135979750195,2003869
2021-09-24,3489.584716796875,3555.476827563498,3474.8918744554794,3506.440827920056,2320754
2021-09-27,3458.6220703125,3519.0609036680557,3427.9293972594664,3515.4553084798713,1673362
2021-09-28,3406.520751953125,3470.38493680439,3381.3718166720696,3470.38493680439,2253075
2021-09-29,3418.013427734375,3430.72323663298,3355.1408723599266,3389.078663323295,2489161
2021-09-30,3403.276123046875,3429.822272442841,3380.3355686810723,3429.822272442841,2252412
2021-10-01,3362.397705078125,3434.3293721622217,3357.7104754079464,3408.864856476242,1578374
2021-10-04,3401.24755859375,3410.576902548985,3341.8903696641178,3357.529724216113,1356860
2021-10-05,3455.331787109375,3461.3711145717107,3372.67356778803,3383.8508239849484,1877966
2021-10-06,3435.140625,3477.1007834725124,3420.8084719983012,3457.765823079179,1678154
2021-10-07,3509.05517578125,3514.553796293056,3443.3884075758815,3452.3572813035153,1647233
2021-10-08,3547.590087890625,3596.4909726348333,3515.4553088002285,3537.9902787284354,2934339
2021-10-11,3322.195068359375,3387.005545528026,3299.1191740871786,3384.752048824414,11845402
2021-10-12,3292.674560546875,3341.485215552336,3272.6184380634545,3340.583816789036,5752877
2021-10-13,3294.79296875,3313.046295109286,3285.59874467153,3290.1057388343165,3545655
2021-10-14,3261.602294921875,3314.4804951482506,3258.667128270858,3273.839726134171,6442299
2021-10-18,3293.844482421875,3298.856888876006,3252.5715608132246,3254.3778175181137,3590107
2021-10-19,3282.10302734375,3332.6332229466334,3274.020074624368,3313.577131080372,3135441
2021-10-20,3259.254638671875,3278.355713932965,3231.6640251356175,3262.0994046076776,2933693
2021-10-21,3190.30029296875,3257.989705900562,3171.1088191610825,3254.9643587944615,4871211
2021-10-22,3159.910888671875,3216.5821957384405,3147.4024721431215,3215.13710210316,2691670
2021-10-25,3154.581787109375,3174.08944556962,3115.7924727424233,3163.658270149771,2595594
2021-10-26,3145.234619140625,3187.139682910227,3138.3707560535668,3155.9817574184717,3878763
2021-10-27,3151.692138671875,3171.109398069094,3145.596022349492,3145.596022349492,2510813
2021-10-28,3090.18896484375,3177.2054677112747,3084.1832496401375,3177.2054677112747,2424942
2021-10-29,3068.604248046875,3125.7271142639197,3057.9472897770947,3070.6814872801024,3960501
2021-11-01,3139.63525390625,3149.2085024482185,3082.331805179438,3104.910013542273,2020718
2021-11-02,3146.67919921875,3173.2313003302984,3133.6290409558833,3155.5298995892663,3087414
2021-11-03,3153.949951171875,3178.921361622724,3130.2880327183734,3164.7422907566815,1537639
2021-11-04,3168.760986328125,3172.9154646580055,3165.4646562659386,3172.6444820729603,328991
2021-11-08,3163.4326171875,3204.29917230212,3143.970158443692,3204.29917230212,2526082
2021-11-09,3166.096923828125,3192.55862784011,3157.3366231765276,3168.1741630730144,1782692
2021-11-10,3146.769775390625,3178.740426937858,3143.0668614050232,3159.142588198891,1516489
2021-11-11,3150.292236328125,3170.0256787835583,3103.1489810057865,3142.886628026815,1284514
2021-11-12,3184.4755859375,3191.7907928724526,3148.0342708406747,3166.367819426574,1747259
2021-11-15,3209.08544921875,3223.806482848641,3186.2362618596253,3186.2362618596253,1809157
2021-11-16,3211.885498046875,3229.180537825192,3198.880538317599,3223.2650031777275,2013204
2021-11-17,3180.727783203125,3217.7110671037785,3166.729293181634,3206.6477443448584,1632914
2021-11-18,3139.003173828125,3179.7795512785065,3117.2379128052817,3174.6315432718475,2136598
2021-11-22,3123.37890625,3175.353985373038,3107.0324158864637,3141.441472722624,3167936
2021-11-23,3128.66259765625,3143.7447980211577,3077.6810429558195,3111.2773757453365,2153461
2021-11-24,3109.74169921875,3154.6723318508916,3092.3112790442997,3135.8420187225047,2161746
2021-11-25,3112.090087890625,3127.5336718385456,3101.3881485673587,3110.2838310775505,1849619
2021-11-26,3112.94775390625,3151.917650413669,3081.383244596544,3093.2143130850473,1941251
2021-11-29,3162.75537109375,3187.45601879856,3076.4614161710138,3113.218694632493,2981745
2021-11-30,3187.275634765625,3218.523966877287,3152.8213730953653,3152.8213730953653,5588446
2021-12-01,3231.212158203125,3242.230278281959,3192.5582266648257,3192.5582266648257,2102118
2021-12-02,3290.005615234375,3294.6116572275987,3227.8705717753787,3241.50767523344,3152938
2021-12-03,3287.793701171875,3310.8234751021264,3279.1238009276253,3293.2124715084046,2486263
2021-12-06,3193.823486328125,3303.6439983061205,3180.818524339573,3287.794049295455,1849642
2021-12-07,3237.26318359375,3249.455414861295,3182.8949075209775,3217.3943622688616,1484458
2021-12-08,3275.55615234375,3293.212355834837,3252.1652160754647,3252.1652160754647,1428660
2021-12-09,3252.842041015625,3282.6452720431853,3220.5552074024345,3260.292848772515,1567957
2021-12-10,3284.4970703125,3289.1932934098613,3228.774097880252,3237.7149799215686,1510718
2021-12-13,3259.976806640625,3307.255658829015,3252.796981135273,3296.4181198049987,1883864
2021-12-14,3272.75634765625,3282.871340425525,3230.2189169198136,3255.777491673732,1747007
2021-12-15,3224.484619140625,3272.0342419123867,3213.4662761043237,3269.324856672051,1603233
2021-12-16,3234.64404296875,3258.892902796996,3224.1676676731945,3235.005206051928,2072320
2021-12-17,3237.1279296875,3297.6375242806403,3227.509481237842,3253.5196197281775,4333992
2021-12-20,3212.337158203125,3256.680848636652,3170.1159076003064,3241.3276665992635,2312310
2021-12-21,3258.757568359375,3288.470398309811,3220.916364018381,3235.592197449428,2340989
2021-12-22,3279.033203125,3284.497173651186,3256.9065589119414,3272.9370868622186,1224328
2021-12-23,3307.88818359375,3314.9326288647185,3278.3559304669466,3294.612240865956,1792861
2021-12-24,3315.29345703125,3346.0902190382208,3291.721941628561,3328.027653753264,2209923
2021-12-27,3338.052490234375,3341.5746022947274,3299.217974586085,3315.383882438904,1534135
2021-12-28,3347.490234375,3364.1529073617235,3336.020549097627,3350.6059829025485,1456218
2021-12-29,3336.7880859375,3359.592075512675,3328.0277855254944,3334.5754657005446,1456923
2021-12-30,3372.054931640625,3377.699482915551,3323.511790676264,3324.7311019477615,1966475
2021-12-31,3376.208740234375,3395.761373778252,3369.8416435604927,3380.2276158473146,1207141
2022-01-03,3447.91796875,3458.981290108703,3382.2153868034184,3386.7310281743175,2346158
2022-01-04,3508.427490234375,3512.401166362095,3442.453927078044,3459.974747527328,2488606
2022-01-05,3486.933837890625,3495.1071946790944,3443.0869063761024,3490.591552308708,1733031
2022-01-06,3438.61572265625,3463.4969508470977,3406.599869255607,3442.725000424807,1810293
2022-01-07,3480.20458984375,3490.500163338103,3428.6358803734483,3449.949794525269,2460591
2022-01-10,3504.002685546875,3592.644646638727,3486.978627619941,3592.644646638727,3937092
2022-01-11,3536.56005859375,3544.778614405438,3482.462761056655,3482.462761056655,1906106
2022-01-12,3485.985107421875,3548.39136598957,3464.8971922750275,3544.7788525093056,3203744
2022-01-13,3520.303466796875,3542.972073741632,3483.3656100997896,3538.456432556644,6684507
2022-01-14,3583.748291015625,3591.7410642554096,3486.120259104118,3502.1959861148616,3348123
2022-01-17,3629.80810546875,3651.347804134479,3578.465392681304,3605.9204054611096,3442604
2022-01-18,3604.02392578125,3650.1736501754312,3594.4506774893,3643.1744057657475,2389041
2022-01-19,3541.6435546875,3629.7176748549336,3537.8890746560864,3629.7176748549336,3102539
2022-01-20,3461.9384765625,3546.484079642715,3447.8701090608133,3537.4369263783205,6176776
2022-01-21,3468.226318359375,3484.5564747160656,3411.772168477635,3444.25136141754,3112358
2022-01-24,3411.998291015625,3482.8373255424476,3383.7259365979053,3474.1069108493634,3258414
2022-01-25,3410.68603515625,3446.4222886055563,3367.531160609474,3410.324237396472,3330501
2022-01-27,3301.5322265625,3377.6639288163815,3279.6834409610124,3375.4927005013874,5718297
2022-01-28,3338.4443359375,3374.40676479281,3298.5915875839305,3298.5915875839305,3143862
2022-01-31,3380.242431640625,3399.919988787011,3366.807321513716,3391.777551347127,2739393
2022-02-01,3438.506103515625,3445.1558492964364,3380.3781457117134,3410.7766680271966,2105169
2022-02-02,3488.762939453125,3495.819762652663,3438.505962613146,3463.1594534341307,1984212
2022-02-03,3460.173828125,3512.556749639751,3452.4384690210773,3484.058220956261,1960538
2022-02-04,3451.398193359375,3460.2644471762687,3409.871850839283,3451.7602119938356,2307366
2022-02-07,3418.9189453125,3466.687954905488,3398.246113404801,3429.7755283619176,1919149
2022-02-08,3386.756103515625,3437.646334000239,3366.4452912577576,3430.2729934011186,2946443
2022-02-09,3402.2275390625,3417.969498659435,3389.154445717982,3392.68274742419,1638721
2022-02-10,3411.09326171875,3428.6899293131955,3399.9199399301474,3428.6899293131955,2112459
2022-02-11,3342.877685546875,3394.944094178109,3338.39938907854,3394.944094178109,3851488
2022-02-14,3377.980224609375,3431.8107765649847,3356.493239585077,3369.1592518099264,5951745
2022-02-15,3454.021728515625,3469.582785752056,3390.8725634937955,3425.2517410318865,3931683
2022-02-16,3449.77001953125,3486.8633470543637,3443.346452511509,3477.7256341182974,3256906
2022-02-17,3423.62353515625,3469.5831157807347,3418.919059852776,3460.5359629364566,3134372
2022-02-18,3432.399169921875,3452.3481857743063,3399.5581823668977,3409.871848080035,3688883
2022-02-21,3364.998046875,3463.069319332428,3352.467872316406,3446.9653425852175,7465922
2022-02-22,3244.670654296875,3318.4049464912227,3229.833412684938,3302.2106320168136,5408531
2022-02-23,3224.22412109375,3277.6926576691517,3216.850559579262,3266.9266349827794,2426203
2022-02-24,3077.524658203125,3151.892431267905,3067.9800886568473,3142.980897367273,5039136
2022-02-25,3185.276611328125,3193.6452284281136,3132.12458380117,3137.5528759741355,2549723
2022-02-28,3215.539306640625,3224.1793825533628,3126.6057420708235,3157.456624373549,3288942
2022-03-02,3208.256103515625,3231.597802655057,3171.9318722233274,3214.0011340768315,2761341
2022-03-03,3206.6728515625,3237.6142918199075,3193.735599351278,3223.3650257089607,1928039
2022-03-04,3188.533447265625,3221.872073453627,3154.78752249152,3167.860614365542,2370257
2022-03-07,3152.841796875,3209.9294122592237,3104.575375246047,3121.2673259003163,3054130
2022-03-08,3256.929931640625,3265.1176496119638,3130.315064465889,3130.315064465889,3300992
2022-03-09,3286.46875,3305.829568261048,3254.306078251467,3261.498520410804,2719654
2022-03-10,3275.9287109375,3332.9710528553214,3270.5456992594973,3332.9710528553214,2005441
2022-03-11,3256.20556640625,3293.0276511002166,3250.5060374487725,3259.9149870120427,1623423
2022-03-14,3295.8779296875,3300.718245028402,3238.880864200178,3238.880864200178,1765688
2022-03-15,3251.455810546875,3310.3528573604335,3243.7657314849557,3310.3528573604335,3651133
2022-03-16,3307.548583984375,3318.4957274888634,3271.67671061385,3293.616056685716,3090475
2022-03-17,3322.79296875,3356.4936121605065,3311.529307946736,3344.370516036417,3600452
2022-03-21,3281.130615234375,3360.0670174825664,3270.5454914293628,3343.827423602469,2413831
2022-03-22,3348.305908203125,3357.3983407712244,3279.592828158364,3293.1635571024676,2907611
2022-03-23,3358.664794921875,3374.4069727477763,3338.399261738302,3354.684136185806,1596195
2022-03-24,3392.547119140625,3400.1013601774557,3342.923391273583,3347.4469682577155,1879046
2022-03-25,3354.186279296875,3419.3710527624153,3322.1141700604812,3401.6385467279933,1690133
2022-03-28,3354.4130859375,3359.2081215065327,3312.343821824908,3342.9232450758523,1760990
2022-03-29,3352.286865234375,3367.35028635879,3339.30411256053,3342.6967948748356,2689063
2022-03-30,3375.989990234375,3381.8253589977094,3353.055371960706,3381.8253589977094,1583455
2022-03-31,3383.58984375,3396.889114098041,3365.7217170941544,3383.635123689236,2168110
2022-04-01,3400.5986328125,3404.4436728362984,3372.8239172867297,3390.8729433405388,1387014
2022-04-04,3411.09326171875,3419.823675608291,3381.0114793870107,3403.538800962537,1472994
2022-04-05,3451.30810546875,3470.126228619584,3412.5862449402166,3412.5862449402166,2314947
2022-04-06,3397.522216796875,3446.3315562552516,3375.6279328854075,3446.3315562552516,2051729
2022-04-07,3333.1064453125,3388.610811676233,3328.4472503422403,3388.610811676233,2494829
2022-04-08,3334.4638671875,3351.970196646596,3295.4254902254324,3338.3994671055166,2296773
2022-04-11,3344.189453125,3358.6198384589907,3307.729604255974,3338.399363717891,2291660
2022-04-12,3339.39404296875,3382.729808543645,3300.7174718761476,3332.065762200119,4483476
2022-04-13,3313.021728515625,3356.357718416588,3307.231639681004,3353.7791917874824,1621672
2022-04-18,3191.880615234375,3266.021984246925,3186.859401526259,3266.021984246925,3820792
2022-04-19,3141.08056640625,3223.9978457425636,3111.451144060185,3211.738910794829,3170014
2022-04-20,3217.89111328125,3229.064213633447,3148.408940757941,3166.5032450151703,2640370
2022-04-21,3282.89453125,3296.781997113628,3227.4807284719514,3238.8802276802385,2280996
2022-04-22,3268.32958984375,3272.3555291087623,3231.1909793231807,3239.87633532136,1581465
2022-04-25,3210.110595703125,3242.499445726049,3196.4495279980583,3218.9768493005813,1960694
2022-04-26,3208.3916015625,3246.027621867625,3182.9237358095534,3234.492502910773,1943469
2022-04-27,3221.8720703125,3228.431256213331,3172.203288876623,3208.120441978724,1727648
2022-04-28,3242.770751953125,3260.95539503855,3200.9276737412806,3246.1181540345256,1703660
2022-04-29,3208.75390625,3278.0099108690865,3199.8425925275606,3254.261132794067,2051115
2022-05-02,3204.86328125,3209.8844951695896,3159.944256485502,3184.5071876930824,1324161
2022-05-04,3148.18310546875,3207.6228572639707,3135.1100133919786,3201.3351300240456,2305825
2022-05-05,3178.626953125,3196.3594630657212,3153.2498632155643,3177.450999823832,1612262
2022-05-06,3105.525634765625,3143.43311513642,3098.1973529384572,3129.410028855051,2010812
2022-05-09,3116.835205078125,3126.6965148786812,3027.9469143990655,3074.223020126666,2481830
2022-05-10,3111.08935546875,3134.6572303124058,3095.935376056434,3106.791958321974,1622685
2022-05-11,3086.888427734375,3119.8652543650737,3059.882589216843,3107.69687844888,1841769
2022-05-12,3083.85791015625,3120.996519698952,3030.8870027598937,3056.12847284346,2807195
2022-05-13,3089.511962890625,3112.1298437307796,3059.882538990023,3107.696827437206,2187823
2022-05-16,3055.04248046875,3103.1732872795783,3045.81442915443,3089.602558618006,1195813
2022-05-17,3122.715576171875,3136.6481041472357,3031.1582064671497,3048.8907155974,1754076
2022-05-18,3120.181884765625,3161.979683618163,3114.9797722675407,3134.8382271064193,1866781
2022-05-19,2951.1357421875,3080.5552974650673,2922.23013533397,3073.317575767646,4642963
2022-05-20,2979.2275390625,2998.1360008378465,2958.4643667116375,2994.607699452437,3065125
2022-05-23,3005.238037109375,3020.753816098206,2955.704874610169,2989.9031570043508,2293690
2022-05-24,2974.703125,3008.0419633986016,2963.484746577966,2999.266050591666,1711510
2022-05-25,2885.125244140625,2999.1587564300244,2872.7383699896927,2999.1587564300244,3548046
2022-05-26,2939.136474609375,2952.388796419498,2896.8750055874266,2906.39291975154,2813186
2022-05-27,2970.422607421875,2986.452718723321,2941.1855380473976,2963.0449626666505,3103153
2022-05-30,3074.2099609375,3084.547738368048,2993.239080169697,3002.9391130170916,2094624
2022-05-31,3064.281494140625,3081.6322341874366,3028.4410576400733,3054.9910609736103,4840965
2022-06-01,3055.94775390625,3085.8223476720595,3042.149079993206,3085.8223476720595,1493835
2022-06-02,3117.700927734375,3125.898213258655,3047.8418833505784,3055.7658815509285,2657939
2022-06-03,3133.32080078125,3167.157502679693,3125.1691013004493,3150.85388135252,1913622
2022-06-06,3124.941650390625,3145.0250433158467,3075.940057313281,3113.1467124394917,1084210
2022-06-07,3062.779052734375,3113.9211394377626,3056.6766735743163,3097.708685909332,2308256
2022-06-08,3100.531982421875,3109.4579597414922,3048.0239051843746,3078.672555042695,2185707
2022-06-09,3121.43505859375,3130.4519829239057,3054.0351613763023,3083.0898929873206,1279197
2022-06-10,3060.228759765625,3090.376643257049,3053.033453639148,3080.357738725417,1527582
2022-06-13,2932.44189453125,2999.295212383987,2907.71328707115,2996.5627843131842,3030921
2022-06-14,2924.198974609375,2950.0202860108207,2891.54637078396,2905.481798176225,2611493
2022-06-15,2920.328369140625,2945.5577463040636,2915.5010346070835,2931.4401999009365,1404536
2022-06-16,2861.763671875,2955.440525191821,2853.611970688263,2951.023009826544,2032028
2022-06-17,2813.3994140625,2840.5871669553926,2754.1514331700696,2816.2230124973385,5240434
2022-06-20,2834.803466796875,2858.803386643333,2795.274422495703,2818.0446605414486,1502769
2022-06-21,2925.474365234375,2948.973293491628,2846.6437629505244,2850.833575362148,2964461
2022-06-22,2935.4931640625,2960.631592900937,2899.106372351065,2914.498962541727,3336315
2022-06-23,3013.686767578125,3022.066171198741,2935.49367658323,2935.49367658323,3692578
2022-06-24,2999.386962890625,3046.6578887200376,2985.178245225687,3041.1930315205395,2132118
2022-06-27,3019.06005859375,3062.961029889125,3011.5914655294896,3051.2116768558267,2037686
2022-06-28,3022.202392578125,3032.9955738818708,2980.7151985816167,3012.046955804008,1400046
2022-06-29,2997.01806640625,3035.7274624926395,2979.2572846724947,2979.2572846724947,2133994
2022-06-30,2975.70556640625,3015.598841396386,2964.6846833988416,2980.1684436500796,2719603
2022-07-01,3019.4248046875,3035.7282065595623,2961.9982185331355,2969.2391099262445,1502879
2022-07-04,2946.51416015625,3022.020174729321,2937.4060656424617,3016.6009029667343,2622535
2022-07-05,2929.436767578125,2980.1688144761274,2920.9206094340348,2964.685052298226,2170627
2022-07-06,2969.92236328125,2976.981137586373,2916.6400023974184,2931.4406581984827,2182144
2022-07-07,2994.604736328125,3023.3405946371045,2973.838237801356,2979.2575091887347,1989921
2022-07-08,2974.20263671875,3010.225194487474,2960.130675365897,3005.671147294603,2136916
2022-07-11,2836.078125,2937.360077621946,2828.973767781012,2920.1912328731883,6974600
2022-07-12,2809.57373046875,2856.4804148819853,2805.5206730848,2837.080130059318,3734815
2022-07-13,2767.72216796875,2832.617340150658,2764.306632590755,2827.152483545866,3863530
2022-07-14,2738.499267578125,2791.693959478559,2709.504735941408,2790.7807458837015,4764908
2022-07-15,2734.709716796875,2766.032766988637,2696.719939340685,2756.5811393743998,4574806
2022-07-18,2797.630126953125,2809.9128064388397,2752.7000581941697,2760.6449726715514,3202795
2022-07-19,2807.447265625,2811.739325498482,2767.0832639796427,2767.0832639796427,1865074
2022-07-20,2890.138671875,2896.668060444573,2829.1816593082535,2838.08549260452,3402251
2022-07-21,2901.554443359375,2907.6729316337874,2871.19008249982,2892.148296006346,2420640
2022-07-22,2895.800537109375,2919.5440924436048,2870.687161275093,2908.585528443191,2075886
2022-07-25,2891.9189453125,2909.9092072579256,2875.800815693551,2890.3208216354506,1797504
2022-07-26,2845.482177734375,2893.8824987159583,2827.765923008925,2890.0470461720765,2639367
2022-07-27,2912.101806640625,2916.8961789117143,2840.0948120166627,2844.6608808462715,1389808
2022-07-28,2977.53271484375,2980.728962199049,2923.79000941721,2936.8947127549454,2106333
2022-07-29,3015.340087890625,3029.4037119940576,2990.7747296737157,3004.4729345424503,2430257
2022-08-01,3012.509033203125,3038.261611832842,2987.1216508281414,3038.261611832842,1306913
2022-08-02,3006.116943359375,3025.3856189213375,2987.7155532811967,3004.473114086383,1269114
2022-08-03,3049.67724609375,3058.35277651384,2992.6470933437777,2995.3410292521335,2895824
2022-08-04,3063.7861328125,3093.876478405279,3020.317296243377,3059.265769773048,2150567
2022-08-05,3073.009765625,3083.922624606905,3063.831923469401,3069.4938037449124,1106933
2022-08-08,3081.593994140625,3085.6577506057956,3046.4809711825865,3072.964169073562,1068836
2022-08-10,3063.14697265625,3091.228293192638,3045.567609393633,3091.228293192638,1878359
2022-08-11,3125.4736328125,3131.1355126992553,3082.141690879429,3104.926326241782,1449248
2022-08-12,3106.341796875,3122.2773297645713,3087.8035160182676,3122.2773297645713,1472354
2022-08-16,3098.259521484375,3118.4873350945304,3093.510855683867,3114.971373797098,839942
2022-08-17,3105.93115234375,3121.318669160051,3078.534741801607,3091.3197333879402,1622326
2022-08-18,3087.803955078125,3097.6210027726434,3070.2245906018948,3095.7945752945934,1430659
2022-08-19,3091.91357421875,3124.560967049975,3078.671974329162,3093.0550914506107,1398410
2022-08-22,3063.42138671875,3090.406899005349,3056.891774299923,3072.9644263050195,1536532
2022-08-23,2999.54150390625,3051.868465245781,2986.2084960578195,3031.8234711548,1849256
2022-08-24,2972.830078125,3020.910686539601,2968.126894161308,3006.2992684668584,1691923
2022-08-25,2938.904296875,2993.6514138253665,2935.753754187514,2991.6880935432914,1946930
2022-08-26,2942.556884765625,2974.3367633644493,2937.625620393628,2953.606858759879,1457962
2022-08-29,2860.6875,2869.956529483455,2813.611291157886,2853.792692264977,2539173
2022-08-30,2932.4658203125,2946.48373853007,2869.408598350499,2881.1889648418937,3431525
2022-09-01,2859.911376953125,2913.1517816917994,2850.1400346896885,2913.1517816917994,3546935
2022-09-02,2858.72412109375,2888.494977350856,2849.5007963539897,2888.494977350856,2052900
2022-09-05,2861.4638671875,2874.7511718039173,2842.1494856092286,2852.5600331495243,2147912
2022-09-06,2855.664794921875,2868.2671879093004,2836.761316917013,2863.381405690345,1936453
2022-09-07,2876.2578125,2887.4901620770056,2832.78875340852,2832.78875340852,1291534
2022-09-08,2894.56787109375,2907.2159707017377,2885.84685815058,2894.8875850870136,1346113
2022-09-09,2938.40185546875,2952.8763812176703,2893.5174930843323,2917.7176551694624,1561185
2022-09-12,2961.506591796875,2986.0264710415854,2945.114448989142,2958.72124516933,1785928
2022-09-13,2949.086181640625,2980.2266290241046,2945.1136136319274,2980.2266290241046,1972678
2022-09-14,2849.591796875,2868.76928360977,2843.564720529889,2862.9248054049563,5090269
2022-09-15,2834.93505859375,2865.436307205945,2830.9624897899544,2858.35890098147,2138023
2022-09-16,2747.5859375,2825.802822481709,2739.6410231234536,2809.0452623759143,5322221
2022-09-19,2765.941650390625,2777.9960264276096,2728.4998893506736,2772.516744324202,2072220
2022-09-20,2776.443359375,2812.6521895214205,2767.0372146817786,2785.3014867258826,1544295
2022-09-21,2740.737060546875,2777.4482086881085,2737.9517140202447,2765.2112336252226,2253818
2022-09-22,2746.398681640625,2766.9916943371504,2720.7375114751726,2730.5088530813073,2017983
2022-09-23,2723.249267578125,2760.188721342715,2720.463920886666,2743.2942659763494,2652374
2022-09-26,2734.527099609375,2763.247849734542,2672.154780311004,2702.975743649795,2925489
2022-09-27,2755.57666015625,2762.471468246022,2717.723996528979,2748.225245212223,2227447
2022-09-28,2772.197021484375,2785.2560217128935,2721.3767693188897,2721.3767693188897,2739767
2022-09-29,2737.175048828125,2790.6437473732276,2730.5085452475496,2788.9542131056915,2493902
2022-09-30,2743.79638671875,2757.6314856967606,2694.07194317331,2731.2854030730373,2817353
2022-10-03,2725.897216796875,2758.5446069021023,2715.8975712712413,2735.0750591652213,1763331
2022-10-04,2822.88037109375,2829.1359739680206,2760.644948129544,2766.9917386000643,2145875
2022-10-06,2832.7431640625,2852.8795705385355,2824.0676339984425,2841.007792556141,1790816
2022-10-07,2798.908447265625,2835.528404080667,2792.6987727620476,2828.5878911086593,1939879
2022-10-10,2847.90283203125,2855.61944375661,2744.207364403138,2748.7734332291,3064063
2022-10-11,2803.155029296875,2872.0569552219436,2788.3610126236035,2830.9623406003257,4730645
2022-10-12,2831.6474609375,2840.003277349499,2796.3061343312775,2817.172934199152,1665247
2022-10-13,2833.97607421875,2840.0945613198273,2787.4478815426237,2831.647334730693,2054781
2022-10-14,2830.186279296875,2876.6232872579253,2804.4794016409805,2872.0572185479923,2245977
2022-10-17,2849.046875,2864.2911434153666,2812.1490753129697,2813.2477230630725,1517005
2022-10-18,2879.215087890625,2888.966117534846,2864.428608029881,2884.0676909336617,1793722
2022-10-19,2858.294677734375,2892.3082801899227,2849.2761531975434,2892.3082801899227,1194289
2022-10-20,2890.751708984375,2893.223722522388,2842.8669805164604,2842.8669805164604,1587601
2022-10-21,2872.53125,2893.589521437009,2863.009338414214,2891.2091553053356,1021913
2022-10-24,2894.780029296875,2909.7039805107565,2888.645707524052,2902.4710109401917,260949
2022-10-25,2895.146484375,2915.4264280577722,2885.120736143405,2911.993013876971,2069643
2022-10-27,2890.8427734375,2906.041441275649,2869.738902096862,2893.8642222884023,2438421
2022-10-28,2896.19873046875,2910.1612786832916,2879.489451457905,2884.0673361184104,1355739
2022-10-31,2923.57470703125,2928.930922074246,2909.520733723584,2928.930922074246,1919414
2022-11-01,2984.506103515625,2987.1614107565856,2933.004900694058,2943.1220705764667,2991060
2022-11-02,2968.0263671875,2993.9372449305815,2950.0353658155727,2993.9372449305815,1405955
2022-11-03,2936.026611328125,2955.528446576262,2925.268581334173,2955.528446576262,1422652
2022-11-04,2945.777587890625,2948.2040012539787,2898.854262857446,2945.4114464729214,1464013
2022-11-07,2960.701904296875,2969.033746108724,2925.3607590035786,2956.398736224763,1474498
2022-11-09,2944.541748046875,2975.4424748663455,2931.3573038194963,2975.4424748663455,1162267
2022-11-10,2935.01953125,2952.7360368831214,2902.379298269611,2902.379298269611,1573092
2022-11-11,3036.0078125,3059.4924990197137,2980.249257027602,2993.5709484176764,3265394
2022-11-14,3053.9072265625,3066.267516641527,3029.644434925892,3043.378090569255,1342074
2022-11-15,3051.252197265625,3057.9815545338142,3014.0796792458495,3040.631413965816,1400708
2022-11-16,3072.081787109375,3083.572101172035,3041.04358854174,3057.0203646219798,1748235
2022-11-17,3066.267578125,3076.338925798746,3037.655794960949,3058.0273845737534,1417986
2022-11-18,3061.18603515625,3078.8567168812096,3040.631375143111,3067.1831095240655,1164540
2022-11-21,3006.297119140625,3052.2590404407642,2996.6835605138617,3042.004622611459,1304194
2022-11-22,3035.0927734375,3038.755082453495,2980.4328560796903,3003.0933931161617,1149739
2022-11-23,3029.004150390625,3048.8721312849716,3013.16461983749,3048.8721312849716,1150011
2022-11-24,3094.78759765625,3106.507028304935,3029.0035223998857,3036.2823150568715,1296591
2022-11-25,3103.486083984375,3116.029670114262,3065.352384030949,3097.397585178226,1588981
2022-11-28,3108.61279296875,3128.526592614452,3081.4202009170785,3081.8321658590125,2195437
2022-11-29,3110.53564453125,3139.513567487758,3097.397025025105,3097.397025025105,1576028
2022-11-30,3104.538818359375,3126.604091946324,3090.0726557391877,3097.3972724046434,3410702
2022-12-01,3182.225341796875,3186.208191448008,3131.273567457525,3135.851452790065,2180856
2022-12-02,3148.80712890625,3176.0455496628215,3124.8648753673483,3166.1574950689755,2411749
2022-12-05,3136.675537109375,3148.8069338376527,3119.371219112565,3143.1762240133357,1475065
2022-12-06,3099.548828125,3120.240735153655,3083.6634770366395,3113.0077659346593,1166999
2022-12-07,3095.199951171875,3107.1938767444476,3070.8455115491956,3083.9383084361316,1167505
2022-12-08,3067.686767578125,3095.1999029772983,3057.5237727854305,3076.338926101875,1285619
2022-12-09,3014.7666015625,3089.2488906667168,2999.751226008685,3089.2488906667168,1797896
2022-12-12,3008.998779296875,3017.74258665527,2962.8995993254075,2980.661708390847,1527610
2022-12-13,3050.79443359375,3054.7770597164617,2991.9227834945737,3000.529118510382,1378016
2022-12-14,3081.237548828125,3091.9039328595345,3058.8515094304635,3066.0847027929763,1213311
2022-12-15,3026.07421875,3080.688307975733,3020.443284990656,3075.2406684755556,1415694
2022-12-16,2966.698974609375,3014.0800939477085,2952.9194932649666,2998.515281797918,2703680
2022-12-19,2931.72412109375,2971.5059071272167,2924.811468284669,2954.5677283313903,2120965
2022-12-20,2970.086669921875,2974.710379576042,2896.5657746527195,2928.839871568711,1529971
2022-12-21,2992.610107421875,3005.8859777342095,2966.4703318595984,2974.710527225875,1432566
2022-12-22,2984.506103515625,3015.9104372309475,2971.1388143232093,3015.9104372309475,1384101
2022-12-23,2955.803466796875,2991.053185702608,2945.4115771362144,2945.4115771362144,1360281
2022-12-26,2978.2802734375,2995.767883194367,2952.781588622776,2955.8030373673573,870157
2022-12-27,2984.32373046875,2997.4165284637297,2958.6875701824715,2993.204784147724,835883
2022-12-28,2982.125732421875,2990.36592485904,2953.6512002549716,2975.4419760724913,910795
2022-12-29,2992.79248046875,2995.310317354804,2955.482715702677,2958.321093967868,1037927
2022-12-30,2981.760009765625,3020.4889672679737,2972.1464498516166,3008.632288079945,1163131
2023-01-02,2986.10888671875,2991.0531371742204,2962.0749878547795,2985.696921729852,709547
2023-01-03,3031.796875,3039.716528954258,2971.3229517587083,2977.457274746761,1245178
2023-01-04,3034.817626953125,3046.4456352603884,3008.7695024615123,3027.5388335177267,1231668
2023-01-05,3031.567626953125,3055.555703863464,3004.878418594391,3049.055016609059,1826057
2023-01-06,2940.421630859375,3022.823568476355,2929.8466708259502,3021.404379289261,2488376
2023-01-09,3039.670166015625,3046.1250293138623,2949.211103306643,2956.3984729950294,2885060
2023-01-10,3008.951904296875,3019.5726859941697,2957.4051024590394,3007.670186019056,3864655
2023-01-11,3047.681640625,3066.7256902141685,2994.9901304848922,3012.3404964497886,2720512
2023-01-12,3052.854736328125,3067.1834292049684,3035.64184133294,3047.956309200997,2250391
2023-01-13,3089.660400390625,3093.7346733219715,3025.98197553392,3060.6822543135518,1742837
2023-01-16,3121.96630859375,3139.7108259950064,3088.2563206021546,3106.0008380034105,1843607
2023-01-17,3163.494873046875,3166.678731169611,3109.7462636380624,3118.173760287488,1688475
2023-01-18,3174.357177734375,3192.1016949969585,3157.7362810072996,3164.9932922543326,2421189
2023-01-19,3158.5322265625,3171.5479356217456,3147.2018339606398,3164.9932159437553,1585044
2023-01-20,3149.16845703125,3178.7113332057097,3142.1455428324743,3150.947503850745,1529349
2023-01-23,3197.67333984375,3201.5126245493275,3142.1456787322145,3172.4845779389066,1067916
2023-01-24,3217.712158203125,3232.366548195451,3199.9207749894535,3207.1309214118423,1387863
2023-01-25,3211.57861328125,3216.494653144134,3188.4029967847964,3207.4117299767117,874110
2023-01-27,3194.068115234375,3226.794848372001,3167.14694521386,3208.067077922947,1785879
2023-01-30,3215.23046875,3238.4529506239523,3170.190316444348,3202.4488564251296,1953798
2023-01-31,3145.048095703125,3229.604025300142,3137.837949776972,3229.604025300142,2820375
2023-02-01,3191.539794921875,3201.5122408761454,3141.5833776365803,3149.074485541526,2205161
2023-02-02,3240.279052734375,3248.332086219939,3202.5427746615,3209.00376462258,1813847
2023-02-03,3260.78564453125,3281.1052287934076,3233.255686095983,3281.1052287934076,1804469
2023-02-06,3239.857666015625,3252.2179497187885,3218.227226687713,3252.2179497187885,1138714
2023-02-07,3251.656005859375,3270.805105400791,3241.215136678997,3248.2380505898204,1455647
2023-02-08,3296.18115234375,3314.7214612044213,3256.8059713667417,3256.8059713667417,1986946
2023-02-09,3315.611328125,3321.93195053137,3282.3226710626896,3291.4055938356746,1655427
2023-02-10,3312.521240234375,3317.015950832913,3284.9912806998786,3296.087576057787,1187821
2023-02-13,3260.87939453125,3323.2429633950296,3252.4518975826572,3323.2429633950296,1087939
2023-02-14,3277.453125,3300.6287378626344,3272.67745272352,3282.041336708423,1579818
2023-02-15,3296.696044921875,3301.705814786116,3240.044541293242,3265.1866636866666,1429449
2023-02-16,3331.71728515625,3347.589025161844,3302.642375313517,3302.8296072991216,1618931
2023-02-17,3278.43701171875,3313.7856830537116,3267.996369775276,3301.846727834619,1061369
2023-02-20,3265.4677734375,3297.960409776518,3253.997013920248,3279.232639136106,1296082
2023-02-21,3231.47705078125,3285.6938591458697,3225.6246220454104,3271.741760483827,1139541
2023-02-22,3185.17236328125,3227.731175089711,3179.0389728545315,3197.719877797664,1218430
2023-02-23,3196.64306640625,3232.7875248807222,3191.211967453162,3203.3850177984937,1441570
2023-02-24,3184.142333984375,3215.5113497676293,3167.14697359376,3204.7897468115684,977592
2023-02-27,3119.906005859375,3174.35690378243,3105.064157210188,3174.35690378243,1128022
2023-02-28,3102.11474609375,3176.229804721406,3089.9883320818026,3116.7691347332543,4116217
2023-03-01,3170.33056640625,3173.420694244311,3104.12794376509,3111.619051925006,1669307
2023-03-02,3110.167236328125,3155.5352090363385,3106.9367420381504,3147.201443637801,1556538
2023-03-03,3129.551025390625,3144.392875942533,3119.20411439005,3140.647321593584,1043190
2023-03-06,3157.362060546875,3188.3563867099915,3145.329375332794,3148.044810887243,1334132
2023-03-08,3174.731201171875,3179.9750677572342,3118.969453764318,3150.0106383790744,1844590
2023-03-09,3124.587890625,3169.6749030454052,3118.969559925363,3169.6749030454052,1648500
2023-03-10,3119.10986328125,3124.9622909742875,3080.7179376149243,3102.1611412380307,1024404
2023-03-13,3073.18017578125,3155.441996520239,3063.8631559770697,3120.9828541783536,1901233
2023-03-14,3010.442138671875,3094.2020436159,3005.245136815661,3071.3542558398167,2670334
2023-03-15,2995.412841796875,3052.954093411259,2988.9518531074605,3043.2623817666813,1780522
2023-03-16,2982.397705078125,3014.9840742340452,2970.224653220663,3003.934642979788,1901060
2023-03-17,2977.059814453125,3016.4816306299053,2944.0052567830558,2950.091781645998,6739966
2023-03-20,2943.35009765625,2968.023798134624,2898.1693513050195,2968.023798134624,2289468
2023-03-21,2908.5166015625,2955.944590745938,2900.4167033413396,2943.3502103191377,1815297
2023-03-22,2931.64501953125,2943.537107183176,2908.516270423559,2930.942728190265,1123939
2023-03-23,2925.885986328125,2946.205797938956,2903.740491630078,2916.7561992293204,1372218
2023-03-24,2922.000244140625,2968.351473778491,2908.4226112164015,2948.593585458365,1329577
2023-03-27,2923.68603515625,2952.19902097445,2908.4228559659477,2935.578124099564,1524217
2023-03-28,2917.69287109375,2949.202481667206,2912.3086371534464,2928.0868750140057,1303530
2023-03-29,2939.2294921875,2949.6234949949962,2906.64335836925,2929.959338361696,1740616
2023-03-31,3001.96826171875,3008.6167125339434,2951.497005262057,2987.032908572219,2382581
2023-04-03,2996.443359375,3019.80620797053,2971.863159942627,3019.80620797053,1521830
2023-04-05,3033.71142578125,3056.699808555153,2982.8654858875375,2982.8654858875375,2655065
2023-04-06,3015.82666015625,3050.145438850923,3010.489290961248,3019.853176780723,1703464
2023-04-10,3055.81005859375,3063.8630909248423,3010.488947837215,3015.1708902133228,2203187
2023-04-11,3009.36572265625,3064.7530167962987,2989.0927723386585,3056.3723845643995,2348779
2023-04-12,3035.444091796875,3053.516437963673,2995.507208424168,3022.615613369113,2417727
2023-04-13,2986.0029296875,3024.535229793141,2977.7157989913894,3005.80745747244,4174070
2023-04-17,2939.7919921875,2962.1715881499845,2874.947082023785,2934.7355852218207,5505048
2023-04-18,2931.598388671875,2956.038220735515,2912.73025124703,2954.258945363213,2617302
2023-04-19,2893.06640625,2940.260301815835,2876.117680581955,2931.5987069776834,3298034
2023-04-20,2907.299072265625,2914.9774122745457,2882.2038146421623,2893.440476687551,2419999
2023-04-21,2959.7841796875,2963.155041688403,2903.553995079019,2912.1687250064533,1929184
2023-04-24,2972.846435546875,2978.605133726411,2927.290995096919,2950.6540724750807,1640676
2023-04-25,2973.969970703125,2988.203030634268,2947.2828976033015,2980.5246904118535,2024090
2023-04-26,2994.710693359375,3004.308675175186,2978.6517225458874,2978.6517225458874,2000029
2023-04-27,2985.15966796875,2995.6940385765142,2968.96010122316,2982.397367620364,2434446
2023-04-28,3014.46826171875,3021.959368682717,2992.931329197346,2996.8172494907267,2931312
2023-05-02,3014.609375,3029.2171286410467,3005.8074135819966,3029.2171286410467,2321159
2023-05-03,2977.621826171875,3011.425543901782,2971.3012035284246,3011.425543901782,2468285
2023-05-04,3015.82666015625,3019.3381173385533,2975.84291342919,2977.85605743618,1953253
2023-05-05,3025.190185546875,3037.644197925073,3005.8538550776357,3015.1708746358613,1710027
2023-05-08,3043.82470703125,3047.8043583621566,3025.752362324095,3038.580839715744,928235
2023-05-09,3074.397705078125,3088.209436182946,3039.517231610019,3045.697487480777,1107375
2023-05-10,3077.7216796875,3096.168486888955,3058.2916188670115,3080.718077079892,1559987
2023-05-11,3073.367919921875,3099.1654729831102,3063.863666556925,3098.5100466494087,1719623
2023-05-12,3066.016845703125,3080.7180991166333,3052.6264447173935,3070.5581926647205,1027479
2023-05-15,3047.991455078125,3082.590964685658,3041.7176978040493,3075.099856630529,1150390
2023-05-16,3050.89453125,3076.036657474473,3043.6843845025264,3049.0686191388972,986306
2023-05-17,3004.58935546875,3071.3538928244934,2994.8041425993706,3048.833706516298,1588815
2023-05-18,2996.302734375,3023.5515016602685,2991.7611588555555,3020.7423362528925,1369364
2023-05-19,3017.840087890625,3028.748923625352,2999.299547907347,3005.807402948641,1152449
2023-05-22,3088.86474609375,3097.9945341072716,3012.408715352909,3024.5349008897992,1333243
2023-05-23,3087.320068359375,3116.2543845521523,3080.8122133346465,3095.7007005774353,1687418
2023-05-24,3093.21875,3106.1875923306025,3067.6084355060357,3067.6084355060357,1016555
2023-05-25,3083.995361328125,3095.700216957881,3059.2747976822648,3084.463555553315,1374917
2023-05-26,3117.143798828125,3126.2735873258735,3081.654763701585,3083.9957351112644,1791115
2023-05-29,3109.13720703125,3157.50157476158,3101.318272719559,3147.0140707691576,1210372
2023-05-30,3105.25146484375,3115.31764111134,3091.346232933408,3104.127844377834,1344224
2023-05-31,3080.249755859375,3116.0197483418215,3057.4486060308855,3098.509330335514,5815424
2023-06-01,3112.55517578125,3127.5373908271285,3087.740882111514,3103.191291377576,1177314
2023-06-02,3095.325927734375,3123.6983164939847,3087.6942242667337,3114.662258881967,2030661
2023-06-05,3079.688232421875,3115.3647278732756,3076.0832736451825,3104.1280651938405,1861468
2023-06-06,3026.6884765625,3079.6412899002303,3015.732777260668,3071.354160553332,2022849
2023-06-07,3066.57861328125,3070.2775307519573,3034.83513451255,3046.071796534812,1567196
2023-06-08,3030.574951171875,3061.9908355893967,3027.344456104134,3053.563337876765,1759366
2023-06-09,3005.151611328125,3043.2625769543515,3001.4529225336128,3038.580634528268,1775689
2023-06-12,3040.359619140625,3047.3825326363863,3006.7433646517693,3010.488918516175,2324605
2023-06-13,3037.363525390625,3057.3086474344236,3032.9625448821125,3052.626704635902,1371928
2023-06-14,3044.24609375,3048.740804589686,3020.6491476047618,3037.363546344498,1658544
2023-06-15,3034.104736328125,3063.490075009995,3028.161569428794,3061.4619592295066,2273810
2023-06-16,2995.050048828125,3018.1621873059776,2977.2207769837723,3015.8982332120154,4156189
2023-06-19,3028.5390625,3032.7841491545632,2995.1444729417135,3009.2947617902573,1468186
2023-06-20,3044.85888671875,3049.387024882799,3019.7186341521838,3031.935003240005,1528452
2023-06-21,3073.630859375,3076.6495411065584,3041.321038458168,3065.8954154658013,1645987
2023-06-22,3055.04736328125,3082.545999160571,3047.123293648058,3075.3294439700094,1529603
2023-06-23,3034.15185546875,3065.329470831123,3027.359533332214,3053.9150439557384,1119505
2023-06-26,3008.964599609375,3031.84090070026,2993.257870572284,3023.4451544860294,1978803
2023-06-27,3016.228515625,3027.8315683098626,3002.0310129898603,3020.615013073112,863542
2023-06-28,3033.302734375,3047.9246980493767,3012.5017657954463,3026.274804348481,1575872
2023-06-30,3115.185546875,3122.4965281720797,3032.0291226976383,3037.594809883413,2672406
2023-07-03,3086.932373046875,3130.7982634618097,3083.5834256734943,3126.5531772926224,1687264
2023-07-04,3121.412109375,3127.213635307182,3091.649291007,3103.629822069571,1656681
2023-07-05,3131.883544921875,3140.4209323591585,3117.7804690438625,3131.9307586159225,1453008
2023-07-06,3134.666259765625,3139.9019127533375,3114.9502825665704,3119.2425829550803,1848238
2023-07-07,3140.656494140625,3166.740100165481,3114.9501370135445,3114.9501370135445,1789326
2023-07-10,3086.6025390625,3136.411603139762,3080.2349089185213,3136.411603139762,1407431
2023-07-11,3087.027099609375,3108.346961484659,3076.084347127141,3108.346961484659,1110172
2023-07-12,3075.234619140625,3102.8276788370877,3065.9899492002537,3095.0922346595275,1515240
2023-07-13,3151.31640625,3176.692497714973,3087.357057312368,3097.9697734974616,4585146
2023-07-14,3315.553955078125,3325.1763353579863,3162.1177546049926,3174.3813377821602,6306101
2023-07-17,3293.904052734375,3348.8071250815974,3280.084030001309,3311.1674504613097,2743228
2023-07-18,3298.76220703125,3324.374134701864,3268.716338462531,3279.0932157274915,2600090
2023-07-19,3273.480712890625,3317.629660325243,3250.462771424541,3301.734077001687,2405370
2023-07-20,3275.608642578125,3290.3630716712737,3249.8354394909547,3265.961471457686,1715404
2023-07-21,3185.75732421875,3248.7478440814666,3177.008621662018,3219.5698773434174,3770223
2023-07-24,3210.7734375,3228.4599553599905,3189.351033845156,3197.7686109986007,1680132
2023-07-25,3214.934814453125,3222.170365392295,3197.0118456212294,3213.3743276732653,1272980
2023-07-26,3204.67333984375,3235.4593600269927,3201.552135007321,3216.070344142901,1066803
2023-07-27,3212.80712890625,3226.7577622818967,3201.5994704688537,3210.9628540656236,1701769
2023-07-28,3173.55615234375,3209.7805545405377,3150.4785870897526,3201.552091653801,2599831
2023-07-31,3236.026611328125,3240.9447543990273,3178.758034519653,3182.068354209049,2743678
2023-08-01,3264.96826171875,3272.487370043149,3229.9261181206225,3229.9261181206225,1956167
2023-08-02,3254.18603515625,3259.624417506457,3228.6021776972843,3248.794989269264,1914899
2023-08-03,3215.69140625,3247.1867760001924,3185.4729663055846,3234.6548529587585,2026351
2023-08-04,3256.9287109375,3282.891026808569,3216.9210904444385,3216.9210904444385,2248493
2023-08-07,3295.23388671875,3298.9697724752778,3254.7533628241254,3266.7650471784623,1853889
2023-08-08,3282.51318359375,3300.8143843885464,3269.271904484311,3295.2342234134017,1634225
2023-08-09,3274.851806640625,3279.107931732288,3239.4314340041433,3277.12164765902,1794589
2023-08-10,3255.5576171875,3277.1218005973083,3244.1606132838087,3263.0293892221785,1096701
2023-08-11,3261.894775390625,3278.777268750566,3228.9806905354094,3251.774700486215,1679974
2023-08-14,3262.8876953125,3267.758502018246,3226.143053656798,3254.2334351188592,1190425
2023-08-16,3270.97412109375,3278.1623362953906,3249.031476507618,3263.02944611053,1328445
2023-08-17,3249.5517578125,3273.2442354964764,3228.2237942504853,3267.758516551608,1843241
2023-08-18,3184.622314453125,3225.1972847033007,3174.5966821427064,3225.1972847033007,2526749
2023-08-21,3217.2998046875,3224.9609230728597,3189.256758589833,3192.094175634842,1375579
2023-08-22,3198.856201171875,3226.142784101909,3182.6830645466525,3215.738922880824,1222012
2023-08-23,3214.084228515625,3217.6309998999945,3193.040051635033,3204.3897200650154,1330046
2023-08-24,3204.153076171875,3228.0820051896408,3195.02614405484,3223.305640497011,1152881
2023-08-25,3198.052490234375,3202.3086153928157,3168.6851804592197,3192.093868830644,1158046
2023-08-28,3192.614013671875,3210.064080123516,3178.001363908617,3210.064080123516,1037485
2023-08-29,3193.181884765625,3205.855819941728,3182.636243366156,3197.816471332928,944517
2023-08-30,3207.179443359375,3223.40014789566,3199.7076715059848,3213.8474190009583,1188200
2023-08-31,3174.88037109375,3232.196053475571,3162.442888567847,3216.6849335751754,3417652
2023-09-01,3196.06591796875,3205.3348581044584,3174.8799670096005,3183.581331478196,1277950
2023-09-04,3233.236572265625,3246.8089755295628,3187.412335303978,3194.9314439412847,1828332
2023-09-05,3243.498779296875,3260.1921570729696,3220.6100972668646,3234.6554038844083,1501842
2023-09-06,3244.018310546875,3257.2595880304025,3213.9418792762212,3247.8962056023015,1314818
2023-09-07,3267.99462890625,3272.487205271869,3236.8303821940267,3244.8697293746077,1885092
2023-09-08,3255.3681640625,3277.2163655298596,3248.8895343242925,3267.9947610381087,1518917
2023-09-11,3292.01806640625,3296.794430718911,3258.3001901837038,3274.3788848812724,1783604
2023-09-12,3386.74072265625,3395.3474150298325,3294.240889231488,3302.7531395912592,4476016
2023-09-13,3374.492431640625,3394.3543482360014,3352.880682409928,3377.5662996851474,1754929
2023-09-14,3367.115478515625,3402.724969170952,3353.448632941184,3376.573535094419,2604721
2023-09-15,3403.29248046875,3411.8520676923513,3369.385255912165,3374.4927449137253,2952897
2023-09-18,3410.716796875,3423.1542791511733,3381.4914959863354,3386.0314090812585,1395753
2023-09-20,3410.6220703125,3428.545038885591,3385.9837901270116,3385.9837901270116,1649396
2023-09-21,3390.996826171875,3409.6291501028677,3336.8021197123207,3394.07069433771,2004073
2023-09-22,3408.3525390625,3436.8213823333144,3371.8445784385076,3389.767549854172,1989083
2023-09-25,3383.2890625,3423.816932643899,3365.791655523781,3407.265331450178,1238778
2023-09-26,3391.375,3400.1237015581846,3344.36850916118,3374.256057658912,1726062
2023-09-27,3394.7802734375,3418.141626863644,3363.0011111614867,3395.442291212087,1541134
2023-09-28,3345.078125,3407.5486342217837,3336.187644274132,3404.9003322259136,1755753
2023-09-29,3337.369873046875,3375.0600892481143,3315.569006867015,3345.5036630036134,2243791
2023-10-03,3323.4189453125,3342.665949831353,3291.4980077975183,3342.665949831353,1948148
2023-10-04,3346.023681640625,3355.7181888095365,3288.8497806653972,3297.36203086249,1788138
2023-10-05,3394.827392578125,3427.5994639632845,3358.7447707127926,3361.39307255119,2990768
2023-10-06,3425.140380859375,3437.956093195864,3381.3024289058944,3396.3879823671864,2075691
2023-10-09,3441.171875,3479.618780028991,3434.220111520866,3447.508726297345,4233074
2023-10-10,3432.23388671875,3450.2988662385983,3406.177126883669,3442.779757818924,1848148
2023-10-11,3414.263671875,3452.190570229573,3409.629316624003,3452.190570229573,2426417
2023-10-12,3350.56396484375,3394.1654682368003,3346.355175740903,3381.2553130417496,4241281
2023-10-13,3377.330078125,3383.1466903027867,3333.964798243591,3338.6938263262055,2890357
2023-10-16,3333.066650390625,3380.924280654322,3328.3849583194456,3372.743153646584,1671104
2023-10-17,3316.987548828125,3342.6187418350314,3313.488114318349,3338.693740990612,1672065
2023-10-18,3298.260498046875,3331.789259566091,3295.1866299219478,3320.723380498266,1408245
2023-10-19,3276.830078125,3296.933225036673,3273.2741297100188,3289.9634735404866,1514545
2023-10-20,3313.716796875,3318.41060183208,3265.8300315106567,3271.851297756215,1481211
2023-10-23,3233.6845703125,3298.924416859817,3225.292670958359,3293.28235834345,1106272
2023-10-25,3214.67236328125,3247.766298066017,3202.439761531741,3215.0515718519214,1518537
2023-10-26,3164.082763671875,3199.1206609136366,3157.682056799983,3193.763124801465,1984471
2023-10-27,3177.54833984375,3188.0265817813,3164.320256812671,3176.6475457963584,1108851
2023-10-30,3203.7197265625,3207.797260136592,3161.2379523968602,3176.647061276185,910972
2023-10-31,3194.4267578125,3223.11140625,3176.6944759889084,3223.11140625,999811
2023-11-01,3158.29833984375,3197.1294802109005,3139.665263486284,3181.3883899113507,1563475
2023-11-02,3186.224609375,3201.2542786880363,3170.1989967249133,3170.1989967249133,1245384
2023-11-03,3177.50048828125,3212.585844899684,3171.2421581670574,3206.9912455011868,1402598
2023-11-06,3205.33154296875,3216.7580355663695,3185.1811708696196,3200.353215744259,1099852
2023-11-07,3196.038818359375,3227.9948935666866,3191.8191394170512,3203.1981737821743,1191144
2023-11-08,3206.56494140625,3225.9092097799353,3195.185905537711,3196.9874936140654,992899
2023-11-09,3174.22900390625,3215.9995888748977,3169.1085310424833,3214.672127467861,2112352
2023-11-10,3160.953369140625,3174.228908841592,3150.427901567654,3165.2679658448474,1338557
2023-11-13,3159.152099609375,3182.3368374785077,3154.837502470499,3182.3368374785077,1030990
2023-11-15,3228.137451171875,3236.387205247155,3182.384247933324,3208.0345356358303,2059802
2023-11-16,3316.846435546875,3346.716401326636,3237.524943071945,3252.554843852836,3951984
2023-11-17,3321.2080078125,3342.1170285727035,3311.820397597078,3316.846183791076,2021292
2023-11-20,3337.470703125,3351.030533185444,3310.587643193994,3310.587643193994,1475621
2023-11-21,3328.557373046875,3355.9145625524966,3319.8334924330106,3337.4710894515033,1807236
2023-11-22,3347.474853515625,3349.8454857452175,3300.963234376662,3318.88512142956,1798051
2023-11-23,3326.708251953125,3360.608293286361,3318.8851654916093,3347.3327526243943,2729804
2023-11-24,3278.205078125,3323.199630349241,3274.3171487686473,3313.432579520662,1989733
2023-11-28,3290.57958984375,3301.105289257559,3255.3520884800573,3278.2050751499805,1689195
2023-11-29,3331.923583984375,3335.9536587568928,3295.9374331994227,3300.8683019137984,1441634
2023-11-30,3307.12646484375,3334.6730227031603,3300.867903937009,3318.3631213034114,3266235
2023-12-01,3329.932373046875,3334.958159973904,3309.4502482693606,3318.8853188028297,1172141
2023-12-04,3330.691162109375,3364.2119978451533,3316.9889527312685,3361.22486202807,1625213
2023-12-05,3348.85009765625,3354.9188237283443,3321.540367317705,3354.9188237283443,1377656
2023-12-06,3417.5986328125,3425.895846326785,3342.733875383664,3349.7985452386283,1896572
2023-12-07,3427.83935546875,3442.6796524305582,3405.839934234335,3418.451744252406,1967653
2023-12-08,3439.028564453125,3456.3816379078157,3415.654224305756,3445.002603708942,1641155
2023-12-11,3454.390380859375,3463.967827707981,3427.9342176743367,3435.4253229469305,1102503
2023-12-12,3482.079345703125,3507.018210184739,3443.106061383737,3450.6446251588923,2236866
2023-12-13,3407.59423828125,3461.1230679206947,3378.6250660277906,3455.006883047287,3850968
2023-12-14,3477.480224609375,3487.673942630931,3439.8820921373363,3442.157806348635,3290396
2023-12-15,3661.2041015625,3694.345490990078,3476.9585341697716,3476.9585341697716,8531230
2023-12-18,3659.49755859375,3725.6856575541797,3631.950765447862,3658.4546193042174,2521612
2023-12-19,3618.72265625,3655.6098328171565,3593.87847667047,3646.0323859625214,2004435
2023-12-20,3584.443359375,3697.0483893157384,3571.6419454448946,3629.2008491847714,2586083
2023-12-21,3591.507568359375,3609.7139762658885,3549.6422988122054,3561.874667630337,1517562
2023-12-22,3626.119140625,3646.933245771475,3567.3274599977117,3603.361070704759,2413058
2023-12-26,3599.14111328125,3635.6013886790356,3594.020409040858,3622.1837035954127,1285231
2023-12-27,3613.981201171875,3620.618971095341,3573.016724517037,3602.4125627495287,1293976
2023-12-28,3603.26611328125,3639.3946414861102,3595.8699258439583,3626.119100844942,1682889
2023-12-29,3597.1025390625,3624.791709570154,3570.5514572660563,3595.775077575502,1574996
2024-01-01,3613.886962890625,3633.70535723094,3577.75843236752,3593.8787327518953,825907
2024-01-02,3587.43017578125,3613.8865694951905,3572.3055889566763,3613.8865694951905,1344068
2024-01-03,3500.71240234375,3576.667547002565,3496.2556603222715,3572.068428151664,1803075
2024-01-04,3477.053466796875,3526.5522174164516,3462.0710260251317,3510.194856364977,3598144
2024-01-05,3544.474365234375,3553.8147487517995,3484.687206057707,3484.829351387596,1963127
2024-01-08,3487.958740234375,3546.2288355043906,3482.3639091369514,3544.4744750104824,1067805
2024-01-09,3498.95849609375,3558.177078509114,3492.178580048869,3517.97101419748,1370944
2024-01-10,3520.910400390625,3536.2720507365116,3497.1566194586726,3499.053125217598,1292227
2024-01-11,3542.24609375,3577.7581178202754,3515.173427712632,3531.2937266797526,1777909
2024-01-12,3681.87646484375,3703.1646964851307,3623.843432744319,3648.8772170987218,6813450
2024-01-15,3701.78955078125,3759.8225793489855,3683.9623507618685,3755.0813150622907,2801505
2024-01-16,3661.48876953125,3697.237855611621,3656.0363156533926,3697.237855611621,1432672
2024-01-17,3683.58349609375,3707.6215694323387,3615.2618248575886,3621.3780100735817,3458696
2024-01-18,3700.65185546875,3706.5309771399134,3662.1526951745536,3696.2897995314374,2239110
2024-01-19,3765.057373046875,3784.631985387999,3738.321317166315,3766.9193017431467,2941975
2024-01-23,3684.0849609375,3756.3199554352645,3669.2846455368567,3723.9503266134257,2618854
2024-01-24,3668.377685546875,3708.338398449399,3633.8118332357167,3704.8532560312447,2657709
2024-01-25,3638.2998046875,3686.711116154436,3608.1261628069346,3666.5634951802735,2205154
2024-01-29,3629.419189453125,3647.561511105219,3610.1788731595148,3629.228264270237,1646747
2024-01-30,3628.989501953125,3674.1065907335123,3616.051115583662,3635.5779359556427,1411621
2024-01-31,3643.69482421875,3660.9300789609506,3625.075070296022,3639.1592431350086,2459358
2024-02-01,3680.169921875,3728.6290187621194,3633.286482295551,3647.56157849842,2363107
2024-02-02,3787.257568359375,3804.540377619733,3697.2143116152224,3700.1266783968517,2826510
2024-02-05,3793.94140625,3840.4429940895147,3783.2470318063965,3803.2034921577665,1691523
2024-02-06,3949.296875,3962.569322023447,3809.8874591997096,3816.571472286025,4474396
2024-02-07,3899.071533203125,3967.439537616754,3890.0481613841494,3965.5298194277684,2124267
2024-02-08,3947.48291015625,3970.30394830911,3901.601885967036,3905.3735326080473,2345173
2024-02-09,3947.10107421875,3995.846442629643,3914.922137470945,3949.822049542002,2100596
2024-02-12,3934.68798828125,3971.831913158721,3920.221500261139,3943.567991208639,1013716
2024-02-13,3962.187744140625,3981.7623552395244,3897.257326836959,3939.2235698107565,1257415
2024-02-14,3915.017578125,3929.1493051863713,3866.7016182555567,3921.6060121436158,1391283
2024-02-15,3917.977783203125,3959.1318346649314,3898.6894441790746,3941.6581008011804,1091582
2024-02-16,3941.9443359375,3960.7076888158995,3915.0175911112856,3927.573894072427,1307556
2024-02-19,3918.55029296875,3941.9443391568884,3871.9533588939935,3936.93132925943,772291
2024-02-20,3848.702392578125,3913.0122404364697,3828.9846471816118,3897.8300753576905,1193648
2024-02-21,3811.320068359375,3879.92678741508,3800.91219749732,3831.8495388516026,1885939
2024-02-22,3902.604736328125,3910.100240420899,3791.745501130713,3791.745501130713,2982052
2024-02-23,3869.184326171875,3943.567750543127,3863.7414432648116,3943.567750543127,2538072
2024-02-26,3820.43896484375,3867.179270139107,3802.964997073217,3853.811243032453,1379284
2024-02-27,3919.123779296875,3937.8391117763654,3818.4817187181584,3818.4817187181584,2960475
2024-02-28,3933.016845703125,3967.343748590396,3904.418630839975,3910.720793778206,1939225
2024-02-29,3910.243408203125,3951.302347555784,3881.072417457666,3913.9672652685513,3772719
2024-03-01,3909.52734375,3953.116567239845,3902.3181111157173,3921.7973761015874,2043265
2024-03-04,3896.493408203125,3932.014119419607,3891.9100379868287,3919.6965305132107,1749271
2024-03-05,3830.990234375,3880.547327718726,3800.3391644489493,3878.637609545636,2070859
2024-03-06,3880.833740234375,3888.1861084028096,3779.7618150673534,3813.754890991915,1744204
2024-03-07,3923.134033203125,3937.838769501806,3855.4343858729776,3881.502084875083,2688905
2024-03-11,3936.262939453125,3965.5292734217396,3904.4182997884645,3904.4182997884645,2304068
2024-03-12,4003.007568359375,4039.005938486291,3935.0214223269095,3936.263018747684,4039801
2024-03-13,3961.710205078125,4049.557237825097,3945.382022047853,4015.1823119675864,2837260
2024-03-14,4017.6650390625,4034.279493313636,3901.5540851312467,3965.959514662423,2919608
2024-03-15,4028.7890625,4047.6475288113998,3988.4462674794095,4003.342161965736,3373143
2024-03-18,3965.05224609375,4062.686584965053,3931.966472917347,4024.9696521003443,1526904
2024-03-19,3797.760986328125,3874.8180658535766,3787.544041009118,3868.3727671979555,8931209
2024-03-20,3791.64990234375,3836.6238591471674,3781.43295661012,3806.068367984223,1817913
2024-03-21,3793.607177734375,3827.4568840908046,3769.7834913016204,3809.9353605723127,3829582
2024-03-22,3734.358154296875,3760.234927722912,3680.981626808488,3721.0857067892807,5852485
2024-03-26,3702.4658203125,3768.542017341813,3696.6888766639236,3700.078672781673,3440925
2024-03-27,3667.518310546875,3719.176282324686,3656.5374306375725,3712.9696980281237,1968575
2024-03-28,3701.320068359375,3738.2730658344526,3667.1360687962233,3676.302808642389,4311783
2024-04-01,3739.94384765625,3755.746810136152,3712.539442010424,3721.7537377660865,1569676
2024-04-02,3708.481689453125,3733.3558147618187,3698.1691649099557,3714.401769042016,2142666
2024-04-03,3769.115234375,3801.2939382455907,3677.162259779897,3677.162259779897,3973090
2024-04-04,3822.58740234375,3846.7929401546,3757.6091953129244,3796.4241236746416,3394637
2024-04-05,3799.623046875,3821.34609124678,3781.71943887628,3798.4294730084184,1636819
2024-04-08,3793.2255859375,3850.612478302472,3781.242057540255,3803.2038169653624,2302538
2024-04-09,3768.39892578125,3834.570702733132,3747.8694567761995,3804.1583495870013,1876992
2024-04-10,3804.779052734375,3810.0785671309804,3741.137789757888,3777.8042843421695,2101965
2024-04-12,3820.7734375,3832.184191220515,3767.3969024756593,3791.7458116159787,4354821
2024-04-15,3763.290771484375,3880.7384449410197,3742.1407349188034,3820.773244714784,4200329
2024-04-16,3697.978271484375,3751.354800517377,3688.477470314158,3725.8601098443683,3051420
2024-04-18,3687.66552734375,3758.3250946724493,3676.207219128285,3701.7974874334654,3476284
2024-04-19,3653.481689453125,3678.6423189369357,3629.323708606485,3664.749072987277,2957749
2024-04-22,3690.148681640625,3702.943700715921,3639.9229982282336,3663.794476443267,1728883
2024-04-23,3699.79248046875,3719.1761666777247,3686.3291071314047,3702.036492584922,1807586
2024-04-24,3658.11279296875,3722.040559442431,3651.810630020355,3714.40168707826,1317312
2024-04-25,3678.30810546875,3698.789786133694,3638.967957952699,3639.1588831449344,2856271
2024-04-26,3648.85107421875,3701.7979669996466,3630.8996757316177,3681.1251267108287,2039178
2024-04-29,3695.495849609375,3702.7528724246417,3646.798032776162,3664.7494314876817,1110693
2024-04-30,3648.1826171875,3706.524606083486,3638.013460212039,3697.2147291183765,2203078
2024-05-02,3688.906982421875,3696.354929571108,3607.5052491169877,3607.5052491169877,2491044
2024-05-03,3669.905029296875,3717.8391381406313,3626.1726730929386,3714.5446880570794,2962234
2024-05-06,3744.050537109375,3762.0972818946348,3679.0723249742337,3679.0723249742337,2053831
2024-05-07,3799.33642578125,3807.977946933751,3736.8409466713224,3753.3600551012064,2062112
2024-05-08,3797.426513671875,3804.444820681169,3760.807810312846,3782.1965590042273,1247685
2024-05-09,3781.432861328125,3791.74538595975,3733.5467719757585,3783.1516542867107,1726486
2024-05-10,3718.1259765625,3794.2284378379286,3709.6756128987054,3783.7249871155386,1672489
2024-05-13,3769.5927734375,3776.467712282151,3695.3046893886026,3709.1501462351494,931326
2024-05-14,3725.096435546875,3767.683246498319,3717.1710580498243,3758.3255802892677,1058317
2024-05-15,3705.235107421875,3749.6838445394064,3700.5563911441955,3728.247304663272,1115021
2024-05-16,3751.930419921875,3760.15384977655,3696.6751046466734,3742.456838999375,2599399
2024-05-17,3687.63427734375,3770.2527318011416,3683.6908068363196,3769.290932634866,2765804
2024-05-21,3674.265380859375,3697.8775989789833,3664.5032125756693,3684.26823376546,1908117
2024-05-22,3685.6142578125,3694.51089974485,3671.7163073783254,3688.499655195965,1311168
2024-05-23,3744.717041015625,3755.825868716935,3679.3628324652072,3694.2225831135406,2095742
2024-05-24,3702.44580078125,3735.435558347241,3697.444492200765,3730.0975261410267,1309452
2024-05-27,3700.089599609375,3759.047936580734,3694.6073912207003,3707.735856163125,1841538
2024-05-28,3693.212890625,3722.1631423243425,3683.691171861042,3710.6215511853525,1801993
2024-05-29,3658.347412109375,3701.868825659015,3654.8369389752725,3701.868825659015,1568095
2024-05-30,3593.377685546875,3649.450384821507,3573.5163933864274,3632.715174527771,2919230
2024-05-31,3530.71630859375,3606.5542604678308,3514.1734112736244,3597.128582460036,10956800
2024-06-03,3561.3984375,3608.2380138899875,3554.8100187289747,3590.20427799952,2156773
2024-06-04,3573.083984375,3601.9379600227116,3454.3017846252524,3558.656996551144,3395997
2024-06-05,3603.33251953125,3639.2558131149094,3558.656994228716,3574.0457812307864,2799670
2024-06-06,3684.0751953125,3693.2122868036663,3598.5713488629654,3636.56241348413,4328036
2024-06-07,3745.19775390625,3765.443672980527,3690.7119259738774,3690.7119259738774,4552445
2024-06-10,3711.294189453125,3756.6910606126594,3695.135917395871,3746.2075442092446,1734661
2024-06-11,3704.94677734375,3731.7327440674576,3694.2707123409878,3698.117909125514,1419898
2024-06-12,3685.27783203125,3744.7652068204034,3681.2383223307793,3726.3947480686384,2177001
2024-06-13,3730.001708984375,3741.3991241494596,3704.850752242601,3709.4674356568485,1932323
2024-06-14,3685.66259765625,3740.437014038603,3681.7672640112555,3740.437014038603,1860730
2024-06-18,3669.35986328125,3695.2321653073436,3650.0757442428144,3679.8915165292606,1774045
2024-06-19,3656.471923828125,3687.393908592031,3648.0561809382543,3681.4305657786617,1509050
2024-06-20,3642.57373046875,3664.4065236093124,3635.6488237424105,3650.9894727993596,2846526
2024-06-21,3665.17626953125,3729.6649522933717,3652.961466760309,3680.8055063953534,4642195
2024-06-24,3670.9951171875,3709.6593968393613,3646.4692383647352,3663.2525869100127,1702154
2024-06-25,3691.81787109375,3700.6663762407684,3648.0078731956337,3671.1873264526143,1338808
2024-06-26,3708.5537109375,3719.229541663195,3694.270898230557,3697.637195586404,1639845
2024-06-27,3783.8623046875,3791.4125224847185,3672.245693139024,3684.6528091423024,4526556
2024-06-28,3755.008544921875,3808.725128347128,3748.949397341835,3768.13724591194,2731571
2024-07-01,3826.229248046875,3848.8315275785044,3735.6278170574037,3735.6278170574037,2658723
2024-07-02,3863.931884765625,3869.7026797753697,3830.4133246392416,3841.0412524117046,2307449
2024-07-03,3813.774169921875,3872.2997435120974,3803.915728400735,3866.4326746323527,1821198
2024-07-04,3867.346435546875,3892.7380752449785,3829.9806776191044,3847.0526133717367,2518001
2024-07-05,3858.5458984375,3872.924748847288,3835.6550315770746,3856.8146129950023,1668616
2024-07-08,3840.656494140625,3877.253000431581,3826.085330278659,3868.356357887955,1758882
2024-07-09,3833.250732421875,3853.8812784110864,3823.2481146132445,3832.769832819263,1305801
2024-07-10,3759.817138671875,3850.3706715891435,3752.940368518921,3831.5193138953828,2669716
2024-07-11,3773.811279296875,3827.96061842488,3746.7848640603625,3780.832460057338,4872189
2024-07-12,4024.11962890625,4039.508414875699,3819.5929044924933,3827.9605099005335,13509164
2024-07-15,4009.93310546875,4078.0282957635995,3998.2468703807003,4073.8927473716462,4848030
2024-07-16,4018.829833984375,4034.314424549635,3986.561190822614,4012.6260416342875,2029521
2024-07-18,4150.6923828125,4159.781573176397,4001.084703910708,4001.084703910708,5613364
2024-07-19,4147.6552734375,4201.978624359701,4131.122202474886,4162.115767699707,3903354
2024-07-22,4133.1474609375,4164.575034563433,4111.601226719275,4145.294372304492,1896386
2024-07-23,4147.60693359375,4204.822378864609,4112.85326602106,4128.952803320042,2365208
2024-07-24,4151.3671875,4183.03576631366,4114.589421974038,4133.2915683962265,1809793
2024-07-25,4167.03271484375,4186.795391686849,4120.470108423073,4140.521806883495,2810342
2024-07-26,4230.03271484375,4263.38835411249,4181.059551130559,4193.543968012702,3552210
2024-07-29,4223.52490234375,4271.630052985274,4213.788075287437,4256.205525599184,1746803
2024-07-30,4208.341796875,4239.817382022423,4171.660056647635,4233.165648077155,1797906
2024-07-31,4227.62255859375,4255.242012172765,4188.723729698836,4193.543895095498,2330091
2024-08-01,4238.94970703125,4260.3509577479335,4208.052166158217,4241.166794700349,2202244
2024-08-02,4129.00048828125,4239.816246728395,4116.420048551669,4208.0031643859575,2811282
2024-08-05,4005.605224609375,4086.5359851916824,3962.657741715124,4086.5359851916824,2787771
2024-08-06,4021.174560546875,4105.093443295134,4011.1482409643245,4020.93355230151,2203067
2024-08-07,4049.372314453125,4092.271779894771,4029.9466743126113,4075.9312334220126,1237666
2024-08-08,4022.4755859375,4079.787534366515,4010.3771604358935,4030.6218528323247,2441283
2024-08-09,4076.65478515625,4100.659114104419,4054.2890299715586,4065.327396749372,1302536
2024-08-12,4044.7451171875,4086.5360434816052,4035.7797982318953,4077.8597461493728,936912
2024-08-13,4045.9990234375,4081.716262529734,4032.5505730188656,4061.4715668487884,1495593
2024-08-14,4140.76318359375,4151.319534354046,4037.515144170132,4057.615328501506,3226545
2024-08-16,4257.21826171875,4267.77461264674,4169.539732083415,4193.544062573598,3457058
2024-08-19,4328.5087890625,4332.605929898473,4232.442981017034,4261.990502549068,2055210
2024-08-20,4360.60986328125,4400.810223821581,4338.148084818645,4342.968249357332,2212298
2024-08-21,4387.7958984375,4395.99017837526,4330.965968699111,4355.5007951533835,1896990
2024-08-22,4340.0771484375,4396.907089701762,4335.44997770423,4395.9910699411375,1829872
2024-08-23,4303.3466796875,4343.932561859369,4294.7668804002415,4338.148364040649,1809253
2024-08-26,4340.5107421875,4388.422901766145,4323.688177379114,4327.544309532852,1844164
2024-08-27,4335.40087890625,4347.78879700609,4325.42304328812,4342.968632042668,930697
2024-08-28,4343.98046875,4398.400316848334,4296.983862624771,4336.943216530728,1848058
2024-08-29,4349.5244140625,4392.134865975352,4299.587687061034,4299.587687061034,2133641
2024-08-30,4389.96533203125,4427.080603023993,4326.38716654949,4338.148557593329,3637222
2024-09-02,4358.44140625,4422.9836068477425,4349.717095487579,4411.41521031719,1216500
2024-09-03,4350.0546875,4392.038139120691,4334.196155320372,4358.441492719485,1717263
2024-09-04,4318.14453125,4325.615786508623,4277.125118085501,4315.927443783511,1265505
2024-09-05,4314.96337890625,4337.184149642632,4293.94717861249,4319.831556912344,1688793
2024-09-06,4296.45458984375,4356.417637948214,4280.307035150334,4313.036147727095,1649179
2024-09-09,4289.5126953125,4328.749025313964,4271.148055599024,4294.766863264564,1184938
2024-09-10,4345.716796875,4376.662354190365,4280.741058689905,4282.66912493112,1385591
2024-09-11,4318.2421875,4385.724511170829,4310.433424474223,4358.8280791658935,1325919
2024-09-12,4355.21240234375,4369.576400988136,4271.919568257996,4348.03016766192,2742216
2024-09-13,4359.935546875,4383.457856889526,4342.968472682497,4367.069296615252,1458786
2024-09-16,4350.92236328125,4382.542460489714,4332.798729394325,4364.177818329191,1155120
2024-09-17,4343.59521484375,4372.660715800715,4305.371400339266,4350.921959825614,1699364
2024-09-18,4189.83154296875,4335.304015128488,4165.5862093953265,4335.304015128488,2961779
2024-09-19,4141.63037109375,4263.147015883038,4127.796403091641,4232.1529776670095,2927551
2024-09-20,4130.78515625,4174.938152739774,4075.4497528623806,4161.634214107266,5447908
2024-09-23,4114.974609375,4154.403462524923,4100.032098786898,4145.341647021787,1702319
2024-09-24,4117.67431640625,4136.665956416498,4087.5002692160224,4098.731160481688,3012026
2024-09-25,4121.00048828125,4135.316473939459,4087.500338104567,4099.406241016252,2713073
2024-09-26,4138.11181640625,4161.537630946426,4106.780742665259,4106.780742665259,3964251
2024-09-27,4153.7294921875,4220.536795895115,4145.390229526084,4179.083373733514,3012477
2024-09-30,4114.974609375,4144.136605845328,4106.828342734448,4132.7127213486465,2503416
2024-10-01,4133.67724609375,4141.244999726133,4090.34424266424,4102.490682592709,1823365
2024-10-03,4080.510986328125,4125.097515917087,4058.579233935717,4109.287467676963,3350119
2024-10-04,4099.3095703125,4143.414082709889,4072.1236497929604,4073.03966948564,2965463
2024-10-07,4119.16845703125,4142.690767852346,4077.281035312133,4120.180503383442,1472619
2024-10-08,4100.2734375,4125.482806799547,4052.74679795751,4118.927570558943,1541867
2024-10-09,4099.984375,4140.521774751488,4093.9591686921544,4106.780619427553,1082504
2024-10-10,4075.353271484375,4139.413456731442,4047.589307591051,4100.273620276828,2378875
2024-10-11,3999.965576171875,4089.379629417382,3964.5373663953533,3993.9883837858433,5759183
2024-10-14,3987.866943359375,4015.58289160934,3973.936949192235,3991.096547994956,2137590
2024-10-15,3968.73095703125,4019.9696887304594,3947.7152254374996,3982.4684275959594,2759474
2024-10-16,3947.667236328125,3966.996146763994,3920.915318205962,3938.0751541994937,2359151
2024-10-17,3961.211669921875,3981.4083499313706,3945.7388929151134,3964.8748071016144,2522659
2024-10-18,3984.453125,4006.776710853755,3942.850443261172,3952.5142923868125,2361000
2024-10-21,3942.70556640625,4000.78539382613,3933.186580676541,3993.682370369564,1595450
2024-10-22,3880.5185546875,3952.320999735869,3871.676227251689,3929.32099199586,1928049
2024-10-23,3929.5625,3975.272315864082,3860.85244097846,3865.153042421479,1966476
2024-10-24,3911.8291015625,3941.8837644761543,3869.4049014372445,3869.4049014372445,2676744
2024-10-25,3921.155029296875,3954.446941330257,3897.140270580229,3920.6718368553634,1759676
2024-10-28,3953.335693359375,3995.0351066911544,3914.8251613947427,3932.171722859434,1532534
2024-10-29,3938.259765625,3965.5601369835435,3923.6191298717235,3958.167387431651,1445885
2024-10-30,3947.34375,3968.9425455894743,3923.5708244501016,3938.0182306494053,1935002
2024-10-31,3835.050048828125,3941.207522795,3826.8841437384754,3933.186481064544,3740372
2024-11-01,3850.270751953125,3864.524929526368,3842.3948092268606,3855.730968312658,154895
2024-11-04,3830.894775390625,3857.7119575446695,3781.705876191511,3832.972644577269,2269192
2024-11-05,3837.8525390625,3852.009982633179,3808.6193975736255,3808.6193975736255,967590
2024-11-06,4000.4951171875,4010.3038294515763,3841.6215355786026,3869.018641595081,3792017
2024-11-07,4011.3671875,4064.42162678781,3947.7308802151356,4029.5355076485175,3724349
2024-11-08,4007.59814453125,4029.5834008100264,3979.2346535958754,4015.3292236622483,1648039
2024-11-11,4057.560546875,4091.9634724864604,3979.234766094126,3989.430410106948,1406487
2024-11-12,4056.303955078125,4076.2115787361386,4024.3651223274956,4074.2788089026935,1587640
2024-11-13,4010.8359375,4055.6761055431484,3992.184424537984,4037.653120303079,1098813
2024-11-14,4006.53466796875,4020.160788090361,3978.0749185870723,3996.0011679696254,1825432
2024-11-18,3884.3837890625,4071.3792519766916,3856.0686666127654,4071.3792519766916,3313944
2024-11-19,3903.760009765625,3993.247106272653,3879.1655622567805,3884.7704056996986,1776233
2024-11-21,3935.940673828125,3954.8816755354096,3888.7326790147745,3908.930028227587,2384347
2024-11-22,4101.91796875,4111.92014812561,3917.724888734434,3934.1534341484657,3096553
2024-11-25,4170.04736328125,4182.610366339302,4109.261850550811,4136.127160650989,4052167
2024-11-26,4206.3837890625,4219.816444946144,4165.118964633349,4175.797329148291,2060669
2024-11-27,4186.91015625,4230.252607658773,4178.695885685904,4212.423091731362,1558993
2024-11-28,4102.20703125,4194.062196061659,4090.7071456958633,4173.816244332727,2558544
2024-11-29,4127.28515625,4154.199070816993,4054.612821055958,4078.1443883814027,2017425
2024-12-02,4132.89013671875,4144.05216610549,4087.8565032973897,4126.463771120863,1670944
2024-12-03,4158.1123046875,4179.614367038159,4122.066339471409,4169.322463028103,2010905
2024-12-04,4208.02587890625,4239.481987267991,4144.872537850337,4168.548965451236,3302642
2024-12-05,4313.99072265625,4338.102216885899,4213.438553268549,4252.866872084178,3746747
2024-12-06,4296.0634765625,4314.907979496471,4264.414375481087,4303.311362306335,1842087
2024-12-09,4302.490234375,4319.160373110423,4267.120454336757,4281.5199661588285,2066639
2024-12-10,4283.54931640625,4342.740393143262,4263.787027783619,4277.364547251339,2087828
2024-12-11,4278.62109375,4299.108170890079,4258.858333430752,4282.873093015478,1635256
2024-12-12,4305.1962890625,4334.235964469825,4277.21925947457,4281.132929290767,1914642
2024-12-13,4323.50927734375,4343.8033600917015,4246.68167836936,4285.868868891336,1967048
2024-12-16,4266.78271484375,4324.572341973805,4249.194321264541,4309.110183879598,1646224
2024-12-17,4182.9970703125,4283.936162604462,4172.85002878812,4261.757440239835,3225027
2024-12-18,4201.69580078125,4215.37004987536,4145.40389216015,4166.761088345266,1575404
2024-12-19,4128.29931640625,4217.303454819382,4118.732200834144,4138.059897693995,3015763
2024-12-20,4030.114501953125,4234.698360944804,4012.913040580397,4183.4799645207795,4116989
2024-12-23,4018.51806640625,4075.245047731394,3976.5770568975017,4058.8646352330907,2195338
2024-12-24,4039.005615234375,4076.211433199807,4018.5180669842844,4018.5180669842844,1181886
2024-12-26,4028.955078125,4058.7681444226105,4003.877203107941,4039.005385956038,1208464
2024-12-27,4024.84814453125,4040.407035405857,4007.8396763428773,4023.060238137416,858100
2024-12-30,4019.001220703125,4058.1398080559024,3973.774597398072,4011.4636074414875,1527169
2024-12-31,3957.15283203125,4000.785250683389,3896.512181145006,3996.0014568066717,1555429
2025-01-01,3974.20947265625,3995.034876942136,3948.116846379581,3956.7659433990707,763161
2025-01-02,4035.3818359375,4042.388126618347,3959.2308928706593,3981.50587656409,1720835
2025-01-03,3962.081298828125,4039.440692055234,3954.7369152564975,4039.440692055234,1791953
2025-01-06,3957.345947265625,4010.1587847646483,3929.7072462762812,3967.4929881560497,2085593
2025-01-07,3892.88818359375,4001.171654478945,3876.7012371685046,3976.625573377766,2669054
2025-01-08,3970.29541015625,3987.3038778331784,3882.692718168748,3899.266123917583,2181277
2025-01-09,3903.08349609375,3998.6588621681626,3889.988934356237,3963.14421938291,2392472
2025-01-10,4122.25927734375,4152.555535561777,4029.824664485132,4058.816208833946,7894300
2025-01-13,4146.8544921875,4177.633946764794,4085.295583032913,4102.304052275712,4003771
2025-01-14,4090.75537109375,4168.887683847196,4077.2259826296945,4157.387798026273,3441709
2025-01-15,4106.74951171875,4113.36934289311,4066.0164811061386,4076.2116534172965,1653474
2025-01-16,4064.904541015625,4149.656683926709,4050.940562589214,4116.799597933809,2637705
2025-01-17,4058.99951171875,4094.7250599119097,4035.133463463163,4094.0359508349425,1761466
2025-01-20,4013.23583984375,4080.158948884836,4003.689468952198,4080.158948884836,1287799
2025-01-21,3971.9501953125,4045.9102438944124,3966.1927226695407,4030.458871168815,1971591
2025-01-22,4090.7880859375,4097.2341866812185,3980.1675861797344,3985.8758020500386,2409223
2025-01-23,4079.81494140625,4124.988106820918,4074.5000556101986,4102.007713181408,1822998
2025-01-24,4086.60595703125,4111.849744585292,4039.0213862561122,4039.0213862561122,1910099
2025-01-27,4000.785888671875,4090.542100180829,3977.0676110731124,4037.052534242388,1551782
2025-01-28,3976.329833984375,4037.052887627697,3964.519830412573,4006.3469263960387,2468272
2025-01-29,4034.88720703125,4042.8100387937484,3989.8125558722263,3989.8125558722263,1217089
2025-01-30,4035.13330078125,4064.5107788173946,3994.2413583605,4034.985771856494,1531251
2025-01-31,4047.287841796875,4063.0840087875113,4020.5678067148765,4044.92593735956,1492943
2025-02-01,4008.65966796875,4070.416146418094,3991.781300247632,4047.8788185203425,437172
2025-02-03,4004.230712890625,4012.4486029262193,3935.388283689166,3967.0784110116783,1265713
2025-02-04,4042.022705078125,4053.63616349098,4001.6721001506876,4019.0425508168632,2547132
2025-02-05,4026.325439453125,4084.2927757507155,4011.4644226409437,4084.2927757507155,1693912
2025-02-06,4018.107421875,4073.9588936015093,3987.401462566728,4040.3987061104212,2284536
2025-02-07,3965.602294921875,4025.242909445723,3944.5412178627034,4025.242909445723,1548940
2025-02-10,3973.03271484375,3987.8444754742677,3950.7906859718814,3976.0344720918165,1339511
2025-02-11,3900.794921875,3976.034436359499,3892.380246485599,3954.7763343520787,1810908
2025-02-12,3887.60693359375,3958.0733824566832,3877.765264214856,3908.225423162638,1678002
2025-02-13,3848.240234375,3921.3638855028084,3840.4654117195746,3905.174387520859,2277310
2025-02-14,3872.549072265625,3885.490770388256,3838.250761021833,3862.854932566845,1681975
2025-02-17,3842.6796875,3871.71261124984,3795.14437784778,3795.439675974837,1799806
2025-02-18,3811.87548828125,3862.2647894621036,3803.3132836340874,3836.6764480532574,2149879
2025-02-19,3724.186279296875,3813.5977032041283,3708.488624107545,3810.891244071504,4366672
2025-02-20,3719.560302734375,3728.024234223072,3691.905356883169,3701.943811253983,2888572
2025-02-21,3726.05615234375,3756.565328445878,3715.2303156623498,3716.312995440546,1833931
2025-02-24,3617.404052734375,3703.616931368376,3611.892621833515,3683.884336428401,2508516
2025-02-25,3572.0830078125,3600.0825079673364,3563.9143745152314,3567.6050003776913,4101954
2025-02-27,3555.352294921875,3580.3992952627914,3543.6898206785454,3554.5156569204064,3823856
2025-02-28,3428.099609375,3543.001103495299,3402.26522632868,3528.1893424937143,7085018
2025-03-03,3437.744140625,3467.465932107233,3421.1115763215325,3429.8215492496156,4990439
2025-03-04,3476.126953125,3494.7768689297923,3409.449641700051,3418.9960131405514,2797737
2025-03-05,3490.889404296875,3543.3455504299354,3465.104278437371,3465.104278437371,2501894
2025-03-06,3544.575439453125,3552.3010050962666,3480.1125104801763,3500.6815016302025,2786513
2025-03-07,3554.0234375,3567.6049886843603,3517.806047766746,3543.0008163486063,2051315
2025-03-10,3532.814697265625,3564.751106121065,3525.876512682056,3549.3980060199115,1004626
2025-03-11,3518.692138671875,3531.929136072837,3481.6381088995104,3501.666002409517,1995450
2025-03-12,3450.68603515625,3512.7378080263093,3431.642549263105,3508.5550985819973,3174167
2025-03-13,3455.45947265625,3468.4996849505683,3428.936220988117,3446.8480117071717,1693004
2025-03-17,3442.32080078125,3474.5522694033125,3422.293146886519,3433.758596103089,2690906
2025-03-18,3442.32080078125,3442.32080078125,3442.32080078125,3442.32080078125,0
2025-03-19,3441.73046875,3490.84030532552,3407.924236612897,3490.84030532552,3051244
2025-03-20,3506.734375,3522.2842608792944,3456.394331571365,3456.394331571365,2845192
2025-03-21,3521.447998046875,3558.993872552197,3410.138615525299,3419.980285411375,4161925
2025-03-24,3571.492431640625,3591.963151261163,3510.129769454268,3543.000847877303,1834751
2025-03-25,3599.83642578125,3651.2591455535335,3580.3991297907696,3587.2882979899273,3135390
2025-03-26,3578.23388671875,3622.2260969255326,3568.4414746014018,3589.9946325390874,1734499
2025-03-27,3593.390380859375,3605.0035991217837,3553.334833368605,3557.616055783924,2528474
2025-03-28,3549.053466796875,3602.9858624379135,3535.029088090658,3593.1934495717564,2051919
2025-04-01,3494.579833984375,3527.2541266111284,3469.1882802188134,3516.1329927216443,2618493
2025-04-02,3487.83837890625,3507.6694869120347,3474.1585545505054,3487.8876353082755,1764313
2025-04-03,3349.267578125,3446.5525748706787,3342.3784096429627,3435.72673868462,4537821
2025-04-04,3247.160400390625,3345.8231390019464,3243.3222453227836,3309.359945032038,5317367
2025-04-07,3222.211669921875,3239.2868213813013,3007.66328685901,3050.917373829733,6623955
2025-04-08,3240.8125,3295.9751054332087,3203.758710556288,3249.768515327564,5557558
2025-04-09,3195.196533203125,3218.225943847207,3161.193516842312,3208.9256141746023,2990265
2025-04-11,3180.33544921875,3246.7174609037224,3155.2391923859855,3237.466387828363,7108961
2025-04-15,3196.77099609375,3261.9227992555975,3187.323137665445,3261.9227992555975,3512160
2025-04-16,3221.965576171875,3226.1975418061343,3177.8748519424867,3196.770807962191,2384391
2025-04-17,3246.66845703125,3251.2942342038577,3167.0494419378383,3194.114034744952,2932346
2025-04-21,3269.0087890625,3300.895699711744,3232.102531239247,3238.0075324909676,2432946
2025-04-22,3261.922607421875,3281.113861561047,3242.8298660806427,3269.99296804921,2710498
2025-04-23,3358.961669921875,3366.736492414926,3284.460282754783,3311.7216581561997,3543923
2025-04-24,3347.7421875,3358.469510485716,3334.0621235706053,3347.25010405524,2252175
2025-04-25,3393.40771484375,3422.7359386245157,3351.0885351052693,3365.8510396652046,2742991
2025-04-28,3388.978515625,3403.05214950068,3351.088092261689,3380.6130974798534,1593296
2025-04-29,3417.51953125,3439.663286312095,3376.086009001543,3400.296610646148,1578332
2025-04-30,3399.017333984375,3454.32746830495,3312.7059408589703,3417.027637154589,2809332
2025-05-02,3376.6767578125,3436.2188574474917,3365.8509215152285,3417.027602193238,1721761
2025-05-05,3399.60791015625,3449.0130425075236,3391.832847162291,3395.375944257656,1284443
2025-05-06,3405.217529296875,3418.011699204638,3382.5816902292945,3405.217529296875,1324763
2025-05-07,3390.553466796875,3404.7253739778457,3366.4413778642383,3366.4413778642383,1477128
2025-05-08,3394.293212890625,3421.9483996043236,3374.4130890526376,3393.4075587678194,2543591
2025-05-09,3385.82958984375,3391.636078710749,3344.297792808673,3345.1834469493565,2531757
2025-05-12,3563.077880859375,3573.018063028258,3446.7493970179844,3449.505112495261,2228678
2025-05-13,3459.3466796875,3565.636705692123,3454.9179286039744,3563.077775622703,3062887
2025-05-14,3492.51318359375,3504.618485051228,3453.0482333329505,3465.251807319678,2119499
2025-05-15,3523.21923828125,3543.001090479818,3458.4612439031466,3507.5710795750197,3548330
2025-05-16,3504.91357421875,3536.997270491984,3489.9542856276926,3536.997270491984,1666727
2025-05-19,3463.08642578125,3493.7923840309495,3448.2254099532133,3493.7923840309495,2537377
2025-05-20,3442.911376953125,3501.666097309959,3438.6794109052826,3475.8809706180728,2038374
2025-05-21,3469.975830078125,3480.998451703358,3442.911239345345,3452.457610566972,1440153
2025-05-22,3421.948486328125,3442.4192069501996,3396.6554437594436,3439.663491434224,2034383
2025-05-23,3458.952880859375,3479.0297883369053,3410.7287055754973,3421.9481114702744,1274331
2025-05-26,3481.293701171875,3488.871738416089,3454.524408949068,3465.2517322885897,967470
2025-05-27,3443.304931640625,3483.951075577389,3427.952071065876,3476.0777398133723,2467680
2025-05-28,3442.32080078125,3473.1252753361427,3437.6952640263944,3464.2677725087055,1222933
2025-05-29,3442.714599609375,3476.5698475204663,3431.2981665619545,3449.2099574948593,3188072
2025-05-30,3408.563720703125,3451.1781977204464,3398.4269933317396,3434.7426576999464,3404365
2025-06-02,3395.17919921875,3405.217654074579,3364.4732383699834,3395.375984554132,1877585
2025-06-03,3351.28515625,3418.503805107925,3346.6596197695403,3391.439214740725,2848125
2025-06-04,3356.94482421875,3370.746482399833,3346.1221522041255,3364.9875293233777,2544807
2025-06-05,3347.214111328125,3384.8454732776427,3339.8663987058812,3384.8454732776427,3584683
2025-06-06,3360.221435546875,3366.873914676264,3334.9021140402438,3347.2144001409188,2070390
2025-06-09,3397.654296875,3409.668660230926,3366.873944962607,3375.9095645850753,1718678
2025-06-10,3438.36376953125,3461.1016586442274,3398.94510956099,3415.626122829056,2419874
2025-06-11,3447.300048828125,3464.278985186734,3424.6617902310286,3445.4136080819626,2847013
2025-06-12,3409.866943359375,3450.079980797376,3398.944883808313,3447.299771702225,4060134
2025-06-13,3421.28564453125,3426.0516828925206,3369.157630228437,3369.157630228437,2178493
2025-06-16,3471.527099609375,3484.1370655851665,3401.9236944953027,3415.625963412075,1934088
2025-06-17,3490.392578125,3495.0592280439255,3463.3853507540894,3485.13008250971,2111940
2025-06-18,3426.945068359375,3512.9315625297536,3418.704071793645,3494.16557511537,2696327
2025-06-19,3399.739501953125,3426.548195455676,3388.817441637271,3425.5552808815073,2672768
2025-06-20,3411.3564453125,3421.8814364277036,3386.732116175425,3400.7323081895083,2351248
2025-06-23,3369.554931640625,3400.732351710977,3346.122051172553,3390.8032061585363,3123421
2025-06-24,3366.37744140625,3417.711318302596,3358.0370560315137,3410.264459071302,3403048
2025-06-25,3420.39208984375,3425.555197020872,3375.909469527816,3383.157794223958,1757699
2025-06-26,3417.413330078125,3426.945164265374,3391.10109463089,3420.392073713661,2879106
2025-06-27,3416.718505859375,3441.8390511551324,3406.689971497181,3430.5199217495656,1778433
2025-06-30,3437.47021484375,3440.3495701102424,3405.6969488486607,3415.526706051579,1468351
2025-07-01,3405.399169921875,3460.307396022409,3389.314001814202,3430.5199578930915,2375183
2025-07-02,3399.04443359375,3465.172397295891,3395.7677670907174,3462.4915764882385,3090585
2025-07-03,3376.703857421875,3410.959409470928,3373.5265793371623,3405.6969138623963,2531870
2025-07-04,3395.5693359375,3402.718272445599,3366.0798213348503,3383.852895387978,1109320
2025-07-07,3387.526611328125,3401.8247266726726,3384.249944744325,3394.0799444957242,1639174
2025-07-08,3382.0654296875,3400.732271367233,3369.3560751984837,3380.873980731512,2325242
2025-07-09,3359.82421875,3389.810188927958,3343.1432062450012,3385.838530827281,2034938
2025-07-10,3358.036865234375,3374.916411866245,3332.2210880326916,3356.051036218861,3035012
2025-07-11,3242.85888671875,3311.369989959287,3237.9937024384426,3276.518592650877,7635550
2025-07-14,3199.865478515625,3248.8162113559215,3177.326368074251,3242.8587244157825,3924009
2025-07-15,3229.256103515625,3236.3056515140206,3183.2841104563845,3183.2841104563845,2590889
2025-07-16,3221.08642578125,3232.842384321887,3208.632873739526,3215.0089950915135,2540733
2025-07-17,3197.275146484375,3229.9533162828457,3192.194243099011,3212.1199267281463,2947640
2025-07-18,3178.046875,3216.802476353157,3175.157748110912,3213.0165477432356,3432645
2025-07-21,3146.464599609375,3185.718341629892,3140.287686436296,3178.1464846864797,3844346
2025-07-22,3147.859619140625,3168.283445003984,3142.8781981983425,3147.859619140625,3198036
2025-07-23,3167.287109375,3170.1762361812234,3145.866999671073,3147.859568015624,1922875
2025-07-24,3136.302734375,3161.9071902624382,3128.332460590057,3153.339291883696,2934778
2025-07-25,3124.14794921875,3145.169399267611,3113.9858993305074,3128.3322940864455,2568917
2025-07-28,3067.85791015625,3106.4140591000596,3058.4926929668136,3098.443785696339,3374473
2025-07-29,3044.64453125,3062.5776469445354,3029.8994763655814,3048.629668071008,4785312
2025-07-30,3042.25341796875,3057.5960967882907,3035.877053384358,3048.6295393197033,2880121
2025-07-31,3025.515869140625,3048.430405452322,3003.796825207198,3030.3975643658264,2968371
2025-08-01,2991.84130859375,3025.515761579588,2988.8524561376125,3018.64125499041,2053847
2025-08-04,3062.97607421875,3067.957495262713,2980.483936317478,2997.9189099713494,2519252
2025-08-05,3052.51513671875,3066.064699458969,3030.696609505827,3062.9761210710876,1927996
2025-08-06,3021.032470703125,3055.40427380999,3014.75583192388,3051.618345400808,1487081
2025-08-07,3035.677978515625,3040.2609831608825,2999.7120213520734,3004.793168100796,2543076
2025-08-08,3025.1171875,3048.4303832570085,3013.759645138969,3036.7739069952254,2762140
2025-08-11,3029.5009765625,3038.567016640599,3010.073435095005,3025.117180240026,1884215
2025-08-12,3024.120849609375,3084.8941835228848,3015.652434227984,3029.700138212843,3358232
2025-08-13,3024.91796875,3033.087450352522,3017.3463549468943,3024.8184862723915,2148166
2025-08-14,3011.06982421875,3044.544827820162,3007.881763385299,3022.726300858826,3342174
2025-08-18,3000.010986328125,3037.67057838676,2992.2399207869066,3035.179867843642,2945609
2025-08-19,3004.992431640625,3013.7597814697733,2999.911528031773,3000.0110105142285,2650784
2025-08-20,3087.086181640625,3091.868151000454,2999.7118666132724,2999.7118666132724,4952358
2025-08-21,3091.071533203125,3118.3696236696637,3071.6439908192406,3118.3696236696637,3230726
2025-08-22,3042.65185546875,3084.1968567150047,3038.666718788372,3074.5329489117757,1593791
2025-08-25,3128.93017578125,3140.2877180773667,3065.666130699425,3075.8281806328096,3448370
2025-08-26,3145.468505859375,3150.2507187850565,3108.4067813438887,3117.373339366996,5522097
2025-08-28,3082.204345703125,3134.808199509225,3075.0311481917124,3133.313773226287,3116051
2025-08-29,3073.23779296875,3103.425252579535,3065.7656615419933,3081.507000394383,2271789
2025-09-01,3101.0341796875,3119.4654366830314,3078.518060334719,3078.518060334719,1246862
2025-09-02,3099.938232421875,3143.2765943406766,3091.569542586104,3109.5026578628494,2185229
2025-09-03,3085.990234375,3130.2251544847713,3076.5255347054076,3118.2697443758125,1799774
2025-09-04,3084.197021484375,3106.414208311097,3079.3153260834893,3104.421639864457,1481391
2025-09-05,3036.97314453125,3091.868257451282,3017.3463946381216,3085.5918616420554,2802055
2025-09-08,3007.781982421875,3053.5113296442846,3004.7931298391436,3038.666792443431,2626187
2025-09-09,3038.06884765625,3048.6295571410296,3019.538108052908,3020.833326119296,2489301
2025-09-10,3098.44384765625,3111.0966082909868,3042.0540649039185,3045.0429174900823,2079428
2025-09-11,3112.591064453125,3127.336119333051,3098.5436031034214,3127.336119333051,2263446
2025-09-12,3121.7568359375,3137.0000329464906,3109.4030090679694,3132.3175458217547,1447167
2025-09-15,3100.336669921875,3122.3546477883615,3084.4958486128803,3122.3546477883615,1732539
2025-09-16,3134.01123046875,3138.2953012727335,3097.5473738607,3116.377048374956,2573429
2025-09-17,3161.010498046875,3170.5746802441777,3130.7233130051436,3140.287738435889,2418271
2025-09-18,3164.89599609375,3191.0983194206656,3149.652799058944,3173.1652036699406,2633138
2025-09-19,3157.423828125,3168.681888196503,3132.3175150101574,3158.220904129198,4901694
2025-09-22,3062.37841796875,3095.355278998739,3053.6110683753386,3083.499594330073,3634901
2025-09-23,3051.0205078125,3069.252556548476,3040.6592498638747,3058.592364705798,3177741
2025-09-24,3024.120849609375,3045.640684813108,3021.7298649127106,3038.666695675492,1625714
2025-09-25,2946.41064453125,3018.3425546653493,2940.03452327195,3010.7706978406754,4974361
2025-09-26,2888.32763671875,2943.820618304199,2880.5565712711505,2930.07184762513,3934636
2025-09-29,2885.338623046875,2918.4152081680195,2883.2463290392707,2905.164580331207,3110035
2025-09-30,2877.667236328125,2904.467427717032,2874.379692997371,2900.183356935398,2253458
2025-10-01,2903.371337890625,2913.932047598146,2855.9483563860495,2880.257593329001,1952902
2025-10-03,2891.116943359375,2913.134920868619,2880.3572688813597,2913.134920868619,2899519
2025-10-06,2977.295654296875,2982.476526807699,2884.840673623438,2891.2167953135195,2112774
2025-10-07,2962.650146484375,2993.335747140356,2944.517823489207,2983.87104765697,3062943
2025-10-08,3015.951416015625,3031.692754680041,2956.9714413047523,2963.9454305531126,4121889
2025-10-09,3050.3232421875,3054.6073128319636,3008.7782402976286,3022.726218895035,3211304
2025-10-10,3017.04736328125,3058.5923640088854,2995.726736367315,3038.666680855733,8817365
2025-10-13,2996.02587890625,3024.220771178156,2987.059320862895,3015.7523552483212,2866865
2025-10-14,2949.300048828125,3015.9513618688843,2944.5178362112756,3009.774448720779,3611416
2025-10-15,2969.800048828125,2979.699951171875,2951.0,2971.0,4282226
2025-10-16,2970.699951171875,2975.0,2943.10009765625,2969.89990234375,3251495
2025-10-17,2962.199951171875,2988.800048828125,2955.39990234375,2970.0,4373686
