Date,Close,High,Low,Open,Volume
,RELIANCE.NS,RELIANCE.NS,RELIANCE.NS,RELIANCE.NS,RELIANCE.NS
2018-03-26,398.0438537597656,399.4573823078872,394.24495708472136,394.8854783339088,13227705
2018-03-27,397.4695739746094,402.3065383113062,396.2327328598373,400.7384083677235,15179544
2018-03-28,389.916015625,395.72479051036765,388.7233462520352,395.70270458655745,19160609
2018-04-02,394.4436950683594,397.9775603530314,391.59455230442575,394.46578098920827,12494499
2018-04-03,397.3591613769531,398.30888554741597,391.0424105139204,393.5823801051813,13922126
2018-04-04,395.3050842285156,402.77033205135723,394.04615722501836,399.6340427596775,14214534
2018-04-05,401.1800842285156,401.97520682048633,399.1039488138866,399.81072772755044,8527915
2018-04-06,402.4169616699219,405.72993836820274,399.7665921061819,401.09177688805187,9664888
2018-04-09,404.6255798339844,405.9507939950901,403.1016218820848,403.1016218820848,7813897
2018-04-10,405.0893859863281,408.1152452510222,403.8083732394261,405.6857057796343,8455132
2018-04-11,411.1853332519531,412.0245982623731,404.6476941287281,407.1876635429491,13140816
2018-04-12,410.235595703125,413.7473455406373,408.2478038744319,410.7435718769946,10822592
2018-04-13,414.71917724609375,415.97810427358496,410.235617180111,412.0025204080658,12616816
2018-04-16,413.9240417480469,415.22717006588465,410.1472607826156,412.775544364944,8934275
2018-04-17,417.10455322265625,418.4076816978869,413.46028734351694,415.2272202173379,9599816
2018-04-18,414.34375,418.8493963511984,413.04062153665893,417.5462973750717,7360987
2018-04-19,416.2431640625,417.4358333225374,413.0185015426797,414.82960609806076,9802587
2018-04-20,409.8822326660156,416.0443820566165,406.92266003344923,414.34373651211394,7326696
2018-04-23,413.46026611328125,417.14870365051263,410.14728926039163,410.8098669386417,7674482
2018-04-24,428.5011901855469,430.996987890017,413.01851620279723,413.3719204500571,19921115
2018-04-25,428.699951171875,433.6914871196546,425.6299197816937,430.0913936410903,14079382
2018-04-26,430.8424072265625,436.43029332556137,425.0557183282294,429.8043393316107,34096999
2018-04-27,440.0966491699219,446.59008724744325,435.32594251849457,437.22539081014816,25518647
2018-04-30,425.5195007324219,438.46220422459254,424.06177097879834,433.7798710455857,19406069
2018-05-02,429.6717834472656,432.54301221606227,426.2925195096566,427.1538999351803,13381914
2018-05-03,424.76861572265625,431.96883346071934,423.7305477925111,431.96883346071934,8634812
2018-05-04,421.3892822265625,426.13787279245093,419.6444356393674,425.3206642967261,8302649
2018-05-07,428.92083740234375,429.91473336789875,422.44948540897167,423.5538109832315,7683268
2018-05-08,427.19805908203125,433.7798699024677,426.3587646029462,431.79207805255453,10792648
2018-05-09,431.438720703125,434.7958694969725,425.0557119640028,426.668043334819,9831044
2018-05-10,433.4043884277344,434.9283759705078,430.3564428293989,432.89641223828414,8781584
2018-05-11,436.9823913574219,437.8879140589123,431.9024824252109,433.4485262808182,8774740
2018-05-14,435.81182861328125,438.175110737556,431.4386980924482,438.175110737556,5642499
2018-05-15,432.43255615234375,441.7309939178403,431.4165743385117,434.2436605785683,10501479
2018-05-16,422.361083984375,430.2459934161951,420.7266963976513,430.2459934161951,18840763
2018-05-17,417.5904235839844,424.0617753975009,415.88974868277296,423.7746584228482,10353948
2018-05-18,412.510498046875,421.1905006057685,411.693289510136,417.70083674344704,11440117
2018-05-21,411.40618896484375,413.32772307835273,407.3201756052975,411.1411579111766,14491208
2018-05-22,409.37420654296875,412.57675342343515,408.6011698512121,412.20129278122664,11310073
2018-05-23,402.9691162109375,409.0429212216042,401.59973017681125,409.0429212216042,9991028
2018-05-24,404.559326171875,406.8342349064793,402.0414723172509,403.7421176445989,11632489
2018-05-25,406.7459716796875,407.89446923416017,403.9410003102246,404.62566396570486,17782410
2018-05-28,406.5692443847656,409.4846745771807,405.55326247622156,408.55703635744806,11369679
2018-05-29,405.2661437988281,409.9263913130622,403.91887306285525,407.0551624642299,17878384
2018-05-30,404.6697998046875,407.8060892478365,400.4733565988856,404.1176517445624,13105124
2018-05-31,406.98883056640625,407.40846301007747,403.9850572448226,406.8341996525835,37080158
2018-06-01,411.0528564453125,413.34985145410457,405.7078860574503,406.39257917029215,19174278
2018-06-04,415.6026306152344,416.9940731297958,411.052812926165,412.3117399143121,12250151
2018-06-05,418.6064758300781,421.85319524332306,415.6689593646043,416.46408214608897,17436812
2018-06-06,421.5881042480469,422.29485374254074,416.397765211798,418.319299374377,9164022
2018-06-07,429.0754699707031,431.1295198159939,421.61022147040285,421.80899478048633,14999572
2018-06-08,434.81793212890625,435.7897126334314,424.32679550483186,426.86676483056283,14289325
2018-06-11,434.0670166015625,441.7089521456387,432.4767712178357,436.0327226652633,15018718
2018-06-12,440.47210693359375,441.7310339831951,433.028944759509,434.39830141984623,16285583
2018-06-13,442.8353576660156,444.3372593399646,437.0928704964789,441.73103207621193,12962502
2018-06-14,445.2427978515625,446.9434432841325,436.1652187842908,440.6046069281636,11997529
2018-06-15,448.0036315917969,452.1117312323721,441.3997636694587,444.3814517460582,24705890
2018-06-18,448.5999755859375,450.7644549954616,444.82316483706717,445.6182875453367,12363932
2018-06-19,439.9862365722656,448.2686936502478,438.9260532867632,447.87111754638096,13881382
2018-06-20,450.23431396484375,451.84664512729813,439.45608994533615,439.9640661141688,15735681
2018-06-21,455.8442687988281,457.6332871443446,451.1398207943384,452.089544762501,22988909
2018-06-22,447.252685546875,454.6295898572643,445.46366690211465,454.2761856203562,35370008
2018-06-25,443.69671630859375,449.01957069756395,442.74699221982524,446.7667477845637,11369371
2018-06-26,432.43255615234375,444.3813927967452,430.7981685744807,444.3813927967452,17649122
2018-06-27,429.4979248046875,438.19148396923833,428.0971511995494,435.12316373157483,19595831
2018-06-28,420.20404052734375,430.67634407128054,418.13626009040524,427.78589223467634,18770484
2018-06-29,432.43280029296875,433.78910673648994,422.0049644642282,422.04943158143715,17425606
2018-07-02,427.1632995605469,432.38833426741104,425.5624536526587,432.38833426741104,14570004
2018-07-03,431.9214782714844,435.1009665716823,427.05217995376177,429.1199605111653,11084063
2018-07-04,440.281494140625,441.12639907146564,431.7880370826304,432.1437740285319,10938521
2018-07-05,428.8976135253906,448.41924371659167,426.27399400833025,443.3498434827821,40946479
2018-07-06,434.70074462890625,437.1242620655491,428.8976072959262,429.00877509721016,20039239
2018-07-09,443.39422607421875,444.6838020263214,437.3465206435237,438.9473960687222,11309207
2018-07-10,456.11224365234375,457.3573526750429,444.68386748326304,445.9067429463483,22846197
2018-07-11,461.9375915527344,462.871430694699,452.62146337592776,455.8009512965808,18953870
2018-07-12,481.3035583496094,488.7075411717945,463.62737458584877,464.405578823077,52736376
2018-07-13,489.0633544921875,493.15444841252713,480.2585972654157,480.480962557516,39301408
2018-07-16,478.5688171386719,493.1099814730018,477.16804344052815,489.0633546727231,14427529
2018-07-17,485.7503967285156,487.3512425641995,475.6338311509926,479.5025889207394,14150770
2018-07-18,485.83935546875,491.1977915562139,479.05791225075416,488.44074121459187,10241565
2018-07-19,491.3089904785156,495.82252193400575,483.0823357343073,486.1728896534325,11885426
2018-07-20,501.8924255371094,506.27252537011725,494.443946380736,495.11098278283094,17538801
2018-07-23,498.1793518066406,502.40384709097543,494.9776596865555,502.40384709097543,12779803
2018-07-24,494.02154541015625,501.0475281307351,492.4429033591059,498.9353103502395,9775749
2018-07-25,495.8891906738281,499.37997813581995,491.0199225689629,493.59907475330965,13014255
2018-07-26,493.88812255859375,498.71298302734516,492.62077999556044,493.6435534065623,14053674
2018-07-27,502.4260559082031,505.783412274329,494.55513877231033,497.8235609049751,14610585
2018-07-30,512.009033203125,514.6326526970478,501.60343010031596,502.4927725156618,30344461
2018-07-31,527.3950805664062,529.351693278489,510.1191586214534,511.83117248128076,30350826
2018-08-01,530.2188110351562,534.910240584873,527.1282571632015,529.351672516729,21227054
2018-08-02,519.54638671875,529.840851084874,518.4791758845154,529.840851084874,13668930
2018-08-03,523.3706665039062,526.2833517301588,520.0799810975606,522.5035280351705,14536058
2018-08-06,530.3299560546875,531.8418379748372,522.6591708754345,523.2594472476418,8785462
2018-08-07,526.5946655273438,534.2432477903697,523.3929140879111,531.3527661969772,8879612
2018-08-08,541.4916381835938,543.6261196358487,526.9504721584832,526.9504721584832,17307566
2018-08-09,541.6027221679688,547.717099235045,538.9568396284175,543.181334520756,14976885
2018-08-10,535.4882202148438,540.2908464147048,534.6433450872064,538.5121025668275,7833494
2018-08-13,528.151123046875,533.5984942787792,525.9277074291316,532.5312239105601,10211072
2018-08-14,538.3343505859375,541.2692399802731,526.6391413928889,529.1738266928132,11592139
2018-08-16,533.9763793945312,540.7356191605268,531.6195626479612,535.065912895792,13086024
2018-08-17,535.288330078125,540.4688988086857,533.6429870062055,537.6228839359978,8379864
2018-08-20,549.14013671875,549.9850119964649,537.0224606552896,537.1336581393147,16639535
2018-08-21,554.6097412109375,556.5218868378826,545.6271450345823,550.1851734905159,15923396
2018-08-23,564.5039672851562,566.5272509074617,550.6965407791934,554.2095025896118,17429373
2018-08-24,568.0836181640625,569.173092197335,560.3238985823036,562.6362479976997,14550512
2018-08-27,574.3092651367188,576.2436146238632,568.639558672343,568.9285652803909,12188510
2018-08-28,586.5380249023438,588.3167689804493,575.8656198023589,576.3102909797232,19018790
2018-08-29,575.5098266601562,590.984858666815,573.731141940907,585.3373565772522,24230135
2018-08-30,566.7274169921875,576.8217505776374,564.9486727350436,575.2430786861214,21545859
2018-08-31,552.1417236328125,564.748477898974,549.8960451590323,564.748477898974,33479841
2018-09-03,546.5831909179688,559.3678738414986,545.2046508263741,553.6314372432969,26686176
2018-09-04,552.2750854492188,557.9892580276016,546.5164457567754,549.2512029558178,19333815
2018-09-05,545.6270751953125,557.0332171292616,537.4004211508131,552.5196563733415,22584608
2018-09-06,560.9241943359375,562.8363397708051,544.8933530973064,547.0278341212693,24487897
2018-09-07,568.5728149414062,569.7956904493466,557.8559419711983,562.4806412778075,23389269
2018-09-10,558.4561767578125,567.86123827691,555.8992287180316,566.9718366519835,15440786
2018-09-11,550.3851318359375,564.0369511300889,548.8509867505704,559.8569237638675,23787332
2018-09-12,556.9666137695312,559.7236347017905,546.4498128904398,556.6552845469216,17642490
2018-09-14,557.2555541992188,567.2386890601483,554.8098034113691,560.0348380467377,17233514
2018-09-17,545.137939453125,556.1883445058162,543.2257940620204,556.1883445058162,14773803
2018-09-18,541.2469482421875,551.1412088051937,540.0018689028976,545.182436718355,16660044
2018-09-19,538.4010009765625,544.2930427848416,534.0653677334085,544.2930427848416,24642640
2018-09-21,541.4025268554688,550.2517196574046,526.2832931277133,542.0695335384364,41713856
2018-09-24,547.8728637695312,551.3636221768511,535.6217847889385,540.0464122011078,22098277
2018-09-25,547.2279663085938,553.6314093860151,531.3971974021459,549.4069144522583,21250513
2018-09-26,556.477294921875,557.6112359701971,545.6937530268974,550.9632542576836,13992341
2018-09-27,557.5223388671875,561.6356954516958,550.2962248448159,558.078207492442,23642923
2018-09-28,559.3900146484375,565.504450762396,554.6541184706492,560.2571530768485,24220992
2018-10-01,547.717041015625,559.2788465281445,535.3992945872926,559.2788465281445,16039441
2018-10-03,535.8884887695312,551.2301191999461,533.6428696596937,546.738821611623,16135428
2018-10-04,499.0464782714844,529.3516817175322,491.8203634047585,528.9514776332984,50774608
2018-10-05,466.40667724609375,495.9559090483925,461.64854708088967,488.9299261248213,47998260
2018-10-08,493.332275390625,496.7118653974098,456.0455284684863,466.9180653014089,53983473
2018-10-09,484.7276611328125,499.51339370697957,480.7922023836776,498.77965656282095,24042005
2018-10-10,490.0860290527344,496.2004351383276,482.17064553903367,486.43960708393985,20784941
2018-10-11,483.72711181640625,495.71132662023854,463.8052789913624,473.14364091100714,28926389
2018-10-12,500.9585876464844,502.0480617036656,489.99714639878323,491.3534231595213,19814528
2018-10-15,506.8285217285156,510.00801027090034,497.2233554127728,502.44836142287465,19406012
2018-10-16,517.5230712890625,519.1238874418267,506.9395416228051,509.6076872813694,16358598
2018-10-17,511.9644470214844,524.4377980235347,506.9394854374123,524.2821928213625,27967162
2018-10-19,489.7303161621094,494.04377497684607,475.9228902961787,489.1522436351969,55606079
2018-10-22,472.5433044433594,495.73355945369144,470.1864878290243,493.5990784285721,28798142
2018-10-23,469.0080871582031,473.45491775221717,464.0943221349092,468.1409486618189,23128845
2018-10-24,465.0281982421875,478.45765501227083,458.6469881150502,477.9907205459065,29869514
2018-10-25,458.380126953125,462.7602866268105,451.97668366649805,460.69250621023355,30833933
2018-10-26,464.650146484375,470.03084576750143,454.4669094942622,459.3139440027393,20085933
2018-10-29,483.72711181640625,486.41743181850205,465.1393222129333,465.1393222129333,16781215
2018-10-30,470.0308532714844,482.70433807824037,467.8518754425523,482.70433807824037,19263668
2018-10-31,471.92071533203125,473.96626203573976,465.58397319899746,470.9201755381668,35999348
2018-11-01,469.69732666015625,474.87789438563414,466.9180723860056,474.87789438563414,20552752
2018-11-02,477.9906921386719,480.70327547846847,472.76565718095645,474.47770064866603,36739798
2018-11-05,484.8388366699219,485.9060772219518,473.58832891195686,477.3459192459683,16585905
2018-11-06,490.9754333496094,494.48842452789165,485.4168658048848,486.4841062614549,18886485
2018-11-07,493.91033935546875,495.82248475692427,492.1316249894632,495.82248475692427,2808599
2018-11-09,486.23956298828125,495.28888863484895,482.482002474835,491.9315321822815,23712291
2018-11-12,480.2585754394531,488.61863138641775,477.8350580562082,488.12949307154554,12690610
2018-11-13,488.90765380859375,490.48626609578884,475.83393593368055,477.5904463674939,14899604
2018-11-14,488.24066162109375,494.7775063085712,482.70435680899146,491.397916165827,17034346
2018-11-15,487.75152587890625,490.48631311752206,483.149030554167,487.7959929987431,14943663
2018-11-16,501.3366394042969,502.4705806953958,487.86271559228567,488.2406861278763,24131016
2018-11-19,511.3865051269531,512.1424461971659,502.93751451466466,503.7823898284319,15987574
2018-11-20,505.783447265625,514.0101019045014,502.4927616626139,509.16306710824983,12511640
2018-11-21,494.888671875,509.38539806480344,492.28728602135544,505.82790977537366,16422494
2018-11-22,490.4195861816406,500.4249844525121,489.1967107672728,495.60015378690093,12670591
2018-11-26,493.4879150390625,496.93420575564187,487.99607751479056,493.15441165226196,13969873
2018-11-27,501.6923522949219,502.4927604495133,491.5757857200251,492.665259836989,14896607
2018-11-28,512.5648803710938,514.832762803635,500.8474680134141,503.58222551007844,17507771
2018-11-29,519.613037109375,524.682406529088,515.833213915895,516.2778850283892,27640198
2018-11-30,519.1906127929688,527.3950032870343,516.8560002063974,521.3028304362663,23443212
2018-12-03,514.2546997070312,522.4590910850749,510.71941526791136,522.4590910850749,12182825
2018-12-04,512.4092407226562,514.9439259920243,507.91794275776755,514.9439259920243,11358720
2018-12-05,513.6766357421875,515.2997748795739,506.62838854429,508.60726468647596,12729759
2018-12-06,499.6690673828125,510.9417493566612,497.26775387222006,510.9417493566612,12831451
2018-12-07,504.1825256347656,505.5832694653496,492.86531814773923,502.2481764151298,15779984
2018-12-10,484.8166198730469,495.5112593228649,481.63713166676786,493.5991137501297,20521072
2018-12-11,488.06280517578125,490.08611853621704,469.1415110006821,474.033013014826,29518062
2018-12-12,493.8214111328125,495.1554840289615,483.7048747236817,488.7075441891058,27572962
2018-12-13,492.2872314453125,501.6033590860705,486.95102928707627,501.6033590860705,20337275
2018-12-14,494.5774230957031,495.7780650549889,485.50586319262817,490.53079632057154,15795834
2018-12-17,502.44830322265625,503.826843329135,494.2661452465646,496.24499148080645,11077711
2018-12-18,505.3387451171875,506.494890161356,498.26823602633556,499.51337467331854,12841994
2018-12-19,505.5166015625,510.1857674825031,503.91572601692445,507.60661538435954,16118419
2018-12-20,501.8035583496094,503.60450641252686,496.33392442719014,498.49060945378,12609700
2018-12-21,489.2412414550781,503.04866911551187,487.37356291059245,500.26938486040035,18115814
2018-12-24,484.3274230957031,490.57523133467276,483.1712483333816,489.5524579275047,9065704
2018-12-26,488.4184875488281,489.1522246426674,473.8773251251652,482.8377161033165,15771193
2018-12-27,498.13482666015625,501.15870931046913,490.93097570261085,492.3539531107081,27294221
2018-12-28,500.5139465332031,504.82737590371954,498.57953776326934,500.4916832889124,16768547
2018-12-31,498.6017761230469,504.20481106054626,496.3561273100057,502.9152052782862,15799099
2019-01-01,498.49053955078125,501.29208648414647,493.64350536313725,500.38048095824377,9746670
2019-01-02,491.9981994628906,501.15869228234436,489.5968862076428,495.60012481927885,15628818
2019-01-03,485.9283142089844,495.6446470445033,484.74990584992383,492.48739248563277,16288287
2019-01-04,488.5519104003906,491.13109227912537,480.74772345630646,487.9960714293212,18516544
2019-01-07,491.2645263671875,497.3567000020006,489.59694997421326,492.2650662661068,12060290
2019-01-08,491.2200012207031,493.57681770532923,487.37347700167027,491.4201032399845,12304389
2019-01-09,493.9325866699219,496.7118706154236,488.5741504955051,494.4884553327521,12614237
2019-01-10,492.48736572265625,494.04377419977465,490.4862860716892,492.59853351611844,8925160
2019-01-11,488.2851257324219,495.2889048168985,484.082864218601,492.531854365571,14139060
2019-01-14,487.72930908203125,489.374622256868,483.10458003842365,486.92887121313214,8994060
2019-01-15,502.337158203125,503.38216520660575,491.3756866044057,491.3756866044057,22011407
2019-01-16,505.116455078125,509.16308183489446,502.6484408044837,504.7161916196349,13961606
2019-01-17,504.4716491699219,510.45262534337485,502.49277323994625,508.9184799903657,16379077
2019-01-18,526.6612548828125,529.1292687610969,504.82730823724705,510.8527506017523,56181172
2019-01-21,550.3851318359375,551.385671564419,528.5733895024965,530.952469104908,48206814
2019-01-22,549.251220703125,554.4985184377442,542.3363764530338,548.2284770466869,36207430
2019-01-23,545.31591796875,553.2757709571296,543.4037721917615,548.4286761416661,19313542
2019-01-24,554.7208862304688,557.2778345730263,542.5588029080949,544.7377510626503,28775487
2019-01-25,554.0761108398438,562.3916998081567,549.3624773520974,556.0549867456017,18703992
2019-01-28,546.7610473632812,558.5007230218457,543.5815592935013,556.0771759770403,18744303
2019-01-29,538.3564453125,547.6948357987028,534.2208851047477,547.405769882575,20405845
2019-01-30,531.70849609375,544.7377779138919,529.6629491926045,540.2909471494282,17164298
2019-01-31,545.6937866210938,546.8277277392239,534.0653095076366,534.5099806581494,22279301
2019-02-01,555.83251953125,558.0781978668495,545.649312834436,548.7398663456796,20187323
2019-02-04,574.0423583984375,576.7327078391552,552.3195499133491,554.5207017331047,25528059
2019-02-05,574.3314208984375,580.0456533746585,568.572780672687,574.5315526145657,20479210
2019-02-06,582.64697265625,585.9376579308329,575.5320560913038,576.42139839868,20586783
2019-02-07,573.8199462890625,587.5161717389462,571.907801280047,582.646875000576,20150710
2019-02-08,568.172607421875,578.311407759681,565.7490602967357,571.3298323524249,14230054
2019-02-11,557.300048828125,567.4166449072653,556.2995089683704,567.3721777883574,16457901
2019-02-12,558.7008056640625,565.7935190840021,556.5218574185877,556.5218574185877,13998153
2019-02-14,544.3819580078125,551.8526713645188,541.6249373017182,551.8526713645188,14496604
2019-02-15,553.3867797851562,555.810326626612,539.8461572542001,546.8499357176113,20994460
2019-02-18,542.558837890625,556.9666006579668,540.290955353684,555.8548632656433,21106139
2019-02-19,540.7800903320312,551.2746276536953,538.6011420504902,541.624965624784,13658461
2019-02-20,548.8955078125,551.4079890010752,542.0695974945315,544.2263417435522,13776558
2019-02-21,554.476318359375,559.3234126066798,546.6721309103161,549.6292834807225,23142949
2019-02-22,548.0061645507812,553.764804671846,545.1824135447996,553.4535348502544,19152470
2019-02-25,547.98388671875,552.7420462566317,542.8033192614208,549.6292293862924,17176522
2019-02-26,542.62548828125,549.0956619235902,536.2887753653348,537.8451245393707,22160532
2019-02-27,544.0706787109375,553.5869387145924,537.6227685570489,546.0940216134371,24308835
2019-02-28,547.4280395507812,551.3412646659417,545.4269598752707,548.6287111035471,24688859
2019-03-01,545.2046508789062,552.453028929686,543.5149003151358,550.0739489514001,17329606
2019-03-05,550.363037109375,551.319109914387,541.8917832299436,544.0262644494293,15577500
2019-03-06,562.4362182617188,566.1271083197254,549.2291261191059,551.3191403320105,26332276
2019-03-07,564.8597412109375,569.1064404556395,559.4790412913804,562.0804570063062,17738092
2019-03-08,563.4589233398438,566.7273454629021,561.1910410246052,562.991988931222,13211934
2019-03-11,579.9122314453125,583.4251930254334,563.8591274031988,564.7707329778415,21258869
2019-03-12,592.02978515625,593.2081933069102,584.4256715403995,585.6040796910597,24561597
2019-03-13,599.12255859375,604.7700011248371,590.5846347537425,594.5423268583403,24577591
2019-03-14,596.565673828125,605.6594672762811,594.1421266687281,600.2120965053618,22753310
2019-03-15,587.716552734375,604.2365355980963,583.0695895642144,598.0998939964757,34764353
2019-03-18,600.345458984375,603.8584800704158,590.9848634151969,591.874205781967,22104063
2019-03-19,612.129638671875,613.6637840318997,597.2549414208606,604.770062981689,21448030
2019-03-20,611.6404418945312,617.2212140144412,606.5488081067413,612.6854489247503,21639437
2019-03-22,596.6546630859375,614.0640472818532,594.4090435730079,610.3286900177551,25078643
2019-03-25,588.9614868164062,594.4755872811774,585.5151962891665,591.6963034908932,17394088
2019-03-26,607.9940185546875,609.9283678159212,591.4295129464958,591.5629142966276,20734876
2019-03-27,599.9896850585938,612.7521034470577,597.7662699100543,612.7521034470577,22079870
2019-03-28,604.7700805664062,609.1280366604836,597.12155742008,600.4344470864746,22930248
2019-04-01,618.9332885742188,625.5812716150122,605.9040658511692,609.2169554334296,22088854
2019-04-02,617.9772338867188,623.9360064078156,613.7082713893142,621.6681237916105,17526740
2019-04-03,611.529296875,623.8915126137143,610.1062896471476,619.3334843305834,17169813
2019-04-04,601.6795654296875,615.3091238561211,599.1003536850377,613.2191098091031,18320845
2019-04-05,602.0574951171875,606.504325853729,597.2104603007144,605.1925161296278,14717266
2019-04-08,591.0960083007812,603.6583552715974,588.6280535203862,602.9913484888758,19081843
2019-04-09,593.4083862304688,596.1876106976699,587.4273512674519,590.940372210303,20774977
2019-04-10,592.0521240234375,599.4339037627425,589.8731756730381,594.9648095724252,16651949
2019-04-11,598.9002685546875,601.6572893551589,590.9848837435666,592.7413646626808,12558520
2019-04-12,597.2549438476562,603.3915846813426,594.3867254762824,600.3232345801729,12948769
2019-04-15,595.943115234375,599.8563405148398,593.652969511252,598.0998002294208,9285737
2019-04-16,597.5439453125,604.7700001515543,595.8763393939673,598.0997545833641,17360317
2019-04-18,616.3096923828125,617.9994430523104,606.9935629801839,611.4403940056471,39286534
2019-04-22,598.25537109375,607.8827681827603,596.4543639707182,604.7699515465918,23607922
2019-04-23,606.4821166992188,610.5509471960839,598.5445280593867,599.4338704514936,19807450
2019-04-24,617.88818359375,620.2450000123143,607.5492530264631,609.3502602024813,16101112
2019-04-25,610.2841186523438,628.07150005961,605.9262223781365,617.7103647867747,30469914
2019-04-26,619.355712890625,620.7565162983317,609.5282413717472,611.4403870024071,15069884
2019-04-30,619.355712890625,620.9565886646793,607.7939642305762,620.9565886646793,22348580
2019-05-02,624.8030395507812,628.7384682810313,614.597510131298,618.9998732533446,18992003
2019-05-03,626.4928588867188,630.3394131790576,623.7358380847257,626.0926548076853,14240262
2019-05-06,615.8427124023438,623.8025642845884,612.8188295325302,621.668083175341,15832114
2019-05-07,597.4326782226562,620.3338935629833,595.9652041833085,620.2449593405163,19417647
2019-05-08,577.8445434570312,595.8764676788632,574.6205877698956,595.8764676788632,31958919
2019-05-09,558.7230834960938,573.1085830669476,556.633069435921,573.1085830669476,42670173
2019-05-10,556.3662109375,568.1725569326192,553.6313942112528,562.5250550135701,24557430
2019-05-13,547.8728637695312,560.6574888878597,545.8495205047966,554.9211109567997,17603659
2019-05-14,560.5018310546875,564.4595235931789,547.6282135242501,549.8516289609847,28438234
2019-05-15,558.9230346679688,568.3058920280824,556.1215472776911,566.0824770867141,24419559
2019-05-16,562.6807250976562,565.5934103188847,559.4567700569194,560.2794414070868,14451308
2019-05-17,563.5923461914062,567.8390450416779,556.7441724991771,563.414477718221,17276949
2019-05-20,589.6063232421875,594.8536213108704,579.6453918934102,584.1367489505126,26979100
2019-05-21,595.7874145507812,607.8828266181661,591.4517815790188,592.4078542813324,30343560
2019-05-22,596.0543212890625,604.6367138649781,593.6975043019173,598.3889343980982,24689918
2019-05-23,593.163818359375,618.9999268330204,589.2061260447321,610.1062655891104,38766006
2019-05-24,594.4756469726562,602.0130316473468,585.4263208404058,599.4338793034989,22269265
2019-05-27,582.8248901367188,594.7646975136477,581.2018106049238,594.5868290372126,16076686
2019-05-28,588.6502075195312,593.5639721575324,584.0255088138755,586.8937267895313,42594251
2019-05-29,583.8922119140625,592.8970714875246,579.9345192266695,587.4274372482987,15558515
2019-05-30,591.3184204101562,596.7657910486324,585.3151810856352,585.3151810856352,23494381
2019-05-31,591.4962768554688,596.7213117869429,587.071650070184,594.9425676489825,25724066
2019-06-03,604.8590698242188,607.994090978728,587.5163579234107,593.6529988664066,18556942
2019-06-04,601.0569458007812,611.1068116046075,599.4783333814987,603.6360980885171,15442761
2019-06-06,590.2510986328125,605.6149325640446,587.4718148138544,605.6149325640446,16764835
2019-06-07,584.7149047851562,590.2067431026675,580.5793434541921,589.6286704820499,14722419
2019-06-10,586.604736328125,590.0954943640182,582.5803728426142,587.3829406264767,11768468
2019-06-11,591.051513671875,593.4305934724914,586.0933410981103,587.8053547784031,11492074
2019-06-12,592.3855590820312,595.1648428048112,589.2060713267981,593.5195001916372,10297599
2019-06-13,590.2066040039062,593.5194930635028,581.9354832912998,591.4294793282596,15686169
2019-06-14,585.8932495117188,589.2061389915569,582.2690901931151,587.8275989083728,14942768
2019-06-17,570.2181396484375,586.9827186282585,568.5283297408919,586.9827186282585,14908257
2019-06-18,569.6400146484375,572.7305682182637,564.3482498157947,568.7061458574321,16797371
2019-06-19,568.0170288085938,578.9785022211198,561.457979106936,572.2637878895042,14492763
2019-06-20,576.643798828125,578.0890692931227,568.3060059684988,569.1953483758955,10748848
2019-06-21,568.9729614257812,576.3102730992397,567.2164806453644,576.288009856738,23236832
2019-06-24,561.368896484375,567.6166746435115,559.0120799905429,565.704529305375,11267228
2019-06-25,576.2435913085938,577.1996640751701,557.7447350271847,559.8125451650295,14966899
2019-06-26,575.4876098632812,580.1345720095973,572.0190560013318,574.0868659940008,11593027
2019-06-27,566.593994140625,576.7105312192405,565.1931907910755,575.0429845151868,24905533
2019-06-28,557.2333374023438,570.462690213797,555.2544617015469,567.9057420091402,18942165
2019-07-01,564.2371826171875,565.9269332128499,554.2762506837031,559.4345554498728,13478857
2019-07-02,568.5283813476562,569.6401188033373,561.7692004725765,566.5050975449429,10146746
2019-07-03,570.329345703125,572.0858861834106,566.9942519788366,570.48501032405,8806492
2019-07-04,570.9740600585938,574.0868770445999,569.1953159763973,569.8179149947877,9351405
2019-07-05,561.7913208007812,573.8645289266176,560.3016427013837,571.4631858784575,10926753
2019-07-08,556.7664184570312,563.9035985122777,555.0544047714505,559.4123009664904,14009219
2019-07-09,569.2398071289062,570.7517485679084,553.8537681265412,555.3879134410759,17535754
2019-07-10,568.6840209960938,573.3531874939108,564.1704597393002,569.2176264544378,12018196
2019-07-11,569.8845825195312,573.5532681405218,568.8840426899244,572.3081294799662,8608376
2019-07-12,569.4176635742188,578.0889883061415,568.3281302248172,570.5293414277248,15692436
2019-07-15,567.4612426757812,573.4199567186567,564.9042936968975,571.4188765384283,10659498
2019-07-16,574.9762573242188,575.8211919875307,567.8835437708728,569.1731496419003,10070773
2019-07-17,570.0180053710938,576.7549817270252,569.1953339807314,575.5543101387531,9482233
2019-07-18,561.124267578125,572.041270392655,559.4122540361689,570.0846580438583,11942908
2019-07-19,555.41015625,566.0602981891096,552.6086090736543,563.9480803959793,16336536
2019-07-22,569.4176635742188,571.1963481398286,545.7604464278837,556.2994493223404,29092589
2019-07-23,566.3271484375,575.3764145680664,560.4795147418307,571.418722404301,20316348
2019-07-24,559.9014892578125,568.6617495471938,557.433474995596,566.3049327715216,15189179
2019-07-25,547.628173828125,564.3260813225814,545.6270941432515,562.0804028036227,21805071
2019-07-26,539.7572631835938,552.5196824605647,538.0674533045859,547.6281806669657,20387504
2019-07-29,538.4898681640625,543.4036327227004,535.8884529209053,541.135750521582,17626045
2019-07-30,525.127197265625,542.5143760427064,522.9260450730362,539.824026146295,20853117
2019-07-31,518.612548828125,526.9503408040927,516.9004758223577,522.8370435528417,21229950
2019-08-01,524.8380737304688,528.3732981454567,511.54199181984575,517.3450982885482,22628222
2019-08-02,529.8225708007812,536.0407802154169,519.8689802518164,525.9529875749496,23766807
2019-08-05,511.48114013671875,522.0610071052761,504.61425742213294,522.0610071052761,30399133
2019-08-06,504.74847412109375,514.2771215118842,501.9301703949488,507.6339087573893,29067994
2019-08-07,496.29351806640625,509.3338769283476,493.4751843934342,503.9432766269725,25349369
2019-08-08,515.50732421875,518.0348268120429,489.9858131797809,495.8237534899631,31198568
2019-08-09,519.8690795898438,525.8636199974287,515.4850243130315,519.7572743547313,21970009
2019-08-13,570.2633666992188,582.8115915745617,548.4548982709383,551.653471251419,104827144
2019-08-14,576.302734375,583.5498281536987,572.7686257046664,583.3485548327749,31688983
2019-08-16,571.71728515625,577.8907613008839,569.4805236306593,577.6223570848148,21977767
2019-08-19,578.2485961914062,580.1274853073897,572.6119288434555,573.0816660537041,16317602
2019-08-20,570.8001708984375,578.2485964535656,569.3015509257864,576.9960435256826,14969299
2019-08-21,568.5634155273438,572.0080555654605,566.5727211691215,570.6659748321008,10677848
2019-08-22,557.737548828125,568.5858220652894,554.2258371735678,568.5634849082636,14031953
2019-08-23,570.7554931640625,574.4014068120105,548.6786185198689,554.2705523888193,21307915
2019-08-26,566.7069702148438,578.874926990228,563.2175958540626,578.874926990228,19202504
2019-08-27,570.3080444335938,574.8486379698815,564.2016404304748,574.8486379698815,28401906
2019-08-28,565.1412353515625,573.0593990833148,561.8979279657484,569.8160916975007,11605488
2019-08-29,555.5006713867188,563.7767057901501,552.6152368804542,562.0767529347145,18890222
2019-08-30,558.5426635742188,561.1596939883926,546.2181094841907,557.1782457593526,24735240
2019-09-03,539.686767578125,556.0599009833398,536.8236700987924,555.724365883025,18730619
2019-09-04,537.3381958007812,539.1723510117648,530.5831771530227,537.0697915833224,32949395
2019-09-05,536.1974487304688,542.728797205738,533.8264850813998,539.865759157337,22995486
2019-09-06,546.88916015625,549.796991849655,534.6988072637425,538.1657845260604,23186819
2019-09-09,546.7550048828125,551.5864004741132,542.7064848250591,546.0615974259554,11747929
2019-09-11,552.212646484375,554.7178119472804,546.8891176163188,546.8891176163188,12127900
2019-09-12,541.4537963867188,554.9190983976177,539.3736340317583,552.4810637858907,11880005
2019-09-13,548.2760009765625,549.5732880390341,539.9104972253901,542.1919928188903,12947715
2019-09-16,541.6327514648438,545.3681328630463,530.6054836798681,531.9028303810459,20547730
2019-09-17,535.6829223632812,541.7445926965229,533.9158982485218,541.7445926965229,15640772
2019-09-18,539.3737182617188,544.1156458544061,535.571205489745,539.0381831060973,14933909
2019-09-19,527.4515991210938,541.1629674653879,524.588561489294,540.3353580517022,13766222
2019-09-20,561.1373901367188,568.09374218297,525.3268067417363,531.4331523287888,48165560
2019-09-23,554.3599853515625,573.0593493887246,552.4810961684015,569.994978423035,21610844
2019-09-24,572.0304565429688,581.0222372021885,555.9481217276539,556.328390918286,34958974
2019-09-25,572.4107055664062,579.32232332458,567.6240441545225,574.4014000766002,18192270
2019-09-26,580.1275634765625,581.0222442594841,574.1777570950776,577.980269872532,18350457
2019-09-27,585.6075439453125,588.2693084591403,574.4013403478185,578.203852549714,19058663
2019-09-30,595.9861450195312,597.5518958958941,584.0417998862946,586.0325539376727,25263770
2019-10-01,583.7510375976562,600.3478410067997,578.561710792839,598.1110797172258,17920384
2019-10-03,586.5023193359375,588.1351414776207,573.1935556971858,575.296115069358,13524851
2019-10-04,585.1826171875,594.3533936469322,583.2813907007979,590.4614128720777,14992253
2019-10-07,586.0773315429688,590.8639928687065,582.3195530503269,585.1825910935223,10061584
2019-10-09,592.6310424804688,594.9573319134045,578.2039269700573,585.4510800476256,17588647
2019-10-10,609.63037109375,612.4262776818766,590.9533471790431,592.7427680084465,35006390
2019-10-11,605.0897827148438,610.9053861013408,597.9097614777667,610.0553797608088,16597126
2019-10-14,607.5054321289062,610.6145367219722,604.3068594781264,610.6145367219722,13394275
2019-10-15,610.2567749023438,612.8738056514717,605.8503229501799,609.5186334301526,9672791
2019-10-16,613.925048828125,617.1906930560849,610.0554055497727,612.8290351255885,19403660
2019-10-17,624.7286987304688,625.8471095129097,613.7685597426588,615.1106407365833,16038940
2019-10-18,633.6085815429688,638.7755119795819,625.7128152032572,628.0837788207052,28121951
2019-10-22,632.6244506835938,642.7793159767306,627.7929955153656,637.4781832827847,27786502
2019-10-23,622.8944091796875,637.9031250769546,618.756421570499,633.586201337099,18446160
2019-10-24,642.600341796875,644.814766083547,620.2774614179121,626.7416786905978,22642488
2019-10-25,640.251708984375,644.8370366166074,631.327001295776,644.6804973751445,13539957
2019-10-27,641.6162109375,646.4252690742446,639.7149248380822,644.635847926269,3014841
2019-10-29,656.2894287109375,662.082635948356,645.1279577348761,646.6489747529108,25768505
2019-10-30,661.6799926757812,664.1180871998608,653.2697550954862,662.0825989955799,16341366
2019-10-31,655.0814819335938,666.3995507299683,653.8960001863959,663.8719882562208,19463741
2019-11-01,651.7486572265625,653.9406844204912,644.6357672850404,650.8987106569805,13904301
2019-11-04,652.0842895507812,658.0564327559093,646.470018638842,655.7749371618147,14063434
2019-11-05,647.4541625976562,657.1393502221374,644.6358585848789,654.5223792352792,12685356
2019-11-06,641.9069213867188,647.0738515591739,639.0438835228734,645.3962954434453,14625505
2019-11-07,652.5092163085938,654.4775136905121,640.6990736670325,641.9516862714436,14084039
2019-11-08,646.6489868164062,652.9790026282728,644.7700974590806,648.2147379016807,12019353
2019-11-11,638.730712890625,646.0896700523681,636.382086667725,643.7857778606185,11357841
2019-11-13,658.6380004882812,660.2484855944018,639.7149647351628,639.7149647351628,25225749
2019-11-14,654.36572265625,662.7982967967988,651.2566178185523,660.2931312586918,14258133
2019-11-15,657.9893188476562,665.1246062674503,654.5446787993037,655.6630893679287,15691605
2019-11-18,652.7776489257812,664.7666684900898,651.0776959332642,658.7945257246133,14076051
2019-11-19,675.391357421875,677.6952498210799,655.3723092919387,656.2669899955055,30176255
2019-11-20,692.3460693359375,703.4180720863752,690.3553748079881,695.6565075554682,43538120
2019-11-21,687.8501586914062,696.0814605906284,683.8016386613623,691.1605969563176,14897371
2019-11-22,691.8314819335938,702.12060743976,687.8500338208812,689.8631248921964,22352865
2019-11-25,698.564208984375,700.0180949160125,693.844619201281,693.9117501131308,15146156
2019-11-26,697.982666015625,705.1850244813896,696.0813800314871,701.4943771827839,35330983
2019-11-27,702.2772216796875,704.8047840125307,696.1260833946722,697.8484331714806,9642739
2019-11-28,706.9520263671875,708.6743162950987,699.637803805144,703.5297239376962,13747479
2019-11-29,693.9118041992188,707.6902457553092,692.4355212735608,707.6902457553092,18559594
2019-12-02,709.7257080078125,722.2291992065935,705.4758552570175,715.7649818734178,31225364
2019-12-03,706.3258056640625,713.0808241214206,703.5075017351681,712.5216785466492,12990426
2019-12-04,694.605224609375,705.6995644648412,686.1278557937455,703.6864730649567,20987607
2019-12-05,693.777587890625,706.7060824908307,690.7132168735769,704.1337858639256,19942460
2019-12-06,695.58935546875,701.4496933682179,689.4158793168318,694.7394087835282,13085234
2019-12-09,703.5075073242188,705.6548007454388,691.8315657510143,696.1485494736302,12642677
2019-12-10,698.7431640625,703.9548283487694,695.2537899519466,703.2614209575684,10173333
2019-12-11,698.9445190429688,704.3574567903268,693.6657236771422,695.9024851779124,12364641
2019-12-12,701.5391235351562,704.0666860237436,696.3721933363692,702.4562010874308,10326606
2019-12-13,708.115234375,711.2914703427954,703.4180412015133,706.8178876216022,12668303
2019-12-16,700.8233642578125,713.0360538117269,699.8168186594121,712.1861071903043,11892718
2019-12-17,699.07861328125,706.3704391201239,695.8800406479394,700.8903713025642,20324601
2019-12-18,704.9613647460938,706.8178569998239,698.7655517905632,699.212892125798,14742077
2019-12-19,720.2161865234375,722.4306110725166,703.1497024679876,703.9996492209058,20507816
2019-12-20,715.3623046875,723.6159423177721,714.0202240531031,722.4751946822872,21271510
2019-12-23,702.970703125,705.7218761773056,696.886695107476,697.9155779264252,25107772
2019-12-24,691.8092651367188,703.2614774131188,690.0421810600255,701.8523253630461,18048449
2019-12-26,677.9188842773438,694.7169615393198,675.57025796671,689.6618963804922,29761019
2019-12-27,689.97509765625,691.6973879397483,680.5583141243674,683.1082139531873,17677571
2019-12-30,690.8026733398438,692.3460274000547,683.5779176956529,691.5855488098815,17123749
2019-12-31,677.3150024414062,690.5790325109319,674.6309005193739,689.8184941634283,22203005
2020-01-01,675.32421875,683.1529137163456,673.490123328754,679.0819971118469,14004468
2020-01-02,686.8212280273438,689.3487905881979,676.397899264457,676.397899264457,17710316
2020-01-03,687.64892578125,689.6620173362833,681.3188499893047,685.7923735060406,20984698
2020-01-06,671.70068359375,683.5107670428088,670.13493269889,679.9767186772816,24519177
2020-01-07,682.0346069335938,686.4633961016671,677.0689495898322,679.5293813804267,16683622
2020-01-08,676.912353515625,686.440941615489,675.5032015883575,677.7399630034671,16047902
2020-01-09,692.5025634765625,693.3972440896104,685.0094043047601,688.2974451452224,14982742
2020-01-10,692.3460693359375,696.9537946408119,688.7672268918529,694.2472957890357,12478359
2020-01-13,690.5789794921875,697.2892636445985,688.2080160085029,691.182918802657,18282382
2020-01-14,684.1818237304688,693.3972733335526,680.8043146862556,688.9237506296278,15816535
2020-01-15,681.6990966796875,688.879119007135,679.1939307600682,687.0673605574593,15817859
2020-01-16,687.9843139648438,690.4224084594933,683.55552505049,684.0029251254354,12847975
2020-01-17,707.2652587890625,709.0322829800654,694.8288390890643,694.9630411899628,29463471
2020-01-20,685.5015258789062,719.7911481994419,682.839761284159,719.7911481994419,32545850
2020-01-21,686.195068359375,691.5409357557022,680.8715381218071,683.8241043796257,18922720
2020-01-22,685.9488525390625,691.9433921150559,684.9423069375898,690.7131763493682,10322817
2020-01-23,683.0411376953125,689.796156393504,680.2899048582964,687.3580618125278,11247739
2020-01-24,680.670166015625,687.2909825261135,679.3280852091012,683.1082008428737,14628445
2020-01-27,673.9598388671875,681.9674704241261,673.2664314282462,677.6952802850295,13387750
2020-01-28,658.3919677734375,675.5032444510476,654.7460541997162,674.8769082130656,24532236
2020-01-29,662.0154418945312,668.5243925324733,654.9472262974796,659.4207487202938,24746565
2020-01-30,645.8660278320312,661.9483606637074,644.1884717288344,661.6352224321117,22402689
2020-01-31,631.5060424804688,650.115939458839,629.5153479649114,650.004074503463,34750310
2020-02-03,619.8076782226562,626.2719547408867,609.7646194987522,612.8289902103342,30712290
2020-02-04,638.1045532226562,640.8333893471847,625.3102596223829,626.2944084877797,25383901
2020-02-05,647.9909057617188,649.9145288544571,639.849132797698,641.9068982608502,18472100
2020-02-06,652.1513671875,656.267018049872,644.2332634474068,650.496207815146,15538577
2020-02-07,641.3478393554688,649.7133433335028,638.9544787429636,649.1094039600182,12209212
2020-02-10,642.2200927734375,646.6488813487252,630.9691553464403,638.8201869242226,15142476
2020-02-11,649.8922119140625,655.9090886918525,646.4475719077193,647.4988515504008,13999816
2020-02-12,657.7432861328125,659.7787743619559,650.8987994375913,651.4132707150139,13533565
2020-02-13,659.4654541015625,661.0759388268148,654.2985245799224,661.0759388268148,13565659
2020-02-14,665.4824829101562,671.6782959370149,650.0487633667867,660.8523610746443,21227841
2020-02-17,661.2997436523438,673.7808982963232,659.5327193324579,666.108801931165,13149130
2020-02-18,656.4458618164062,660.248373884015,651.9723392868693,660.248373884015,11127161
2020-02-19,672.7296142578125,673.9150960904617,659.8905874009041,661.7918138192991,14084409
2020-02-20,664.744384765625,674.6085086758875,663.7825731086709,669.6876451612479,16892268
2020-02-24,646.40283203125,660.7404777544862,643.9871345353313,657.4971707893623,21370214
2020-02-25,633.6309204101562,649.2882495489266,630.7678229370605,649.2882495489266,27745062
2020-02-26,622.7154541015625,631.8190982347916,620.6352917833475,630.7678186366056,29362748
2020-02-27,620.1432495117188,623.5207586374837,612.4263599498594,620.9260652375485,25054993
2020-02-28,594.3756713867188,607.0581581658521,592.7428492925397,606.1186837322065,39315769
2020-03-02,588.7838134765625,612.426378055896,582.0511321802886,606.2081680239584,29500495
2020-03-03,600.7280883789062,605.6713484615526,591.4007735026032,594.8454135797672,27398798
2020-03-04,599.3189086914062,605.6265863851147,585.0930684252744,604.8213738082619,22105261
2020-03-05,586.547119140625,607.4832471398267,584.2432264899035,604.9109502487335,30510390
2020-03-06,568.5857543945312,576.2579099445863,555.2099199542964,568.1384140570675,33734039
2020-03-09,498.41845703125,555.1651920392663,489.85165057435484,554.7401888514859,88187018
2020-03-11,516.0441284179688,527.1832005807552,495.6671803789598,495.6671803789598,59578576
2020-03-12,475.536376953125,492.5357890300457,469.13923040549446,485.37816384371683,55970485
2020-03-13,494.4593811035156,509.98250923399024,421.58557799627334,446.45838815033005,73297403
2020-03-16,454.37652587890625,483.0071128058158,449.5898351157526,474.44030673011787,38482258
2020-03-17,450.9319152832031,474.19426900063905,448.78462201274766,468.49050072051966,45445979
2020-03-18,433.261474609375,463.4130789981454,429.90633253193516,458.6711221665263,44730415
2020-03-19,410.53594970703125,432.5904563115507,399.128442171934,411.60959642106957,61404010
2020-03-20,455.3830871582031,462.9657149231966,416.03836966442924,420.2882223245293,63360475
2020-03-23,395.4825134277344,424.98544483853334,391.72473514239124,409.86489349215907,40670949
2020-03-24,422.0329284667969,433.9325104811008,400.73893016882965,416.03838849257653,45734887
2020-03-25,484.1478576660156,515.1494078462537,430.912866475202,431.15890365113535,73130298
2020-03-26,476.96783447265625,499.648645569476,466.2984692637249,490.2094960975014,45744488
2020-03-27,476.6994323730469,495.3540612398386,468.02079126607595,489.8516259919914,41657940
2020-03-30,460.9749755859375,480.81508630927294,456.30014975804846,465.51562917935905,30229866
2020-03-31,498.2395324707031,505.41952430798887,468.8260681247117,480.4348787671312,44292810
2020-04-01,483.3426513671875,503.093264271414,467.5734569491014,502.0419846435416,41597459
2020-04-03,482.0006103515625,507.49975757793965,472.53909292167856,507.49975757793965,41367807
2020-04-07,539.5525512695312,543.0865994063779,492.0883712024452,493.0278157060707,54373624
2020-04-08,533.3119506835938,549.7969487728319,518.929571501776,527.8766166035285,49880330
2020-04-09,545.7484130859375,551.4968858405396,533.6922622821191,543.0866484415843,33032857
2020-04-13,531.969970703125,543.534047096568,527.8766572382242,538.590786977077,23673784
2020-04-15,514.388916015625,552.9283884903713,511.32454531609477,535.50397581859,35321842
2020-04-16,522.5308227539062,531.2094648682425,512.2193584197375,514.3889890858135,37455706
2020-04-17,547.5601806640625,550.2443422338717,533.5356723756136,543.9813981126731,33269335
2020-04-20,556.4177856445312,562.3227974116861,537.7184224485133,548.4548889228998,36030932
2020-04-21,553.5323486328125,560.0860337092978,520.7190100428373,541.2972025264376,61371628
2020-04-22,610.0106201171875,619.5392672425052,581.5590002828025,590.506045286382,142683366
2020-04-23,613.2764282226562,619.964375961398,605.4029986108286,611.6883400063555,65464502
2020-04-24,633.8994140625,668.7705820869983,602.674159716329,603.993843697594,134986308
2020-04-27,639.6031494140625,659.8458688421625,636.5835122845931,641.5043758770541,58482901
2020-04-28,638.8873291015625,651.1000185601599,622.7825996528488,648.6619839341811,78453401
2020-04-29,638.3504638671875,650.294808910519,635.2413590168171,646.3804914740855,37494672
2020-04-30,655.8197021484375,668.7705945819996,643.3162098274911,650.4291011653437,71345899
2020-05-04,642.0411987304688,655.3722993617022,634.100638844068,644.1884921115068,53456868
2020-05-05,653.4262084960938,661.6351717003255,647.4093321949724,650.3171635725639,44903763
2020-05-06,653.4710693359375,664.2970042488814,646.6489200756587,654.9249553114857,40489094
2020-05-07,674.1387329101562,677.1360326646604,646.4252520396666,650.8987749292127,50026966
2020-05-08,698.6762084960938,706.7732491848819,687.6265418924293,691.1606506219432,84262770
2020-05-11,705.3864135742188,722.4752932861393,703.3733222103791,706.8179027396051,67085063
2020-05-12,661.7470703125,701.6062908611085,655.372320874391,700.0181429966896,100683202
2020-05-13,675.7871704101562,689.5833490177412,656.6169951579172,689.5833490177412,66430125
2020-05-14,648.4658203125,675.9001491489479,645.8014275181612,663.3909829522006,49266771
2020-05-15,659.0556030273438,662.3522442657764,639.0499950684349,652.1010439801705,62152260
2020-05-18,650.6334228515625,669.2616544401022,644.875632962838,663.842565100716,62796089
2020-05-19,636.2501831054688,660.0943806330317,633.6987303989603,657.9718729953,42315854
2020-05-20,647.44970703125,653.3881649537279,629.0698124523583,636.7469251931129,55320985
2020-05-21,650.8592529296875,659.981412669229,643.5208404585119,648.0367682176926,39167981
2020-05-22,646.4788208007812,658.4234659784153,644.1982807272651,655.6236168765307,37828973
2020-05-26,643.0918579101562,654.6752261523151,639.5919719683144,653.9752489639468,33216635
2020-05-27,652.8010864257812,656.61703698639,637.6501047337907,646.2303793438942,35667956
2020-05-28,664.8585815429688,668.2455271815335,654.359044090917,657.0685886567666,40126278
2020-05-29,661.3135986328125,664.7456963541632,656.007389810822,662.9393134152917,40022527
2020-06-01,686.5802001953125,694.7088927990874,666.5294410326688,668.3583998547684,39943702
2020-06-02,693.5122680664062,695.454167278361,686.7835281692161,689.1318561237848,22153960
2020-06-03,696.19921875,704.4859445214847,692.4509368094127,697.712053268636,25381289
2020-06-04,713.4275512695312,717.8080227909754,695.9057249087699,697.2604674305974,34202350
2020-06-05,714.2854614257812,730.6783035409757,710.6726957536978,720.2916470274907,33076685
2020-06-08,708.7760620117188,730.8590266524802,706.7439184964705,730.8590266524802,31414953
2020-06-09,694.1670532226562,714.8726404733965,692.29294201313,704.6214390965813,25857161
2020-06-10,709.9728393554688,713.3146329578219,695.4766830422209,696.8540015463917,22132647
2020-06-11,694.41552734375,708.0761923913428,691.3898578032909,707.1956066885294,20385805
2020-06-12,717.4918823242188,719.3885695925972,676.0355556331963,677.3903578499011,38548899
2020-06-15,729.1204223632812,734.7201801016447,704.9827364804711,706.7439674657269,53107403
2020-06-16,730.5429077148438,744.474543171046,715.9112353938917,741.9682427707079,51187003
2020-06-17,729.481689453125,738.5586972066078,723.4980791176175,726.2753520321108,41782053
2020-06-18,747.7936401367188,751.903138369504,725.078489739565,725.7107386138404,40471557
2020-06-19,794.5336303710938,807.8104393174129,750.5484335405904,754.1611393843139,105804173
2020-06-22,788.550048828125,814.7650268662464,783.5147529061562,800.8559685231744,60198705
2020-06-23,777.1473388671875,796.4981230069162,774.9796793150689,790.2886927800162,37962078
2020-06-24,780.2860107421875,800.5400194053335,772.9928093188526,783.9213532874984,51586221
2020-06-25,775.7926025390625,789.8371789860777,773.6023667469223,779.9021017250843,39679374
2020-06-26,786.5178833007812,791.1919028764127,775.3860969939733,780.7149415817722,30921913
2020-06-29,778.1635131835938,785.6599583746296,774.7314151012546,780.3763250508288,25621946
2020-06-30,769.560546875,786.2243018289918,765.6993848508981,784.4179786955026,30276420
2020-07-01,784.68896484375,789.8371415415186,771.3443662186169,776.7409392467646,28464103
2020-07-02,798.19775390625,801.4851428535685,786.7259244633,790.3307243392775,28789533
2020-07-03,810.689697265625,813.0022452904714,801.6664242784979,807.0168938963399,29434266
2020-07-06,839.6640625,842.4753051236336,812.5941809641026,818.4434654093601,47016185
2020-07-07,826.8092041015625,845.3545651080822,819.0329064848479,843.3821557977242,35189589
2020-07-08,815.2693481445312,832.023581564041,811.6418808428549,827.0811948455379,26204095
2020-07-09,827.1719360351562,832.0463193953086,809.9415548565688,820.257139626406,36418942
2020-07-10,851.5665283203125,854.5365059963065,827.1718851282859,829.0990184036513,43759967
2020-07-13,877.3894653320312,883.1480175589572,861.5193398778321,863.0383306607164,69608392
2020-07-14,869.2277221679688,880.4274760561808,855.7608159923657,876.9360759259316,67331128
2020-07-15,836.1271362304688,897.2496904821614,815.2693491404729,878.7269992664014,139669773
2020-07-16,835.855224609375,847.463061457531,821.8214999600007,837.4875551151266,60961724
2020-07-17,866.8245239257812,870.5879989548259,833.4066071401047,836.5806561826539,49726765
2020-07-20,870.5426025390625,876.0291396123432,861.3606541786958,869.5904298045907,36592938
2020-07-21,893.9623413085938,896.4335647635958,878.0696081666921,879.2031842537095,42173371
2020-07-22,908.67626953125,911.3968402873401,889.0426683207968,899.1541819328522,59771457
2020-07-23,933.0708618164062,943.0009721388485,902.9403320698102,908.6535486923683,58333751
2020-07-24,973.1314697265625,980.771759562493,933.0708309814001,933.161502678431,120597372
2020-07-27,977.6884765625,997.004667049382,964.8563920667285,987.9360577935167,80304827
2020-07-28,987.437255859375,994.8281988813131,975.1719293046234,977.688488793748,55114422
2020-07-29,950.6866455078125,989.7497164572247,938.806733983119,987.5279599955765,72663399
2020-07-30,956.2186279296875,970.2069578910127,939.5096669480745,951.7523266351848,72857444
2020-07-31,937.2877197265625,965.3551074174673,930.8036739652497,958.7803899595893,74958061
2020-08-03,910.9434204101562,932.7081063612384,908.2681255398212,930.1235431581412,46715383
2020-08-04,975.1492309570312,982.5855095976556,906.9758674005031,916.2032119273854,92041055
2020-08-05,964.1989135742188,995.7350350128565,960.5034420662862,983.4924363615606,74549993
2020-08-06,967.6676025390625,982.9029063632007,955.7423553761497,978.0511909769217,49322975
2020-08-07,973.2675170898438,978.41397565965,961.3649973579197,965.7178986420788,32984416
2020-08-10,961.2062377929688,981.6786719644749,955.8784359553779,979.0034370833714,26958997
2020-08-11,967.5315551757812,979.4114660011795,952.3642557487519,967.9849736113041,46828306
2020-08-12,964.7203369140625,972.6100942320181,955.2889807683499,961.727691023823,30264617
2020-08-13,962.203857421875,969.8441477839456,956.7399877786922,964.9017603707093,24830322
2020-08-14,958.4630126953125,978.0512181796919,947.331262509623,962.4304992398274,33224635
2020-08-17,948.2835083007812,954.4728113825545,938.6480809006554,954.4728113825545,30979066
2020-08-18,960.6168212890625,967.7583570068861,944.2026051100721,945.4041850307872,30547672
2020-08-19,966.5114135742188,976.6909912734272,961.8864371354927,970.7963711289713,34087543
2020-08-20,950.8680419921875,963.0426971858464,946.7644877423543,961.2742991196269,22537845
2020-08-21,943.9758911132812,962.1811736813316,941.7767425366628,960.3674398053548,25280895
2020-08-24,950.278564453125,954.2460509640609,938.8294034471639,948.3061551600297,32717218
2020-08-25,944.0891723632812,957.3293988551819,942.2301027513665,954.926179130093,19388008
2020-08-26,969.1185913085938,973.9476387792452,928.1737834196999,945.404164454041,59870421
2020-08-27,957.011962890625,974.8771650364313,953.6792384308745,973.9702681942395,28085062
2020-08-28,959.528564453125,967.1235185049004,955.0395957954092,961.2742345079785,27166900
2020-08-31,943.4544067382812,985.7595292256586,934.2270624878475,985.7595292256586,62076132
2020-09-01,946.4244384765625,962.3625085827924,935.1566206196067,952.2056589351107,38616258
2020-09-02,964.992431640625,969.4360647157956,945.4042254030269,948.5782147606872,26949439
2020-09-03,957.6922607421875,969.7761846883416,953.5660384214475,964.9018008480825,18586429
2020-09-04,941.8900146484375,950.8226158672919,939.6001945341707,944.746652794342,28475945
2020-09-07,944.338623046875,954.8128835439741,926.9268380792043,944.950776960414,21926473
2020-09-08,955.425048828125,961.7276915670202,943.3637335909106,948.578195976428,27397082
2020-09-09,980.0236206054688,982.948262646231,943.7944599093832,945.4041824088742,55310877
2020-09-10,1049.2398681640625,1063.2735913062183,986.3715829983507,989.8857107486725,140304404
2020-09-11,1051.84716796875,1060.0542764084548,1037.042733630043,1048.3331597240744,59470807
2020-09-14,1044.0482177734375,1070.0978626809967,1034.7301409572988,1054.2277957192978,44063445
2020-09-15,1051.4390869140625,1054.5677402462597,1037.5187024549093,1048.3104335818653,27178393
2020-09-16,1054.0235595703125,1074.3372576523657,1047.6755813917168,1051.9604186878269,33952295
2020-09-17,1042.3253173828125,1058.1727179671664,1039.1965435880918,1051.9606261705794,25828669
2020-09-18,1045.4764404296875,1051.7110790333331,1032.2588818564082,1049.3532551234189,33074915
2020-09-21,1022.8728637695312,1059.215300889657,1019.0185972834089,1042.8917579068893,33627381
2020-09-22,1002.6044921875,1032.462885418295,998.2515311852266,1032.462885418295,34792254
2020-09-23,1011.514404296875,1032.3495853551422,999.95196363165,1024.7546312020859,42988708
2020-09-24,989.0242919921875,1009.3379310241465,986.6890759494188,1001.1308828752752,29826318
2020-09-25,998.319580078125,1003.3526989604931,982.7215890510984,992.561027630643,28374935
2020-09-28,1004.9170532226562,1014.7792199657465,1000.7454952765087,1009.7914367963479,19666849
2020-09-29,1017.975830078125,1026.5682927534233,1004.9170066954657,1008.8845531281477,25842539
2020-09-30,1013.1241455078125,1027.928578554187,1008.8845241351473,1024.754589473698,24465159
2020-10-01,1008.9979248046875,1026.4776536649397,1003.8968020817645,1026.4776536649397,20783227
2020-10-05,1003.0806884765625,1019.8349246567832,1000.2694458305725,1017.4997684325708,18922799
2020-10-06,1002.2417602539062,1012.9200316663944,998.2968817912705,1008.9978810960307,18412175
2020-10-07,1023.6210327148438,1046.9727113511217,1006.6173319875696,1013.4187882912593,53170865
2020-10-08,1015.3458862304688,1028.3821018510423,1007.5695886566497,1024.301155767066,21077808
2020-10-09,1012.7160034179688,1021.5806008725526,1005.3023929613358,1013.4188289931045,18545499
2020-10-12,1014.3483276367188,1022.8274503983472,1009.4513365004996,1013.4188228288398,14226473
2020-10-13,1034.140625,1036.430445017385,1009.2698357927377,1011.4236482729492,23112012
2020-10-14,1037.2239990234375,1044.7056133384592,1028.608748631058,1033.3245163972065,26742011
2020-10-15,1000.4960327148438,1038.3575230267356,995.2815705789496,1038.3575230267356,20036197
2020-10-16,986.5757446289062,1012.285249528179,985.1474254749343,1004.3502763795697,21583600
2020-10-19,986.7570190429688,1010.5621766967382,977.2123240387696,993.0370533155368,31200385
2020-10-20,977.552490234375,994.3747895538761,975.8974318290545,988.0267509433463,18482288
2020-10-21,963.3600463867188,993.9213260213652,951.1853919731954,983.0389831777511,34082321
2020-10-22,955.35693359375,966.9421018379,948.1247264007278,964.6296137675083,30802210
2020-10-23,958.1229248046875,968.0757029274415,950.5733065108839,954.9262077062731,23422125
2020-10-26,920.0574340820312,953.0898801636919,915.2510540818878,953.0898801636919,37324416
2020-10-27,922.5059204101562,934.0003573150689,909.129685940206,922.6872638083931,36478896
2020-10-28,912.0543212890625,933.0255097674074,910.2179195551136,925.8159103792913,29924017
2020-10-29,919.0597534179688,925.9066057760115,902.781605556934,905.5021761803395,30655304
2020-10-30,931.5745239257812,936.3809035347286,916.7473024873174,922.0524364064571,34021563
2020-11-02,851.2944946289062,919.105110257612,842.9967150587656,919.105110257612,99366895
2020-11-03,839.0292358398438,865.6003029117848,832.0917710410919,856.9851117444604,88691623
2020-11-04,867.504638671875,874.6689020903103,832.953205081128,832.953205081128,80180117
2020-11-05,886.4581298828125,889.1560327894556,876.0292050636682,886.4354619573483,37205373
2020-11-06,920.0800170898438,924.9997362683603,896.955016187128,902.3282137896616,66674086
2020-11-09,929.8514404296875,938.1492199552745,923.1859913130511,935.0205666821017,35838510
2020-11-10,945.2000732421875,947.671296720315,925.5438649087239,941.7766770254419,36934242
2020-11-11,905.5928344726562,949.9384288213167,896.9323084725518,947.217858238175,56724780
2020-11-12,897.7938232421875,910.6939707303043,890.9923666961812,898.2473016530297,40046527
2020-11-13,905.2301025390625,923.4807196009718,898.5873814202945,898.7007210390979,45388670
2020-11-14,907.9053955078125,913.8000155522184,904.7540741586882,913.6186721505104,5226220
2020-11-17,903.8017578125,945.4041131541818,900.0609508176602,945.4041131541818,46542562
2020-11-18,901.05859375,909.8098520291383,888.7705994600573,903.8018324500739,30402290
2020-11-19,894.6878662109375,911.6008364153229,892.4433818817643,901.0585724391551,27796343
2020-11-20,861.292724609375,899.5169641211087,859.2522514859126,895.5267495451352,57471248
2020-11-23,884.50830078125,893.2594984083482,873.4218872864003,884.6443083205546,45327567
2020-11-24,890.5617065429688,895.0733434410346,876.0292271989675,890.5390386169317,30936268
2020-11-25,883.193359375,903.6657931642695,880.654192057057,897.7938413094128,32637879
2020-11-26,885.369873046875,890.9924179780169,875.1450197156285,885.5739443403047,25838637
2020-11-27,875.0316772460938,886.9569255742384,871.2228659099086,879.8833931064404,47336811
2020-12-01,886.4127807617188,891.5592393178523,875.1450229329691,879.8153351253683,19750687
2020-12-02,887.8864135742188,889.6321436054803,877.3894853981996,888.0450890461269,22188887
2020-12-03,890.5617065429688,898.2927286508155,888.1131507545629,894.1665064634373,27785372
2020-12-04,882.71728515625,892.8061306985533,879.6566356036066,892.8061306985533,18464552
2020-12-07,887.9090576171875,890.9923750186222,879.9286890581647,879.9286890581647,18242188
2020-12-08,904.028564453125,913.3239128258733,884.1909519390108,889.2467387240156,43403061
2020-12-09,919.08251953125,922.1885651259229,906.5225094998519,911.3742252800819,29175254
2020-12-10,910.0365600585938,919.7853272816659,907.3159891974719,916.6566737897788,16065507
2020-12-11,909.4924926757812,924.0929759507371,895.1866924423914,912.7571538037538,26944202
2020-12-14,902.9176635742188,913.6639990942831,900.6731791916262,910.4672819578382,17312747
2020-12-15,895.2320556640625,902.1921882018914,889.2240359631435,902.1921882018914,18551265
2020-12-16,896.2295532226562,904.5727289498443,891.3098338764274,901.4213476389596,18561011
2020-12-17,900.3330688476562,909.1296626703094,896.5015899774218,899.8343145472157,20252358
2020-12-18,903.031005859375,909.0843613071538,890.9924186751066,897.8392714360722,18466344
2020-12-21,879.5205688476562,916.8379694209409,841.2283275836958,911.3968279822237,44135540
2020-12-22,878.1603393554688,888.2265172786522,856.2822534289644,883.7375484737753,28140001
2020-12-23,881.4024047851562,884.8484691755272,870.8827482738318,875.1223699613015,19501410
2020-12-24,904.2100830078125,906.3185001238459,882.3319946655577,882.8307490429305,20776988
2020-12-28,908.3588256835938,915.0242747672096,904.7313581616152,909.9004843884214,17221499
2020-12-29,902.3508911132812,912.4397367118075,898.9501027379986,910.943413813905,18611939
2020-12-30,904.8220825195312,910.1272165991579,895.7761410801606,904.7087428928894,22043630
2020-12-31,900.1971435546875,912.2583993085362,897.1591616899547,903.9152831436563,18781189
2021-01-01,901.194580078125,905.5021450865967,898.7006887776097,901.4212593075945,10015175
2021-01-04,902.713623046875,906.3636985650919,892.3527025549105,904.6406964491767,24513534
2021-01-05,891.4912109375,899.4262438413816,886.9115106039434,892.80613046262,24123091
2021-01-06,867.9807739257812,891.4457932255564,863.854552119663,891.4004573776713,46401468
2021-01-07,866.5751342773438,881.9237776804218,863.854563591743,870.8146957594764,32325918
2021-01-08,876.800048828125,878.9311936650147,867.0059456976594,869.6811807226603,27540187
2021-01-11,860.2724609375,879.1125050229124,858.1186482532938,879.1125050229124,33307825
2021-01-12,887.3876953125,888.7252828199374,861.4740587259083,862.87970997784,41161546
2021-01-13,879.112548828125,895.5040980209848,869.8852636562669,890.3349713085404,26619458
2021-01-14,888.9973754882812,891.8540138996398,879.2259402439199,881.9238432057263,21553242
2021-01-15,878.5004272460938,894.9826476255291,870.6107298685408,888.9973558240713,20593268
2021-01-18,899.5850219726562,905.5023104311074,872.1071166758358,883.7829581350744,35100458
2021-01-19,914.298828125,920.9188817318542,904.4366615381475,904.4366615381475,32006615
2021-01-20,931.6652221679688,933.1615451092317,907.4973158868203,916.5659852036083,30924537
2021-01-21,951.93359375,961.2742782497206,940.8699070414725,944.0438963533106,39087742
2021-01-22,929.3526611328125,959.1657779947258,922.8005518130244,957.1933088409049,30532660
2021-01-25,880.110107421875,922.7099765082173,876.0292211149126,922.7099765082173,54207104
2021-01-27,859.2522583007812,872.8552326609131,856.0782689298538,872.8552326609131,42370131
2021-01-28,850.886474609375,872.0844035148573,847.9164965706553,852.5188051471522,34067814
2021-01-29,835.19775390625,867.4593698333902,829.7792200753853,858.9348503983574,43712383
2021-02-01,859.3883056640625,863.7865428347654,837.9409701152957,843.110096652801,34180952
2021-02-02,873.2179565429688,879.6566667876373,841.0923491274965,867.9808262438378,41470034
2021-02-03,875.4171142578125,885.0978176672972,861.5193971120666,874.3515418529886,30301696
2021-02-04,872.5377807617188,879.656648554206,863.7865225405493,872.4017132446297,25626981
2021-02-05,872.2883911132812,881.7651430554548,870.5880568440388,875.1450294447208,20248046
2021-02-08,884.8484497070312,892.8061507159327,874.691600163488,876.5052740367894,21183400
2021-02-09,886.9796142578125,902.1469161459931,885.233944002577,889.6095735403137,19604141
2021-02-10,895.209228515625,899.9476039938196,873.8979627772926,885.8912729558855,21234156
2021-02-11,932.11865234375,935.9728593397923,894.2798277886045,897.7938959649373,42539278
2021-02-12,925.7252197265625,942.2301071014969,913.8453084946966,932.0279220969353,30497029
2021-02-15,921.6443481445312,934.6578356915304,918.1982839074868,928.6498762091927,15791099
2021-02-16,933.8417358398438,942.8650096572084,922.7326530138156,924.8864658007502,21421660
2021-02-17,944.6107177734375,950.3692703869466,929.8061636594126,934.0683933136262,23742994
2021-02-18,937.5598754882812,956.0145057624479,933.6603325517267,945.4042372455169,18646877
2021-02-19,943.2730102539062,954.4500958860806,931.0303522839878,932.7080785090465,23403483
2021-02-22,910.5352783203125,947.6260001116775,904.5727145749872,943.1370313830363,23804335
2021-02-23,917.4954833984375,930.8490501461664,913.0291825324456,928.6272336757321,25644108
2021-02-24,934.5219116210938,936.4489852163127,918.7197882041789,920.46551838717,10807663
2021-02-25,972.3152465820312,975.7839784992644,939.9629033732783,941.3232186199032,34855693
2021-02-26,945.7669067382812,967.576928004242,938.9200542247918,959.9139702500598,37481215
2021-03-01,952.9764404296875,957.6468123803251,935.2019094636117,956.8305872083303,17680764
2021-03-02,954.9261474609375,965.8084897149365,947.263190026968,962.1810822756376,17150760
2021-03-03,998.5009155273438,1006.5720155428403,955.4703006523928,961.7503348817029,31924461
2021-03-04,986.598388671875,992.991762854271,978.368612759976,988.480126250495,21435754
2021-03-05,987.890625,1002.9672532884404,976.260120871694,977.5977682721734,25511666
2021-03-08,993.5132446289062,1012.0132094952947,983.0389843818929,983.2656636273797,19506841
2021-03-09,993.4905395507812,1003.8061245628406,973.3355758572837,997.5487577867862,15154484
2021-03-10,989.3642578125,1004.3955499162571,984.0591241137868,1000.7227465962088,11519358
2021-03-12,969.2546997070312,1000.4507422731192,963.0426687169551,995.2816157511662,16864952
2021-03-15,956.2411499023438,974.378367439583,943.3636702802955,970.3655452396614,16698099
2021-03-16,952.477783203125,963.9949488326658,950.165294900262,958.5537469717594,13873801
2021-03-17,931.9599609375,953.5659717866566,922.7779520359184,951.321487384943,19210236
2021-03-18,910.98876953125,945.3135252330827,907.3159659802869,939.9176595322679,20647480
2021-03-19,944.0439453125,950.3239804534788,899.0635826580283,902.7817223103584,41787429
2021-03-22,935.1566772460938,940.4164757744262,921.9165092187884,939.056220273136,18572478
2021-03-23,946.5377197265625,956.6038970524451,932.2546489163942,934.9525516306611,17421165
2021-03-24,928.3097534179688,943.0235744782575,925.181100240172,943.0235744782575,16822814
2021-03-25,902.9857177734375,931.3478510950881,900.0610755416413,931.3478510950881,22001648
2021-03-26,904.4366455078125,913.0745041101142,894.937285828174,912.3036747318539,20180202
2021-03-30,920.1480712890625,929.035337372419,903.0310289019577,910.4899757979094,20441701
2021-03-31,908.2681274414062,929.4887232737643,906.40905776399,915.0243084377211,16250796
2021-04-01,916.7699584960938,920.465429845356,908.2907755247039,915.0242884490825,11723312
2021-04-05,903.5071411132812,918.1982951252521,889.677488179083,918.1756272004715,14875099
2021-04-06,899.74365234375,909.1070043382359,892.8061280725167,908.6762538058488,14009194
2021-04-07,908.15478515625,928.1284651595439,903.8245518752842,906.8625335398098,24266353
2021-04-08,909.288330078125,916.8379481306634,903.6884533297169,911.850225266319,15369188
2021-04-09,898.7234497070312,909.7418004729616,897.7938848658578,906.1597285641935,14037885
2021-04-12,866.5751342773438,889.3600561933767,861.632747207554,888.2718159255257,20901482
2021-04-13,875.9385375976562,879.9287521472845,869.6131669055775,872.4017415275625,19411189
2021-04-15,881.6063232421875,889.1786089267097,867.4139245804644,873.4445516203328,19723716
2021-04-16,876.0745849609375,884.1456861292494,873.5126894782757,878.1150581636493,15656948
2021-04-19,862.2902221679688,868.9556716698464,856.985088064207,863.3331266419872,18478808
2021-04-20,862.0408325195312,870.1345408290238,857.1891171314771,866.2803940149797,17203668
2021-04-22,864.4213256835938,868.0714611843059,850.9544197704057,858.0052836359382,14490954
2021-04-23,863.491943359375,870.0893297378433,859.4110567489932,864.240104905144,11828857
2021-04-26,878.6817626953125,889.6321696188024,866.7338471259807,870.5880540621903,20846778
2021-04-27,901.716064453125,905.592879224886,878.8631384956852,879.6566357896455,19992524
2021-04-28,905.63818359375,910.4898988549594,897.8618863960234,905.8875907227454,17122437
2021-04-29,917.7675170898438,927.0401972486708,910.1725631547909,917.2460348994038,17412606
2021-04-30,904.36865234375,923.1860285256435,901.2173310194296,910.7166908105166,19828769
2021-05-03,888.2945556640625,897.340497401844,881.0623478526642,891.4458771331132,23640186
2021-05-04,869.04638671875,892.2621215061423,866.5072191354321,884.1910203527071,21849830
2021-05-05,870.6334228515625,878.976538945821,865.1695531457119,872.1070779189138,12393609
2021-05-06,875.5757446289062,877.3894784194164,864.5119984908221,871.4268548191382,14624666
2021-05-07,875.9158325195312,886.7528395578353,873.3086014127246,878.6364032493998,12288548
2021-05-10,873.3992919921875,882.7399763357812,871.0188000480982,879.2032403073009,13941237
2021-05-11,876.5507202148438,878.999216065306,866.0537312569095,868.3209436649042,13478264
2021-05-12,867.4819946289062,876.4372641804301,864.6934200952072,875.1676804843173,13177961
2021-05-14,878.4324340820312,880.563518938135,864.2400338075389,874.2381482108096,13291616
2021-05-17,888.8839721679688,890.2895633789483,875.3036666921718,878.4323799585411,11873078
2021-05-18,901.3986206054688,908.0414016691675,894.3930927948095,898.2472994692848,12064918
2021-05-19,905.5248413085938,914.32143492012,894.1664125157001,897.7938200130252,16317002
2021-05-20,900.2423706054688,911.8048706158811,898.2472934944823,905.9102510089941,11422532
2021-05-21,908.018798828125,911.2154560407943,900.5145161905418,903.2350870037179,10785605
2021-05-24,900.355712890625,911.3061190300916,898.700714595752,910.4898938764023,8551760
2021-05-25,890.153564453125,905.5022080454436,888.7252453359569,905.2301329831129,14780102
2021-05-26,893.2822265625,897.5671839561246,891.1284738713696,895.5267109206686,7480204
2021-05-27,896.025634765625,903.6885936278339,889.7455993861793,893.3957353971425,26819294
2021-05-28,949.8478393554688,954.472815743996,902.3282518740783,902.3282518740783,56469931
2021-05-31,979.5475463867188,993.7852821100847,945.4268620793822,953.1124880356037,59124142
2021-06-01,983.447021484375,998.4555855632798,973.290112651038,982.1320420491826,28013832
2021-06-02,998.1156005859375,1001.856407995626,978.0512481274061,978.0512481274061,24630162
2021-06-03,1001.9243774414062,1020.220331233519,995.7804103170117,1007.0707759680465,23974257
2021-06-04,993.2412109375,1005.007723278059,990.4072405064371,1004.2595618006808,14468646
2021-06-07,1009.9727783203125,1016.5928919877746,990.7473191357551,998.4556731308024,16336573
2021-06-08,1004.1688842773438,1009.8594330639162,996.7099374722953,1009.6100858849402,9674735
2021-06-09,986.2130126953125,1007.0708023507111,978.4819907883092,1006.1639653966724,11409161
2021-06-10,989.8404541015625,1011.1517216348074,987.3692305170946,994.5561020859403,14155653
2021-06-11,1007.0098876953125,1013.766875641892,991.9717457006176,993.24581569042,13762778
2021-06-14,1021.4564208984375,1027.530819009634,998.7740423359074,1007.8515792569079,20332436
2021-06-15,1023.7770385742188,1035.106825043558,1019.3634081270661,1028.7822100785202,15174215
2021-06-16,1006.3045043945312,1022.4346788679379,1003.6881840170562,1021.4564397057088,10797349
2021-06-17,1008.1473999023438,1016.9519142263862,991.8807422543711,1001.0264608448158,15745975
2021-06-18,1012.6974487304688,1016.9518504435479,993.9054594499104,1012.6292078814683,29369026
2021-06-21,1017.9755859375,1022.6394327555987,1001.0947014517697,1002.6189877915085,12186448
2021-06-22,1012.742919921875,1028.7821668704214,1009.8308290128952,1025.596992217332,12871913
2021-06-23,1003.4608154296875,1024.0500559302593,1001.7999870984139,1023.777092514532,16653951
2021-06-24,979.8683471679688,1007.669572262773,973.7257080355693,1004.1432535343797,91461975
2021-06-25,957.5499877929688,979.868355835384,946.9254774381874,979.868355835384,55355022
2021-06-28,949.1550903320312,967.5830690553377,946.8800342020979,965.535542609245,20277042
2021-06-29,949.97412109375,959.6203929887992,948.2906059997632,950.7476377872767,27144063
2021-06-30,960.3711547851562,965.8312654969786,951.4529057551116,953.8189497184267,19762858
2021-07-01,954.592529296875,966.0587979305755,953.2502184775107,963.715500911565,12534407
2021-07-02,968.7433471679688,970.4951632609226,952.317400936898,954.1602048328318,14086620
2021-07-05,978.3668823242188,979.8911687487861,969.8581385815543,972.1104477919255,11702287
2021-07-06,966.8095703125,977.775345876362,964.7165499262375,975.9780960314433,10070124
2021-07-07,960.09814453125,968.1518891821571,954.6152867923088,968.1518891821571,10454892
2021-07-08,952.1581420898438,963.2377120648708,946.880007204719,963.2377120648708,11185460
2021-07-09,942.4208984375,951.7486525291566,940.1003484340649,950.0650773140198,9037675
2021-07-12,948.2905883789062,956.2077909534229,943.9224517127791,946.3112426024383,8585292
2021-07-13,955.3887329101562,956.9130192420056,950.0877909959721,955.525214607773,6717133
2021-07-14,949.1550903320312,958.6420731903104,946.9937689554591,955.6844881859736,8532544
2021-07-15,947.4943237304688,953.2502049164673,945.7425076403309,953.2502049164673,9448356
2021-07-16,961.1673583984375,962.2366455584815,949.8830661097808,949.951306958421,8828185
2021-07-19,955.0475463867188,966.4455743808566,951.9989734743655,955.5252925444601,8354449
2021-07-20,952.7041015625,959.1653183707836,948.2450375383125,955.2976750301373,6741464
2021-07-22,964.9439697265625,966.4000152300578,954.683470529445,964.1704530749702,7972397
2021-07-23,958.1188354492188,971.2004383163171,956.4580071605648,971.2004383163171,9937030
2021-07-26,944.99169921875,965.0804452589716,942.3753787545852,959.1653356602167,12389668
2021-07-27,935.0496826171875,948.1085383406385,929.1345728588083,944.9689777697635,10824523
2021-07-28,927.0187377929688,936.414732655119,917.4179602018662,936.414732655119,12897848
2021-07-29,934.25341796875,943.8769425785124,929.7715466212894,934.5946824013536,13765738
2021-07-30,926.0859375,940.9420420087474,924.174832733627,936.4146770615433,11350608
2021-08-02,943.012451171875,946.1520117827725,928.7478263645152,934.7312372274596,10925104
2021-08-03,949.9512939453125,951.4300863540562,939.2357958963441,950.9750871922383,11817299
2021-08-04,957.2316284179688,961.8954756587327,949.6101358514545,952.9772263092809,13169800
2021-08-05,971.1094360351562,980.4598768953389,957.4590392491626,962.0318984025091,21252078
2021-08-06,950.5428466796875,976.8880266163,945.8561927770681,969.1528000617284,16620987
2021-08-09,945.128173828125,950.8841149123823,940.2822912594686,946.8799898333923,7494143
2021-08-10,950.0877685546875,961.4403616289129,943.5811181110125,947.3349664779623,11919198
2021-08-11,963.39697265625,964.6254885296094,947.9720727670094,954.1374592617027,9184963
2021-08-12,960.3029174804688,967.4466034758628,957.8003316249841,966.8550623942889,8137612
2021-08-13,976.2965087890625,978.2303606065249,959.5975996548036,963.3969420853272,12780901
2021-08-16,988.9685668945312,1002.3914332731313,968.3337742680684,977.9800453155041,21935444
2021-08-17,984.759765625,994.2922421974579,977.2975624086582,986.8528461084586,12658169
2021-08-18,988.5819091796875,995.0203194571639,979.4589373887336,989.1961972236583,10075860
2021-08-20,977.4795532226562,988.2860390419917,972.3606471777291,975.090702319037,9426282
2021-08-23,983.895263671875,989.1961455676026,970.2221199980743,989.1961455676026,9854395
2021-08-24,993.6098022460938,997.3863978639248,980.8239096504693,985.123805492856,11864472
2021-08-25,1002.20947265625,1010.1267354530132,991.9717199859176,994.3833180171741,13380559
2021-08-26,1014.8815307617188,1021.4564824929126,1003.3014677332652,1004.666525440298,18589616
2021-08-27,1013.4937744140625,1020.4782919319844,1008.3294342208058,1017.8619111430866,10480636
2021-08-30,1032.990966796875,1035.5391065503322,1017.7708505413503,1023.7770080256,14027062
2021-08-31,1027.4854736328125,1039.1337183154053,1020.2507393885751,1036.016904489164,26485463
2021-09-01,1031.5576171875,1043.296968181422,1029.6921267178896,1034.242238504605,11145486
2021-09-02,1043.9796142578125,1050.0767599227504,1026.052128476792,1026.052128476792,9956770
2021-09-03,1086.796142578125,1089.753727352986,1047.6651320377116,1051.0776557907193,30664428
2021-09-06,1103.67724609375,1128.4299004209945,1097.4889922462605,1097.944051619568,33641710
2021-09-07,1110.638916015625,1118.4195769224002,1097.4890117544835,1105.6792381399396,17349882
2021-09-08,1106.29345703125,1116.5995103115172,1095.054658449374,1115.6895119598441,14301651
2021-09-09,1103.67724609375,1109.2510915570197,1099.35460328716,1104.7237261918483,8963249
2021-09-13,1079.0838623046875,1107.0443192185294,1077.4913349676583,1107.0443192185294,16311160
2021-09-14,1077.67333984375,1089.2988378614205,1076.5584984650136,1080.6536720322044,8908356
2021-09-15,1082.155029296875,1090.0949179081745,1077.695905241629,1077.695905241629,9071075
2021-09-16,1104.860107421875,1108.750437452325,1077.013388880378,1083.6338341939222,13448882
2021-09-17,1087.7288818359375,1117.441211114052,1080.9264609621353,1112.9593400786748,34882133
2021-09-20,1089.4581298828125,1100.3783514488218,1078.3785593037167,1079.3340516110384,11779819
2021-09-21,1094.1673583984375,1099.5819747220887,1084.7485569386888,1094.3038400919852,9915736
2021-09-22,1105.90673828125,1111.1392587944545,1091.2325487612284,1095.6689260415033,10995912
2021-09-23,1132.9344482421875,1136.1649964932392,1112.731907489886,1113.596411926489,15748397
2021-09-24,1129.6583251953125,1140.009872555042,1124.7897556991463,1139.1453680882425,15192163
2021-09-27,1148.655029296875,1151.134928281977,1126.2912870102596,1131.6149158288965,15373834
2021-09-28,1159.3934326171875,1167.0603586138618,1143.354184437372,1153.0004562253168,18035258
2021-09-29,1150.2021484375,1169.38083570803,1146.653022546889,1169.38083570803,9719875
2021-09-30,1146.2889404296875,1153.273457399079,1137.6892697076169,1148.9053210131074,13590654
2021-10-01,1148.3138427734375,1155.6395643825463,1135.2550471541776,1138.4173546931033,8958928
2021-10-04,1163.0789794921875,1171.587662580675,1154.38820045178,1161.645680951927,10918552
2021-10-05,1187.2174072265625,1188.4914771861918,1159.0748554855732,1162.6012346483487,13533634
2021-10-06,1164.7625732421875,1192.1087413964174,1160.78125500237,1192.1087413964174,10258881
2021-10-07,1170.4730224609375,1182.4625914537355,1168.3344479778266,1180.7562090449592,6336665
2021-10-08,1215.4510498046875,1221.4344612360428,1174.6136499701672,1176.319912141792,15772493
2021-10-11,1206.987548828125,1237.6326239992216,1203.6660128198464,1229.1694349795048,14768666
2021-10-12,1213.881103515625,1220.797380462856,1201.8005463413256,1203.5069288032655,6682011
2021-10-13,1226.2344970703125,1237.4050535570852,1214.5633873865165,1218.9770173074653,9959762
2021-10-14,1228.7144775390625,1236.47251177523,1222.7083196035724,1228.6917305879201,8623469
2021-10-18,1231.9906005859375,1249.0079672854492,1211.3784935963072,1214.2450907648501,13594479
2021-10-19,1243.0245361328125,1251.8972908980181,1232.1725560059263,1239.3616754056989,8833409
2021-10-20,1228.7144775390625,1247.9842743668398,1224.6649184645307,1247.9842743668398,12710570
2021-10-21,1193.2689208984375,1241.2726844412653,1184.4871546113602,1240.9997210618956,20831669
2021-10-22,1195.4986572265625,1212.56163907253,1188.2639230760205,1192.1315066188683,11027475
2021-10-25,1183.8502197265625,1219.4322268467454,1169.3808726672285,1219.4322268467454,17198417
2021-10-26,1210.8096923828125,1214.3815653473446,1184.464511564794,1190.8119938799573,9750178
2021-10-27,1195.4986572265625,1217.976256032517,1192.1087596672705,1206.691962726344,9896298
2021-10-28,1182.39404296875,1200.298779292571,1178.7085560280439,1192.1313011797695,9886181
2021-10-29,1154.0242919921875,1181.2794715076984,1138.303621720808,1181.2794715076984,14233025
2021-11-01,1154.7296142578125,1163.0108284889366,1134.8455291099833,1154.0243384080532,15481114
2021-11-02,1137.8941650390625,1159.3707786875088,1135.3688922235076,1158.0057208153316,10569130
2021-11-03,1130.06787109375,1146.6302984409235,1119.7845647630193,1140.2828162204378,11989430
2021-11-04,1137.0067138671875,1139.7595760808606,1132.9799021702054,1134.3220924997154,1705656
2021-11-08,1138.41748046875,1146.630454409684,1117.691636338527,1146.357370619063,20337183
2021-11-09,1147.40380859375,1150.6798507830363,1131.637644937905,1139.805123815544,15682497
2021-11-10,1160.2349853515625,1163.9205925184515,1139.190689562383,1145.1286055338035,10253470
2021-11-11,1162.3511962890625,1169.6085579306034,1153.705909366423,1155.7534963250885,10722478
2021-11-12,1179.8917236328125,1182.4626105860948,1163.465776749054,1166.1503984605802,8712341
2021-11-15,1172.929931640625,1184.0322480185664,1169.3808058406628,1183.031141558392,4803269
2021-11-16,1145.6748046875,1171.6559135252794,1135.255016670807,1170.3136027722971,11337581
2021-11-17,1121.1497802734375,1137.0524279565616,1119.7847223766223,1137.0524279565616,10202029
2021-11-18,1125.381103515625,1132.5248489990865,1114.8020873378032,1119.3294522857677,8505625
2021-11-22,1075.53466796875,1114.3244768150466,1069.733232783756,1108.4548007788628,24124307
2021-11-23,1085.5904541015625,1092.597718814344,1050.6228528101806,1061.5658216102945,25326999
2021-11-24,1069.9154052734375,1096.5335515396243,1066.343532034508,1082.9287078531017,16820296
2021-11-25,1134.3221435546875,1138.4400635861748,1072.5315589664726,1079.7435455818988,42401936
2021-11-26,1097.7620849609375,1127.3378152568512,1092.7114193284249,1122.8786907081894,15763138
2021-11-29,1110.911865234375,1137.530130735484,1091.6193215192616,1109.819891228915,24325354
2021-11-30,1094.48583984375,1126.5642137673601,1086.9553960411952,1122.9695939867834,32172299
2021-12-01,1122.5147705078125,1125.699825172228,1103.4496957163708,1107.044315866843,10104610
2021-12-02,1129.7266845703125,1135.8010837797613,1120.057665060323,1123.7432731717324,12720411
2021-12-03,1095.78271484375,1136.8475802217874,1092.028866217897,1136.8020863205188,19222481
2021-12-06,1075.0113525390625,1103.404119692969,1072.5315739182363,1099.309066908383,10332254
2021-12-07,1083.7703857421875,1093.8488493527543,1073.8284038337267,1081.1768723394634,11235122
2021-12-08,1100.2645263671875,1106.4981533356588,1094.8954038300121,1102.994641711683,8744178
2021-12-09,1117.71435546875,1126.1093048249602,1103.404235637729,1107.9543482561612,13213547
2021-12-10,1118.851806640625,1122.0596079618992,1105.8383850496557,1110.343003210938,8364414
2021-12-13,1096.4197998046875,1125.7453143246432,1093.8489128488443,1125.4723509045855,12901733
2021-12-14,1082.996826171875,1094.758924705155,1079.925506579218,1082.9285853235253,12991523
2021-12-15,1079.8345947265625,1094.3039423247055,1074.3288697386265,1084.7486582787296,9366969
2021-12-16,1093.80322265625,1099.0813569765323,1077.7640971670983,1094.6222331236886,9761279
2021-12-17,1064.932861328125,1095.6689246022736,1055.6277943848347,1091.1415595298965,21049821
2021-12-20,1036.2216796875,1054.6495980178693,1022.4574879615027,1054.6495980178693,14325846
2021-12-21,1051.6466064453125,1067.4582657288427,1042.9786937245733,1051.6921003499008,12836561
2021-12-22,1076.6038818359375,1079.2430094666254,1056.5379426212896,1057.8573860824001,17658543
2021-12-23,1076.2171630859375,1082.9285964305648,1072.9411209146308,1080.1984810516549,9072401
2021-12-24,1079.652587890625,1088.3887407376528,1063.6133400712515,1078.3785179602155,7886494
2021-12-27,1078.4923095703125,1082.0186888381238,1068.413845410363,1074.5337382222722,4017223
2021-12-28,1091.3009033203125,1094.2357415301187,1079.7663934022717,1080.926608302519,6374613
2021-12-29,1093.1663818359375,1100.6740785888855,1083.884061988693,1087.9337410579972,15425312
2021-12-30,1073.4189453125,1094.2812707813944,1067.276305271878,1092.02896140955,29333171
2021-12-31,1077.5367431640625,1084.703115610681,1073.828388538488,1079.7435583793856,9477290
2022-01-03,1093.7806396484375,1095.6462506930534,1075.4437086416906,1076.1034905748938,5421611
2022-01-04,1118.465087890625,1119.7846517979926,1093.848914455948,1099.2636517956478,10847728
2022-01-05,1123.6976318359375,1127.0647821675334,1107.021469888781,1120.2396140596422,11643813
2022-01-06,1099.5364990234375,1116.5994791465537,1096.1238548571225,1115.3254092772324,14447422
2022-01-07,1108.4091796875,1118.4421482661342,1097.284116906681,1106.11137689842,13112115
2022-01-10,1109.3193359375,1117.9646215781718,1099.3318598320666,1115.6895654128748,9246731
2022-01-11,1117.3048095703125,1126.1319502273575,1107.9542483452858,1108.409307707792,16205164
2022-01-12,1147.130859375,1148.8827357783716,1121.604686652831,1124.471284081761,14800442
2022-01-13,1153.592041015625,1156.1856749337926,1141.3522552982324,1147.19918473575,11856712
2022-01-14,1155.2755126953125,1168.1523329319614,1149.2921017722908,1153.455515914101,19930176
2022-01-17,1161.304443359375,1167.105878804206,1154.3655399895374,1154.8205993720844,8036453
2022-01-18,1147.44921875,1165.8998821993202,1144.696356607209,1162.4418646639435,6215029
2022-01-19,1147.3582763671875,1156.6404758295853,1141.6250823732196,1151.1803655784236,9755485
2022-01-20,1127.26953125,1142.0574560089742,1117.054465620327,1137.5528377304774,16494486
2022-01-21,1127.4515380859375,1138.5538554378697,1115.6895591579548,1115.6895591579548,13338594
2022-01-24,1081.9730224609375,1139.6912967231897,1071.598729229798,1126.1545759538076,21868937
2022-01-25,1079.8572998046875,1086.8644436444313,1048.802657948011,1069.0734401117095,24510205
2022-01-27,1063.863525390625,1072.0537511885557,1051.5554999211186,1062.9080331478985,20020431
2022-01-28,1062.8397216796875,1081.0629157010064,1059.4499449788068,1076.103358864866,14667727
2022-01-31,1085.9317626953125,1094.9409997464795,1072.0993294430996,1073.91944662709,12143683
2022-02-01,1082.337158203125,1101.402112704543,1067.9587979070466,1095.6690383601324,13200509
2022-02-02,1084.5438232421875,1095.2138271372608,1080.6989871423398,1095.2138271372608,10017691
2022-02-03,1070.529541015625,1092.6886822523618,1068.0042683536662,1088.3887863228124,9572839
2022-02-04,1060.76953125,1068.5730594354839,1056.1284310635565,1065.183161923649,11061241
2022-02-07,1054.3084716796875,1072.372440138568,1048.802746440698,1065.6382591326399,10714467
2022-02-08,1072.031005859375,1073.8283759531457,1051.0776952115107,1060.4737500675897,12060849
2022-02-09,1084.5211181640625,1086.204633140618,1072.918368570495,1078.901658786714,11486225
2022-02-10,1083.406494140625,1090.0723137940836,1076.1490130370194,1090.0723137940836,12464491
2022-02-11,1081.29052734375,1084.9761347999724,1066.593591416207,1079.857228868873,15943370
2022-02-14,1064.068359375,1071.5305623649283,1052.4427424947037,1064.8418760134352,10719633
2022-02-15,1100.1964111328125,1102.9037798370225,1062.7716573911962,1069.824295697398,11212671
2022-02-16,1097.92138671875,1107.0443589837334,1090.186219274119,1105.6793011160346,10392840
2022-02-17,1111.82177734375,1117.0089242641513,1096.5789142269996,1101.1745201113265,12853252
2022-02-18,1103.1312255859375,1117.6915612787002,1101.1973736454247,1112.2314504381943,6775458
2022-02-21,1091.9833984375,1109.091873871227,1085.021748188729,1097.4890031023695,11107193
2022-02-22,1087.0238037109375,1090.1634849848142,1067.9815952626598,1070.5978559109342,13494914
2022-02-23,1080.2213134765625,1095.0092390254035,1077.468571284383,1092.5294602510214,7310110
2022-02-24,1026.3934326171875,1064.6828130643278,1020.7740927277775,1048.8027920240986,24846650
2022-02-25,1039.224853515625,1050.1450756675365,1035.7212210618118,1037.4729771115954,14570089
2022-02-28,1073.62353515625,1077.1726610969984,1020.5919703644313,1020.5919703644313,21297446
2022-03-02,1091.3690185546875,1092.4838597770897,1059.8139450476658,1062.2027357830907,21471786
2022-03-03,1082.155029296875,1098.7856965324477,1078.4011810031334,1092.0287696037128,10186748
2022-03-04,1058.1531982421875,1075.7848524224223,1055.787154408625,1070.643199306108,10805667
2022-03-07,1019.022216796875,1052.0333374144284,1011.0367133096933,1036.8358471079189,17983310
2022-03-08,1017.1793212890625,1021.9570232050447,991.92617525868,1006.2590402981642,21289374
2022-03-09,1071.143798828125,1077.01347494328,1016.565078233395,1017.406956117863,20414228
2022-03-10,1088.50244140625,1094.3038764083778,1073.8283721325647,1092.028820377732,17980493
2022-03-11,1091.64208984375,1097.0340801861346,1081.1313132856126,1081.1313132856126,12257423
2022-03-14,1100.605712890625,1103.1311056498985,1080.1984500463022,1086.06812572994,8340678
2022-03-15,1075.398193359375,1104.7464533796308,1065.1148867530296,1104.7464533796308,15925769
2022-03-16,1093.55322265625,1095.6235563592827,1081.6091471404573,1083.8387095081287,11149828
2022-03-17,1129.203369140625,1136.3469946247096,1098.8994972340938,1106.9304944761457,21422098
2022-03-21,1122.6966552734375,1130.249846191458,1109.7743416930666,1112.0493977484434,11999466
2022-03-22,1151.7037353515625,1153.4327442921551,1116.417558596963,1119.3750232146147,22557065
2022-03-23,1155.3665771484375,1167.0376894069477,1147.9954813767026,1147.9954813767026,15462187
2022-03-24,1173.3167724609375,1175.8194185614975,1142.0802732954487,1142.0802732954487,13168266
2022-03-25,1181.14306640625,1190.3115323247282,1172.5660212405173,1175.0686673806458,14222488
2022-03-28,1193.018798828125,1196.5678044575318,1176.8885634283017,1187.5813149251485,9891424
2022-03-29,1193.2918701171875,1200.321761515582,1186.3984604316122,1200.321761515582,8684065
2022-03-30,1216.2244873046875,1223.0724028520565,1190.8120505919683,1201.1863453712592,15811550
2022-03-31,1198.8428955078125,1214.7456618708436,1196.0446595036312,1212.584340487485,13223718
2022-04-01,1208.443603515625,1212.6752582349072,1193.0415116671982,1199.4116203413212,7922880
2022-04-04,1212.015625,1217.1572786813153,1201.9826544660282,1208.2617761125623,7929162
2022-04-05,1194.88427734375,1214.8366019261355,1192.4499926471442,1206.2823045318924,13149870
2022-04-06,1191.6993408203125,1198.72923220727,1177.1617516980632,1177.1617516980632,12257215
2022-04-07,1170.6776123046875,1185.7612463786218,1168.0157378896517,1180.8015690820077,15496499
2022-04-08,1190.15234375,1194.40674604813,1164.8308932448695,1164.8308932448695,15152495
2022-04-11,1187.672607421875,1200.5721761413577,1175.2962186354357,1183.031386405553,9254209
2022-04-12,1165.3084716796875,1184.2141946105721,1162.7375850997262,1177.1159431844708,13217742
2022-04-13,1161.0313720703125,1179.664132404293,1158.2330158892628,1171.4284128604863,10354235
2022-04-18,1157.4822998046875,1164.7397805103374,1147.4493300930017,1152.545489452205,9974224
2022-04-19,1201.595703125,1213.972089786732,1160.7584292751112,1163.920736701103,26141820
2022-04-20,1236.9273681640625,1244.0028730390352,1205.3722941596611,1209.0124078704498,25072240
2022-04-21,1265.888916015625,1269.0284764486553,1243.0927417436083,1251.692532864583,21708633
2022-04-22,1255.2872314453125,1274.9437261640837,1248.6440386176957,1255.3327253469529,15054154
2022-04-25,1226.257568359375,1255.1052787532617,1211.9929418363483,1247.8251704716654,17063215
2022-04-26,1262.9541015625,1271.7586153913803,1232.0360622414871,1233.0825422871724,12227666
2022-04-27,1264.1827392578125,1286.7740721528176,1253.5808548135026,1253.9449263825297,19338945
2022-04-28,1283.065673828125,1297.239310503393,1267.7089550364747,1278.5610555725848,25614076
2022-04-29,1269.5972900390625,1299.5825839676365,1263.7048672221586,1299.5825839676365,18214862
2022-05-02,1265.13818359375,1276.5362108883514,1254.9458650066724,1256.7432351242765,9467006
2022-05-04,1225.64306640625,1269.4835388914837,1217.7486714056079,1267.2084828840266,19247660
2022-05-05,1201.6412353515625,1242.18280014838,1197.591676403661,1239.2252151754037,17210669
2022-05-06,1192.42724609375,1209.8769247815503,1180.0963532492094,1188.582409796725,19649948
2022-05-09,1145.8568115234375,1181.711782557566,1140.715158224648,1171.6331985147315,18083752
2022-05-10,1125.9954833984375,1149.633416525882,1118.4195452683007,1135.2550569441219,19511677
2022-05-11,1114.4609375,1130.6821606199796,1102.0163098457965,1125.0854480941018,16643899
2022-05-12,1091.755859375,1107.8859741719987,1078.378486557952,1104.5416911448524,20490321
2022-05-13,1104.132080078125,1127.5196744148523,1099.0131741208802,1103.8591166926499,19308778
2022-05-16,1104.4052734375,1128.8848441001169,1099.6048242868326,1107.7040627563247,13437911
2022-05-17,1150.793701171875,1155.6851383517537,1106.5892723531913,1107.999824091496,16551828
2022-05-18,1154.979736328125,1169.3808421611643,1141.2839062872033,1155.5712773721964,17276788
2022-05-19,1128.361572265625,1143.2177387581737,1122.0824507846328,1130.2499303127915,14699118
2022-05-20,1194.15625,1203.2337272058603,1138.4400638194588,1143.2176453948912,21793091
2022-05-23,1186.1708984375,1207.3971730449673,1179.8461630484092,1197.364082975496,15252755
2022-05-24,1190.2432861328125,1200.3217504414995,1181.9848186867473,1186.2164738705715,13527818
2022-05-25,1188.4915771484375,1208.8306025401785,1183.7138745751004,1198.9568604081787,12714544
2022-05-26,1177.16162109375,1198.9111951609145,1159.3706180239299,1194.1334932703796,17882023
2022-05-27,1171.7015380859375,1185.3746228810087,1155.7761439362052,1179.8690179099194,16521973
2022-05-30,1212.5159912109375,1216.7020315446362,1180.392124401247,1189.8562993151577,13853398
2022-05-31,1197.887451171875,1218.8862574674567,1190.1750310186887,1201.8687694825662,70620653
2022-06-01,1198.274169921875,1208.1479107227306,1190.4024014083636,1198.638121118035,9776989
2022-06-02,1239.58935546875,1243.2977103658052,1198.501741229144,1198.501741229144,22126569
2022-06-03,1264.7059326171875,1281.9281427980586,1247.642951094485,1248.5530698496407,23939791
2022-06-06,1259.2684326171875,1280.4037178841604,1252.101940232276,1264.933385678996,11093152
2022-06-07,1261.6346435546875,1269.9840987331656,1252.2159612910536,1260.3378265980741,12358255
2022-06-08,1239.4754638671875,1265.388330609935,1235.9490850298985,1261.6344822845072,12479250
2022-06-09,1273.4649658203125,1275.3986973973456,1233.082627965682,1233.082627965682,17278305
2022-06-10,1235.016357421875,1269.4380277636071,1229.2149225576165,1261.2478021770742,18093057
2022-06-13,1211.6514892578125,1216.156107684235,1190.4479609930536,1205.7819334162448,17620803
2022-06-14,1195.8170166015625,1215.7238471836963,1189.151077141205,1205.804612494347,14714312
2022-06-15,1181.34765625,1200.0031636736535,1175.9330397958033,1191.0166743810375,11195535
2022-06-16,1164.830810546875,1209.8997420887063,1162.1006949883244,1193.4965424947006,17111475
2022-06-17,1178.4810791015625,1194.3382305909047,1163.0562400137392,1164.830742811065,24457187
2022-06-20,1157.118408203125,1190.8120593552974,1147.1308115234453,1185.3063342518615,12066797
2022-06-21,1175.796630859375,1180.0281654943678,1150.4069416324683,1164.830795221328,11720049
2022-06-22,1140.078125,1164.057262227865,1137.985044485591,1163.966274425617,10617206
2022-06-23,1121.581787109375,1148.905326422505,1112.5043100555831,1144.3779613702993,19446323
2022-06-24,1137.5528564453125,1142.5351607614082,1122.9696539988313,1128.429884986889,14240234
2022-06-27,1134.1856689453125,1157.9828298757552,1129.1350035879693,1157.9828298757552,15474529
2022-06-28,1150.1337890625,1152.9776391694047,1129.3853215361614,1129.3853215361614,13572847
2022-06-29,1173.999267578125,1181.6663139665932,1137.985067118919,1140.8061704616555,19205146
2022-06-30,1181.0521240234375,1190.2660842003577,1167.5610145751587,1173.931124222141,23112959
2022-07-01,1095.9874267578125,1179.3911062938287,1076.103462886294,1171.610445710058,81997149
2022-07-04,1098.2623291015625,1111.1391472548082,1076.6037450673573,1082.4506733389208,41857728
2022-07-05,1107.157958984375,1121.5590649917854,1099.8094906293034,1102.4941121326237,17647327
2022-07-06,1097.4207763671875,1111.1166075291421,1086.5687955560873,1101.1746251311279,23943726
2022-07-07,1086.6142578125,1107.1580039571165,1080.6535938667357,1103.813720771296,23301033
2022-07-08,1088.115966796875,1100.2192721805015,1084.0890337509463,1100.2192721805015,19010108
2022-07-11,1102.9036865234375,1105.1331283386687,1078.3785026593284,1081.336087585235,13847467
2022-07-12,1101.333740234375,1110.0927598985188,1093.8487904297283,1093.8487904297283,10778989
2022-07-13,1081.8138427734375,1107.4993634434227,1079.7436294761944,1104.4507905221294,14224132
2022-07-14,1090.73193359375,1107.4764556314449,1081.5407222618398,1086.5686402982146,16970315
2022-07-15,1092.847900390625,1098.8540583216684,1084.33921677306,1098.8540583216684,9603210
2022-07-18,1102.15283203125,1103.4040345430283,1088.525123257814,1101.584037969047,15160908
2022-07-19,1108.909912109375,1113.4145306244031,1092.1653876854057,1092.1653876854057,16439888
2022-07-20,1138.8951416015625,1156.8681226053911,1131.273708960185,1155.730654624441,23924246
2022-07-21,1131.2962646484375,1137.5300117770723,1122.651100250388,1134.7998965175696,16523230
2022-07-22,1138.9405517578125,1144.9467089844488,1135.254944336538,1137.5300002449842,10969995
2022-07-25,1101.3111572265625,1122.7195298133436,1093.3940142099802,1122.7195298133436,23110452
2022-07-26,1101.8116455078125,1112.003964591019,1097.193292295004,1101.629669898458,11303288
2022-07-27,1100.76513671875,1104.3141424256505,1092.938861823789,1101.1063409773997,8655086
2022-07-28,1118.010009765625,1122.9468197968529,1101.5840648849116,1108.409232735442,12496073
2022-07-29,1141.829833984375,1145.3107190485075,1121.149607208918,1126.0181765545474,15130683
2022-08-01,1171.587646484375,1177.4573222630406,1140.9880650198957,1146.2434528105707,15700044
2022-08-02,1176.0467529296875,1186.580275301345,1165.535977507085,1170.5184018297261,13917913
2022-08-03,1185.9205322265625,1187.5813002703721,1168.220637135406,1183.0311881851292,14250977
2022-08-04,1170.2454833984375,1191.1078085473182,1153.4555848310504,1187.5814291745087,14467127
2022-08-05,1153.00048828125,1173.3850064214535,1149.792686697798,1172.1110567812314,13942438
2022-08-08,1168.0841064453125,1175.546309977684,1151.6354129424305,1151.6354129424305,10165178
2022-08-10,1175.0687255859375,1178.4357560699364,1163.4886007618413,1172.5205854155333,10724688
2022-08-11,1178.981689453125,1187.5358669102814,1174.0220116644236,1184.4418001629217,8198226
2022-08-12,1198.046630859375,1201.845973401522,1174.9321182963517,1178.6176057306407,12650587
2022-08-16,1206.3734130859375,1209.1035287580976,1195.4531911057852,1204.052862906299,6607378
2022-08-17,1212.67529296875,1218.0216687174445,1208.3071564277768,1212.6070521185068,6595965
2022-08-18,1214.87451171875,1218.3894546289891,1205.24240897424,1214.2810405952932,7410035
2022-08-19,1193.213623046875,1215.0569809988342,1189.1507309375147,1209.7159828214287,9460724
2022-08-22,1189.904052734375,1201.1795211355932,1180.500282384016,1194.6517009933089,9471680
2022-08-23,1208.2552490234375,1211.1768414672938,1182.9424687305054,1184.1522321085429,9678484
2022-08-24,1205.0369873046875,1218.846089361482,1203.0284828486285,1205.1968562417935,10369622
2022-08-25,1201.5218505859375,1215.6046836675666,1197.2079256645413,1209.2366122809538,7871946
2022-08-26,1195.108154296875,1209.716117387308,1190.0867726380989,1201.9555917154182,10742038
2022-08-29,1185.8184814453125,1211.9985882371661,1176.8711343003506,1180.0437597555986,19838975
2022-08-30,1204.21533203125,1207.547826665914,1176.2092881324143,1193.2823008817281,23139054
2022-09-01,1168.81396484375,1189.150886984996,1164.385933490136,1178.9710757031155,19909939
2022-09-02,1155.1646728515625,1175.638520959865,1152.9734784565321,1168.8139049237643,12999345
2022-09-05,1173.1051025390625,1178.446101569222,1155.3929766209455,1155.3929766209455,11327815
2022-09-06,1185.4532470703125,1189.6302455363334,1174.1093147173583,1174.5658588505653,10899618
2022-09-07,1178.5601806640625,1184.563114237557,1173.1963605855797,1175.478839783805,7488501
2022-09-08,1180.226318359375,1185.978218827882,1173.6528558204227,1181.527366464761,7057077
2022-09-09,1172.8768310546875,1191.4561604892992,1170.4573041604863,1191.4561604892992,8314850
2022-09-12,1186.0010986328125,1192.369291715923,1173.4474025715353,1173.4474025715353,7435419
2022-09-13,1195.906982421875,1200.4491194045427,1187.3477160754526,1195.1081207827935,8888657
2022-09-14,1181.572998046875,1191.4561336808906,1174.451706778856,1175.4787801044877,8678219
2022-09-15,1169.8638916015625,1188.5116835520153,1167.1476896556205,1179.1307346574977,10365600
2022-09-16,1140.8763427734375,1165.4359048168926,1137.133067391258,1161.213264147553,20217708
2022-09-19,1142.35986328125,1151.6038847358493,1132.7277612467549,1140.8762459554318,7580254
2022-09-20,1142.54248046875,1158.4514907194557,1138.8220264150539,1151.4898271317024,8411448
2022-09-21,1145.6925048828125,1156.3060391967588,1138.9591731329301,1139.7580348153278,9207309
2022-09-22,1134.896240234375,1142.6110027498532,1128.5053470017444,1134.8505978968233,10308170
2022-09-23,1113.62353515625,1139.3927402184245,1112.0714541784876,1134.394179751921,9528051
2022-09-26,1085.252197265625,1103.7175409409906,1084.2479451217905,1092.8756748841324,12479523
2022-09-27,1093.8800048828125,1107.4607728213189,1077.3776445528867,1092.8528108642224,16154822
2022-09-28,1064.7554931640625,1085.5489575446488,1062.3132660155625,1077.491757249726,16997059
2022-09-29,1061.4915771484375,1080.7556609643932,1055.8766040342564,1077.3320028920632,14671827
2022-09-30,1085.434814453125,1096.5047707006538,1054.9636064469146,1054.9636064469146,18613024
2022-10-03,1081.6688232421875,1103.3294933419215,1078.7015883112226,1091.7117072217247,11852723
2022-10-04,1101.61767578125,1103.808870249341,1091.095426399377,1094.587668996287,8948850
2022-10-06,1105.680419921875,1118.4166846220046,1103.87730611944,1108.830344904405,13352162
2022-10-07,1110.359619140625,1115.6321543527151,1102.2795971833257,1102.2795971833257,7714340
2022-10-10,1098.2396240234375,1103.6262649687026,1090.1139598954956,1097.8743645838504,6329527
2022-10-11,1076.3734130859375,1101.9828714622417,1073.269250949044,1101.9828714622417,9215177
2022-10-12,1084.293701171875,1087.2381151547559,1069.6172735984808,1073.6801664299744,7417103
2022-10-13,1087.7401123046875,1092.8527780894253,1077.3776122421918,1082.5360411069073,7328492
2022-10-14,1082.216552734375,1103.0556611703817,1081.48615457156,1102.4393688537991,9106089
2022-10-17,1099.5863037109375,1101.982888862092,1069.845609321564,1075.0496814411536,16729355
2022-10-18,1118.9873046875,1124.3511243615108,1104.7902440911478,1105.634748048647,12415820
2022-10-19,1138.4569091796875,1153.9550179585947,1114.6277458530562,1120.4709308445554,19247142
2022-10-20,1141.5155029296875,1149.9150215278255,1134.3942113183082,1134.3942113183082,8717053
2022-10-21,1128.2769775390625,1148.9106943491454,1126.177188586748,1144.7565172867282,8243452
2022-10-24,1132.0430908203125,1142.382770547029,1120.836206695688,1122.9816380159375,3370033
2022-10-25,1114.5592041015625,1140.7849504711187,1112.9386597912353,1140.7849504711187,12233241
2022-10-27,1118.941650390625,1126.8391025996318,1110.5649536618178,1122.0686333408069,12513059
2022-10-28,1153.1790771484375,1157.2190279737692,1122.7306857391648,1125.2641978503823,17609592
2022-10-31,1163.8837890625,1169.065039404331,1155.9406944170403,1159.957944449031,12419943
2022-11-01,1154.8680419921875,1186.8912136799254,1144.8936213637878,1186.8912136799254,13963166
2022-11-02,1162.08056640625,1164.1576549471247,1148.0890168960855,1155.986348539346,8981896
2022-11-03,1166.4173583984375,1168.4259835133787,1152.676841200972,1154.8680356681098,6693449
2022-11-04,1183.58154296875,1186.8910951526373,1164.5684922927214,1165.8465983843867,12575815
2022-11-07,1189.904052734375,1191.5931814379082,1175.0223567357784,1182.7827614663586,11789748
2022-11-09,1188.7171630859375,1196.9112902936065,1182.3489707407007,1191.5931131291466,11254205
2022-11-10,1174.337646484375,1185.3163193750859,1170.0008998356418,1182.3262632089597,5966242
2022-11-11,1201.407958984375,1203.3251787933696,1181.4133535308406,1186.8912796597394,12310132
2022-11-14,1195.58740234375,1206.0640083384951,1189.2420312652064,1200.9284005914947,9043112
2022-11-15,1190.2237548828125,1198.9427700567662,1182.3263018305277,1197.0711926191022,7086433
2022-11-16,1183.3990478515625,1194.1723297469184,1178.3775455967132,1191.4561277313167,9716161
2022-11-17,1186.45751953125,1192.825591205946,1177.7612057960014,1180.020863607493,6661451
2022-11-18,1185.8184814453125,1190.9997319984882,1173.6985088451027,1189.9725379072304,5303197
2022-11-21,1164.4771728515625,1181.4131345958851,1160.9164671915146,1181.4131345958851,6390268
2022-11-22,1170.9366455078125,1172.5115476255721,1157.9037056180239,1161.783907991267,6611488
2022-11-23,1167.2845458984375,1176.8025419691705,1165.0933516897298,1175.4786728280303,6413408
2022-11-24,1177.3505859375,1184.152381470378,1163.2448083737015,1171.3704732897338,9389439
2022-11-25,1194.9256591796875,1198.2580330465703,1178.7199717595092,1181.8698970100845,7349922
2022-11-28,1235.987548828125,1242.1502306285356,1142.154626734269,1190.9541361505962,31527484
2022-11-29,1238.110107421875,1246.9889910362924,1229.8018737736188,1234.3440108402901,11058913
2022-11-30,1246.85205078125,1253.288707028199,1231.7192011093234,1238.247142030381,26164986
2022-12-01,1243.17724609375,1257.6481612150444,1239.8448724818554,1251.6224067137045,9485801
2022-12-02,1242.6522216796875,1254.4526976676975,1232.8147284105949,1246.235748845341,11589592
2022-12-05,1224.5294189453125,1240.1872774344642,1222.4980932976318,1238.0189040182454,14828536
2022-12-06,1228.067138671875,1231.1713003979203,1214.737403586102,1216.6091015367565,8594245
2022-12-07,1209.9443359375,1230.258436618436,1206.132596960368,1225.693478313524,8462111
2022-12-08,1209.37353515625,1216.5634100007333,1205.1966579940977,1214.2809311328976,7757008
2022-12-09,1191.04541015625,1214.2811038799705,1187.7357368415526,1207.8900896926802,12655763
2022-12-12,1192.8712158203125,1197.3905313761602,1180.0436672450348,1180.2719996623723,9479842
2022-12-13,1198.3037109375,1201.9555809304147,1189.9497141999723,1192.8713067918438,8333348
2022-12-14,1193.9669189453125,1204.6717371538757,1191.9126515922892,1204.0782660411908,7268947
2022-12-15,1177.008056640625,1193.7386297598832,1173.6528618480468,1188.0324923462415,8688551
2022-12-16,1171.187744140625,1195.4734533972091,1167.78690686101,1173.6529134607251,15837349
2022-12-19,1186.5716552734375,1188.7172073020977,1171.6898388274747,1178.2177795852808,7729933
2022-12-20,1196.843017578125,1198.7602374146065,1171.3704856304953,1179.541792973625,7467588
2022-12-21,1179.8155517578125,1201.9555872542346,1175.9809916475376,1196.477661489117,8527550
2022-12-22,1176.7569580078125,1189.013856887232,1171.7126347696108,1185.9781586267084,7451122
2022-12-23,1142.245849609375,1182.554553491853,1137.703712598857,1170.137785137051,10257115
2022-12-26,1152.22021484375,1160.414342154975,1137.7721216907048,1147.9748739735228,5990242
2022-12-27,1161.64697265625,1163.518549950611,1148.2031310835503,1154.9364624540497,5763271
2022-12-28,1161.5328369140625,1163.9750640999512,1151.0562304776126,1158.5884232916014,7459393
2022-12-29,1161.0078125,1163.5641454874342,1152.882148696241,1153.566904464591,6930648
2022-12-30,1162.7880859375,1176.3916749175478,1160.0035413220228,1161.829476176333,7289476
2023-01-02,1175.8896484375,1177.3048023328713,1163.244668797144,1164.066351583663,5316175
2023-01-03,1167.2845458984375,1174.5657054277967,1163.0620263922654,1170.9365362462836,7658932
2023-01-04,1149.7095947265625,1169.1107276232437,1147.6325061253483,1167.2618507099899,9264891
2023-01-05,1147.6553955078125,1157.858149023016,1143.0676158255733,1151.969321148222,13637099
2023-01-06,1158.086181640625,1163.1305046928026,1149.595379440652,1153.4071180013361,6349597
2023-01-09,1185.4302978515625,1187.8041821914996,1161.0306065888913,1161.9207528429104,10722753
2023-01-10,1167.90087890625,1189.6301316742909,1162.2403842296717,1189.6301316742909,8047142
2023-01-11,1153.1790771484375,1167.7184566325625,1150.873655990327,1165.2077656913489,11509553
2023-01-12,1128.2769775390625,1156.077627831873,1125.2641003718309,1152.5855061360771,17688773
2023-01-13,1126.451171875,1128.8705782042637,1111.3867843100481,1122.2513519945564,20618583
2023-01-16,1115.723388671875,1131.951774613395,1107.917221092014,1128.7791493112115,13623855
2023-01-17,1131.56396484375,1133.4811846812154,1118.690771838856,1122.0687880986452,10751000
2023-01-18,1129.692138671875,1137.178689301756,1123.1414974309203,1129.1444306357287,13448286
2023-01-19,1128.4825439453125,1132.6366004638107,1121.4524163802744,1128.8705038207283,11940054
2023-01-20,1115.0615234375,1129.8291140692525,1112.596474928504,1129.8291140692525,14930286
2023-01-23,1109.4237060546875,1125.811961602633,1107.004299933337,1117.960272105855,10954118
2023-01-24,1102.873046875,1115.51790607312,1089.8171651533376,1113.851719292168,16488755
2023-01-25,1087.6259765625,1102.302402806859,1086.461976225218,1101.2753294802073,12385018
2023-01-27,1066.992431640625,1089.817223588686,1055.260418546103,1088.4706538388855,25830975
2023-01-30,1077.218017578125,1082.764407064242,1050.3987961919847,1064.4132886312711,21772103
2023-01-31,1074.5244140625,1089.9540573273835,1068.6584086670991,1087.3747826880974,22691594
2023-02-01,1068.1563720703125,1086.4390237052419,1052.2245419941687,1086.4390237052419,19347800
2023-02-02,1062.2447509765625,1071.85391093282,1054.9635914721293,1058.1590377354637,13662663
2023-02-03,1063.1806640625,1072.3105805967245,1046.7467660021255,1072.3105805967245,24699575
2023-02-06,1055.169189453125,1059.528757546533,1052.5900349184292,1056.7897340697052,14837879
2023-02-07,1052.6356201171875,1062.4502927137798,1046.7467924098464,1055.4202857843334,15135435
2023-02-08,1073.6573486328125,1077.28651848918,1053.1378561171298,1055.876758827137,21160332
2023-02-09,1075.52880859375,1082.284961068636,1065.463103759131,1074.341987106508,13172763
2023-02-10,1066.6728515625,1075.0039060071294,1059.6655455942528,1075.0039060071294,10790445
2023-02-13,1060.6014404296875,1072.7670546240697,1056.127767130611,1068.293381324993,10352493
2023-02-14,1085.5947265625,1087.329376978281,1060.738487756277,1063.6144381671827,14321920
2023-02-15,1110.1768798828125,1112.5735854842064,1083.2664969637603,1084.6358877756606,33503591
2023-02-16,1109.3094482421875,1124.7162706791198,1107.0269694456317,1118.1655094417106,17264487
2023-02-17,1113.94287109375,1117.2753650050747,1100.4305676175113,1104.7216712307097,11809520
2023-02-20,1102.16552734375,1118.3026298698114,1100.2025445254703,1116.13425652598,8836937
2023-02-21,1111.1585693359375,1116.9559918914763,1101.2296696771075,1106.5479683974272,13311592
2023-02-22,1085.959716796875,1109.2866925279875,1084.2022454513722,1107.4379365148654,11024335
2023-02-23,1080.7557373046875,1093.1953270218976,1077.9483712962124,1085.5490279902117,9851910
2023-02-24,1088.1510009765625,1093.8344379808216,1080.9840672539892,1082.8100022510873,9434053
2023-02-27,1080.91552734375,1090.8672478016565,1073.543202799622,1087.3750050988056,11199715
2023-02-28,1060.2362060546875,1080.5274845520237,1056.1734344203933,1075.5516247048565,21994038
2023-03-01,1069.982421875,1070.712820002187,1060.5557097259696,1070.0280642112666,11551145
2023-03-02,1061.8338623046875,1073.5202315216086,1059.8024162422653,1066.8325430044117,9333535
2023-03-03,1088.9271240234375,1092.6019362119685,1068.9098180563456,1072.3791189632545,14643807
2023-03-06,1099.5633544921875,1106.8216933590497,1095.5918675399987,1095.5918675399987,10171916
2023-03-08,1103.5120849609375,1104.265304210858,1088.7443751303776,1099.5632986303585,15782657
2023-03-09,1076.9896240234375,1103.3066574341256,1075.095225544964,1102.8958764013148,16235128
2023-03-10,1060.3046875,1070.0280749321848,1056.8124450060086,1068.8868957671646,13334091
2023-03-13,1042.8665771484375,1070.0281154160118,1038.5298305140532,1063.1806779260546,12771592
2023-03-14,1038.9635009765625,1052.2018311560978,1035.8136967949142,1040.812257084253,16027522
2023-03-15,1021.205810546875,1049.1662111592916,1016.800600298463,1042.6840329673732,21728555
2023-03-16,1016.1157836914062,1028.9433330363881,1005.2968594074098,1023.921951504309,18363159
2023-03-17,1014.8377075195312,1028.007574780085,1010.0901194945558,1024.7208434439497,34014213
2023-03-20,1004.8632202148438,1013.4225471579439,995.1626537042278,1011.1400680229121,19524589
2023-03-21,1036.1102294921875,1038.0732119172073,1012.0528577510236,1012.9430039303461,21400360
2023-03-22,1039.26025390625,1046.0392280531037,1036.2473765076484,1043.0948141638403,10920094
2023-03-23,1026.1131591796875,1036.2016854580306,1023.9447859117854,1035.3343603002547,16249370
2023-03-24,1005.7989501953125,1027.117362031003,1003.3795441878093,1024.9489888672188,12375945
2023-03-27,1021.4338989257812,1028.9432703448797,1004.3838307288752,1012.2812223607901,14054323
2023-03-28,1026.2044677734375,1030.0846702786253,1021.1829653124684,1024.8349561252708,12576424
2023-03-29,1020.1329956054688,1024.743595933455,1009.3596536883372,1022.0958575091914,18804065
2023-03-31,1064.116455078125,1069.7770709600845,1029.2629756900762,1029.3999027039445,28171201
2023-04-03,1064.299072265625,1072.3106311531849,1056.7896998650788,1070.4846960590223,10293043
2023-04-05,1061.74267578125,1071.8540232011114,1053.8453439607506,1071.8540232011114,16262928
2023-04-06,1068.8638916015625,1074.592970502133,1058.2275373074351,1058.2275373074351,18435046
2023-04-10,1061.2861328125,1072.9496819536614,1059.779694186431,1072.7671126043012,12961408
2023-04-11,1066.535888671875,1068.6586196822263,1060.9210357303307,1065.4631729553812,10542367
2023-04-12,1071.23779296875,1080.8925957399235,1063.6599579243734,1066.5357872569193,18179087
2023-04-13,1075.27783203125,1079.9797173840186,1069.1151503508545,1074.1365320735108,12378208
2023-04-17,1080.73291015625,1106.9814803229494,1072.333391852291,1106.9814803229494,17929479
2023-04-18,1068.3619384765625,1085.0925121063174,1061.8111761257844,1085.0925121063174,10405576
2023-04-19,1073.6800537109375,1076.3733137885806,1064.64142217666,1067.768405195298,12273475
2023-04-20,1070.9637451171875,1076.875393044396,1064.5956738732273,1074.638556551585,7007330
2023-04-21,1072.310546875,1077.7884724738815,1066.5586465106753,1073.0637661728558,7647317
2023-04-24,1076.4190673828125,1086.8727319946267,1071.8539885727766,1084.1794719407253,12936186
2023-04-25,1084.6588134765625,1086.7359021827194,1072.995384428631,1080.0710338352167,9236126
2023-04-26,1078.290771484375,1089.2467445727555,1074.6159592843226,1086.005534613959,8617834
2023-04-27,1085.1153564453125,1088.2879820525134,1079.158065119624,1084.1795677314856,9167125
2023-04-28,1104.9500732421875,1106.5022750107378,1087.2608896802224,1087.374995527852,15565210
2023-05-02,1114.3311767578125,1116.4995501680314,1108.4195276994035,1112.1171610071847,12981805
2023-05-03,1104.7674560546875,1116.1342091904096,1101.549188303151,1116.1342091904096,7061872
2023-05-04,1117.503662109375,1119.717677582049,1102.2567073883076,1105.2467632974385,8635233
2023-05-05,1114.650634765625,1123.5979821409157,1112.0258380416835,1114.3083172243437,8746585
2023-05-08,1128.4139404296875,1133.7777597410543,1115.7461404298203,1118.4165791288924,9153782
2023-05-09,1131.90625,1135.2159233997013,1124.4653410768628,1129.8291612797643,6464721
2023-05-10,1139.6895751953125,1141.173192717246,1132.659447469911,1136.6766978121202,10872255
2023-05-11,1132.2486572265625,1145.578272899187,1130.536707274967,1140.7622816578707,10557860
2023-05-12,1134.097412109375,1135.4897449397138,1121.3839680276494,1127.4553650769165,6955341
2023-05-15,1136.334228515625,1143.318592964205,1128.9846046154787,1136.6310244600713,6833343
2023-05-16,1120.1513671875,1141.058816015231,1118.4850597805391,1138.5024831085086,8717229
2023-05-17,1113.5322265625,1125.2641183192468,1108.830341392445,1124.3511508366894,8798967
2023-05-18,1111.1356201171875,1121.6122266625744,1107.9856952056505,1118.2112689036005,10525531
2023-05-19,1114.7418212890625,1116.5678769225615,1104.1967514891073,1111.1355938507186,8050447
2023-05-22,1120.6990966796875,1125.720598669704,1110.3595382742935,1111.5691808774143,7434906
2023-05-23,1120.49365234375,1126.6335119735163,1119.0784985578177,1123.2783175836105,6092034
2023-05-24,1113.9659423828125,1124.8078096781505,1110.8617801773491,1116.5452176617491,8112254
2023-05-25,1113.8289794921875,1117.9603357408223,1102.9187697829475,1111.0672556833676,11487863
2023-05-26,1144.2088623046875,1145.3500415058625,1118.7591533794464,1122.0687058844728,12626260
2023-05-29,1150.645263671875,1154.9363674405995,1144.5282250956022,1150.8278330032474,10010304
2023-05-30,1150.3486328125,1158.451475420254,1147.7921790871794,1150.645307987406,11342504
2023-05-31,1127.5009765625,1145.7381091276332,1123.4382047768395,1141.2416143873527,27107927
2023-06-01,1124.46533203125,1134.34858906371,1122.068746948841,1132.1802156805027,14592692
2023-06-02,1120.7904052734375,1133.412563645759,1118.8731857024297,1128.003101699598,15800644
2023-06-05,1130.856201171875,1133.8234358683376,1122.2739934203582,1126.2684221252366,10908682
2023-06-06,1131.81494140625,1135.626680467698,1123.8947880782737,1133.6866395560062,7493309
2023-06-07,1140.3970947265625,1141.241598708449,1128.7335456658939,1135.3071289198083,10312545
2023-06-08,1141.0816650390625,1148.9334747780272,1137.1329993758209,1143.9804362633743,12071109
2023-06-09,1133.001953125,1145.1447480583759,1131.1987183736474,1144.437171009834,5877018
2023-06-12,1134.006103515625,1136.311403822295,1125.2641468372988,1130.0574375493186,6391969
2023-06-13,1150.759521484375,1151.946463788879,1134.9647365494955,1138.9591656822827,11248016
2023-06-14,1164.910888671875,1166.3488637759137,1149.0019986007082,1150.827933567815,13277380
2023-06-15,1165.23046875,1169.7954267696327,1157.4471223513988,1164.888030487722,11813494
2023-06-16,1176.574462890625,1178.856942021871,1168.72265257123,1168.72265257123,24171579
2023-06-19,1164.8880615234375,1179.5873088461865,1160.7111839901809,1179.5873088461865,6798554
2023-06-20,1167.3074951171875,1170.457299404325,1157.2189687814275,1162.9480481347903,6921096
2023-06-21,1170.59423828125,1173.127750027222,1163.1533304634168,1167.2617442064677,6961603
2023-06-22,1157.4471435546875,1174.702723824018,1155.8494202932393,1166.8053921892115,7619166
2023-06-23,1147.974853515625,1156.4884770186727,1146.7194478373872,1154.434209748897,6628570
2023-06-26,1139.210205078125,1148.2716583591261,1136.0832218598148,1144.437098137329,12641159
2023-06-27,1139.62109375,1145.578264166708,1135.1474200849475,1139.666736088607,9689466
2023-06-28,1154.708251953125,1158.519990797568,1140.2600374666351,1147.1760589375283,11354006
2023-06-30,1164.1805419921875,1167.1021346662303,1156.511421596289,1162.423070452648,11151555
2023-07-03,1194.0582275390625,1196.9341777415286,1166.5086096788432,1167.741194264735,12154387
2023-07-04,1181.755615234375,1198.3036177471888,1174.6798459927943,1198.3036177471888,8061643
2023-07-05,1179.8155517578125,1190.9997357239995,1175.8440646341217,1190.9997357239995,10248062
2023-07-06,1204.5804443359375,1207.1824197013011,1175.958111582341,1175.958111582341,19117987
2023-07-07,1202.2296142578125,1216.5407819731026,1199.6731602419495,1202.8687277617782,13375267
2023-07-10,1248.5411376953125,1258.1047776229054,1221.128565671655,1227.4738168988026,33240016
2023-07-11,1262.076171875,1264.4955779542368,1249.705166712445,1256.6895309307056,20069348
2023-07-12,1263.4683837890625,1279.1034182559108,1260.6837185366455,1262.8064492251153,18733835
2023-07-13,1252.170166015625,1277.7339788902639,1249.545369524751,1270.8408996155135,14682934
2023-07-14,1251.1202392578125,1260.3414396091937,1243.9988277461352,1255.365580017741,15124144
2023-07-17,1276.6842041015625,1285.060901535764,1245.3228457945552,1253.9963391795925,22220040
2023-07-18,1287.52587890625,1295.286283587151,1274.995004828538,1285.9509768018002,25867313
2023-07-19,1297.294921875,1303.7543992835303,1276.8210735612868,1291.8854597114334,39122156
2023-07-20,1295.723876953125,1301.213635792283,1276.014839753512,1276.014839753512,38717624
2023-07-21,1255.6134033203125,1293.2755748788927,1248.1205739980844,1290.3576048302098,30249238
2023-07-24,1230.216796875,1243.8424839995957,1221.2649818512405,1227.0515368964086,23727866
2023-07-25,1229.425537109375,1239.0203294862108,1226.5569523456327,1233.4810641733905,12026020
2023-07-26,1249.4063720703125,1259.6936470475673,1229.029726310642,1229.029726310642,12911012
2023-07-27,1237.7838134765625,1255.06933898356,1231.6758304667376,1253.2889256301971,17226898
2023-07-28,1250.2225341796875,1257.6412248805652,1236.7204929547063,1242.4081558253793,20827852
2023-07-31,1260.8065185546875,1263.1062644351005,1245.3261593927457,1250.222567835286,8551174
2023-08-01,1242.9769287109375,1265.6286894674379,1239.0697997346808,1263.6503718598296,9536632
2023-08-02,1229.697509765625,1242.383422770223,1218.4458286875906,1240.9985763343113,12748214
2023-08-03,1224.5291748046875,1236.8936606795558,1215.7010043381908,1224.23249959185,10168350
2023-08-04,1241.171630859375,1244.3616435147105,1222.4023686926273,1235.8549028515122,22885610
2023-08-07,1248.244140625,1250.494380069662,1238.9212715800145,1246.8345411789287,5982870
2023-08-08,1240.7264404296875,1253.486611833248,1236.2258407843067,1250.2965991690858,9844072
2023-08-09,1248.911865234375,1250.7912910864598,1227.1009863432985,1238.8472469851743,11486586
2023-08-10,1254.4759521484375,1261.1775274732204,1240.627728317359,1248.7882887892447,15470598
2023-08-11,1259.767822265625,1265.5544976220099,1242.5565564009414,1252.4975295128647,22179330
2023-08-14,1274.6546630859375,1277.1523130180672,1248.8128913733601,1255.737002454242,9575812
2023-08-16,1273.6160888671875,1277.3996937112483,1261.672044700447,1261.672044700447,10203112
2023-08-17,1255.2425537109375,1275.0752365265755,1252.695518025622,1269.6348629683328,13673744
2023-08-18,1264.54052734375,1274.8278021449016,1240.6770733077956,1251.9040005908723,18639978
2023-08-21,1250.74267578125,1268.3374245054665,1248.5836072167706,1260.6443643964944,9221746
2023-08-22,1250.44482421875,1259.6517042081298,1240.319812990251,1249.204008079304,7713044
2023-08-23,1251.8345947265625,1262.0838090060652,1249.2288807667073,1252.8272476636503,9517952
2023-08-24,1230.7904052734375,1260.6195534341234,1226.4227081001463,1260.6195534341234,14140020
2023-08-25,1225.1075439453125,1243.2978613921046,1212.3271367872899,1218.9778633049934,22222400
2023-08-28,1212.8978271484375,1232.8749678308823,1206.6193456890517,1226.9190501118926,12580826
2023-08-29,1201.2838134765625,1217.7121468384466,1195.2285336373561,1217.0173382536789,16876644
2023-08-30,1200.1422119140625,1212.5255327642963,1198.628391987628,1207.0659417448908,12168946
2023-08-31,1194.65771484375,1203.5915905675504,1191.133748727762,1202.5989377093504,21638600
2023-09-01,1197.4619140625,1203.9141576589248,1192.0023233270636,1194.4343955405523,18112842
2023-09-04,1196.494140625,1202.921543874001,1193.8140262826475,1197.4619529612135,9347626
2023-09-05,1202.8968505859375,1208.033756715794,1197.3627378820318,1201.1100268699734,8675876
2023-09-06,1205.4281005859375,1209.125708635972,1199.745186611218,1201.6560920331103,8200370
2023-09-07,1207.06591796875,1210.1679582595825,1196.6430625915527,1201.9537313347682,13652572
2023-09-08,1215.1064453125,1218.9778160313297,1202.5742018862823,1211.0365924741222,23109288
2023-09-11,1228.20947265625,1229.326207160582,1216.9924464989115,1216.9924464989115,13271074
2023-09-12,1210.4659423828125,1232.3787090583842,1209.0265228175713,1232.3787090583842,16255666
2023-09-13,1216.52099609375,1222.2783103355039,1204.2120756300537,1211.0365644667,12803338
2023-09-14,1217.6376953125,1223.8417758931353,1213.5181615722684,1220.9630582690309,9209636
2023-09-15,1219.8961181640625,1224.9337835939812,1215.7517434819517,1224.9337835939812,25468592
2023-09-18,1209.274658203125,1216.4962329024152,1207.0908701058952,1211.061482045193,7516300
2023-09-20,1182.323974609375,1204.8821081322808,1168.8487603007638,1202.623798606989,57081884
2023-09-21,1173.712890625,1186.2699748730859,1171.3304992731428,1178.750555955457,12226182
2023-09-22,1168.8240966796875,1182.47307577697,1166.3673046768697,1179.2717940052096,19176786
2023-09-25,1161.6273193359375,1171.6779308453931,1158.9720452955405,1166.5657437194718,14254884
2023-09-26,1162.6446533203125,1166.4663425671888,1159.2200494490667,1160.684188171601,10087782
2023-09-27,1175.7476806640625,1177.1871000752483,1160.6594050312615,1163.1410372849095,11722778
2023-09-28,1158.4755859375,1182.7459002555731,1153.9589668880435,1182.7459002555731,14518346
2023-09-29,1163.8856201171875,1175.847137006539,1158.475709840611,1162.2973995824232,12342014
2023-10-03,1150.55908203125,1159.220075299941,1149.492028660551,1156.415758225436,8859056
2023-10-04,1148.5738525390625,1150.981084388904,1139.1189302205564,1146.0178196869251,10286386
2023-10-05,1148.549072265625,1156.14276991832,1146.017758932428,1151.105104982258,10953682
2023-10-06,1150.4847412109375,1153.8597853939605,1147.5316229908371,1150.0132553057874,5431026
2023-10-09,1140.6822509765625,1147.4818990309532,1139.0691900320726,1145.5711149238573,7576878
2023-10-10,1145.719970703125,1150.435072150941,1143.4121010954177,1144.8018394410437,10236032
2023-10-11,1163.910400390625,1166.2182699823193,1148.0031129607796,1148.7227620999727,9814118
2023-10-12,1166.0693359375,1171.0078811502246,1160.485663265934,1163.3148210249558,12554450
2023-10-13,1166.0198974609375,1170.0897506197043,1156.0188455521982,1161.4040366702475,10150316
2023-10-16,1163.4140625,1168.6254903286665,1159.4186102633319,1163.885548402189,5929036
2023-10-17,1168.972900390625,1171.18152891328,1162.0491704758838,1169.3451452373686,7928180
2023-10-18,1153.4627685546875,1174.8048077319042,1151.9737890772074,1168.9729714451066,8918320
2023-10-19,1144.603271484375,1152.37085365543,1142.0472385636656,1147.5068298823098,12032556
2023-10-20,1141.104248046875,1148.846868358942,1139.7145096810816,1141.5508934053469,8913312
2023-10-23,1123.2861328125,1144.6530132953733,1119.3403612940447,1136.5877075106362,7853962
2023-10-25,1120.6802978515625,1132.219887961399,1113.2602415640138,1116.7593673158804,11620688
2023-10-26,1105.0709228515625,1120.7052071856403,1101.9937228681183,1117.2309217780673,15222534
2023-10-27,1124.5765380859375,1128.3982276638756,1109.761144511754,1111.7712909465938,11771084
2023-10-30,1147.7548828125,1153.958963260135,1126.6361687340607,1128.6463150337838,16813304
2023-10-31,1135.5452880859375,1155.4480281047179,1133.0636557231696,1155.4480281047179,12808438
2023-11-01,1140.2603759765625,1150.236586425296,1129.2419526519689,1136.1656826268284,10309190
2023-11-02,1151.57666015625,1153.6116471680004,1145.4966608528325,1148.4746196953226,10562104
2023-11-03,1151.3284912109375,1158.897469898072,1149.3680258840427,1155.0509397455937,8850156
2023-11-06,1160.9075927734375,1161.4039192346488,1154.256866662586,1157.5822297180116,10647304
2023-11-07,1153.3634033203125,1160.9572220726066,1151.2540159543112,1158.4507493206686,6960204
2023-11-08,1159.368896484375,1161.900209827792,1152.3459257444151,1157.4332718147846,7884494
2023-11-09,1146.787109375,1159.3689122452765,1143.6353879313751,1159.344192861405,14513610
2023-11-10,1148.946044921875,1149.6658152095554,1140.5830169850344,1144.3054653415224,7734954
2023-11-13,1148.7972412109375,1153.7605056745233,1147.3578218124285,1152.9166537769547,3854810
2023-11-15,1169.5684814453125,1172.2982770196893,1154.9516911953863,1161.4039352802765,12220648
2023-11-16,1171.6778564453125,1178.3534231349859,1164.8533675821152,1166.9131951067154,13134910
2023-11-17,1169.121826171875,1177.9067803474445,1167.3846835483773,1167.8064883385834,7758634
2023-11-20,1166.044677734375,1170.5363354915235,1159.617152805321,1165.647592311094,4490186
2023-11-21,1180.7109375,1185.227556641674,1171.4296571663483,1174.3083747965666,8214450
2023-11-22,1185.326904296875,1188.4289448727575,1177.3856804226161,1178.7754188353035,8534814
2023-11-23,1188.9500732421875,1191.1835423841578,1185.3268657327444,1185.3268657327444,8531542
2023-11-24,1188.1558837890625,1192.474021001291,1186.7414260587238,1187.0144298509326,6749486
2023-11-28,1188.404052734375,1191.034607263244,1178.899449291774,1188.1558894990753,13792174
2023-11-29,1191.5308837890625,1197.1145563492605,1190.2156671664848,1195.1540911072586,12531306
2023-11-30,1179.9913330078125,1191.530923348677,1176.2440439527552,1188.5529645510346,28439984
2023-12-01,1188.3544921875,1189.3967050711567,1180.0658643673892,1180.2643464861462,14342842
2023-12-04,1201.209228515625,1215.9997806950958,1190.4886500919326,1215.9997806950958,15590990
2023-12-05,1209.9197998046875,1211.4584602643838,1201.9288955146308,1210.540207865299,12693624
2023-12-06,1221.5091552734375,1227.3905513904704,1208.5549856031337,1214.560584514323,16422442
2023-12-07,1219.4990234375,1221.4346482742724,1212.0292855470004,1220.9631623446442,8142096
2023-12-08,1218.853759765625,1229.251775342433,1213.5182500771466,1222.874052744466,10204894
2023-12-11,1220.6405029296875,1224.7351961410227,1217.1909371644088,1218.9777608532804,7066138
2023-12-12,1203.1202392578125,1223.41994400905,1201.1844932637518,1220.9631521449135,9197124
2023-12-13,1208.03369140625,1210.2176004047437,1194.3103140708777,1202.102614795848,10031182
2023-12-14,1223.0228271484375,1228.3831772791464,1212.3518080035872,1217.9851619285064,16972354
2023-12-15,1238.6324462890625,1240.8162343922088,1225.951280138882,1229.8970515295573,15932152
2023-12-18,1251.239013671875,1258.1379030406688,1236.3243792186838,1238.6323699765335,14165188
2023-12-19,1269.6527099609375,1277.4945707453207,1253.3234974409622,1268.1140495332209,16820604
2023-12-20,1254.2913818359375,1289.8780864366483,1250.7426960684581,1276.080186427869,17736722
2023-12-21,1271.8614501953125,1277.2962009364337,1249.8741628164655,1254.2170195322976,13765454
2023-12-22,1273.1021728515625,1280.968874306117,1264.4660199985942,1270.3972179591544,16541784
2023-12-26,1279.554443359375,1286.453332624264,1271.935783794956,1274.5663382448713,7465664
2023-12-27,1283.922119140625,1290.3990823415181,1277.0976304877347,1281.514887400953,9204156
2023-12-28,1293.203369140625,1296.4046504171113,1283.9220890250845,1285.3862277761266,12302636
2023-12-29,1282.9791259765625,1297.397434632089,1280.174929799553,1295.9581362918193,10864584
2024-01-01,1285.6097412109375,1293.8488097378856,1277.1225094292433,1280.7953983035607,4030540
2024-01-02,1296.255859375,1297.8937610136477,1277.0480485996618,1283.0039664322292,7448800
2024-01-03,1282.16015625,1307.3238832997818,1279.132516403198,1295.412048372221,9037536
2024-01-04,1288.7860107421875,1295.337616733607,1280.0755785995668,1284.4928354763001,9612778
2024-01-05,1294.2705078125,1300.3009471094986,1289.456165302221,1291.8881165287519,8086406
2024-01-08,1284.17041015625,1306.3064992127524,1275.0379299096924,1295.412156841061,7734652
2024-01-09,1280.7703857421875,1293.8237954235035,1279.132484246134,1290.4487513775189,5403074
2024-01-10,1315.3148193359375,1319.7320764251056,1278.0654937339266,1279.0333061103788,11102740
2024-01-11,1349.9088134765625,1352.489686993197,1318.7394856296971,1319.7321386109766,23725852
2024-01-12,1360.6541748046875,1363.2350482099334,1335.8626919019084,1349.9087552154863,15012164
2024-01-15,1383.8822021484375,1386.190071634762,1355.9638397810568,1364.8977157386187,8610594
2024-01-16,1364.5255126953125,1386.0413130880693,1360.4308194226976,1379.7627106993223,9069024
2024-01-17,1351.5714111328125,1376.0900120502974,1345.0696069219948,1349.5117047016763,12197382
2024-01-18,1357.8995361328125,1360.92717605878,1341.3222805612156,1341.4712027363942,10279438
2024-01-19,1357.4031982421875,1365.890429247957,1349.015329468004,1365.890429247957,10422704
2024-01-23,1318.8138427734375,1361.6716823004633,1312.8332056966303,1361.6716823004633,20055420
2024-01-24,1334.00146484375,1339.5851376107455,1314.1980872328543,1325.4149927095905,21919128
2024-01-25,1343.1337890625,1354.1274927557365,1325.390118278632,1333.0831783387705,11808872
2024-01-29,1437.4111328125,1441.8283899094502,1350.1817560391485,1354.474931519067,23893438
2024-01-30,1397.2830810546875,1449.2484377227322,1394.1066401470152,1449.2235971647833,14093978
2024-01-31,1416.1434326171875,1423.7124109217216,1392.1956815880876,1393.6846609266845,15130226
2024-02-01,1416.1683349609375,1432.745590517861,1407.631543948549,1424.4569627393994,13349362
2024-02-02,1446.990234375,1464.0639387350582,1422.6455164089482,1422.6455164089482,19652588
2024-02-05,1428.452392578125,1459.6961190035063,1421.007495677393,1450.0177530325548,8814432
2024-02-06,1417.3099365234375,1431.256637826339,1409.3934322746634,1431.256637826339,9047984
2024-02-07,1431.554443359375,1438.8504181404362,1418.7491963623445,1425.3752031215413,9296568
2024-02-08,1439.4708251953125,1448.752105824393,1417.0368932886952,1439.3467435794867,14694634
2024-02-09,1450.0177001953125,1461.1602045826953,1440.2896534634558,1443.31729322881,12556798
2024-02-12,1441.679443359375,1450.2659153474917,1431.7529141646626,1450.017752117624,6674430
2024-02-13,1454.335693359375,1468.1335924657844,1443.3172707540573,1444.806250056761,7715594
2024-02-14,1470.4912109375,1472.749520552248,1446.7916226083244,1446.7916226083244,7117888
2024-02-15,1459.79541015625,1473.8166331337911,1455.7503978374216,1472.4517353218182,10006782
2024-02-16,1449.843994140625,1466.1483668657747,1447.8339689108675,1465.6271998466532,9767498
2024-02-19,1463.17041015625,1468.6300012389227,1442.8458657695369,1451.3082561823699,6729828
2024-02-20,1460.21728515625,1464.659382736365,1451.0600862084646,1464.1878968342883,7117496
2024-02-21,1456.916748046875,1477.5888193115914,1446.8414171157522,1463.170510366537,12720292
2024-02-22,1470.863525390625,1474.0399663973683,1447.2880175600008,1457.36346935178,18493728
2024-02-23,1482.6512451171875,1486.5474563697878,1472.4517119404402,1478.556551746289,14438584
2024-02-26,1476.3974609375,1483.5446346905887,1471.607959051116,1482.5768223248915,7513106
2024-02-27,1474.73486328125,1488.9297276070065,1467.1907251784094,1472.1291493159843,10826044
2024-02-28,1444.930419921875,1480.3185210789975,1439.5205099276588,1472.1042938560004,8647950
2024-02-29,1450.0675048828125,1468.1088998815815,1443.8385832706604,1454.2365988812116,23628976
2024-03-01,1481.1622314453125,1488.979373154373,1451.7548888255137,1452.7475417409498,12132926
2024-03-04,1496.3250732421875,1501.337897909408,1476.2982516112518,1479.5243736818861,10024420
2024-03-05,1489.177978515625,1496.3251528023525,1475.1320355384912,1494.712091681268,7107668
2024-03-06,1491.957275390625,1497.9131926576536,1467.6372798835923,1482.4773919378927,7805676
2024-03-07,1468.059326171875,1492.056638756749,1464.7091224345347,1491.9325571368477,8315726
2024-03-11,1455.8248291015625,1478.060279979328,1452.747629113329,1478.060279979328,11277130
2024-03-12,1464.5849609375,1477.0675227494196,1454.261346490045,1455.8247263461558,9432678
2024-03-13,1421.6527099609375,1472.2034859914554,1417.2850129833478,1468.9029635812572,13522134
2024-03-14,1420.957763671875,1437.8825438227764,1415.0266869213976,1429.1223094125826,18571102
2024-03-15,1407.80517578125,1422.694969713975,1402.5193474045138,1415.4733954219128,19223818
2024-03-18,1428.899169921875,1431.1326391984185,1406.1178317705178,1409.56727675182,9169392
2024-03-19,1414.778564453125,1427.0378036957165,1406.8373411480031,1418.252849649116,8275764
2024-03-20,1433.1427001953125,1434.3835163859578,1413.562644941621,1417.4587350761735,8488806
2024-03-21,1440.3145751953125,1447.1887452733042,1434.060934378195,1441.8532357214951,13006936
2024-03-22,1444.3348388671875,1449.2732629085037,1436.716179238339,1439.321893152815,19527608
2024-03-26,1430.983642578125,1441.7291835759677,1428.4276096750873,1434.3835274360674,11415906
2024-03-27,1481.8818359375,1488.979328303771,1436.368725370371,1437.3613782559069,16326644
2024-03-28,1474.933349609375,1494.8856495085238,1467.786296896486,1481.90676076149,21854364
2024-04-01,1473.8662109375,1482.9985690062601,1471.60790139039,1481.5095896793896,5013880
2024-04-02,1476.025146484375,1483.0233977342266,1464.1629930776332,1473.0968689675985,8910166
2024-04-03,1460.7880859375,1473.5436523631188,1458.1079713887636,1471.186101560143,7008292
2024-04-04,1452.1767578125,1468.8780939901114,1439.3466709144527,1468.8780939901114,14490272
2024-04-05,1449.3724365234375,1459.9938949751336,1445.3025839763254,1450.1417667351745,7442298
2024-04-08,1475.057373046875,1480.0206375610207,1450.2658910334067,1452.226356281804,8357118
2024-04-09,1452.896484375,1478.8543827139295,1451.7549092714805,1478.060211901015,7071414
2024-04-10,1468.7044677734375,1476.0749645358123,1455.5766564963697,1455.5766564963697,9138330
2024-04-12,1456.370849609375,1475.5538200544618,1452.3257159957793,1465.0317226594827,15551012
2024-04-15,1454.062744140625,1471.2356878788278,1435.6986653849476,1450.2658952456557,12902062
2024-04-16,1454.98095703125,1460.3661473678603,1440.2649265731254,1442.6720371000315,9366184
2024-04-18,1453.5665283203125,1475.0823301585979,1448.628103973215,1452.7476380801534,19005692
2024-04-19,1459.323974609375,1463.1705049395248,1432.4231028577299,1446.0720814485837,15741778
2024-04-22,1468.9774169921875,1471.9305352298081,1457.0160218672338,1461.6317610616636,10350362
2024-04-23,1448.603271484375,1482.5272357774581,1444.8561033979943,1468.1337674689391,14605554
2024-04-24,1439.5205078125,1457.7605053579202,1438.8504186169605,1452.7475596039474,10462776
2024-04-25,1449.2484130859375,1457.189636393573,1430.9091747445573,1431.9018276580116,15943926
2024-04-26,1441.8780517578125,1454.236532179651,1439.3467383348082,1453.194198141131,9413848
2024-04-29,1454.2613525390625,1457.1152296530197,1439.3467183436048,1439.3467183436048,7247974
2024-04-30,1456.221923828125,1472.178772035999,1452.1272302795285,1457.214576809603,11474262
2024-05-02,1455.775146484375,1466.4708844514234,1453.3679147531318,1461.1850562736174,14512646
2024-05-03,1423.46435546875,1464.1134460205978,1405.7455242326487,1460.1925152681529,17226958
2024-05-06,1409.095703125,1429.4202480421582,1407.5818831415143,1424.9533097670264,7394208
2024-05-07,1391.17822265625,1410.311631866643,1381.772860502106,1405.571689953147,14517472
2024-05-08,1408.1278076171875,1422.42191231512,1387.2324157830615,1387.2324157830615,9439002
2024-05-09,1383.8822021484375,1413.2895438420787,1379.7875090012217,1402.6185253372132,11009612
2024-05-10,1397.0845947265625,1399.6406275450738,1377.8766636438304,1386.4879762578594,10505096
2024-05-13,1392.394287109375,1396.6379028351905,1373.8317248456565,1389.6149314683873,8456620
2024-05-14,1409.6416015625,1416.5901722719507,1389.7389824487905,1390.681954289976,7188300
2024-05-15,1405.86962890625,1419.468926315315,1402.6435067088078,1410.063563528233,5046534
2024-05-16,1414.8778076171875,1417.0120356183081,1387.75361519461,1408.1278405018506,14711774
2024-05-17,1425.15185546875,1426.6408349602225,1402.8668442157614,1412.5948920294334,10916476
2024-05-21,1425.57373046875,1431.231803864575,1415.1260338425998,1415.1260338425998,11176128
2024-05-22,1449.91845703125,1457.9837617014118,1425.722543020764,1425.722543020764,10281604
2024-05-23,1475.1319580078125,1481.2615172416956,1444.3100355832012,1447.8340020088174,14608260
2024-05-24,1469.37451171875,1477.5638984586112,1465.2549777906743,1472.724715385057,7094776
2024-05-27,1455.4774169921875,1473.990419113941,1450.8119965034373,1469.3497180106694,6629010
2024-05-28,1445.501220703125,1467.637430621861,1442.0766163922278,1457.2145743340495,7820162
2024-05-29,1430.1895751953125,1447.287997987601,1427.8815843874524,1435.8724890871501,7383556
2024-05-30,1414.3814697265625,1429.817270893488,1409.6663684202383,1424.9532474164846,13206858
2024-05-31,1419.8907470703125,1431.653659822201,1411.800601617005,1420.7841589242364,31069832
2024-06-03,1499.228515625,1503.3728901534053,1448.2806515244756,1472.1043222829317,21527942
2024-06-04,1387.0091552734375,1487.0437791255476,1349.3131842665355,1487.0437791255476,36709098
2024-06-05,1410.3116455078125,1420.6352601794422,1373.9308915121778,1411.5524616660985,17464890
2024-06-06,1421.0819091796875,1433.0929853880773,1410.9072166555904,1424.4569533735907,17855722
2024-06-07,1459.1500244140625,1461.1850112482903,1416.0193060772324,1418.004611799037,18558696
2024-06-10,1460.5894775390625,1482.3781598703026,1457.2888339961758,1459.150058153404,9251760
2024-06-11,1445.9727783203125,1462.847878399236,1443.9874724286744,1458.20717740815,11774902
2024-06-12,1452.57373046875,1465.155654220818,1444.4837064170613,1446.7915758989445,10081742
2024-06-13,1454.4847412109375,1461.433311890669,1449.3725542618724,1461.1851486521073,9181160
2024-06-14,1466.6944580078125,1468.8038455887872,1446.518713499826,1459.199879544848,8157998
2024-06-18,1470.1439208984375,1476.4720837189377,1460.5399547367645,1476.4224025999808,7196766
2024-06-19,1447.9332275390625,1476.571240472528,1445.3026730272272,1476.571240472528,8725874
2024-06-20,1462.87255859375,1471.9553570393568,1439.4459739347105,1448.2806091505108,16113776
2024-06-21,1443.515869140625,1463.8652545834836,1429.9909727182371,1462.7982011333013,31170360
2024-06-24,1430.88427734375,1438.8503408924523,1426.9385064042085,1434.9045699529108,8878386
2024-06-25,1443.46630859375,1445.2282918111714,1430.4128980926341,1432.3982039886682,7045386
2024-06-26,1502.9013671875,1507.8149506909176,1434.5075565031482,1435.425808927042,22014882
2024-06-27,1519.3050537109375,1526.2039433921725,1494.935374795845,1502.6284353235128,28383030
2024-06-28,1553.89892578125,1569.3842873036351,1519.7764812043604,1519.7764812043604,28957336
2024-07-01,1548.6875,1567.7960689891884,1544.2454023527885,1551.0450507194453,7724306
2024-07-02,1553.675537109375,1561.939323957406,1545.5605512562322,1557.968712393485,7749246
2024-07-03,1541.019287109375,1563.4283787351976,1531.440162014497,1554.8170660210362,9049620
2024-07-04,1542.6075439453125,1555.983518377374,1539.4062623766438,1545.5606622734106,6837176
2024-07-05,1576.9532470703125,1586.755694667964,1536.6267221432645,1542.4088769403465,12269710
2024-07-08,1589.1380615234375,1596.9800437158895,1570.8980643748457,1577.325467706802,9500806
2024-07-09,1578.5911865234375,1588.7410386525216,1568.887979750272,1585.8623208770043,6960002
2024-07-10,1572.5855712890625,1585.7630632323035,1551.6654591589945,1583.2814308954767,7134578
2024-07-11,1569.036865234375,1592.4634499565013,1558.9614138424095,1575.8365135146928,11940946
2024-07-12,1584.9937744140625,1593.3569240772113,1562.9320865975437,1572.8586162043875,12924784
2024-07-15,1585.4901123046875,1594.0517441522056,1573.8512804915936,1592.6620057625546,5329688
2024-07-16,1564.669189453125,1588.24469666931,1557.5965372882695,1581.792452589091,9386838
2024-07-18,1575.0177001953125,1582.1895936713806,1546.3795650620239,1564.4210812674708,12298374
2024-07-19,1543.7242431640625,1578.293333314245,1541.3915329908289,1574.3475621142547,13140390
2024-07-22,1489.6495361328125,1526.203933085127,1488.2597977476694,1525.9557698439748,19674376
2024-07-23,1476.96826171875,1494.6870915999891,1452.2511804820083,1489.9719903646578,18052044
2024-07-24,1484.7109375,1498.4095963901725,1465.552808673545,1474.0895996286229,11913362
2024-07-25,1481.435302734375,1489.4509269223795,1466.2228234080762,1470.1190347480779,12519876
2024-07-26,1497.9381103515625,1501.3131545447015,1479.4002684339398,1481.4352554076795,9859940
2024-07-29,1508.931640625,1516.2772962786503,1500.6678537480493,1500.8414953005092,7538550
2024-07-30,1502.0328369140625,1513.7957501477324,1498.9059558839842,1505.8793670988641,8228208
2024-07-31,1494.364501953125,1499.3524857083617,1490.1208866802617,1492.9499231376883,10057346
2024-08-01,1504.1671142578125,1506.8472288436842,1493.2479314401046,1500.8913109431162,10764222
2024-08-02,1488.309326171875,1498.2358556077295,1482.303848567256,1493.9426800961044,10268248
2024-08-05,1436.69140625,1472.997761203301,1422.7198642160924,1469.126390399314,17046704
2024-08-06,1445.352294921875,1466.6446510309138,1440.6619130584993,1444.4588830824964,10236186
2024-08-07,1454.062744140625,1461.6814036613468,1450.7622216985117,1458.2071184913539,8174568
2024-08-08,1438.4781494140625,1454.2365143735713,1435.3017085687702,1446.8164580997684,12387192
2024-08-09,1463.46826171875,1465.6520496932055,1445.3026646483625,1449.2732763644294,6249776
2024-08-12,1449.8936767578125,1462.1777566892652,1447.0397996020206,1459.199797918004,8184584
2024-08-13,1452.8717041015625,1459.2742672925806,1447.28803114191,1450.0178268110735,6265064
2024-08-14,1451.109619140625,1461.1850703208015,1443.0194737625147,1452.7972017764512,6267466
2024-08-16,1467.339599609375,1469.5235088888628,1447.3377388233519,1457.8598362701878,9416902
2024-08-19,1482.4791259765625,1492.3397678065596,1474.6105280885965,1476.6025720306277,13797742
2024-08-20,1489.9990234375,1497.9423959482733,1484.0976661921165,1491.268975771349,8411808
2024-08-21,1492.7132568359375,1501.8766102174725,1484.072717714687,1487.30978907883,7769996
2024-08-22,1492.1654052734375,1500.5070892244864,1484.720165407205,1497.0210123494212,10445782
2024-08-23,1494.008056640625,1505.3128818837536,1492.4642955105633,1497.768063961028,9249654
2024-08-26,1506.5828857421875,1516.941539085057,1497.021098650585,1500.9802618699923,8816114
2024-08-27,1494.481201171875,1507.4544123852302,1493.485179145279,1504.4912711730515,6251156
2024-08-28,1492.33984375,1501.4782728482842,1487.0608784010915,1499.0131426615155,9610286
2024-08-29,1514.874755859375,1530.885760314005,1488.0568158159556,1497.1205913811584,38335358
2024-08-30,1503.6197509765625,1533.599989641746,1497.3447635789732,1527.89778785993,41620730
2024-09-02,1510.2183837890625,1520.7264647058682,1500.6316718721823,1504.8647654458696,11240852
2024-09-03,1503.1217041015625,1516.941509382377,1501.5031683479538,1515.1984708784905,10923800
2024-09-04,1508.525146484375,1511.4633627071519,1493.534966971581,1494.7301447200666,11983304
2024-09-05,1487.035888671875,1519.7054581926027,1481.1345314015284,1513.0072347057646,16264168
2024-09-06,1458.997802734375,1491.0448575756723,1455.8105811316245,1486.5627588054047,19394228
2024-09-09,1456.63232421875,1464.07768593117,1449.809597840599,1460.666261949736,9010298
2024-09-10,1455.7110595703125,1466.1942153054945,1451.7766997689328,1454.6901127162012,10768260
2024-09-11,1445.7259521484375,1462.9073318760024,1441.7917138302157,1457.2300550346945,9760202
2024-09-12,1473.913330078125,1480.088617533546,1440.1232367942907,1451.2039809867947,22349376
2024-09-13,1466.766845703125,1477.2500011980833,1463.6542770635715,1470.5268529366479,8711328
2024-09-16,1465.4969482421875,1475.0090069946318,1458.9232273463058,1471.6723576050656,5481774
2024-09-17,1466.4432373046875,1471.5975781970765,1460.790763828237,1468.1364260685732,5935328
2024-09-18,1457.6282958984375,1476.10455198121,1454.7399294679985,1464.1522884024148,8574714
2024-09-19,1463.82861328125,1470.6264144806405,1449.7598031867433,1460.4171894563083,16955902
2024-09-20,1480.0140380859375,1489.0528890965668,1465.5218693608433,1468.136427109257,30897320
2024-09-23,1487.434326171875,1495.5270047691104,1483.026880271187,1485.0687739665293,8832314
2024-09-24,1483.4501953125,1494.530939532627,1481.9561623839436,1482.5786761041754,17137444
2024-09-25,1488.0069580078125,1490.5468626388433,1474.3116560624171,1477.9970102640052,7069002
2024-09-26,1491.9910888671875,1498.017070530802,1482.1305684499498,1484.7202013028073,18818998
2024-09-27,1520.1038818359375,1527.3747692811157,1486.0647823070499,1493.0369361114394,20597478
2024-09-30,1470.701171875,1518.9086621673466,1468.5348969230117,1513.3558880158446,27008814
2024-10-01,1458.997802734375,1482.0308103038055,1457.0057588364782,1474.7599230273088,16431642
2024-10-03,1401.3780517578125,1443.634334423912,1396.4975195620746,1430.8602791168494,37757294
2024-10-04,1381.0093994140625,1411.711728297617,1376.2782950115372,1398.34020617394,37072876
2024-10-07,1365.272216796875,1390.9447078848398,1355.9594355150189,1387.9566419173104,22181340
2024-10-08,1391.791259765625,1395.4267642320656,1359.669551595401,1367.513224520688,17020808
2024-10-09,1369.1318359375,1395.4019165531051,1367.0402140253339,1391.9656892391695,14310610
2024-10-10,1365.595947265625,1380.4864268287754,1363.9774115920343,1374.5352199766685,22358646
2024-10-11,1366.6417236328125,1377.7723178051706,1363.3797273571677,1364.5501018082973,7980122
2024-10-14,1367.0650634765625,1374.5849563155427,1362.8070452852592,1373.962442591221,12221432
2024-10-15,1338.678466796875,1366.243302159234,1335.3666207605413,1353.1207855156183,33762794
2024-10-16,1348.6884765625,1358.5740438069333,1332.3039628645522,1334.6695151768993,20034438
2024-10-17,1351.0291748046875,1363.0062419523483,1346.6715786036464,1360.2671814831224,15543660
2024-10-18,1353.8927001953125,1362.9814005892638,1335.9891081789099,1346.796043723323,12082452
2024-10-21,1363.7532958984375,1368.5342502099143,1352.3239675798945,1361.686598848784,14067408
2024-10-22,1338.006103515625,1370.5262455038624,1334.8935348257999,1363.7532474009167,15831960
2024-10-23,1333.2003173828125,1352.0748848775756,1329.689315659354,1332.1793705575924,17214742
2024-10-24,1334.4703369140625,1338.3547254831988,1317.8616212723593,1329.9633130042932,22155934
2024-10-25,1322.5677490234375,1339.002111534351,1316.7410448137834,1338.1555171764887,18597496
2024-10-28,1329.0418701171875,1347.6177038778262,1316.8406011796387,1331.6813526124565,10824350
2024-10-29,1334.66943359375,1337.856655249044,1315.0478495098762,1322.8167478889227,12008361
2024-10-30,1338.553955078125,1344.62966480214,1320.0776988278842,1329.6893351932274,11984423
2024-10-31,1326.7510986328125,1337.6574904459744,1320.8745447599274,1334.6694245700712,9331650
2024-11-01,1333.3248291015625,1336.6116286385318,1327.6972806767253,1327.7471304089104,2127335
2024-11-04,1296.9700927734375,1334.6695017714562,1279.9878687625326,1332.5280301195805,19796890
2024-11-05,1300.1075439453125,1304.3406373759979,1281.0336986406933,1287.8564249120313,16267479
2024-11-06,1320.0777587890625,1323.0160966964434,1295.0277806900112,1304.7888451117578,21625209
2024-11-07,1300.4561767578125,1318.7331565363688,1297.4182609581876,1318.7331565363688,9611974
2024-11-08,1278.6431884765625,1296.4720058402277,1269.9279963447846,1292.4879180085577,19814406
2024-11-11,1267.6370849609375,1280.884225507143,1261.9598084895413,1273.8622221377802,9056552
2024-11-12,1269.1810302734375,1284.1712099692156,1262.4578817905294,1270.4759075040322,10671091
2024-11-13,1247.0693359375,1270.3761523895544,1244.5294313213271,1265.196886863478,14633633
2024-11-14,1262.5574951171875,1267.537605244334,1246.1231316976048,1248.613186761178,12612633
2024-11-18,1255.7347412109375,1267.8364328732807,1238.951794764919,1262.55746761959,13620611
2024-11-19,1236.710693359375,1276.4021442257297,1230.236550606767,1255.734688515481,14183746
2024-11-21,1218.1348876953125,1239.0014996478671,1212.407761281373,1236.7107220331202,19433843
2024-11-22,1260.3662109375,1263.8024380613526,1217.586994857739,1224.509420421979,20471957
2024-11-25,1281.8802490234375,1299.260783408558,1277.3483005192684,1284.868314871977,28923341
2024-11-26,1290.545654296875,1292.687125909721,1279.0914013187908,1289.7986377983043,9247557
2024-11-27,1288.0555419921875,1298.6632001168684,1280.8842325588682,1288.3543972122054,9572746
2024-11-28,1265.7447509765625,1291.442044503892,1264.0017125526565,1284.818474176107,15027412
2024-11-29,1287.0595703125,1294.3305794929802,1270.177046170391,1274.9081506356404,13202307
2024-12-02,1303.9422607421875,1306.133460567327,1271.9699779978703,1282.876370557777,11024152
2024-12-03,1318.035888671875,1321.5219654799555,1301.8006823317874,1311.7609017834461,16869482
2024-12-04,1303.742919921875,1323.1156203515295,1298.8625094957517,1320.7251432865569,19608540
2024-12-05,1316.7908935546875,1324.6593698468237,1300.9541199209712,1309.1214514378748,16858723
2024-12-06,1306.3326416015625,1318.6334884089777,1304.7887589399247,1318.6334884089777,9037514
2024-12-09,1289.9979248046875,1309.7689372979064,1287.9560310594236,1297.8166732313093,14650002
2024-12-10,1279.73876953125,1289.7488386952925,1275.107243177966,1284.121290398709,16043729
2024-12-11,1273.115234375,1284.8683422637005,1270.9738844056644,1279.8882324099652,11724373
2024-12-12,1257.876220703125,1273.1152845047754,1255.5853214463157,1264.9479526569407,20906813
2024-12-13,1267.78662109375,1270.1272485556606,1234.6688884780408,1254.9877622795104,28630222
2024-12-16,1263.2547607421875,1275.904191603511,1261.511722229068,1269.9280595585296,9486781
2024-12-17,1240.34619140625,1258.8721754853295,1237.8561365143116,1256.033537225462,17462791
2024-12-18,1248.2645263671875,1254.9378248920182,1235.714673937889,1235.714673937889,12670179
2024-12-19,1225.55517578125,1239.947766097918,1224.1109925687356,1234.0712121990753,14244653
2024-12-20,1200.50537109375,1234.5692750261348,1196.7204388413884,1219.1309339507777,20312896
2024-12-23,1217.437744140625,1222.3181546925216,1208.3738466363206,1210.1667348774333,10052824
2024-12-24,1217.8858642578125,1228.6429501715868,1216.1428258096823,1217.4377030050357,6734917
2024-12-26,1211.7105712890625,1222.8161189414398,1209.4196721335327,1219.3798917928577,10016178
2024-12-27,1216.1927490234375,1223.0154756156849,1212.1588111658666,1213.4536884394554,7000397
2024-12-30,1205.8837890625,1218.3340640862093,1203.294156174512,1211.5611874241417,8818766
2024-12-31,1210.6148681640625,1214.2503727116298,1201.3519366916562,1203.1945530395503,6405475
2025-01-01,1216.391845703125,1221.4218053468785,1206.7802092584152,1210.0172807004092,5892590
2025-01-02,1236.860107421875,1239.4994683243335,1215.1467802555553,1216.3918076943417,15486276
2025-01-03,1246.1729736328125,1257.0296379589822,1230.5852047154665,1238.9518139936486,15521102
2025-01-06,1213.15478515625,1256.9797527645217,1210.1667191829588,1248.961727102304,14816766
2025-01-07,1235.913818359375,1239.5493228115217,1216.3918123612464,1217.1388288273843,10070505
2025-01-08,1260.4658203125,1265.9937909556584,1240.395953024955,1244.0314575822304,19346579
2025-01-09,1249.758544921875,1264.6988742096441,1243.0852464738894,1261.9598138402198,12794704
2025-01-10,1236.959716796875,1251.750618829338,1231.0831628192257,1248.8621307808614,8120332
2025-01-13,1234.9178466796875,1240.2963897717905,1221.5213994754447,1225.1070543419412,13764861
2025-01-14,1233.822265625,1248.3641626627486,1222.3680125031533,1239.1509590647415,13095266
2025-01-15,1247.2186279296875,1251.9995818882041,1236.90982514039,1239.9974688456068,9578856
2025-01-16,1261.4119873046875,1269.9280238633037,1246.3223515830243,1253.8920943102864,14117603
2025-01-17,1297.169189453125,1320.7251333812799,1279.888232575373,1316.9900509904955,29366277
2025-01-20,1300.2568359375,1310.764916385877,1295.0775703121099,1310.764916385877,14040244
2025-01-21,1268.6331787109375,1307.776892128252,1265.1471016946018,1305.2868371165837,14562976
2025-01-22,1272.0196533203125,1277.7966294698952,1263.6530443254642,1273.2149526536994,10273590
2025-01-23,1258.6231689453125,1272.2686211078578,1256.581275301743,1264.9478840486133,8720682
2025-01-24,1241.34228515625,1267.9360243063209,1238.5533748820974,1260.9638702056575,14235970
2025-01-27,1224.4595947265625,1235.515414368934,1215.1468135462453,1234.1708090151494,9536019
2025-01-28,1229.4896240234375,1239.7984277662488,1213.6528493538253,1233.0752790316255,10568025
2025-01-29,1230.585205078125,1237.8063647194172,1223.1648896668228,1231.0832160878692,5928156
2025-01-30,1248.0654296875,1251.9996679975989,1227.497550840604,1230.635044492625,9269259
2025-01-31,1260.0673828125,1261.9598488917904,1244.0314532484974,1250.8541794958078,6584612
2025-02-01,1259.5693359375,1265.495739501575,1236.0632421918099,1260.0673469134033,7118453
2025-02-03,1240.94384765625,1251.003645649064,1232.6270881824535,1246.0235355947286,9252345
2025-02-04,1280.08740234375,1283.6731787459128,1241.6409781641657,1243.0852829885687,16691069
2025-02-05,1273.115234375,1285.366353249074,1271.6212014188793,1277.5476050956522,10112028
2025-02-06,1276.4520263671875,1282.8763195509282,1265.2965071593937,1268.6331564996678,9956001
2025-02-07,1261.6610107421875,1278.5933846345008,1256.979756005846,1271.073491533156,8764283
2025-02-10,1248.6629638671875,1261.461821832557,1240.5952102474196,1259.469777897567,6970972
2025-02-11,1229.937744140625,1259.5196705337273,1225.2066396338644,1259.5196705337273,8859714
2025-02-12,1211.7105712890625,1222.0193743195214,1188.6027887286011,1214.5989377224967,21131654
2025-02-13,1211.2623291015625,1223.1150152108587,1207.1786632211406,1212.2086229517822,8511216
2025-02-14,1212.40771484375,1219.1308629852126,1200.6546072366423,1214.1507532507958,10298145
2025-02-17,1220.02734375,1222.6169765728448,1199.7084711054922,1206.2821918357026,8166683
2025-02-18,1220.525390625,1225.0074896525716,1211.2623373341316,1219.9775298877432,6673250
2025-02-19,1222.567138671875,1227.8461038341088,1212.706618273488,1214.6488125132394,6217338
2025-02-20,1228.0950927734375,1234.4198079853766,1217.1388510698625,1219.0810452834291,7795582
2025-02-21,1223.264404296875,1235.0672403005465,1217.2882724889691,1223.8121434284387,6904025
2025-02-24,1209.718505859375,1218.3838481751116,1205.68456833515,1211.7105497558396,7172498
2025-02-25,1199.21044921875,1216.1428226711741,1196.7203942992758,1206.1826029932777,11552182
2025-02-27,1202.298095703125,1210.166693583284,1195.8738026303336,1207.975493883109,11509215
2025-02-28,1195.325927734375,1212.5073065135477,1188.5530513693543,1197.218393771922,23007298
2025-03-03,1166.5906982421875,1201.6506219268736,1151.4013636439433,1199.2104168056296,17944938
2025-03-04,1157.2779541015625,1169.3297956512124,1154.9373267832577,1157.576687742468,11377373
2025-03-05,1170.9234619140625,1178.2940491759787,1152.3974766666165,1156.3815647449799,8664095
2025-03-06,1204.7882080078125,1209.1208794668382,1180.4355183146993,1192.2383549047067,14468014
2025-03-07,1244.828369140625,1249.8084792402678,1207.178688153437,1211.1627762331514,16474965
2025-03-10,1233.4736328125,1252.9956391209716,1230.4855669004469,1240.0473535020744,11931051
2025-03-11,1242.3382568359375,1244.5294565449083,1224.858022557904,1235.0672477916657,10089838
2025-03-12,1252.0494384765625,1257.9757204337955,1239.0513034201438,1252.995610693361,11977555
2025-03-13,1242.9359130859375,1259.1212710412995,1238.901975238559,1255.0376050433522,9505270
2025-03-17,1233.9217529296875,1252.3980085038181,1228.1946267891797,1237.208673957254,16640917
2025-03-18,1233.9217529296875,1233.9217529296875,1233.9217529296875,1233.9217529296875,0
2025-03-19,1242.1888427734375,1248.2645525643281,1233.8720835165427,1236.113132982547,16162399
2025-03-20,1264.101318359375,1267.9359786597456,1245.0773228865291,1246.8700894970418,15971477
2025-03-21,1271.2725830078125,1275.9041093610767,1265.0474458622177,1269.927977701306,21780769
2025-03-24,1296.920166015625,1300.8046759652354,1279.141198398433,1285.86434660882,20299319
2025-03-25,1280.33642578125,1302.497915186312,1277.4977874103538,1302.497915186312,13713899
2025-03-26,1267.98583984375,1288.6532960847499,1263.7028966635362,1285.8643858858131,12074747
2025-03-27,1273.115234375,1279.8882324099652,1266.242780044616,1273.0655062272906,15028056
2025-03-28,1270.027587890625,1290.5954658598978,1263.9518781988888,1274.9081198538831,18147129
2025-04-01,1247.6170654296875,1272.8164693011493,1244.330265958221,1259.5693287834792,12099648
2025-04-02,1246.1729736328125,1250.5554948342144,1238.9518139936486,1242.5873186806543,10142590
2025-04-03,1243.732666015625,1246.8204315907722,1228.145018441354,1228.145018441354,7434366
2025-04-04,1199.9075927734375,1240.4954871764826,1188.4036122186155,1236.1628160172713,17908652
2025-04-07,1161.062744140625,1166.590714623955,1110.415052053189,1127.6960086529814,22156106
2025-04-08,1177.4971923828125,1191.8399338970503,1158.6724733291408,1167.3378163352843,19555040
2025-04-09,1180.6346435546875,1185.0670143686195,1163.3536863154889,1164.8477193030515,10223104
2025-04-11,1214.1009521484375,1217.786306450343,1190.3957018139643,1190.3957018139643,11224242
2025-04-15,1235.1668701171875,1246.0235343416643,1232.1788040875913,1246.0235343416643,13378535
2025-04-16,1234.3701171875,1235.9637280756608,1224.1110419207541,1229.1907298200806,8248464
2025-04-17,1269.4300537109375,1275.1073305428426,1222.7165970526498,1235.266450081142,15398401
2025-04-21,1290.346435546875,1295.7249783909904,1261.9598099867933,1264.947875835223,10429964
2025-04-22,1286.0635986328125,1298.713151385602,1281.1831879455033,1294.8286411452223,13051707
2025-04-23,1294.82861328125,1300.8047453425481,1280.286716249035,1291.840547250601,10480888
2025-04-24,1296.4222412109375,1299.3107293954529,1285.1672652984741,1287.2588872304611,10468940
2025-04-25,1295.22705078125,1319.928323767296,1282.9759313802824,1298.3146947064158,14431012
2025-04-28,1363.35498046875,1369.1318351951852,1314.9482133535364,1334.669497851195,31104496
2025-04-29,1394.1319580078125,1405.2874774645995,1364.5501529607263,1365.5461749701867,32538970
2025-04-30,1399.410888671875,1406.7814756764847,1363.5540972183608,1396.4228227174156,25480745
2025-05-02,1414.152099609375,1421.024554216323,1403.4945911426703,1408.3751233126775,13007841
2025-05-05,1425.6063232421875,1433.773654928142,1421.2238021682567,1425.3074680112338,12685649
2025-05-06,1415.2476806640625,1426.3035005201455,1404.9886054552057,1425.3074785225756,14084117
2025-05-07,1400.4068603515625,1418.733688530858,1397.1199392858432,1415.2476117092147,13440169
2025-05-08,1401.4029541015625,1415.1481063364454,1392.438756100913,1398.51446598441,16106175
2025-05-09,1371.721435546875,1389.251519832932,1369.032224808638,1379.9884666950659,13668904
2025-05-12,1430.7855224609375,1433.275577320772,1394.430721507353,1394.430721507353,10674081
2025-05-13,1410.0682373046875,1441.9409399606418,1406.7814377941193,1427.7974767909468,11407896
2025-05-14,1418.7337646484375,1424.2118856620737,1409.8691445094285,1414.3512435205853,5570160
2025-05-15,1448.4151611328125,1455.5865925696291,1407.0802476372012,1419.3313670179805,20177211
2025-05-16,1450.6064453125,1455.1881221330052,1441.542669553187,1447.4191020051853,9036695
2025-05-19,1435.0684814453125,1448.81351147394,1432.4787270944578,1446.3234565863577,6195791
2025-05-20,1418.932861328125,1439.2517336495314,1416.1440727881434,1432.4787356808251,11270560
2025-05-21,1423.5145263671875,1430.486680037078,1412.458707007589,1418.235682967954,6136364
2025-05-22,1403.79345703125,1418.1361984129633,1391.3431818014155,1415.5464438973825,12134466
2025-05-23,1421.124267578125,1428.0964217220903,1401.0045498118507,1401.0045498118507,6474883
2025-05-26,1429.0924072265625,1435.2676949623963,1419.430920923106,1426.3034970063507,4842944
2025-05-27,1416.44287109375,1431.2836233071982,1408.275539274527,1420.4269591196573,12640414
2025-05-28,1407.279541015625,1416.9409060075968,1405.0882196135674,1414.4508509493858,5944611
2025-05-29,1412.1600341796875,1414.3512339364067,1402.996558868143,1406.4826358531975,13771917
2025-05-30,1415.2476806640625,1424.9090454066043,1404.0921613404494,1412.3591925541664,13788484
2025-06-02,1408.0762939453125,1411.8612262898896,1390.0483195350275,1406.4826830156508,8098668
2025-06-03,1399.908935546875,1420.8253977642241,1397.8173136420837,1416.6421539546416,11252626
2025-06-04,1417.8372802734375,1420.0284799827916,1400.506473605418,1409.0722382665938,8126827
2025-06-05,1436.662109375,1448.913106617055,1417.9368477633755,1422.3193687346825,13716817
2025-06-06,1437.7576904296875,1445.7258660607492,1431.28354772945,1435.2676355449807,8182161
2025-06-09,1443.0367431640625,1451.70208605586,1439.5506661134996,1451.204075048637,7885125
2025-06-10,1432.777587890625,1448.1163503747662,1430.2875329933524,1444.2318404180787,7913181
2025-06-11,1443.13623046875,1462.7578142878924,1437.3592545136698,1440.0485867347081,8195700
2025-06-12,1435.865234375,1451.2039968882907,1428.6939248911115,1447.7179200254843,8828114
2025-06-13,1422.2198486328125,1429.7895915718395,1408.6739736495979,1418.335338487147,9757276
2025-06-16,1432.0804443359375,1436.6621211041454,1418.7337255535563,1421.223780491138,8458093
2025-06-17,1425.506591796875,1442.2398094911548,1420.12817043809,1442.2398094911548,10366599
2025-06-18,1424.4110107421875,1437.0605628519918,1420.028489708749,1424.3114328610282,6681735
2025-06-19,1427.598388671875,1434.1721095891817,1420.0285241646616,1424.4110453044384,10007230
2025-06-20,1460.367431640625,1465.148385952672,1422.4190171371765,1425.3075053013417,29010635
2025-06-23,1451.0048828125,1457.9770367383994,1436.2637087352834,1447.2199506188397,5989078
2025-06-24,1445.0286865234375,1469.1323689599471,1437.359244595668,1459.1721495093714,16402744
2025-06-25,1461.463134765625,1466.5428226679085,1454.690136506102,1458.1762135192969,7525851
2025-06-26,1489.3516845703125,1492.8377614283193,1459.2717484446844,1463.2558362824063,14657893
2025-06-27,1509.3717041015625,1515.9454247275912,1490.9452978220222,1493.4353527246628,11117052
2025-06-30,1494.630615234375,1518.734421010171,1490.0489382705405,1507.7781788170053,8409527
2025-07-01,1522.320068359375,1525.3081343971446,1494.132596769193,1494.630607775488,10368523
2025-07-02,1512.75830078125,1523.9136988316197,1502.6983810571346,1522.3200879079554,6361002
2025-07-03,1511.76220703125,1525.8060926058627,1506.9812529023668,1514.7502729656235,11283291
2025-07-04,1521.2244873046875,1523.913698138102,1511.1645675851503,1517.9375659885409,6603501
2025-07-07,1535.367919921875,1538.65484117058,1518.933556847784,1520.5271677380254,7251074
2025-07-08,1531.4833984375,1538.7544076502807,1524.1128113419518,1529.8897875590692,7171261
2025-07-09,1512.9573974609375,1544.8301010282516,1504.0927774643353,1530.586937987722,8870660
2025-07-10,1511.16455078125,1518.6347158851345,1501.5031858807802,1513.654605815878,10047129
2025-07-11,1489.2520751953125,1508.9733598189127,1484.3716645666439,1505.9852937598653,7234991
2025-07-14,1477.7977294921875,1494.0329360309418,1473.2160528053016,1486.263916129696,10311846
2025-07-15,1479.4910888671875,1490.5469086437597,1476.503022895967,1480.2878335086834,8132454
2025-07-16,1479.690185546875,1485.068728397248,1465.6463003598592,1467.1403332858122,10409983
2025-07-17,1470.52685546875,1483.674296790977,1468.0368005528198,1481.4830970988435,11854613
2025-07-18,1470.12841796875,1478.8934598804974,1463.2558421043927,1478.8934598804974,10296318
2025-07-21,1422.9169921875,1470.128458883213,1417.4388712363768,1459.1722169809668,22442744
2025-07-22,1407.179931640625,1426.2039275426996,1405.0881881707605,1421.721828538219,20396320
2025-07-23,1418.932861328125,1420.3273163904719,1408.7734859597779,1420.3273163904719,8354596
2025-07-24,1397.3192138671875,1417.3392306864348,1390.4466381154343,1413.554298653669,14740507
2025-07-25,1386.1636962890625,1395.4267490386208,1378.593953801798,1393.3351272649268,11854722
2025-07-28,1382.080078125,1402.199795115413,1379.490445288333,1386.7614543919697,7748361
2025-07-29,1411.4627685546875,1414.550412474214,1377.4984422704579,1377.4984422704579,10750072
2025-07-30,1404.4906005859375,1417.6381639620695,1395.7256799199,1412.458776601272,7209849
2025-07-31,1384.669677734375,1397.0203743336986,1376.7015020683227,1382.5780559389787,17065827
2025-08-01,1388.15576171875,1400.3073026227253,1378.7932525308158,1381.3828853186424,10321171
2025-08-04,1405.885009765625,1410.466686507784,1386.1637261382157,1389.5502251510159,6312820
2025-08-05,1386.1636962890625,1405.38696851784,1382.5780415934858,1405.38696851784,9315972
2025-08-06,1387.259521484375,1390.3471654369864,1377.797312271222,1386.3630773472378,5834312
2025-08-07,1383.8729248046875,1388.1557462486337,1360.5659868045632,1382.1796145349972,9976705
2025-08-08,1362.35888671875,1391.6418351007062,1359.569976594415,1379.4904158119157,8793606
2025-08-11,1380.6856689453125,1382.4785572067015,1355.7851185633474,1364.5501609316866,9997486
2025-08-12,1374.9088134765625,1396.3232867936674,1369.7294260490362,1376.4028464986861,12244664
2025-08-13,1377.0999755859375,1386.2634508216695,1372.0202877666845,1382.4785186353236,7457021
2025-08-14,1373.800048828125,1380.699951171875,1370.0999755859375,1377.300048828125,7126128
2025-08-18,1381.699951171875,1394.9000244140625,1377.0,1390.0,11785109
2025-08-19,1420.0999755859375,1421.0,1389.0999755859375,1390.0,14384719
2025-08-20,1413.0,1424.9000244140625,1410.0,1413.0,8725641
2025-08-21,1424.800048828125,1431.9000244140625,1420.300048828125,1425.0,11021323
2025-08-22,1409.199951171875,1423.4000244140625,1407.9000244140625,1420.0,5818868
2025-08-25,1412.5999755859375,1419.5,1405.699951171875,1414.699951171875,5979407
2025-08-26,1384.9000244140625,1410.0,1381.5999755859375,1408.0,12145259
2025-08-28,1385.9000244140625,1392.199951171875,1366.5,1389.9000244140625,13161813
2025-08-29,1357.199951171875,1403.5,1350.0,1381.0999755859375,18758842
2025-09-01,1353.9000244140625,1363.199951171875,1340.5999755859375,1356.0,11232238
2025-09-02,1366.5,1384.5,1354.5,1354.800048828125,11517006
2025-09-03,1372.5999755859375,1376.5,1360.5,1369.699951171875,7847563
2025-09-04,1359.300048828125,1374.0,1357.0999755859375,1371.800048828125,13223177
2025-09-05,1375.0,1381.0,1359.300048828125,1363.0,5777575
2025-09-08,1378.5,1386.0,1372.4000244140625,1380.0,6986720
2025-09-09,1376.199951171875,1381.199951171875,1368.699951171875,1376.5999755859375,9754452
2025-09-10,1377.0,1388.5,1374.0999755859375,1383.9000244140625,7790815
2025-09-11,1383.300048828125,1385.5,1375.0,1376.0,9766072
2025-09-12,1395.0,1396.300048828125,1380.5,1383.300048828125,7403368
2025-09-15,1399.300048828125,1400.800048828125,1388.5999755859375,1393.0,5396697
2025-09-16,1405.300048828125,1408.0,1398.199951171875,1404.699951171875,8686961
2025-09-17,1413.800048828125,1416.199951171875,1406.9000244140625,1407.0,7519417
2025-09-18,1415.0,1422.0,1410.699951171875,1420.4000244140625,9332642
2025-09-19,1407.4000244140625,1417.0,1403.5999755859375,1414.9000244140625,13461373
2025-09-22,1390.5999755859375,1410.699951171875,1388.0,1403.9000244140625,7757970
2025-09-23,1389.800048828125,1395.0,1376.800048828125,1391.0,14014702
2025-09-24,1383.0,1396.0,1380.4000244140625,1385.300048828125,5922759
2025-09-25,1372.4000244140625,1384.5,1369.0,1381.300048828125,11411143
2025-09-26,1377.5999755859375,1382.699951171875,1366.0,1372.0,9879109
2025-09-29,1372.800048828125,1389.0,1368.0,1381.5999755859375,14231999
2025-09-30,1364.0,1377.0999755859375,1362.800048828125,1377.0999755859375,14604684
2025-10-01,1368.699951171875,1378.5999755859375,1362.699951171875,1367.0,12045916
2025-10-03,1363.4000244140625,1371.5999755859375,1356.9000244140625,1363.199951171875,12842347
2025-10-06,1375.0,1377.4000244140625,1359.0,1360.0,12396580
2025-10-07,1384.800048828125,1395.9000244140625,1375.9000244140625,1376.0,11244040
2025-10-08,1367.4000244140625,1389.0,1364.5,1384.800048828125,8525081
2025-10-09,1377.800048828125,1380.0,1369.0999755859375,1374.0,8826633
2025-10-10,1381.699951171875,1388.0,1375.0999755859375,1377.800048828125,6373084
2025-10-13,1375.0,1377.699951171875,1367.800048828125,1376.9000244140625,7600682
2025-10-14,1375.9000244140625,1388.0,1370.0999755859375,1380.0,9768174
2025-10-15,1374.300048828125,1384.0,1372.699951171875,1383.0,10882743
2025-10-16,1398.300048828125,1400.5,1375.0,1375.0999755859375,12315932
2025-10-17,1416.800048828125,1423.300048828125,1399.0999755859375,1401.0,19335561
2025-10-20,1466.800048828125,1473.800048828125,1433.300048828125,1440.0,24721978
2025-10-21,1465.199951171875,1474.0,1460.0,1468.0,2066169
2025-10-23,1448.4000244140625,1482.9000244140625,1444.5999755859375,1475.0,18707090
2025-10-24,1451.5999755859375,1459.800048828125,1441.0,1450.0,9700837
2025-10-27,1484.0999755859375,1485.0,1458.0,1463.0,14113867
2025-10-28,1486.9000244140625,1492.0,1477.5999755859375,1484.0999755859375,17631577
2025-10-29,1504.199951171875,1508.300048828125,1488.0999755859375,1490.0,11884745
2025-10-30,1488.5,1503.0999755859375,1484.0,1500.0,9318663
2025-10-31,1486.4000244140625,1497.5,1482.300048828125,1490.4000244140625,8758053
2025-11-03,1484.699951171875,1495.0,1479.300048828125,1486.0,8452085
2025-11-04,1473.0999755859375,1492.800048828125,1470.0999755859375,1483.9000244140625,10007806
2025-11-06,1496.0999755859375,1501.5999755859375,1476.199951171875,1484.0,16772678
2025-11-07,1478.0,1498.4000244140625,1475.9000244140625,1494.5999755859375,7821765
2025-11-10,1489.300048828125,1501.0,1475.5,1477.9000244140625,7068438
2025-11-11,1493.4000244140625,1498.800048828125,1480.199951171875,1497.0,7127506
2025-11-12,1511.5,1524.699951171875,1500.0,1505.0,12384459
2025-11-13,1510.9000244140625,1522.0999755859375,1506.800048828125,1515.0,7196443
2025-11-14,1518.9000244140625,1520.9000244140625,1505.5,1505.5,7682823
2025-11-17,1518.300048828125,1523.699951171875,1511.5,1520.9000244140625,5871416
2025-11-18,1519.4000244140625,1527.800048828125,1510.5,1521.699951171875,11045042
2025-11-19,1518.9000244140625,1522.300048828125,1512.0,1517.4000244140625,5692366
2025-11-20,1549.0999755859375,1550.9000244140625,1526.699951171875,1530.0,18171724
2025-11-21,1546.5999755859375,1557.800048828125,1540.0999755859375,1541.0,9615271
2025-11-24,1535.9000244140625,1550.0,1531.800048828125,1550.0,18433951
2025-11-25,1539.699951171875,1559.5999755859375,1525.0999755859375,1535.9000244140625,15033482
2025-11-26,1569.9000244140625,1571.5999755859375,1540.5,1542.300048828125,14054299
2025-11-27,1563.4000244140625,1575.5,1556.0,1575.0,9794643
2025-11-28,1567.5,1581.300048828125,1563.0,1568.0,8959508
2025-12-01,1566.0999755859375,1577.5,1563.5999755859375,1575.0,8920233
2025-12-02,1546.300048828125,1567.5,1542.0,1561.0999755859375,11389150
2025-12-03,1538.800048828125,1552.4000244140625,1533.0,1545.199951171875,6090883
2025-12-04,1535.5999755859375,1560.5,1517.5999755859375,1536.0,11867930
2025-12-05,1540.5999755859375,1545.800048828125,1520.5999755859375,1530.4000244140625,10183266
2025-12-08,1543.0,1551.0,1535.0,1539.199951171875,11301491
2025-12-09,1529.4000244140625,1542.5,1520.0999755859375,1540.300048828125,11503971
2025-12-10,1536.9000244140625,1547.5,1531.4000244140625,1534.0,7991629
2025-12-11,1545.0,1550.0,1524.0,1536.9000244140625,4706197
2025-12-12,1556.5,1559.800048828125,1546.0999755859375,1550.800048828125,5106655
2025-12-15,1556.199951171875,1558.5999755859375,1546.5,1551.199951171875,5774543
2025-12-16,1542.300048828125,1551.699951171875,1538.800048828125,1545.0,11731856
2025-12-17,1544.4000244140625,1550.0,1539.300048828125,1550.0,7116649
2025-12-18,1544.4000244140625,1551.5,1535.199951171875,1535.199951171875,6580829
2025-12-19,1565.0999755859375,1574.199951171875,1551.0,1554.4000244140625,13937275
2025-12-22,1575.4000244140625,1577.5,1565.300048828125,1573.5,10184852
2025-12-23,1570.699951171875,1580.9000244140625,1568.0999755859375,1580.9000244140625,7506564
2025-12-24,1558.199951171875,1575.699951171875,1553.5999755859375,1572.699951171875,8815745
2025-12-26,1559.199951171875,1561.0,1554.300048828125,1554.699951171875,2311495
2025-12-29,1545.5999755859375,1558.0999755859375,1543.5999755859375,1554.9000244140625,5972105
2025-12-30,1539.800048828125,1553.5999755859375,1537.800048828125,1547.0,8815884
2025-12-31,1570.4000244140625,1577.0,1541.0,1541.0,5771830
2026-01-01,1575.5999755859375,1592.5,1571.0999755859375,1573.699951171875,6408128
2026-01-02,1592.300048828125,1594.5999755859375,1578.199951171875,1580.0,6602230
2026-01-05,1578.0999755859375,1611.800048828125,1575.300048828125,1593.0,8704973
2026-01-06,1507.5999755859375,1569.0,1496.300048828125,1569.0,27417125
2026-01-07,1504.199951171875,1520.0,1498.0,1510.0,11199340
2026-01-08,1470.5999755859375,1503.9000244140625,1468.800048828125,1500.0,16518684
2026-01-09,1475.300048828125,1479.9000244140625,1465.0,1465.0,8335311
2026-01-12,1483.199951171875,1485.300048828125,1451.0,1475.300048828125,8883745
2026-01-13,1452.800048828125,1485.800048828125,1444.699951171875,1485.0,13499760
2026-01-14,1458.800048828125,1467.0,1440.199951171875,1444.0,8321764
2026-01-15,1458.800048828125,1458.800048828125,1458.800048828125,1458.800048828125,0
2026-01-16,1457.9000244140625,1480.0,1455.0999755859375,1458.800048828125,17167161
2026-01-19,1413.5999755859375,1450.5999755859375,1403.300048828125,1450.5999755859375,20392765
2026-01-20,1394.0,1416.0,1390.0,1410.699951171875,13189498
2026-01-21,1404.5999755859375,1412.9000244140625,1373.0,1389.5,17352720
2026-01-22,1402.5,1419.5,1395.0,1410.0999755859375,15721693
2026-01-23,1386.0999755859375,1407.0,1381.0,1401.800048828125,9837802
2026-01-27,1380.5,1391.5999755859375,1368.0,1380.0,26302396
2026-01-28,1396.699951171875,1409.9000244140625,1384.9000244140625,1385.0,11121657
2026-01-29,1391.0,1402.9000244140625,1384.0,1402.9000244140625,20846683
2026-01-30,1395.4000244140625,1398.0,1378.5,1382.5999755859375,11239835
2026-02-02,1390.4000244140625,1392.9000244140625,1335.5,1340.0,15711165
2026-02-03,1437.0999755859375,1489.5,1430.199951171875,1473.9000244140625,25456171
2026-02-04,1456.800048828125,1464.0,1440.300048828125,1444.0,8333387
2026-02-05,1443.4000244140625,1461.5,1439.5,1457.0,11763658
2026-02-06,1450.800048828125,1452.800048828125,1433.5,1441.5,8277304
2026-02-09,1461.5999755859375,1465.9000244140625,1453.0,1458.0,5775864
2026-02-10,1458.5,1471.0,1452.199951171875,1471.0,10259630
2026-02-11,1468.699951171875,1470.0,1453.5999755859375,1459.5999755859375,7106877
2026-02-12,1448.9000244140625,1473.0,1445.5,1470.0,11135399
2026-02-13,1419.5999755859375,1450.699951171875,1416.300048828125,1445.5,10755693
2026-02-16,1437.0999755859375,1439.5999755859375,1409.300048828125,1420.0999755859375,5896514
2026-02-17,1423.0,1431.800048828125,1418.5999755859375,1431.0999755859375,10731630
2026-02-18,1441.300048828125,1442.0999755859375,1419.199951171875,1427.0,5521096
2026-02-19,1409.5,1443.0,1400.0,1443.0,11884664
2026-02-20,1419.4000244140625,1427.4000244140625,1406.0999755859375,1409.5,8177670
2026-02-23,1428.0,1434.9000244140625,1418.300048828125,1425.0,7758856
2026-02-24,1428.800048828125,1433.300048828125,1415.0,1425.300048828125,12529409
2026-02-25,1398.5,1440.5,1393.5,1435.0,10728792
2026-02-26,1406.800048828125,1412.9000244140625,1391.9000244140625,1398.5,16683858
2026-02-27,1393.9000244140625,1410.4000244140625,1388.0999755859375,1398.0,12031440
2026-03-02,1358.0,1378.5999755859375,1341.5,1375.5,23728722
2026-03-04,1345.0,1352.800048828125,1307.0,1330.0,32495007
2026-03-05,1389.4000244140625,1399.0,1353.0999755859375,1353.0999755859375,25957532
2026-03-06,1404.800048828125,1424.300048828125,1390.300048828125,1396.5,19311971
2026-03-09,1424.0,1429.4000244140625,1370.0,1375.0,24870822
2026-03-10,1408.800048828125,1431.5,1400.5999755859375,1430.5999755859375,18071259
2026-03-11,1390.199951171875,1434.0,1383.5999755859375,1424.9000244140625,21848087
2026-03-12,1392.199951171875,1410.9000244140625,1381.0999755859375,1390.0,20939959
2026-03-13,1380.699951171875,1400.800048828125,1378.4000244140625,1385.199951171875,17265090
2026-03-16,1395.0999755859375,1397.300048828125,1363.5,1380.0,22837802
2026-03-17,1397.5999755859375,1405.9000244140625,1388.199951171875,1399.0,19007744
2026-03-18,1408.0999755859375,1412.9000244140625,1397.199951171875,1397.199951171875,9559327
2026-03-19,1384.800048828125,1415.699951171875,1376.0999755859375,1388.0,16498373
2026-03-20,1414.4000244140625,1430.0,1396.0999755859375,1398.0,22994918
2026-03-23,1407.800048828125,1415.5999755859375,1391.0,1400.0,18979554
2026-03-24,1411.800048828125,1422.4000244140625,1406.5999755859375,1420.0,18620893
2026-03-25,1413.0999755859375,1430.5,1408.4000244140625,1420.0,19038728
