Date,Close,High,Low,Open,Volume
,TCS.NS,TCS.NS,TCS.NS,TCS.NS,TCS.NS
2017-09-11,1088.553955078125,1101.193767800692,1086.5803919399823,1095.9826169413882,732764
2017-09-12,1103.6324462890625,1107.424409755971,1089.684331105495,1097.1794710245824,1396460
2017-09-13,1103.96533203125,1122.791973265156,1097.756303045386,1108.7551760471483,1278980
2017-09-14,1102.9671630859375,1107.6905238631762,1096.2924370214103,1100.7718500685266,1081510
2017-09-15,1111.4381103515625,1116.2944351662252,1102.102372422753,1108.311399873022,2944072
2017-09-18,1108.3338623046875,1117.1595101281384,1103.9875203922702,1110.9504811895056,726600
2017-09-19,1107.979248046875,1110.9728875642636,1104.9856085294862,1110.9728875642636,782754
2017-09-20,1105.894775390625,1114.9643724370521,1097.357359253229,1114.9643724370521,1334642
2017-09-21,1119.798095703125,1126.9385208262627,1099.8849002948175,1104.7856187841624,2438740
2017-09-22,1110.3519287109375,1120.6854412785287,1105.2072609111917,1117.5809265006883,2435396
2017-09-25,1113.5228271484375,1123.8342503212748,1105.5397898533377,1107.225119382122,1599558
2017-09-26,1097.51220703125,1120.4634360758414,1093.6759579509649,1113.1900464139992,1449230
2017-09-27,1106.5374755859375,1114.1656882311993,1097.1130582087026,1104.3199656148236,2010356
2017-09-28,1098.310791015625,1114.9643170889372,1087.4671859594566,1106.404704614222,4332866
2017-09-29,1080.348876953125,1101.6591736872738,1073.94029351197,1099.4416632732493,1985014
2017-10-03,1085.892578125,1088.4871084412875,1076.4016775180442,1082.1450074390375,1923006
2017-10-04,1083.1649169921875,1088.3538685487244,1075.4923110149375,1086.4025031302008,1300778
2017-10-05,1077.5321044921875,1083.6745399571828,1075.2258083226022,1082.5879821139065,1684686
2017-10-06,1085.0941162109375,1088.7974011917204,1076.845044043785,1077.7098512814177,1389188
2017-10-09,1088.3985595703125,1094.540998760573,1082.6108354426706,1082.6108354426706,1773616
2017-10-10,1090.6829833984375,1095.4284361447455,1087.1349651541811,1088.7980987061762,1222010
2017-10-11,1108.91064453125,1115.1639598827537,1089.5739074723324,1091.0152894604407,1527746
2017-10-12,1130.1322021484375,1133.1480385443654,1111.8599344934341,1114.5209474998005,5006356
2017-10-13,1134.74462890625,1157.0748968896712,1118.9559092696907,1130.13214164269,4066320
2017-10-16,1146.186767578125,1148.670422613446,1133.170046094945,1133.170046094945,1218590
2017-10-17,1150.688232421875,1159.7356306711827,1143.148697788497,1146.4527663106926,1443016
2017-10-18,1147.16259765625,1159.159243074892,1144.235440428123,1150.887972058519,1514144
2017-10-19,1145.9649658203125,1151.2427054676007,1140.2438323758506,1149.5573759308459,86822
2017-10-23,1147.7391357421875,1165.967116863166,1129.7994959760683,1146.0095207205861,1886088
2017-10-24,1143.525634765625,1162.3744717646346,1139.3789555919632,1161.9753632330492,1339020
2017-10-25,1138.41162109375,1162.4704445726657,1136.2325883256162,1146.6832598816445,1105106
2017-10-26,1129.050537109375,1142.525145471764,1119.73378804571,1127.3828768099077,3007552
2017-10-27,1149.26220703125,1153.197818992362,1125.2479060572477,1128.6721457781093,1409270
2017-10-30,1163.44873046875,1165.1386479319856,1148.1062559062868,1150.0185280733263,1137252
2017-10-31,1166.91748046875,1174.032830959413,1156.822598674448,1156.822598674448,1592634
2017-11-01,1157.5118408203125,1168.1848658265174,1146.8388158141079,1166.9174006783805,741882
2017-11-02,1167.8734130859375,1189.1527988576433,1159.2460951466574,1160.0243365071663,1468422
2017-11-03,1165.183349609375,1172.5654618193867,1157.4898539066758,1170.6531893449417,666886
2017-11-06,1185.3951416015625,1188.17457530166,1161.4697545967963,1165.1386070809253,1377000
2017-11-07,1205.1849365234375,1230.9558289299496,1185.6177195895798,1187.3743003045395,2696892
2017-11-08,1216.2802734375,1226.953299602948,1208.8313905928644,1210.943760354776,1402252
2017-11-09,1216.90283203125,1222.950923664208,1209.298365976175,1222.950923664208,1152432
2017-11-10,1204.606689453125,1212.2779272539801,1197.7582075407277,1210.5880096762753,1356566
2017-11-13,1226.930908203125,1235.1357744559532,1201.6269881991998,1201.6269881991998,1496996
2017-11-14,1207.2086181640625,1225.8641625405521,1204.051136851131,1225.8641625405521,1657252
2017-11-15,1203.072265625,1225.174299328692,1201.3156853493613,1203.383540465859,6670834
2017-11-16,1221.4610595703125,1228.732101864505,1194.9119294636798,1205.162503095479,1653482
2017-11-17,1203.9617919921875,1222.1059574022022,1202.3163889105813,1222.1059574022022,1325464
2017-11-20,1202.24951171875,1212.6779246190868,1198.6251738207684,1207.3859266014897,1014498
2017-11-21,1188.6856689453125,1201.1597861806877,1185.594961109853,1201.1597861806877,1527740
2017-11-22,1192.1099853515625,1205.0288127048398,1188.4411334919625,1188.7080025103958,1822624
2017-11-23,1192.376953125,1197.6022880244757,1186.9292635489512,1192.2657757867134,793470
2017-11-24,1195.4010009765625,1202.0048697418306,1188.7526178472374,1192.7104876699927,2287512
2017-11-27,1194.423095703125,1198.89233947683,1183.905650517949,1195.3791777328415,1856786
2017-11-28,1194.17822265625,1201.7826885660772,1187.3741468420415,1194.489497534728,911716
2017-11-29,1182.10400390625,1197.6021667222947,1178.479666473851,1190.709172446693,1447532
2017-11-30,1172.6988525390625,1186.017879225774,1166.4729200644524,1180.1032216605654,4299962
2017-12-01,1169.5635986328125,1186.4848149532015,1165.805825487188,1171.8094030740951,1031144
2017-12-04,1170.6304931640625,1182.2595971742442,1157.5559754512617,1166.0277087797133,1259104
2017-12-05,1172.0538330078125,1179.2358460957864,1168.7629184392624,1170.030383606141,1167914
2017-12-06,1171.05322265625,1176.2563006461062,1161.9589376226684,1172.2539162582746,1407518
2017-12-07,1163.9154052734375,1176.6785403577974,1162.9148093571646,1170.608301894384,1326300
2017-12-08,1156.9111328125,1176.2559855041563,1154.9099411547425,1164.248835557611,1385548
2017-12-11,1183.4158935546875,1188.552198816815,1159.957479329687,1159.957479329687,1008002
2017-12-12,1161.647216796875,1183.816016201334,1159.5348478723986,1183.3713069540756,1882246
2017-12-13,1168.8739013671875,1179.1244726278278,1156.6889097602937,1161.31384313346,2961458
2017-12-14,1137.477783203125,1170.4752006562342,1125.6040633302482,1170.4752006562342,5504150
2017-12-15,1132.052734375,1149.3296361723108,1128.161525604659,1140.1241697099526,2718138
2017-12-18,1147.572509765625,1151.3302821638833,1109.260841620428,1128.227652499667,2180664
2017-12-19,1145.26025390625,1155.2662164055,1140.5462903668356,1145.5715288030094,1801952
2017-12-20,1151.33056640625,1153.02048411504,1134.2981719056486,1148.2398572886061,1577570
2017-12-21,1154.3321533203125,1159.8021005857136,1147.3724947266612,1150.46320330339,1293648
2017-12-22,1177.0343017578125,1184.6610225778334,1151.8859699407606,1158.0229797968616,3665664
2017-12-26,1178.2353515625,1196.1571629097912,1170.297353555397,1194.489502584143,2175786
2017-12-27,1165.0941162109375,1182.259942517596,1160.9138912703345,1178.235300724359,739284
2017-12-28,1168.2293701171875,1180.0364267401067,1158.7570379112217,1160.157937704374,2605088
2017-12-29,1201.2489013671875,1204.6731417244343,1164.4937161964403,1166.517165498511,2609542
2018-01-01,1176.523193359375,1198.4028734051763,1171.8092304458187,1192.844006088071,1351760
2018-01-02,1170.1195068359375,1187.1964152049547,1165.2277027868142,1182.9271609697892,1920290
2018-01-03,1173.4322509765625,1186.9292228099605,1170.1191881236566,1170.4749773082863,1257120
2018-01-04,1181.637451171875,1183.8164839157173,1174.0328766106288,1178.4799708402145,913082
2018-01-05,1195.91259765625,1200.4931265770026,1178.4800094199136,1178.4800094199136,1153706
2018-01-08,1207.118896484375,1212.6556142000156,1192.6436954348794,1200.7151259081745,1242220
2018-01-09,1204.7177734375,1210.0542862766474,1190.2869750159657,1207.3860298570737,2149396
2018-01-10,1248.1212158203125,1252.3014399825188,1198.3359207932642,1205.6069615740798,3365850
2018-01-11,1240.9617919921875,1254.9256261010855,1237.2706816293949,1249.6336267686963,2520744
2018-01-12,1234.668701171875,1247.4095791127802,1218.7480866118362,1247.4095791127802,3360314
2018-01-15,1221.2164306640625,1248.7438969291145,1216.3023704664522,1235.0245695901156,1457214
2018-01-16,1267.7999267578125,1272.6027017627375,1223.1955490451285,1225.619193733503,4267752
2018-01-17,1284.7430419921875,1300.774835612089,1272.8248098182387,1276.3158216091267,4280806
2018-01-18,1297.7509765625,1304.3326975347586,1275.4488431137688,1288.3231587992484,2209478
2018-01-19,1316.0283203125,1326.1232002229465,1291.2801813625554,1303.242927285535,1820000
2018-01-22,1389.17822265625,1397.3357217263977,1302.5217859712989,1319.9065736690677,4367110
2018-01-23,1382.75927734375,1400.7458898118048,1377.4324218161178,1388.5318966616283,3239610
2018-01-24,1415.1217041015625,1452.7664326145702,1374.1336384931847,1377.4100457258012,5621538
2018-01-25,1391.2510986328125,1417.4397212969598,1373.3982370763797,1415.300033339015,3833844
2018-01-29,1425.9315185546875,1437.5881979303172,1391.6745283530076,1395.8646643750458,3141060
2018-01-30,1405.42626953125,1428.1379106148263,1401.3474659595993,1417.52871169857,1574758
2018-01-31,1387.373291015625,1404.1562579962358,1381.2440375084986,1398.36132740768,3043214
2018-02-01,1399.074462890625,1421.9866812448884,1376.8754013987946,1392.5662671501666,2400630
2018-02-02,1405.7830810546875,1421.9866400616224,1383.405758202602,1390.7831714709287,2456490
2018-02-05,1383.2940673828125,1421.0948556992148,1371.548257696651,1386.3252826927724,2757742
2018-02-06,1336.0653076171875,1371.681785256185,1330.604702055986,1341.7487950380296,2657306
2018-02-07,1317.25439453125,1351.1101348038253,1313.8665459766944,1349.3270795285976,2180324
2018-02-08,1325.790771484375,1349.594625484508,1319.015182982753,1328.2647825254676,2755004
2018-02-09,1324.676025390625,1334.6165781156767,1291.2214364278973,1315.002974429274,2102458
2018-02-12,1322.7147216796875,1347.6998002075923,1317.4769979160005,1327.6181226499475,1974562
2018-02-14,1297.97509765625,1325.9021571208964,1289.3718342650918,1323.9185299109154,2847532
2018-02-15,1304.23828125,1311.8830881983586,1294.9886808150304,1306.9573755985002,2465236
2018-02-16,1307.4478759765625,1337.1134863609584,1302.9679268536204,1302.9679268536204,2515756
2018-02-19,1303.23486328125,1316.4740240802826,1290.5751082585289,1312.7741634158845,1568224
2018-02-20,1312.663330078125,1330.6276381847683,1305.1521643419524,1305.1967842664912,1889068
2018-02-21,1356.14697265625,1365.1959978415337,1319.482907077333,1325.701289139197,3089228
2018-02-22,1359.6688232421875,1372.5068434134257,1347.3211868194476,1360.4712199083388,3463010
2018-02-23,1371.080078125,1376.9641374905873,1333.7696763531046,1359.5793523296506,3362500
2018-02-26,1351.422119140625,1377.3878610371846,1346.7415991421035,1370.7237138527198,1363882
2018-02-27,1356.16943359375,1372.306060116353,1351.5557350956942,1355.5676089795536,1717800
2018-02-28,1352.9156494140625,1365.7981816683473,1346.8532172772993,1352.8933394548474,2706864
2018-03-01,1354.0966796875,1364.5721290354122,1346.2066821572237,1359.1338324163494,1718124
2018-03-05,1384.4757080078125,1387.952579002069,1351.9794577882699,1359.133989403188,2858168
2018-03-06,1356.3704833984375,1393.9037838586848,1350.73150448864,1391.674964249061,1906764
2018-03-07,1349.5277099609375,1376.9644959632465,1345.5381453755454,1368.4949830389014,1917772
2018-03-08,1339.052490234375,1361.764139929938,1331.7196956009825,1361.764139929938,1951826
2018-03-09,1352.491943359375,1365.4636042031366,1327.1279186999604,1339.5201736865645,1872436
2018-03-12,1360.5380859375,1374.6910881197796,1353.116161395584,1356.4593902575398,2091340
2018-03-13,1286.830810546875,1310.4116693037856,1280.23348530526,1303.8143440621704,88067154
2018-03-14,1286.8753662109375,1302.9897915700885,1281.5931309072175,1289.5722587477956,3668668
2018-03-15,1279.2083740234375,1293.851758601746,1272.923169647863,1290.4862200961334,2348906
2018-03-16,1259.5948486328125,1280.2337359892595,1250.3675590006521,1278.807313480989,7197482
2018-03-19,1261.957275390625,1269.535259735959,1257.0538737554089,1261.0657478205858,3489940
2018-03-20,1277.04638671875,1280.7684489203582,1256.6080742253605,1257.0538379977002,4024984
2018-03-21,1273.435791015625,1285.716606005373,1270.4268852348057,1280.45657117087,3907678
2018-03-22,1262.1134033203125,1281.9944038913081,1258.1906600378609,1274.8621829519616,2326094
2018-03-23,1256.2293701171875,1263.3393906998413,1247.2695818886118,1249.0303273580105,3654122
2018-03-26,1255.7166748046875,1260.352574978414,1239.9143692287075,1256.6082024403315,2964210
2018-03-27,1269.401611328125,1276.2218195554099,1258.413576671819,1259.2827943569796,2494574
2018-03-28,1270.047607421875,1281.5706426447443,1259.2824575552706,1264.1412383731645,6865654
2018-04-02,1297.0162353515625,1298.955350872291,1265.968838873475,1265.968838873475,1662988
2018-04-03,1297.729736328125,1306.0431868566266,1289.193403921336,1289.193403921336,1937290
2018-04-04,1297.5736083984375,1307.8707941745758,1289.1487173663509,1305.8425474212108,2841820
2018-04-05,1318.547119140625,1321.1325711595712,1301.7864641763665,1304.550178198387,1809424
2018-04-06,1315.136474609375,1319.4603601047265,1304.5495882740752,1316.7857782937033,1129018
2018-04-09,1303.368408203125,1321.0206938390124,1299.401154898168,1310.411496263061,1235866
2018-04-10,1309.47607421875,1318.235291309056,1304.1714185192147,1304.1714185192147,1184532
2018-04-11,1343.5985107421875,1348.435090051335,1313.0414984920087,1315.2703168226722,3124416
2018-04-12,1399.3636474609375,1404.155607072375,1340.8348538828777,1341.7486912024915,6114360
2018-04-13,1405.626708984375,1444.6310330675974,1396.176540229446,1404.1556669960019,8179118
2018-04-16,1420.939208984375,1426.4221265530373,1386.6600096510474,1389.0002700547018,6270274
2018-04-17,1411.555419921875,1424.1927559131138,1402.9075385750746,1420.9386590359425,3301724
2018-04-18,1408.212158203125,1423.5240761094574,1402.3057891361764,1411.2878842233583,2433066
2018-04-19,1422.499267578125,1434.111437646089,1411.176909310341,1417.4844242614572,4820952
2018-04-20,1516.68896484375,1525.5597294412514,1444.2746599112327,1448.7322977504648,18465662
2018-04-23,1519.4527587890625,1585.9830070534376,1510.9387353638851,1526.295276765295,15185910
2018-04-24,1509.2003173828125,1534.831738454861,1489.9656510142836,1520.0547105336445,8314336
2018-04-25,1546.9117431640625,1552.5952313062257,1500.0174157098274,1508.910381272344,8196574
2018-04-26,1577.669677734375,1586.919277455499,1545.463240151184,1545.463240151184,12135034
2018-04-27,1538.754150390625,1579.7867252197739,1524.5120203870279,1571.3172139954015,4501330
2018-04-30,1574.482666015625,1582.0160321609524,1532.3579787687358,1538.7546252384118,3458558
2018-05-02,1560.061767578125,1574.5267802741803,1547.379809977523,1573.7690036244219,3158046
2018-05-03,1552.0823974609375,1571.7628214755957,1546.9783159831095,1564.5414712312188,3761550
2018-05-04,1551.5919189453125,1558.835578697625,1546.7999594168598,1556.606760312298,2347244
2018-05-07,1524.9359130859375,1555.7159305551422,1520.4559643567768,1555.7159305551422,3484426
2018-05-08,1533.962158203125,1554.1552773630372,1514.1256718005277,1531.0646938971277,2992820
2018-05-09,1555.403564453125,1557.832955265095,1533.5165195327043,1533.5165195327043,2615050
2018-05-10,1538.4423828125,1565.1435920821718,1533.5166708387703,1561.4883505262703,3858678
2018-05-11,1540.9835205078125,1553.487219897191,1534.5422538008838,1539.7576697604043,2627876
2018-05-14,1530.5523681640625,1547.2462012635117,1520.411241376755,1541.0055078559376,2433894
2018-05-15,1552.3277587890625,1558.3010587956285,1530.6190842612193,1537.885055710531,1952890
2018-05-16,1557.4542236328125,1564.185301090475,1549.1407716200265,1551.235839884173,1648450
2018-05-17,1556.51806640625,1574.950334331191,1549.4749765651434,1565.9459272918764,2968048
2018-05-18,1561.0872802734375,1568.0634408495905,1541.451361322473,1551.614798657445,1874996
2018-05-21,1585.4703369140625,1601.1835102819462,1568.2193002589615,1572.9666410214686,3446178
2018-05-22,1564.140869140625,1593.5835958230812,1557.3652797825498,1586.027919657979,1857416
2018-05-23,1557.9888916015625,1580.2324587016003,1551.70357933435,1571.3171838993346,1507298
2018-05-24,1606.3992919921875,1611.4364456628405,1561.2211875059722,1564.6312376975297,2962316
2018-05-25,1598.4195556640625,1638.0925264145071,1592.5131864231255,1615.8934715771036,3769772
2018-05-28,1561.0872802734375,1612.1049300817594,1553.9327488635458,1612.1049300817594,3716798
2018-05-29,1570.648681640625,1579.7868391469774,1554.8240674223073,1573.501526306111,3525312
2018-05-30,1566.45849609375,1574.8833877527711,1552.3723175343973,1564.2073673061038,3779106
2018-05-31,1565.1102294921875,1581.2912601005962,1551.6709187849772,1558.7726152767061,5049371
2018-06-01,1557.379150390625,1579.8977944269504,1542.8612584457594,1576.7514830297987,1603856
2018-06-04,1567.98681640625,1572.2568106031424,1539.5351489158181,1568.6610260162856,1681483
2018-06-05,1547.62548828125,1574.8635973237485,1538.2315460099717,1567.7619016251958,2449568
2018-06-06,1551.3560791015625,1559.5814570524149,1541.8721547878843,1548.8839775703273,2236512
2018-06-07,1560.166015625,1572.2567973021658,1549.6033984904657,1550.6820899635425,2414762
2018-06-08,1570.5487060546875,1579.718022096151,1559.6714802145268,1559.6714802145268,2582138
2018-06-11,1572.885498046875,1584.841521655987,1566.8626047909163,1570.5482608013358,2179378
2018-06-12,1601.0230712890625,1604.6188558399645,1575.8525794327493,1579.4483639836512,4608875
2018-06-13,1639.767578125,1646.5546651527509,1616.3051065891802,1632.486136577281,5370983
2018-06-14,1606.9111328125,1647.1389704836754,1603.71983028775,1645.0713505754386,3819998
2018-06-15,1654.1058349609375,1660.4433392008748,1607.8549917225864,1618.1029993319487,9183574
2018-06-18,1644.172119140625,1679.1860195007594,1638.0143614177205,1679.1860195007594,4674987
2018-06-19,1640.1270751953125,1653.1617929757083,1636.9807640069412,1638.01457391576,3245034
2018-06-20,1638.2840576171875,1650.734547229857,1634.8231375405617,1646.869035621397,3107695
2018-06-21,1635.4974365234375,1646.869125741448,1633.9242809721015,1646.869125741448,2910659
2018-06-22,1626.91259765625,1642.3744257508592,1617.6984006863834,1642.3744257508592,2949458
2018-06-25,1635.4072265625,1638.193936731751,1623.4961941304796,1628.7999965565634,2083217
2018-06-26,1664.8480224609375,1672.9385366089657,1636.9806959510622,1638.7785879839573,4679712
2018-06-27,1670.241943359375,1694.6483532299876,1664.1740568590114,1672.0398356557791,4081208
2018-06-28,1656.487548828125,1681.927761427688,1641.7449240089609,1676.534086083719,4888125
2018-06-29,1661.0277099609375,1678.6920233437907,1656.128497451443,1658.4657354400583,3506276
2018-07-02,1664.2640380859375,1670.062306960841,1655.0498394658296,1664.8483750673122,2650290
2018-07-03,1684.669921875,1689.9287344235202,1669.3878387258421,1671.994694534173,3242233
2018-07-04,1677.5682373046875,1689.9287458174915,1669.4777226417611,1689.9287458174915,2700614
2018-07-05,1690.2879638671875,1696.760330239691,1673.9270831864985,1683.7256151199688,2472571
2018-07-06,1719.638916015625,1726.875476089865,1691.501968633285,1692.5806600706699,3713781
2018-07-09,1692.7154541015625,1729.9318434408433,1686.8723046317484,1729.572243065006,6151747
2018-07-10,1685.6136474609375,1707.0086064696634,1681.7032542503105,1706.1995331108321,5303302
2018-07-11,1779.8233642578125,1796.0942663453468,1702.73873796196,1707.997550578658,22903802
2018-07-12,1772.1370849609375,1789.7115222603418,1762.3835433042634,1783.5087732291042,6921701
2018-07-13,1780.9019775390625,1796.0043149018761,1774.5194826032703,1775.4184286430896,4148185
2018-07-16,1788.18359375,1794.2964713136598,1777.6209767470264,1788.902794546184,2582159
2018-07-17,1803.4515380859375,1809.6217045847868,1784.400496158518,1791.6065557088807,3315492
2018-07-18,1801.7398681640625,1812.0534957180678,1795.2544593025693,1806.018465526282,2013869
2018-07-19,1784.7607421875,1810.9276787989488,1774.492085791266,1803.4063764670725,1746318
2018-07-20,1798.4521484375,1801.51474549599,1787.1026275320219,1787.913331158642,1934995
2018-07-23,1806.6038818359375,1810.477072211982,1788.903979084964,1802.4153384436117,2086201
2018-07-24,1800.614013671875,1815.0261318403343,1787.2377884879209,1815.0261318403343,2038423
2018-07-25,1784.8507080078125,1803.3162338792029,1773.0508085884608,1803.2261801343914,1535492
2018-07-26,1769.718017578125,1788.0034367574863,1761.0707685401178,1778.9507809165452,3503036
2018-07-27,1750.846923828125,1769.6727725500768,1747.7393552639398,1766.249850980369,2033977
2018-07-30,1751.61279296875,1760.71042058734,1739.8579750405013,1750.1716031405329,1579251
2018-07-31,1747.649169921875,1753.7743631952399,1736.6599754701708,1749.2705769518006,2204803
2018-08-01,1780.3470458984375,1784.8959148651945,1756.2968666955637,1756.4318923443714,2425180
2018-08-02,1755.035888671875,1788.0035903106345,1751.9732912615539,1783.4998029294995,1509287
2018-08-03,1783.0045166015625,1785.3465742332567,1762.3321744839893,1762.3321744839893,1505131
2018-08-06,1779.491455078125,1800.5690918077366,1776.5189114594643,1798.812658732184,1532249
2018-08-07,1772.1048583984375,1782.7338385581222,1765.934692862875,1781.8780531466764,1353521
2018-08-08,1778.095458984375,1781.9687605521056,1767.2863680482997,1776.2939438283624,1315062
2018-08-09,1778.410400390625,1784.2203517564071,1770.8890978816146,1783.499701833976,2060297
2018-08-10,1795.2994384765625,1798.3620354341379,1776.338562378431,1784.3552147671471,2784105
2018-08-13,1801.6500244140625,1805.3431079449667,1792.5073143622224,1799.5332664108637,3559575
2018-08-14,1804.712890625,1823.6737716814807,1785.66184584605,1794.3090966096436,3311765
2018-08-16,1809.1710205078125,1819.5748112099752,1797.0107970689996,1801.7848546976381,2152065
2018-08-17,1812.9993896484375,1821.2413415440847,1805.117762690582,1813.9902007605642,1213731
2018-08-20,1810.4774169921875,1823.1331033171762,1804.8476828539797,1823.1331033171762,1587032
2018-08-21,1817.413330078125,1823.133118017515,1805.1179686299902,1810.6576490578032,1376866
2018-08-23,1833.131591796875,1835.7438105744166,1819.8004465846036,1822.0523403659756,3046791
2018-08-24,1840.24755859375,1842.9498310733297,1829.4384686754313,1833.1315524063739,1570533
2018-08-27,1847.3629150390625,1854.6591365666225,1833.0409630466618,1840.2470208866487,1532702
2018-08-28,1863.846923828125,1866.3690881998734,1848.3539425608785,1851.0562144067278,1987983
2018-08-29,1866.369140625,1870.5127122029373,1842.5891257224166,1866.8195192786256,1525867
2018-08-30,1875.737060546875,1878.0791176749894,1860.5143489485326,1862.7662423750016,2408020
2018-08-31,1872.134033203125,1884.3844214216963,1868.1707887325995,1875.6471188993098,2504554
2018-09-03,1849.164794921875,1882.5829827233247,1845.1113865858679,1877.8990881840118,1439711
2018-09-04,1890.60009765625,1895.8696177452518,1852.8133591397254,1855.3806063444251,4420803
2018-09-05,1872.899658203125,1898.1208631711122,1869.1165214402179,1891.5903725990443,1681106
2018-09-06,1869.341796875,1874.926448535715,1855.8304364483674,1869.0715256841743,2238097
2018-09-07,1873.440185546875,1877.1782404315213,1860.4240664438948,1872.9447250423973,1312182
2018-09-10,1874.2509765625,1885.6454698082978,1868.3960534109171,1877.5386531368752,1530539
2018-09-11,1843.1749267578125,1881.6823076344874,1839.5268151135144,1881.6823076344874,3679745
2018-09-12,1841.10302734375,1863.5768802912164,1837.5450796277457,1848.6695213832186,2307661
2018-09-14,1860.4241943359375,1865.9639841389956,1817.8635183234815,1841.1480744757785,3642038
2018-09-17,1868.3057861328125,1871.5936824363941,1850.6510738628751,1864.567731061695,1033857
2018-09-18,1865.2431640625,1872.4943042518175,1853.398293626779,1867.2698679712964,1456507
2018-09-19,1871.6837158203125,1881.6822109373218,1861.7305224671288,1866.2791714135992,1301268
2018-09-21,1894.42822265625,1910.506833476851,1846.688070758903,1870.8734998262232,4508530
2018-09-24,1980.27001953125,1991.1241899505055,1889.9240102686865,1905.1018600974076,3032226
2018-09-25,1966.533447265625,1992.3851398163176,1940.0512685378847,1986.0798382229063,2868778
2018-09-26,1929.55712890625,1980.7652684914465,1923.2069659800798,1969.9561810781233,1970951
2018-09-27,1971.6226806640625,1990.4033381992435,1923.83746248404,1929.3319500019438,3311802
2018-09-28,1966.9840087890625,1972.6588247329205,1944.600317998689,1961.8497352823292,2904371
2018-10-01,2031.7037353515625,2050.079101402135,1972.9743870892787,1973.4696278124397,3772208
2018-10-03,1948.2030029296875,2031.2076996769624,1941.6725125426995,2026.9741843738946,3902322
2018-10-04,1859.884033203125,1942.618473326134,1852.2726767064823,1942.5736113826679,4762419
2018-10-05,1893.9775390625,1909.6057685765288,1820.3407284611046,1846.552747915983,3417624
2018-10-08,1871.3685302734375,1911.5872591425723,1844.8861314752364,1893.9774084615267,2010154
2018-10-09,1884.2039794921875,1898.48084935135,1849.4346631545964,1873.890353400093,1867130
2018-10-10,1840.78759765625,1896.949793361824,1827.6365630576258,1891.5903314051327,2749573
2018-10-11,1783.4547119140625,1813.2247903327734,1748.3702523775028,1788.0035811279458,4700256
2018-10-12,1727.9229736328125,1781.698146717783,1714.1413413568964,1781.698146717783,9373289
2018-10-15,1756.0264892578125,1761.4761153175668,1729.4541468966402,1747.4692942601469,2638151
2018-10-16,1767.5562744140625,1776.203523386654,1742.9655536286352,1763.6829736459265,2815425
2018-10-17,1737.9210205078125,1791.6061293923783,1729.453880559762,1774.4917420326724,2779207
2018-10-19,1723.3289794921875,1737.560990111998,1684.4613864182413,1737.560990111998,3428776
2018-10-22,1714.141357421875,1725.8512037941737,1699.684156956857,1724.0496889676663,1778496
2018-10-23,1664.179443359375,1713.2387067333696,1658.176767265121,1704.2121592795584,2752811
2018-10-24,1668.557373046875,1691.5750701054064,1634.7980619902253,1671.761841614278,2735913
2018-10-25,1672.6190185546875,1694.1924861094,1647.3898658845565,1664.4951269373146,2507233
2018-10-26,1623.966064453125,1673.4315865669062,1616.7448267832208,1673.4315865669062,2285970
2018-10-29,1688.8668212890625,1695.1402269244227,1610.6517751657075,1632.6313934801321,2609483
2018-10-30,1710.3502197265625,1723.5289566950644,1665.3979702750937,1685.2563742566938,2404883
2018-10-31,1749.4803466796875,1754.6706115542806,1692.8838270651927,1715.0440455177431,2769190
2018-11-01,1747.31396484375,1755.0767738008074,1716.2175522022403,1754.4449595389833,2769759
2018-11-02,1727.1845703125,1764.3288327963046,1719.5571822666207,1745.9146551062177,1818635
2018-11-05,1706.7847900390625,1739.731689920488,1701.278617849774,1724.0706513293903,1713366
2018-11-06,1744.5606689453125,1748.8934555164958,1706.9200125840998,1709.6279766442544,1398710
2018-11-07,1753.0909423828125,1759.2741053744942,1748.44224838912,1751.1502126354635,144530
2018-11-09,1723.348388671875,1770.9634262935983,1719.5572828319084,1770.1059483639751,2570479
2018-11-12,1728.447998046875,1756.6559520002581,1722.7161638410116,1722.7161638410116,2552008
2018-11-13,1746.5916748046875,1750.2474704295157,1717.751901097147,1728.58375754127,1418432
2018-11-14,1697.5775146484375,1742.0332568179483,1687.9642204463958,1737.6102269301134,2422318
2018-11-15,1690.5369873046875,1714.1414319036537,1676.7715018720753,1682.5485145173304,1829123
2018-11-16,1702.948486328125,1714.8635955394575,1688.1901027089762,1705.1148798381264,1829729
2018-11-19,1717.2554931640625,1721.6785234973986,1682.8193024389807,1714.14137833681,1740628
2018-11-20,1695.411376953125,1716.8494284386231,1691.7555809406567,1716.8494284386231,1190182
2018-11-21,1635.610107421875,1688.9119047215638,1623.4694473329955,1688.8667279173994,3840461
2018-11-22,1636.106689453125,1667.744668040461,1633.7596992713243,1642.8314223543125,3194219
2018-11-26,1666.3907470703125,1678.9376688914308,1610.7872420090098,1641.9288278029637,4333177
2018-11-27,1706.2432861328125,1713.1486175943896,1656.6875141105818,1673.5220486656444,3344839
2018-11-28,1790.77685546875,1795.3803728488406,1699.247637952711,1705.1148940731323,5313249
2018-11-29,1769.699951171875,1802.601675281209,1753.4521644142076,1802.601675281209,4035441
2018-11-30,1776.650146484375,1797.1855412932252,1769.067824825177,1774.6191733714118,5268901
2018-12-03,1789.4224853515625,1796.282638213808,1776.69507764088,1790.8667106614046,1610576
2018-12-04,1815.103271484375,1822.8210136271018,1779.1325019427381,1789.9643588799847,3270615
2018-12-05,1811.402587890625,1821.5574547717858,1791.769845253714,1810.7255967652143,2501539
2018-12-06,1798.7203369140625,1820.6548945926777,1786.8955800129313,1803.504451857298,2321216
2018-12-07,1800.9769287109375,1808.8300920884085,1780.9380349371215,1791.8150700515955,1680420
2018-12-10,1783.4652099609375,1815.2386114974934,1769.203221549024,1782.7430421221031,2010786
2018-12-11,1805.309326171875,1814.3358728027342,1770.1057943115234,1778.2296862792969,2942014
2018-12-12,1820.4737548828125,1825.1675145049282,1791.7241190885509,1806.3020122235698,2219993
2018-12-13,1789.60302734375,1832.118037902801,1782.2915469601592,1826.972950644397,3748429
2018-12-14,1796.05712890625,1804.361507791957,1782.9686361965425,1789.9642098862137,2473761
2018-12-17,1800.164306640625,1809.7324243931564,1791.7695738820098,1804.4067396423866,1227921
2018-12-18,1794.3421630859375,1807.1147494112026,1784.0068106170397,1797.9979587768169,1768742
2018-12-19,1776.8309326171875,1791.5894278736414,1769.2487198682918,1791.5894278736414,2498833
2018-12-20,1763.8328857421875,1782.6532187359373,1756.5664695808448,1763.6072220127962,1940277
2018-12-21,1711.252685546875,1760.1765222440588,1702.9031302490505,1758.3712129904752,3729956
2018-12-24,1731.7431640625,1750.1573432784296,1719.5573247532252,1720.2794926390848,1864116
2018-12-26,1705.295166015625,1734.7217965373736,1688.1899040185635,1734.7217965373736,2446614
2018-12-27,1723.1226806640625,1752.6846226925086,1689.859876327539,1723.1678574749212,4968201
2018-12-28,1711.4783935546875,1733.0969283516397,1708.7252527966948,1728.5836551007242,2239130
2018-12-31,1708.7706298828125,1723.1679291657538,1702.5422900290812,1722.2652744097736,1879740
2019-01-01,1717.5716552734375,1724.0707259770468,1701.504355218185,1711.4335583520842,1094883
2019-01-02,1736.07568359375,1746.140194508323,1715.0437867653266,1719.5570598883933,2100463
2019-01-03,1714.998779296875,1755.6182414152106,1708.8156165452192,1732.1943956685743,2611668
2019-01-04,1694.147705078125,1716.1273282734983,1661.787551279971,1715.0441865464122,4280862
2019-01-07,1713.1483154296875,1722.9872733425832,1697.893429511969,1707.6421439955852,1856423
2019-01-08,1709.2218017578125,1720.8208922794138,1699.969591350773,1719.9182376055564,1691756
2019-01-09,1703.2642822265625,1732.1944101182216,1684.9855241208334,1721.7236373889518,2414376
2019-01-10,1704.7086181640625,1719.5572442560606,1689.8598818847206,1706.0174234351466,3053461
2019-01-11,1663.1865234375,1692.477625467316,1656.3714361240134,1687.9643517994034,9209862
2019-01-14,1636.738525390625,1670.8137380383548,1633.8048978116813,1669.91108339868,3615370
2019-01-15,1685.9783935546875,1687.3774421449816,1631.9996015951358,1633.8049108889356,7711653
2019-01-16,1688.099609375,1692.477462373539,1667.203132268761,1687.964189140543,2359280
2019-01-17,1713.563720703125,1716.910657267066,1692.7581647931447,1698.818869519257,2625816
2019-01-18,1719.307861328125,1722.5190874367968,1697.0097105835696,1701.5326575733977,1683728
2019-01-21,1726.58984375,1747.6668221618347,1714.6040335048424,1720.5291385878932,2409803
2019-01-22,1720.4385986328125,1735.2286132096392,1709.6739627088325,1725.1424193343532,2457093
2019-01-23,1696.648193359375,1724.2381755363022,1691.5825137984818,1719.6247907651946,2578169
2019-01-24,1720.1219482421875,1723.4688847175587,1696.1050564731256,1704.970076404361,1962927
2019-01-25,1737.53564453125,1750.380771918033,1719.6247273468634,1720.5293168930743,2327080
2019-01-28,1768.4725341796875,1774.8046609005353,1741.787142998971,1748.5715644855936,2769033
2019-01-29,1793.574951171875,1799.2739095727247,1751.8733945154268,1774.8047177905528,2557626
2019-01-30,1792.3536376953125,1799.6807904801176,1768.1558688361301,1790.7253324437906,2429575
2019-01-31,1821.9337158203125,1827.044668652827,1795.6101830800158,1797.419362105789,4094319
2019-02-01,1836.271240234375,1840.6133135991486,1807.4600894289765,1817.772430852679,3064163
2019-02-04,1854.634521484375,1859.3383424590816,1829.9844589503184,1836.2713114639096,1590764
2019-02-05,1849.478515625,1858.9314317777696,1834.507515155872,1854.408484255196,1111404
2019-02-06,1876.84228515625,1887.742632489284,1846.3123904033553,1854.317874741446,1789812
2019-02-07,1884.16943359375,1897.7835501166508,1869.786548482704,1876.7971173026076,1339945
2019-02-08,1864.7205810546875,1890.1396326272038,1855.3129392287126,1877.0230857628371,1684474
2019-02-11,1868.790771484375,1896.018995202747,1853.4127548248107,1863.4537834530813,1778730
2019-02-12,1855.855712890625,1872.500069615061,1825.4614205232815,1872.500069615061,2422903
2019-02-14,1849.5238037109375,1877.023348589436,1839.0758604825462,1863.4997787533487,1724085
2019-02-15,1836.0455322265625,1856.2179251931552,1819.0844766235548,1853.504156296674,1930065
2019-02-18,1782.3128662109375,1847.1266202815302,1775.3927339457423,1843.1916777538015,2942184
2019-02-19,1723.06201171875,1782.945788555101,1711.4832227023091,1782.0411991139265,4408554
2019-02-20,1732.0626220703125,1749.2950949904377,1701.8041496144401,1732.2887694292458,4645778
2019-02-21,1731.5654296875,1754.9038863663234,1716.051805835,1732.0629981545967,4683919
2019-02-22,1741.9229736328125,1745.8579162816939,1723.3336133081714,1734.2791253099974,2271955
2019-02-25,1795.74609375,1800.133331291808,1746.3102492757967,1748.1194285032254,2934880
2019-02-26,1844.1866455078125,1850.0213142774624,1784.0767149241692,1794.7056419873504,6453309
2019-02-27,1861.7357177734375,1876.9779181722486,1829.079948844469,1845.362559665043,4732082
2019-02-28,1794.2080078125,1873.7215577344314,1788.9161812979992,1863.45437852365,8454295
2019-03-01,1805.01806640625,1813.7021042721733,1791.4039490850682,1804.7014821385897,4148548
2019-03-05,1798.4146728515625,1815.5114394331752,1788.0118918084727,1813.7022601213334,2449622
2019-03-06,1808.8172607421875,1822.7479620405034,1795.6555489081222,1799.5000545352548,2635047
2019-03-07,1821.2103271484375,1830.9346655689533,1809.3601147808859,1813.7021891287636,2539884
2019-03-08,1829.7132568359375,1839.0305734631313,1818.2702872533112,1831.7938569910677,2031071
2019-03-11,1822.5672607421875,1839.0307481102063,1812.481064116688,1835.3219526507671,3111689
2019-03-12,1820.44140625,1831.613176823264,1811.8930781833544,1821.888838036209,2658550
2019-03-13,1809.631103515625,1823.5618024281907,1789.8205734744158,1820.938471070709,1833163
2019-03-14,1797.7813720703125,1816.2350217789028,1791.991976613407,1813.6568531102685,1905495
2019-03-15,1845.317626953125,1871.5507270107507,1801.0380074045838,1808.1842877808524,5184318
2019-03-18,1829.803955078125,1867.6158459333149,1819.129753231864,1848.0766215080548,2349915
2019-03-19,1829.803955078125,1836.3169562708522,1804.746755972424,1836.3169562708522,2373993
2019-03-20,1822.7930908203125,1849.70462807143,1809.1789748650444,1834.507480513155,3091165
2019-03-22,1814.2900390625,1823.6525187481532,1794.0724848604887,1822.7479292051232,3148149
2019-03-25,1794.931640625,1816.2347666322396,1788.5542407461778,1816.2347666322396,2429205
2019-03-26,1793.484375,1804.6107594764032,1771.2314956236717,1794.7055487271814,2316539
2019-03-27,1780.1419677734375,1807.3700937476913,1773.900277196808,1803.7517352016498,2266166
2019-03-28,1809.4503173828125,1822.385880237812,1784.574107557602,1791.0871074151596,4054489
2019-04-01,1837.8092041015625,1845.3172303883614,1816.6417885882688,1818.2248201480993,2095740
2019-04-02,1880.9130859375,1886.9737917223263,1842.648903997305,1842.7393408671403,3719663
2019-04-03,1880.9130859375,1890.23040242462,1861.7358317442493,1886.0692021769175,2939886
2019-04-04,1822.2957763671875,1881.2749749970483,1815.8732121961455,1879.8728169267306,4397518
2019-04-05,1852.8709716796875,1858.3888358798404,1826.1855777620226,1835.095763476942,3152103
2019-04-08,1873.178466796875,1877.0229716786264,1838.758796568497,1862.5495415355622,2194294
2019-04-09,1891.9490966796875,1897.8289289189504,1861.3286512179322,1872.5004208113571,2690970
2019-04-10,1845.5888671875,1886.521545163353,1841.7443615212596,1884.260071242035,3313062
2019-04-11,1826.8184814453125,1858.9314084526452,1821.5266549950056,1849.8855135210022,3422442
2019-04-12,1822.2957763671875,1844.4582218975902,1815.5113542660438,1843.5536322841044,3198471
2019-04-15,1911.6688232421875,1917.54865434235,1846.2669654509773,1872.5000580517017,9189201
2019-04-16,1928.403564453125,1950.249308281906,1913.7039879428469,1917.7293662639534,5771952
2019-04-18,1944.91259765625,1949.390271279341,1912.482977426316,1944.776776730075,3413728
2019-04-22,1955.2252197265625,1968.3870430672227,1940.887606539674,1943.0585333218723,2007135
2019-04-23,1949.435546875,1958.8884624992284,1930.4391683423362,1956.6269888643874,2163524
2019-04-24,1975.126220703125,1985.574275296081,1950.3858263642908,1952.1044583548714,3003071
2019-04-25,1985.57421875,1994.6201149629842,1961.1955726254232,1967.4824263240318,4211526
2019-04-26,2024.96875,2029.8534446731746,1983.9002566132165,1992.810551001674,2716958
2019-04-30,2044.6888427734375,2050.65900060931,2017.3250120296823,2024.9687486796058,3488395
2019-05-02,2004.0274658203125,2043.8294033408513,2000.1379076948035,2039.8492979276148,2457699
2019-05-03,1928.5850830078125,1977.4781964720553,1922.2529556245786,1976.5283331951548,3780886
2019-05-06,1951.9686279296875,1958.4363548041908,1907.3270457758138,1908.6839300863016,2891422
2019-05-07,1946.6309814453125,1975.939808500284,1934.735719991214,1953.958243420807,2201698
2019-05-08,1947.445556640625,1961.1499989680285,1927.1373460714638,1945.7719777584084,1824895
2019-05-09,1965.26611328125,1975.7141669778273,1932.2938676441556,1940.3446264734487,2264162
2019-05-10,1932.0223388671875,1982.86022566604,1923.0217173224657,1967.4822038429002,2039633
2019-05-13,1925.6448974609375,1960.2454458240054,1919.222223674334,1929.4894028346116,1701744
2019-05-14,1892.7181396484375,1953.7326640554247,1874.6263476317138,1931.298797785273,2456110
2019-05-15,1895.47705078125,1921.3484029259591,1885.6171120052552,1896.9244825497817,2346876
2019-05-16,1907.553466796875,1921.3484592657082,1878.8780184245209,1896.0199485032601,1946529
2019-05-17,1895.521728515625,1931.298281840432,1890.591760677519,1911.0355685336976,1947908
2019-05-20,1939.3948974609375,1946.1340460502831,1854.4087456993977,1922.2529681030344,2625116
2019-05-21,1908.4580078125,1943.6917303947353,1901.9450065233314,1943.1038354630014,1863157
2019-05-22,1883.1295166015625,1919.493976607663,1877.0235364228377,1908.6841743865964,2595795
2019-05-23,1858.072021484375,1913.5233994623104,1854.408390007879,1897.8286840178196,2541294
2019-05-24,1852.5994873046875,1872.5004583597183,1838.3522012084723,1872.5004583597183,2274208
2019-05-27,1859.0670166015625,1871.5503958307856,1845.4530109245018,1858.7505427858089,2329820
2019-05-28,1875.892578125,1897.3765799239,1849.8856285789634,1863.4544718203738,5872979
2019-05-29,1906.4677734375,1921.076806508692,1878.9230654747146,1881.5462868627662,3281320
2019-05-30,1941.520263671875,1950.7923049754675,1912.6637294480925,1920.4432865879635,4971725
2019-05-31,1986.9759521484375,1994.5744150044652,1946.902596320535,1953.9131643872022,4265370
2019-06-03,2028.361083984375,2033.2005053106075,1977.1159562009755,1991.0014933919367,3682419
2019-06-04,1990.790283203125,2028.0873032789837,1983.4037251042218,2028.0873032789837,2408658
2019-06-06,1975.288330078125,2005.2900798728995,1962.4303100893496,2005.2900798728995,3735467
2019-06-07,1989.5589599609375,1996.8998774694144,1953.401829918731,1982.491659885449,2659446
2019-06-10,2034.927001953125,2038.8938991889916,1992.9791453141631,2003.1924919689714,2080593
2019-06-11,2054.3505859375,2064.51829186637,2034.4709063774692,2039.9423655609137,3048937
2019-06-12,2061.737548828125,2067.209009674377,2023.5286029721901,2047.2382666392818,2404448
2019-06-13,2055.5361328125,2083.7140588211973,2045.4594841937583,2064.563951497239,3320916
2019-06-14,2055.90087890625,2063.743393135642,2037.2067258711743,2058.4086311426627,2131408
2019-06-17,2051.0673828125,2062.7398722397274,2044.0000821892206,2057.2684136926728,1489497
2019-06-18,2052.572265625,2060.9161512544847,2034.653104446166,2046.3255944314442,1877447
2019-06-19,2060.8251953125,2075.5070344782885,2045.550703736265,2056.3569256364412,1652817
2019-06-20,2077.28466796875,2082.801766210817,2017.1442674511063,2033.558642141034,2199377
2019-06-21,2051.660888671875,2090.553762750687,2044.5023058176837,2083.7144374636073,3871804
2019-06-24,2075.05126953125,2079.1548646588662,2052.5271363576358,2055.5819013720684,1382424
2019-06-25,2068.02880859375,2074.0929188879168,2052.252726665747,2070.0349653549197,1386077
2019-06-26,2055.62744140625,2067.117596258361,2051.797464000304,2065.476113760306,1762224
2019-06-27,2054.122314453125,2064.5636363734893,2043.863329952594,2056.3564487730646,2813464
2019-06-28,2031.0054931640625,2062.6943591997842,2026.7195615652142,2060.916179589374,2372928
2019-07-01,2042.2674560546875,2056.356416688751,2012.2200753354564,2038.1182223057021,2769940
2019-07-02,2053.71240234375,2058.180671859881,2021.2026803928798,2047.1464728684273,1771746
2019-07-03,2040.5345458984375,2059.8215686391154,2035.3823454128749,2053.802875875884,1656881
2019-07-04,2045.093994140625,2053.6204380324875,2033.6497066630202,2037.2060650819615,984140
2019-07-05,1972.552490234375,2051.797375367069,1951.4872814602343,2049.061645533246,4088470
2019-07-08,1983.7686767578125,1995.988402809574,1944.2831568052513,1959.694344823453,2788062
2019-07-09,1945.4227294921875,1982.8564461465767,1919.159684499116,1982.4917713048978,3977224
2019-07-10,1922.4886474609375,1940.4078128210147,1888.839256989771,1896.7728295866668,6343581
2019-07-11,1917.336181640625,1941.456153677785,1902.28966847215,1940.5442437887866,2400346
2019-07-12,1921.941650390625,1933.0212680982725,1908.7189550787132,1916.9261452723135,1560725
2019-07-15,1956.684814453125,1963.8890354577857,1913.1867614950734,1937.8083261091663,2900415
2019-07-16,1924.9681396484375,1949.190198385704,1919.4838999343392,1943.2489386954312,2735399
2019-07-17,1935.2509765625,1942.3347857812316,1912.262962359551,1926.7961074949817,1802969
2019-07-18,1888.360595703125,1934.2910984630091,1882.9221031912648,1934.2910984630091,3072096
2019-07-19,1898.4146728515625,1916.741213106048,1885.2068440778369,1898.4604194665053,1953177
2019-07-22,1928.5321044921875,1935.4331482522957,1890.9652100121405,1898.460290263418,1920167
2019-07-23,1930.86328125,1946.904723958535,1921.6771368652628,1944.9851511661748,3538588
2019-07-24,1916.558837890625,1938.4957947001608,1898.003783958373,1928.6241195050168,2413196
2019-07-25,1944.985107421875,1951.474878950807,1912.6739359416254,1927.6183520588468,2544464
2019-07-26,1927.755615234375,1946.7219403997449,1914.913311877096,1946.7219403997449,1720592
2019-07-29,1946.9049072265625,1957.8733855771345,1922.500087527392,1929.3553864964995,1647090
2019-07-30,1991.8306884765625,1997.1779131120825,1938.1765713226832,1946.9057001962178,2851672
2019-07-31,2016.097412109375,2021.58165055542,1962.5803406425398,1985.0658075330175,3000677
2019-08-01,1992.6527099609375,2026.883459264448,1980.0389148282347,2010.8877611642777,2375236
2019-08-02,2015.731689453125,2020.027631187251,1979.3528666678696,1986.2081640587767,2500816
2019-08-05,2055.310302734375,2058.646459260786,2006.866185810933,2010.7963790378994,3039682
2019-08-06,2024.5069580078125,2058.372182150762,2021.353564870336,2040.8684066983963,2885467
2019-08-07,2023.1805419921875,2046.0772744609676,2017.5135421281977,2038.307939266454,2165362
2019-08-08,2063.993408203125,2084.924830833616,2028.162868711429,2037.3032669176264,2073298
2019-08-09,2053.161865234375,2072.9507373003676,2048.683159553547,2065.729912266973,1744550
2019-08-13,2010.3843994140625,2053.1614982999677,2005.6771846284455,2052.0189487739244,1647281
2019-08-14,2014.9091796875,2027.2031931171557,1981.0897081981511,1993.6122315703026,1945002
2019-08-16,1978.9874267578125,2048.728476746261,1959.0155702224226,2048.728476746261,3755507
2019-08-19,1977.068359375,1998.0912776670134,1972.2239031377237,1992.607038112575,974884
2019-08-20,1998.7767333984375,2015.4579614238276,1980.2674255894433,1985.2946449943554,1843611
2019-08-21,1998.2740478515625,2012.7159233584694,1994.6636347634058,1997.1314979404826,1214408
2019-08-22,2025.51220703125,2043.4729999302742,1983.4663760188685,1999.0050526973573,2131601
2019-08-23,2054.48779296875,2065.6390370413246,2023.5931943890214,2024.5529810804253,2826425
2019-08-26,2080.629150390625,2085.839133393574,2033.7388570555224,2053.847735642139,2345475
2019-08-27,2044.25048828125,2079.304012027918,2037.39518818641,2074.870828704868,3432106
2019-08-28,2046.76318359375,2058.55420522561,2025.5117627972536,2047.448713296863,1294621
2019-08-29,2041.4625244140625,2054.944613958674,2031.1795747613926,2031.1795747613926,1670652
2019-08-30,2065.3642578125,2071.214022807634,2027.3401158814354,2048.363029616906,2583625
2019-09-03,2058.05224609375,2098.818290116767,2044.6614281997754,2074.8704903218786,2545060
2019-09-04,2052.384765625,2074.8702327392875,2041.0507619853875,2070.300033988761,2228092
2019-09-05,2024.872314453125,2059.925605174714,2017.5599964110638,2049.459894607861,2055943
2019-09-06,2008.6025390625,2041.5079731495307,2004.1238331290235,2025.5122760238908,1890550
2019-09-09,1995.2117919921875,2013.4925873077655,1992.4239260757138,2010.8874847135999,1703945
2019-09-11,1968.841552734375,2006.3171811754657,1962.032001465559,1998.0908237127871,2627440
2019-09-12,1950.195556640625,1978.8963193079112,1938.0845283584865,1969.7559206044104,2118859
2019-09-13,1957.827392578125,1972.4520285385086,1933.6968325051862,1951.4748609636804,2291174
2019-09-16,1965.1861572265625,1986.5746056760465,1943.6147222390007,1974.2808113233293,2597948
2019-09-17,1940.1866455078125,1971.1727310686576,1924.60244420986,1969.710178011398,2796530
2019-09-18,1954.7196044921875,1958.7412898270209,1931.502862701558,1943.6138884751722,1454663
2019-09-19,1921.2662353515625,1952.2065770347924,1911.2575424930371,1951.4753004412407,1652691
2019-09-20,1887.9033203125,1946.3561165580375,1880.1797292059664,1923.962143118297,6941979
2019-09-23,1842.5213623046875,1918.5694244455756,1805.2284960838551,1918.5694244455756,6323401
2019-09-24,1868.9371337890625,1883.8360271548095,1839.9621167698358,1841.7901963692098,4620978
2019-09-25,1908.926025390625,1912.170910716037,1882.9673890957422,1887.4918406446543,4002232
2019-09-26,1908.1495361328125,1925.881818623031,1885.664068257861,1917.5639673539915,4234281
2019-09-27,1879.4029541015625,1905.955856456658,1875.0612648006966,1905.7730931169474,2046795
2019-09-30,1918.84375,1923.139692324439,1882.9219421047264,1884.6130049552069,2620039
2019-10-01,1882.876220703125,1915.7816531417877,1864.3669149563773,1915.7816531417877,3342877
2019-10-03,1883.1507568359375,1902.2541020204685,1870.262816199594,1892.0626461110983,2317618
2019-10-04,1900.6087646484375,1908.4693731072598,1878.3060594333895,1883.4705182428295,2163251
2019-10-07,1871.6790771484375,1914.456180381261,1865.5550556973758,1901.2026045323576,2177916
2019-10-09,1846.451904296875,1882.9221171334789,1842.247343243945,1882.9221171334789,2066920
2019-10-10,1832.1470947265625,1863.7729621427543,1825.4289242837367,1853.6727773787497,2881452
2019-10-11,1816.0599365234375,1823.5093831358834,1759.5265977626943,1765.0108365089677,12593069
2019-10-14,1847.2745361328125,1858.014504366143,1798.8304241016206,1823.5095000420392,3510704
2019-10-15,1862.17333984375,1871.039481323716,1848.8282694255645,1857.3288842451348,2261310
2019-10-16,1870.4908447265625,1879.2656034388706,1842.7040158233283,1862.8128890118765,3034082
2019-10-17,1860.9163818359375,1867.3761921081853,1831.9162473318809,1845.3855009351744,3818774
2019-10-18,1885.105712890625,1891.1071582687307,1855.464013126526,1866.9174946890355,3087901
2019-10-22,1879.6536865234375,1934.7221156439236,1869.25405943085,1905.859341955653,5552505
2019-10-23,1896.7884521484375,1909.3872831163553,1880.6618590291694,1887.5339486480336,2348134
2019-10-24,1907.692138671875,1923.268875635094,1888.7252154627117,1909.5246959616654,2798671
2019-10-25,1947.0457763671875,1951.673027110588,1901.323572864958,1918.6870041171696,3954245
2019-10-27,1938.57080078125,1950.7573522309897,1932.2485672318155,1950.7573522309897,224405
2019-10-29,2011.0946044921875,2017.3709800230474,1943.8854653382286,1943.8854653382286,5064173
2019-10-30,2064.192626953125,2070.789788619176,1994.6013068943444,2038.7200352556047,5195136
2019-10-31,2079.63134765625,2093.650453039324,2049.714944980286,2061.626565134396,4879261
2019-11-01,2016.6373291015625,2084.533657719022,2011.2313752497814,2074.4545938795013,4172620
2019-11-04,2010.2696533203125,2042.5684782053975,1998.312171282258,2022.227135358367,2646411
2019-11-05,2017.507568359375,2025.89142575635,1987.4077351721044,2013.0635288949347,2693475
2019-11-06,2005.2750244140625,2025.708074886191,1996.5703807165833,2015.8122246794323,2540719
2019-11-07,2002.3890380859375,2019.9356795026451,1993.088678350865,2019.9356795026451,1915598
2019-11-08,1951.6273193359375,2006.2834653253053,1946.1755070765194,2006.2834653253053,2788759
2019-11-11,1925.055419921875,1959.9198643052443,1915.9384928762347,1956.2547500194935,2983768
2019-11-13,1996.2042236328125,2000.9688266010894,1940.677662781141,1940.677662781141,3823365
2019-11-14,2012.8809814453125,2015.8130283827918,1966.9753316368037,2004.3595452669804,2995915
2019-11-15,1992.4019775390625,2026.3501447586814,1987.179234205467,2012.1478263124868,2724180
2019-11-18,1972.3812255859375,2004.5883259848815,1968.8534638144276,1996.0210323688204,1611089
2019-11-19,1932.2484130859375,1974.2596539074755,1928.76650956366,1972.7478836534726,2975313
2019-11-20,1932.01953125,1956.2550585466238,1919.1457705507744,1944.297576563345,2894129
2019-11-21,1940.769775390625,1948.558143423408,1930.965415494577,1935.180386498532,2052574
2019-11-22,1898.2542724609375,1930.598950785694,1887.9919971969257,1921.4361650676792,3742049
2019-11-25,1907.2335205078125,1910.394636298884,1880.3865182125853,1900.8654302647703,2737010
2019-11-26,1875.3013916015625,1922.2605523053903,1864.6725835008317,1914.8846894306855,6561580
2019-11-27,1882.3111572265625,1898.254315255,1875.2099981350134,1880.2036717237436,2907521
2019-11-28,1903.4312744140625,1919.053644231001,1887.5337525999475,1893.9935609109007,2924429
2019-11-29,1881.3487548828125,1910.4405960943207,1874.5225250709802,1910.4405960943207,2064271
2019-12-02,1851.8448486328125,1894.5891544428482,1847.2175971141626,1887.5338541940353,3809860
2019-12-03,1879.287353515625,1889.3664178201946,1841.7199320167754,1857.938018021236,4664774
2019-12-04,1904.484619140625,1907.6915934812514,1874.2474325004323,1881.1195203732034,3334301
2019-12-05,1943.7020263671875,1948.7415591531908,1895.1851145584726,1908.6085078626677,3902721
2019-12-06,1945.8087158203125,1949.8402509189764,1925.1007364571283,1946.1751376653692,1829461
2019-12-09,1887.9466552734375,1949.7954757985262,1881.5785621965867,1949.7954757985262,2244747
2019-12-10,1844.33154296875,1888.313032038673,1835.535289894936,1887.5341056700702,4520045
2019-12-11,1870.94921875,1876.5384956100063,1838.7420049147363,1855.830622471892,4943024
2019-12-12,1851.7076416015625,1909.2040180022987,1817.8969353037016,1879.3793253681554,7137306
2019-12-13,1897.842041015625,1903.4770648978745,1838.9711412520744,1853.6315987807407,5711133
2019-12-16,1948.6956787109375,1957.171256483631,1906.1345788520132,1920.5201093584694,5574177
2019-12-17,1983.697021484375,1987.4079940141876,1941.5940706851375,1948.4661591844952,6059673
2019-12-18,1986.2628173828125,2018.9739167231778,1972.7477088341345,1991.989558293269,8251081
2019-12-19,2042.430908203125,2049.257139200514,1986.0797729199453,1997.3041860454568,6251505
2019-12-20,2036.795654296875,2058.6031301863954,2023.3722619983002,2034.1385357800189,5548338
2019-12-23,2044.8587646484375,2054.2506196451814,2024.9755651515916,2024.9755651515916,2247329
2019-12-24,2030.10693359375,2055.7168754454647,2026.0293149073682,2051.5477631205745,1805896
2019-12-26,2017.5994873046875,2042.3848665628066,2011.4146071569537,2030.8396674733772,1880367
2019-12-27,2014.43798828125,2040.0020652203389,1993.8217250397997,2023.1426327609734,2720261
2019-12-30,2000.419189453125,2038.7196757420586,1994.830024787305,2022.2266626349317,2288830
2019-12-31,1980.7196044921875,2013.064287071976,1976.8254200497406,2005.7340575332523,1909289
2020-01-01,1986.1251220703125,2001.0602808247743,1973.6636465209738,1986.4915439449726,1354908
2020-01-02,1977.0084228515625,1997.4414802791434,1969.265913456811,1997.4414802791434,2380752
2020-01-03,2016.408447265625,2036.887363818084,1982.8269254621382,1982.8269254621382,4655761
2020-01-06,2016.2255859375,2039.5906947026529,2004.7262425697697,2020.394699104398,3023209
2020-01-07,2021.1739501953125,2029.2370257506639,2000.9699552188206,2016.2717684807421,2429317
2020-01-08,2066.437255859375,2070.789579089763,2017.6912804191966,2020.3942574747464,5197454
2020-01-09,2028.9613037109375,2063.4132396939376,2024.9754029171847,2060.48119335295,3734173
2020-01-10,2028.2286376953125,2046.9664912298308,2023.143246479618,2041.4688193643972,1915807
2020-01-13,2006.9708251953125,2033.1762576839992,2001.7937171319238,2032.1684854925993,2843893
2020-01-14,2022.1351318359375,2043.1180457782805,2011.2315060896324,2011.2315060896324,2948452
2020-01-15,2040.46044921875,2044.2172804515806,2010.4981877864461,2027.7242678795822,2620681
2020-01-16,2051.3642578125,2060.7102533498723,2029.5567857581002,2040.5062685979906,3117214
2020-01-17,2033.3135986328125,2064.8793465069134,2027.7242106054127,2053.1509376023855,3281059
2020-01-20,1988.645263671875,2054.4797440368934,1975.6797878176324,2011.1397233761356,5817599
2020-01-21,1989.286376953125,2003.488692951974,1977.3747570831226,1988.2783811761149,1902980
2020-01-22,2022.1351318359375,2024.975684946737,1991.7147273723783,1998.4036058230013,1773686
2020-01-23,2012.0792236328125,2036.691297226996,2005.4211188397132,2029.390385778394,2069866
2020-01-24,2005.145263671875,2012.07892004511,1992.8393408359373,2012.07892004511,1319430
2020-01-27,1992.1505126953125,2014.3747584642429,1988.2474864517008,2010.9309117787031,1549101
2020-01-28,2005.4666748046875,2009.1860739832273,1976.308773522467,1996.5126736235331,1743024
2020-01-29,1978.6964111328125,2008.4051905585952,1974.4718700065107,2006.6144353321981,2306761
2020-01-30,1963.31396484375,1988.247323115252,1951.5129614872565,1983.6555279117524,2098567
2020-01-31,1909.31494140625,1969.283848346404,1902.4732094848728,1964.7377904588786,3287223
2020-02-03,1930.8502197265625,2015.5228932005189,1922.3094343171676,1976.3090001672117,4728073
2020-02-04,1935.671630859375,1962.2580852292779,1916.2484231913675,1955.1867641321835,3509339
2020-02-05,1971.303955078125,1980.6252111302792,1932.5032794789138,1942.3296779250043,2439322
2020-02-06,1954.58984375,1996.6964774836858,1942.7888386438567,1969.8804343611785,2640065
2020-02-07,1962.120849609375,1975.3910982916957,1946.0035970618796,1964.3707853305145,2083442
2020-02-10,1985.4461669921875,1990.0839247180263,1946.0026933444844,1966.114665475168,2383032
2020-02-11,1977.5946044921875,1997.2476258268596,1972.268300518353,1986.4109424640315,1335820
2020-02-12,1993.5283203125,2006.6149394830416,1974.4723660817115,1975.4826509292727,1620407
2020-02-13,2012.9971923828125,2017.6349506979498,1993.7576140032993,1995.548369413645,1645948
2020-02-14,2005.88037109375,2031.4108048939456,1993.7580729768335,2009.3701813327093,1500115
2020-02-17,2023.375,2036.0024395778962,2011.3903670497639,2017.5892919334585,1774724
2020-02-18,2034.854248046875,2039.6756334929976,2007.5790266505649,2020.3441289101231,2486223
2020-02-19,2017.037841796875,2047.9405318882868,2011.6653520633597,2034.8539163818257,1760463
2020-02-20,1980.717529296875,2033.6148943564317,1975.62058996386,2024.5232262988168,2317278
2020-02-24,1942.6517333984375,2001.059259326608,1934.707789707679,1979.982954995306,3092877
2020-02-25,1980.1199951171875,1998.9463577257327,1938.6561691043175,1942.788785286681,2674567
2020-02-26,1950.227783203125,1987.2374814254804,1940.4471227143943,1978.1458145795957,2686842
2020-02-27,1933.60546875,1946.875715536563,1915.8810897610642,1946.875715536563,2349001
2020-02-28,1836.856201171875,1900.5443901333329,1827.534832744785,1899.166851314681,4298076
2020-03-02,1837.9124755859375,1886.2640020912315,1823.5859811057271,1868.8611385421464,2667076
2020-03-03,1869.963134765625,1891.8201306311842,1847.7388848689043,1855.0857591626175,2757585
2020-03-04,1913.1260986328125,1923.4576410262885,1859.677630825661,1888.1467698654615,3237002
2020-03-05,1951.55908203125,1972.4057890984875,1913.9063583189754,1915.4215611751083,3937056
2020-03-06,1943.6610107421875,1950.27315121084,1902.4727409380512,1926.717330726029,2595027
2020-03-09,1811.325927734375,1910.0954023579068,1777.0252305880906,1905.5955315091928,4940975
2020-03-11,1794.1982421875,1825.0551995805795,1763.2495834038855,1775.1882524581827,6796449
2020-03-12,1625.3580322265625,1752.5967461484142,1614.79690126719,1748.5559431865577,8728786
2020-03-13,1658.8321533203125,1671.4136286502658,1383.0948225498498,1550.0984091235057,8029720
2020-03-16,1557.9046630859375,1691.8473380483388,1539.0323355480753,1611.720493024744,7844271
2020-03-17,1522.639404296875,1589.679619323215,1490.6346117359988,1588.7612602132651,5713248
2020-03-18,1519.333740234375,1573.654718535739,1494.8594409882205,1539.9050122194635,7258778
2020-03-19,1513.7369384765625,1559.157812880962,1430.850762075047,1442.8303628528793,5135111
2020-03-20,1662.7652587890625,1728.9539920989955,1505.0872900722661,1507.8624971221843,8547498
2020-03-23,1544.587890625,1618.8709873870664,1496.5305941973868,1498.6119997525986,7003490
2020-03-24,1575.5316162109375,1637.372469082844,1510.4992068740157,1529.185672297866,6350865
2020-03-25,1619.1484375,1674.3750157792422,1554.1160367453738,1572.6174181351998,2765520
2020-03-26,1656.7525634765625,1694.7729962120357,1593.4779234033408,1694.3566473368155,4556067
2020-03-27,1687.7886962890625,1711.3779600629025,1619.2410935544826,1683.6258850348554,4331250
2020-03-30,1645.2354736328125,1762.2567204219893,1631.405735090756,1633.6721093255815,8513547
2020-03-31,1689.2689208984375,1716.0034445874908,1646.6232514100989,1699.722248506561,3927593
2020-04-01,1580.7120361328125,1697.2707583289994,1574.4678188723026,1689.0839182832508,4941878
2020-04-03,1530.249267578125,1609.6202419179517,1526.3640225084025,1609.6202419179517,5735369
2020-04-07,1642.1827392578125,1652.0347484660722,1577.2429289366748,1581.8682747693338,5427577
2020-04-08,1577.6591796875,1670.674930423964,1573.5426670272218,1628.1217483644389,6285615
2020-04-09,1633.810791015625,1645.5129375539198,1601.4795586624637,1619.2871385918556,5307397
2020-04-13,1627.427734375,1653.0984006412534,1615.1705694010232,1629.0466052206195,2990438
2020-04-15,1605.1339111328125,1676.225459498708,1598.3346748172262,1651.2485900690915,4761399
2020-04-16,1587.4649658203125,1632.6545713780351,1549.5371305318956,1581.8219536459344,6245533
2020-04-17,1670.859619140625,1713.1815268154023,1621.6459924346411,1665.1242363846857,9895823
2020-04-20,1682.376953125,1692.8764648991055,1667.4370644702938,1692.8764648991055,3244282
2020-04-21,1607.4462890625,1660.1289273310374,1598.2417840791404,1632.7469054949659,5122541
2020-04-22,1636.909912109375,1655.8738302773559,1590.3327015351529,1607.4464813452819,3829836
2020-04-23,1737.510986328125,1757.63123866548,1628.907854575364,1646.62294990766,5934366
2020-04-24,1682.2843017578125,1713.1815165082903,1672.3398098503446,1702.7744900934983,2987102
2020-04-27,1698.98193359375,1734.5046106036073,1688.2511543208445,1695.0042041075187,3374741
2020-04-28,1719.7498779296875,1728.0292017945887,1695.2817307390528,1725.25399429706,2678505
2020-04-29,1762.8583984375,1769.2413994250471,1711.4245660659308,1733.579931439743,4241510
2020-04-30,1863.5054931640625,1879.7405018211318,1796.6692474669283,1831.6369063020873,5915544
2020-05-04,1785.7998046875,1818.6860601510816,1770.2587097709218,1818.6860601510816,3729348
2020-05-05,1787.92724609375,1828.861552465318,1782.6080989381223,1808.6025172357124,2905528
2020-05-06,1760.9617919921875,1807.307738576591,1751.7110995432652,1794.449366411382,3517431
2020-05-07,1749.906982421875,1789.4998720758902,1742.2288637364288,1766.8819777913536,3166754
2020-05-08,1751.5260009765625,1794.1716674189415,1744.911733781376,1793.8016171637278,2686530
2020-05-11,1790.2862548828125,1805.179844645757,1765.956892648646,1765.956892648646,2449841
2020-05-12,1803.42236328125,1809.8978475300157,1767.1133980292423,1788.5287720937856,3256595
2020-05-13,1803.5609130859375,1844.5877032592925,1781.3592556745919,1844.5877032592925,2656665
2020-05-14,1759.8052978515625,1779.000482964214,1749.3982697784381,1766.8820995259832,2263146
2020-05-15,1751.0634765625,1773.7276715133457,1725.4389924762286,1772.432552074315,3173682
2020-05-18,1799.8145751953125,1806.6138110880433,1731.8219904210368,1764.106927408757,3727694
2020-05-19,1802.635986328125,1819.1021491206388,1760.406557875322,1760.406557875322,3198693
2020-05-20,1807.2152099609375,1815.8183988970584,1786.956171409435,1803.8849833456127,2778505
2020-05-21,1841.997802734375,1848.288318657962,1795.698155599164,1800.1847187729702,3400908
2020-05-22,1868.9637451171875,1879.7408250898284,1814.2921718540483,1828.9544977327705,3663418
2020-05-26,1797.4093017578125,1872.3399005444223,1780.7580575830104,1864.0142784570212,4575317
2020-05-27,1855.041259765625,1859.389039713971,1795.7905340023613,1812.2105118406314,3482160
2020-05-28,1854.115966796875,1863.0890915320856,1823.5886877399937,1839.4998304426772,3475681
2020-05-29,1824.56005859375,1852.5896981351877,1815.3556660073036,1833.4869981979257,7237735
2020-06-01,1891.99755859375,1905.6423276876299,1832.654353814317,1840.8874913098948,3747773
2020-06-02,1893.7552490234375,1925.0688157775558,1887.1872809344081,1905.8273331414798,2443886
2020-06-03,1898.39404296875,1914.723094313999,1874.132356396985,1903.6825042048968,3699799
2020-06-04,1940.515625,1948.3553906746,1898.9506646967798,1898.9506646967798,4048593
2020-06-05,1900.34228515625,1946.4997506446052,1892.966413862784,1940.5619964423843,3573289
2020-06-08,1922.1451416015625,1943.716216558597,1913.192076363494,1928.1757647078302,2957841
2020-06-09,1922.4241943359375,1944.1807892185298,1911.4762448043311,1914.1205326166328,2909439
2020-06-10,1956.4737548828125,1978.0448348121665,1923.7692143447596,1927.0629084103334,5168397
2020-06-11,1918.341796875,1952.994787872233,1912.9143700693794,1948.3558453832252,2269513
2020-06-12,1892.224365234375,1901.2238670480576,1865.782396904304,1865.9679092746298,2842642
2020-06-15,1883.31787109375,1910.3164933954604,1856.4583264606479,1891.8534798660014,2399022
2020-06-16,1898.069580078125,1924.186733292315,1884.338266267459,1915.8830723004935,2146528
2020-06-17,1899.9251708984375,1910.1772782368594,1880.2096669825664,1898.2551064410418,2703527
2020-06-18,1890.925537109375,1910.5018499231578,1878.9570439608126,1897.327299793994,1944389
2020-06-19,1896.9559326171875,1939.0775440236143,1885.2658227062127,1894.5437056919716,5681758
2020-06-22,1881.5084228515625,1904.0537260625226,1873.3439529613006,1901.9662021820789,3196138
2020-06-23,1888.327392578125,1896.3991047177688,1864.8543055199193,1880.626705118844,4205944
2020-06-24,1894.7293701171875,1915.1871490448546,1884.894836014062,1887.121550760438,2560937
2020-06-25,1870.5140380859375,1911.2439686118055,1864.1587106472184,1888.049260254866,3043931
2020-06-26,1965.8443603515625,1978.0446860802347,1874.0859601611428,1878.7713364505041,6300722
2020-06-29,1949.8863525390625,1973.9626421385522,1940.2838787405533,1955.7778993392237,3076341
2020-06-30,1931.794189453125,1959.3958895379935,1925.2070288687626,1948.3553001083662,3071725
2020-07-01,1940.9796142578125,1961.2980880090818,1929.3358254550658,1929.5213378182493,2503466
2020-07-02,2001.378662109375,2008.6618916742852,1946.500068698684,1950.2112223091676,3758699
2020-07-03,2040.80908203125,2045.7728391614166,2004.2543200900002,2007.4087091469821,4185208
2020-07-06,2099.7705078125,2105.986644335127,2045.7732721888635,2045.7732721888635,5190366
2020-07-07,2105.986572265625,2136.4180738179025,2070.9625639289843,2110.718383201524,5630055
2020-07-08,2058.66943359375,2110.1616858777616,2048.1856066797172,2106.0795078325473,2793358
2020-07-09,2045.17041015625,2082.4210230835733,2032.830779375352,2068.0403031647515,3443998
2020-07-10,2061.869873046875,2087.384044539741,2018.866806126415,2046.0046067142814,9610320
2020-07-13,2059.68994140625,2082.8382132383617,2050.412058787303,2059.68994140625,2963503
2020-07-14,2015.109619140625,2077.317865829046,2008.6615361857455,2050.4120069147793,2976738
2020-07-15,2072.58642578125,2096.8017937380478,2023.5993792424144,2027.2176634148827,5569321
2020-07-16,2078.026123046875,2169.38581276132,2064.403623988637,2086.6274169894564,8582118
2020-07-17,2046.41064453125,2086.5344293622097,2036.46108462027,2080.1184195462483,4509135
2020-07-20,2053.059326171875,2070.7268513870613,2037.1586896895963,2046.6433157171105,2952646
2020-07-21,2069.006591796875,2081.6526833246226,2046.7825700733515,2073.6094013422494,2665286
2020-07-22,2037.2979736328125,2074.5393005183455,2031.021353158362,2074.5393005183455,2861534
2020-07-23,2018.9329833984375,2037.2979093927468,2011.308097503327,2037.2979093927468,2265766
2020-07-24,2006.100830078125,2011.3081912838602,1976.066219932569,2003.404298715246,3665100
2020-07-27,2052.036865234375,2059.66175273007,2011.773454641764,2013.1682594404524,4248480
2020-07-28,2147.76611328125,2157.297275814482,2059.660976693568,2059.660976693568,8092319
2020-07-29,2116.429443359375,2177.754289234418,2088.5333593811374,2131.2608159373553,6090431
2020-07-30,2119.63818359375,2192.6329620153815,2112.8966276248734,2125.5892594345414,7098496
2020-07-31,2121.40380859375,2171.0589672597243,2099.133483439684,2141.6284666160077,4723290
2020-08-03,2096.066162109375,2142.280878147755,2074.2607581726725,2129.820485170339,4012337
2020-08-04,2091.927490234375,2110.4783424329266,2069.0062965358006,2101.4586531628947,2927928
2020-08-05,2101.0400390625,2138.6997520884047,2094.9958875892066,2101.504973791215,3800641
2020-08-06,2146.232177734375,2156.832600678783,2106.480251164417,2115.453402260932,4748047
2020-08-07,2134.37646484375,2164.7366191457463,2126.611962193437,2146.139225510474,3165491
2020-08-10,2122.706787109375,2161.9472465680155,2116.4301660709516,2155.438158083725,2929353
2020-08-11,2120.009765625,2149.858672780445,2116.011507667092,2122.8924524038734,2774423
2020-08-12,2099.04052734375,2135.3517414124162,2088.9978936330717,2127.866475261717,3415751
2020-08-13,2096.34423828125,2138.699839196069,2092.6712991785885,2113.5933628228977,2695682
2020-08-14,2084.9072265625,2121.3117609965852,2076.4920875157195,2117.313275941256,2270405
2020-08-17,2095.368408203125,2110.804336892842,2081.2809722689003,2104.2952486292957,2625630
2020-08-18,2110.572021484375,2128.472015498506,2090.6263592724285,2104.109471646709,3493374
2020-08-19,2098.34423828125,2124.3805921451435,2094.5316813721556,2116.7091664531035,2843005
2020-08-20,2094.8564453125,2116.894305495761,2082.9540711528484,2098.7153126562553,2895164
2020-08-21,2090.904296875,2111.73327936457,2083.8837379268807,2101.5047165847327,1975294
2020-08-24,2090.439697265625,2101.4585145423425,2073.608968640838,2092.7643709972854,2167966
2020-08-25,2085.3720703125,2092.2067030166036,2076.910392747229,2087.5573547876775,1663419
2020-08-26,2095.46142578125,2101.412501215062,2061.009707058087,2084.7679239412305,2618149
2020-08-27,2090.718505859375,2126.937104722412,2084.534964453888,2107.084299967664,3579393
2020-08-28,2081.558837890625,2120.0553337168203,2078.3508344082516,2109.315298563781,2941136
2020-08-31,2098.948486328125,2116.569472629243,2071.7497962295106,2082.9082331930445,6018154
2020-09-01,2088.812744140625,2118.2430272631927,2084.1168570828927,2109.8742005531976,3610908
2020-09-02,2106.293701171875,2109.64132201106,2084.4417690210166,2089.41666140335,2084137
2020-09-03,2138.23486328125,2161.0166654775494,2108.9439747431506,2108.9439747431506,4654146
2020-09-04,2128.285888671875,2161.249725277802,2104.2486652845564,2115.453640962461,5231303
2020-09-07,2163.853515625,2179.149828092816,2123.2182516677326,2128.471925113913,4620401
2020-09-08,2183.520263671875,2222.807263526422,2163.853607806725,2172.129358388604,7453998
2020-09-09,2164.410888671875,2193.5623915073274,2157.2974770228907,2161.946825033716,3866535
2020-09-10,2167.665771484375,2183.7991024141243,2161.2962999241918,2171.245860820515,2308813
2020-09-11,2207.603759765625,2215.8795093412245,2166.735804572795,2167.4797457413706,4145424
2020-09-14,2316.677001953125,2330.0207213555145,2214.809970149344,2216.9021767234435,7512131
2020-09-15,2316.677001953125,2360.0090155842745,2291.7566785967824,2316.677001953125,7318770
2020-09-16,2327.4638671875,2331.7413586299513,2303.566261218254,2314.3991524533085,3074003
2020-09-17,2288.36279296875,2320.722303934772,2278.738777784469,2306.0768561587633,4828176
2020-09-18,2278.08740234375,2325.045816321521,2265.5341629635536,2310.725915539837,4183256
2020-09-21,2292.407958984375,2329.230665176664,2280.1800354596417,2292.1289526532773,4598809
2020-09-22,2346.01416015625,2375.8165224066606,2285.6191828084434,2310.725658779081,7499613
2020-09-23,2294.406982421875,2343.1322916896797,2240.056142994605,2333.9729841911408,7502280
2020-09-24,2168.688232421875,2278.1803706436244,2141.117691396964,2278.1803706436244,8424708
2020-09-25,2252.423095703125,2268.8817416217576,2187.146297556975,2201.931132852591,8228267
2020-09-28,2256.142578125,2272.601224073958,2200.071397773725,2268.881745802151,4347166
2020-09-29,2313.887451171875,2334.9491340902982,2256.1426844910543,2264.093115075653,6995811
2020-09-30,2317.514404296875,2329.323704621098,2287.4795662147308,2314.4457887432786,3917166
2020-10-01,2346.479736328125,2361.869125839259,2317.5143849034753,2333.9730338017876,2610337
2020-10-05,2516.04150390625,2536.7776438198403,2420.4973913106674,2436.2586374737357,17412105
2020-10-06,2523.9453125,2544.123439109613,2464.2477245738087,2544.123439109613,9846367
2020-10-07,2544.0771484375,2575.739259467605,2513.4379849606266,2549.7029059423003,9656101
2020-10-08,2627.532958984375,2682.674281650521,2603.6353513419267,2603.6353513419267,19839329
2020-10-09,2615.677001953125,2631.391936543555,2585.0378398664175,2612.933931663537,7739245
2020-10-12,2631.531005859375,2653.847876580444,2604.332319668072,2618.0478964653958,4623203
2020-10-13,2628.32275390625,2654.6844187548586,2614.9790354016595,2645.478801255775,4209878
2020-10-14,2623.699951171875,2653.9560798886214,2603.108867023654,2653.9560798886214,4395936
2020-10-15,2559.266357421875,2640.6499249521044,2546.5661198282696,2625.00820052705,6629355
2020-10-16,2580.464111328125,2588.261490169071,2550.5814166864343,2568.137545385801,5273773
2020-10-19,2532.137939453125,2590.455834322018,2527.515506182471,2590.455834322018,3331194
2020-10-20,2557.77197265625,2577.2890169958255,2538.114716389137,2544.6982933509607,3406273
2020-10-21,2498.38037109375,2567.1106716121403,2486.8476534681377,2557.7723279540387,4570143
2020-10-22,2494.41064453125,2508.8850718018084,2463.5476126438057,2484.932320448806,5262294
2020-10-23,2509.025634765625,2523.2198682196754,2493.430650089395,2509.959468913745,3499091
2020-10-26,2510.33251953125,2530.643409082454,2493.803703286944,2511.9667290353696,2672752
2020-10-27,2456.12451171875,2538.3019407841607,2450.4749958600387,2521.119478628888,3537502
2020-10-28,2448.7001953125,2480.217102158167,2433.5721256239567,2474.6608338079373,3569445
2020-10-29,2458.45849609375,2479.329781494295,2428.2023594465313,2435.439574439594,3105968
2020-10-30,2488.528564453125,2497.399990798305,2448.14022872375,2461.680826829552,3427003
2020-11-02,2432.264404296875,2488.5279091975904,2428.015413516133,2483.9987225876093,2571196
2020-11-03,2459.345703125,2488.668004174567,2428.9493560132273,2431.704121152185,2879269
2020-11-04,2477.60205078125,2541.7566410081195,2437.3071973153965,2437.3071973153965,4893928
2020-11-05,2507.998046875,2530.6902597461035,2490.5353958460732,2507.3444086414347,2816502
2020-11-06,2528.30908203125,2533.7253653948724,2503.889411572959,2520.4182295036435,3884421
2020-11-09,2546.1923828125,2562.441006454603,2516.77660595269,2550.3946366496157,3646592
2020-11-10,2474.287109375,2533.6320885213513,2463.7814749567756,2518.7374790991066,4760020
2020-11-11,2509.959228515625,2514.6283988090213,2468.496859518165,2491.4225312561084,3242441
2020-11-12,2494.317626953125,2533.49192198505,2485.6329241959847,2508.278401198616,2437505
2020-11-13,2481.05712890625,2488.5743107464464,2461.5865974396593,2480.029820239141,2548093
2020-11-14,2493.664306640625,2511.0802236912623,2484.045768553842,2500.761309937775,298819
2020-11-17,2489.648681640625,2516.6831357763604,2474.707334637871,2516.6831357763604,2827273
2020-11-18,2452.85546875,2487.9209879643086,2434.552455531679,2484.9327641722216,2893762
2020-11-19,2462.4267578125,2499.079741931554,2456.77724456067,2462.520232406255,4167501
2020-11-20,2484.232666015625,2498.9405560596983,2453.6963303786406,2479.330036000934,2711471
2020-11-23,2543.998046875,2549.367594005231,2488.668365576535,2512.014222664495,3706418
2020-11-24,2541.943115234375,2561.506893706696,2526.02119849676,2553.475829385502,3120516
2020-11-25,2522.566650390625,2552.122414910416,2510.333329816388,2548.4338150078743,3302249
2020-11-26,2540.589111328125,2550.254157348042,2502.6753561558057,2508.278360684513,2341099
2020-11-27,2502.347900390625,2537.880325619585,2492.449397916077,2526.0206807748577,6086808
2020-12-01,2546.37939453125,2554.8771498013507,2450.801363493682,2501.742069749833,3605017
2020-12-02,2567.623779296875,2572.4329340618538,2523.6400988394357,2539.095099899602,2509032
2020-12-03,2530.1767578125,2590.3623199878407,2522.0991840385173,2590.3623199878407,2852548
2020-12-04,2547.079345703125,2557.631717047482,2520.4183354972165,2531.4376239100243,2686527
2020-12-07,2556.557861328125,2562.4410624259663,2527.0953465180914,2535.359870439686,1996400
2020-12-08,2612.2138671875,2619.9179976090204,2551.654641709673,2558.7051339352147,4277818
2020-12-09,2624.82177734375,2652.089696228719,2608.33946339018,2628.7438362267053,3659996
2020-12-10,2600.074462890625,2640.2293312394418,2596.292388995285,2631.5446280689553,2127801
2020-12-11,2599.420654296875,2621.925918988736,2581.631069352225,2607.9184076916636,1795408
2020-12-14,2612.58837890625,2618.4715810516436,2573.880989755204,2616.603912306243,2483658
2020-12-15,2578.829833984375,2609.786345959962,2572.713174487586,2601.6620341642156,2365509
2020-12-16,2627.99560546875,2633.2251670799255,2577.8020278108706,2595.124694162721,2565149
2020-12-17,2650.408447265625,2664.8828788206165,2619.405194306505,2625.0082000697275,2863460
2020-12-18,2671.699462890625,2706.251325919969,2657.8786720815174,2678.2363018421224,6076692
2020-12-21,2633.55224609375,2695.5122321802833,2600.7280674249396,2671.6994617245073,2705195
2020-12-22,2682.438720703125,2692.8508807654166,2632.1516581907595,2646.4861042550588,2881737
2020-12-23,2716.289794921875,2725.8615939413676,2675.8547349299697,2685.7534670619325,2790988
2020-12-24,2716.850830078125,2728.056841340641,2692.4309270764293,2716.523896888215,1807144
2020-12-28,2735.57421875,2754.531101410218,2709.9872490816183,2717.457923786185,2108994
2020-12-29,2736.600830078125,2756.678263228331,2726.7955720280243,2726.7955720280243,1994151
2020-12-30,2716.8037109375,2752.662850743021,2709.9866761135177,2740.242811075248,2637968
2020-12-31,2673.333984375,2712.788481218889,2656.758426529342,2708.11930999476,4040956
2021-01-01,2734.5,2745.4725518654486,2688.5086655852474,2689.442499786562,2681440
2021-01-04,2838.342529296875,2848.894902156192,2746.3598536065088,2754.811099356147,5113293
2021-01-05,2888.348876953125,2908.1928516169637,2838.482227110261,2838.482227110261,5801309
2021-01-06,2849.59521484375,2907.492938363433,2836.2413394668347,2894.886175984147,3726716
2021-01-07,2832.1328125,2877.0035978262345,2801.736459344364,2871.5405757799913,3717827
2021-01-08,2914.403076171875,2921.033390215256,2857.5326643410112,2885.5476904620014,5879039
2021-01-11,2966.277587890625,3016.2844547108357,2938.356036609874,3016.2844547108357,9508039
2021-01-12,2964.78369140625,2997.607873341707,2941.5778196343854,2966.2776893796554,3611458
2021-01-13,2949.935302734375,2966.7910545117693,2919.3989720388477,2964.9233862369742,3572801
2021-01-14,3041.3916015625,3056.174305759119,2919.481403715363,2951.853646003374,6931542
2021-01-15,3025.158935546875,3063.1914441185395,3003.31231998183,3026.702602847732,4131692
2021-01-18,3014.3056640625,3047.0520591093496,2982.167324983945,3040.7366829217426,4160906
2021-01-19,3050.747802734375,3067.8695356715834,3023.8958033822987,3024.8314147076026,2975735
2021-01-20,3095.750244140625,3113.6671064414854,3056.735304550454,3059.448485539383,3453446
2021-01-21,3063.051025390625,3096.077920244956,3052.0575930480427,3092.19522487097,2778546
2021-01-22,3090.41748046875,3110.907274608415,3033.157891655182,3033.157891655182,3052459
2021-01-25,3079.37744140625,3124.754588336801,3067.541821700797,3095.8908890755743,2272887
2021-01-27,3051.075439453125,3093.5521033866835,3019.2178272925867,3087.5174558616472,2786662
2021-01-28,2990.727783203125,3064.1264301746214,2978.7987413757273,3022.0239296073364,3083938
2021-01-29,2911.014404296875,3009.721399657077,2900.395124328218,3003.359196926017,5445659
2021-02-01,2937.211181640625,2961.2095181206178,2848.0942127303597,2900.3947886805418,3985846
2021-02-02,2997.183349609375,3016.4102035075557,2947.174981714889,2969.6296482422404,2881837
2021-02-03,2994.00341796875,3027.6386033696217,2959.0114132506496,3006.1195403666857,2505866
2021-02-04,2983.14990234375,3029.3692391429577,2971.501586958115,3008.9728664450554,2057261
2021-02-05,2954.61376953125,2999.429689527949,2927.5278670685025,2992.9738342643304,2366135
2021-02-08,3007.1484375,3018.282120849036,2951.9939674032,2984.132307640422,2526592
2021-02-09,2972.343017578125,3036.806763874272,2960.27372492254,2989.2776710263956,2658751
2021-02-10,3006.399658203125,3012.106749743223,2954.005428501241,2979.9218142946374,2127983
2021-02-11,2999.56982421875,3012.0135001780386,2979.9688131912976,3007.9903259086964,1165882
2021-02-12,2985.348388671875,3036.5262777882303,2977.114964080157,2979.1732631229083,2777404
2021-02-15,2937.6787109375,3002.3761294958813,2929.9130928398954,3002.3761294958813,2630853
2021-02-16,2908.62841796875,2963.6890052179583,2900.39499294978,2947.1755573521955,3435770
2021-02-17,2875.22705078125,2931.1298234944466,2849.450914917214,2905.1666110627943,3678426
2021-02-18,2860.4912109375,2898.430065242326,2835.837762576833,2867.6485457928056,4189909
2021-02-19,2874.057373046875,2888.372041754777,2821.9436461628115,2861.099066482132,3725028
2021-02-22,2767.958740234375,2896.6520986339856,2753.6438440628017,2896.6520986339856,5366696
2021-02-23,2788.30810546875,2833.0303609458883,2776.89369593375,2778.7649181008214,3832829
2021-02-24,2758.275634765625,2809.968156651824,2733.060728683657,2780.6366524123637,3774549
2021-02-25,2802.43603515625,2834.8080428758944,2777.314785200414,2782.5074726037674,4224073
2021-02-26,2707.93994140625,2780.9644520253073,2694.560653587968,2769.409560632078,5553153
2021-03-01,2735.91455078125,2774.087537965905,2714.956948776714,2737.5986968257125,3265871
2021-03-02,2812.775146484375,2830.2242060060044,2758.18213530767,2769.4094710009167,3306469
2021-03-03,2862.12841796875,2866.7128216481406,2803.9332164637362,2839.580095855779,3509857
2021-03-04,2853.33349609375,2883.0391523718913,2821.85026986331,2828.352722167612,3916760
2021-03-05,2814.36572265625,2865.964596426504,2803.653018551886,2821.897439589088,3203686
2021-03-08,2813.33642578125,2837.7091464622117,2803.091527464816,2821.8037539498946,2003125
2021-03-09,2854.5029296875,2869.4258825635384,2799.442347914434,2813.3360371076965,1942397
2021-03-10,2873.215576171875,2894.032928322283,2862.970677764023,2877.0048477530627,3053778
2021-03-12,2861.052001953125,2916.299884721904,2845.5209942874153,2877.004217362802,2938317
2021-03-15,2868.724609375,2899.45953316161,2845.194075619379,2845.194075619379,3097083
2021-03-16,2909.797607421875,2938.7547278719717,2862.970221995617,2862.970221995617,4894756
2021-03-17,2912.511474609375,2951.8539798345855,2886.6419106551957,2905.073409631185,3838390
2021-03-18,2840.9833984375,2943.853803818139,2794.7174704503955,2924.6737742880982,3656306
2021-03-19,2853.80126953125,2899.459142302963,2811.5116884867384,2834.9019687570108,5776626
2021-03-22,2928.135986328125,2937.3050232929036,2824.2831259046584,2852.3982928115556,2821646
2021-03-23,2940.25244140625,2964.9524906988686,2921.774116479995,2937.8197604274055,3305973
2021-03-24,2920.135986328125,2949.327007871166,2910.8264728572676,2910.8732990978588,2207104
2021-03-25,2867.50830078125,2929.2586447854446,2853.614382012018,2911.8093574954632,3179786
2021-03-26,2869.332763671875,2917.236016266382,2847.1119954273827,2891.646955993382,3697370
2021-03-30,2955.1748046875,2983.149488229921,2863.812233854806,2884.4893327657805,4694008
2021-03-31,2973.232177734375,2998.6339307403837,2930.334312349105,2951.853370198412,3530069
2021-04-01,2961.209716796875,3007.990281043271,2942.4974910983165,2985.6292627017833,4285076
2021-04-05,3030.35107421875,3052.899395878381,2948.1109397526134,2966.823164060786,5317862
2021-04-06,3054.490234375,3064.1270766666785,3022.0245672162964,3064.1270766666785,2291562
2021-04-07,3060.75830078125,3066.5124465491167,3026.5150688929475,3049.156813601306,2491268
2021-04-08,3103.749755859375,3120.2632013739317,3055.7528579322134,3059.448476309672,2578118
2021-04-09,3108.334716796875,3138.3679316234206,3095.0022554485854,3138.040376292187,2911129
2021-04-12,3037.508544921875,3123.1637947782024,3006.3058204662934,3108.3342660955677,3791828
2021-04-13,2904.183837890625,3007.054238221565,2875.179892220162,3007.054238221565,8654596
2021-04-15,3011.68603515625,3028.807768123324,2888.6531456641756,2956.8125221997516,6062760
2021-04-16,2989.418212890625,3037.9297478768403,2977.676474365771,3021.088745270809,3224657
2021-04-19,2958.215576171875,2983.6641554574558,2933.234802492356,2964.9519312150132,2679106
2021-04-20,2942.076416015625,3017.6738510632013,2925.0483368679056,3017.3462957558404,3141893
2021-04-22,2917.984619140625,2945.3044238941243,2905.3070401198315,2945.3044238941243,1988980
2021-04-23,2909.28271484375,2918.171020291898,2892.020735736483,2905.0724648946275,1615309
2021-04-26,2901.1435546875,2949.9824186943943,2889.214510653769,2902.313068808454,2490260
2021-04-27,2930.333740234375,2934.1698368181446,2903.2010204173903,2906.007853501906,1471417
2021-04-28,2922.943359375,2948.111212025588,2911.622371254722,2947.128774474534,1639037
2021-04-29,2914.66259765625,2954.0519179343487,2905.5403890607445,2943.0584870628422,1621395
2021-04-30,2840.18798828125,2930.3810431200454,2825.5457646769482,2899.45904792512,3072305
2021-05-03,2841.451416015625,2858.292418810581,2810.5762442248724,2830.130428324061,1545831
2021-05-04,2853.380126953125,2891.038476034152,2839.5798623830588,2865.5898982399317,1990777
2021-05-05,2896.371826171875,2899.833542262407,2855.8598116111057,2872.3266616913725,1939289
2021-05-06,2911.107666015625,2932.205746024226,2876.069069329442,2905.5408245942035,1791671
2021-05-07,2931.176025390625,2956.3909281458955,2911.434767548973,2931.2696778721415,1912540
2021-05-10,2942.96484375,2960.4607264009837,2923.7848153612304,2943.3858230792744,2137153
2021-05-11,2921.539794921875,2926.6856568220687,2892.11463822874,2923.785170564582,2415625
2021-05-12,2888.79345703125,2919.1071708992226,2872.88806539494,2919.1071708992226,1978558
2021-05-14,2855.017822265625,2898.9915524463504,2844.2582925405536,2898.9915524463504,2043935
2021-05-17,2872.091796875,2877.1908310159274,2840.5149263987296,2858.2915349631485,2890462
2021-05-18,2889.91650390625,2922.84997911352,2879.8118552213236,2900.395305778461,2098538
2021-05-19,2883.553955078125,2917.2359610426975,2869.6134384221878,2885.4251776317124,1986041
2021-05-20,2862.97021484375,2889.9158625499485,2855.5789778795897,2869.613145599412,2329027
2021-05-21,2882.150390625,2889.3545514033844,2858.385956779236,2863.9059716614593,1685566
2021-05-24,2883.0859375,2905.072800888366,2874.197631023852,2883.0859375,1652260
2021-05-25,2927.744873046875,2941.1425494890455,2897.7529733880406,2907.060740995805,1841613
2021-05-26,2969.5830078125,2975.6942281863426,2918.1547838048464,2933.3857794443566,1923753
2021-05-27,2989.797119140625,3025.2892075832538,2972.6857475739043,2972.8266839246894,5959785
2021-05-28,2955.574462890625,3006.7205874472456,2948.0997862426198,2998.7289911391463,1763701
2021-05-31,2970.194091796875,2980.7243784159045,2941.471539150341,2961.591465545502,1652799
2021-06-01,2964.412109375,2980.3482465482384,2944.668165735014,2979.0791307513464,1377441
2021-06-02,2942.2705078125,2970.47614030754,2928.684840734994,2962.390663381777,2240078
2021-06-03,2953.36474609375,2965.869288976459,2935.8771622682443,2965.869288976459,1281706
2021-06-04,2955.715576171875,2968.0321289168296,2938.0870538487825,2940.907617420477,1836060
2021-06-07,2992.8056640625,2999.622025396153,2946.1724883854317,2956.8905371500323,2559821
2021-06-08,3008.741943359375,3037.7468292577237,2996.5665570667707,3006.7206313730117,2574057
2021-06-09,3008.83642578125,3027.405137416022,2995.6267394448487,3010.4817546602803,1710925
2021-06-10,3024.396240234375,3031.16554666423,3002.0197241001506,3018.002917119162,1874324
2021-06-11,3077.987060546875,3111.081627295903,3018.9432170586715,3019.460366289042,3452954
2021-06-14,3080.384765625,3110.7997069375956,3074.743638137748,3082.8761717833104,1847360
2021-06-15,3067.59814453125,3100.739768803636,3057.0680857055095,3100.739768803636,1304985
2021-06-16,3078.503662109375,3097.636343924946,3058.4305630634894,3066.986362878656,1635552
2021-06-17,3119.30810546875,3136.5135882929667,3065.0122594614195,3070.1832924144987,2273413
2021-06-18,3100.081787109375,3157.1511500183515,3079.11554982433,3150.4757237286935,3380431
2021-06-21,3077.3291015625,3089.4574336346423,3057.20894281721,3069.713487771487,1130569
2021-06-22,3103.748046875,3128.0519943179997,3088.5170497973077,3106.3806187306864,1708688
2021-06-23,3066.328369140625,3129.885155614763,3061.627430186563,3129.885155614763,1467104
2021-06-24,3171.81787109375,3180.6555452037182,3082.4059133758174,3087.5769466299175,4155204
2021-06-25,3178.5869140625,3196.309316112727,3149.629084334741,3173.3688259405476,2722861
2021-06-28,3137.17138671875,3188.6466645857918,3133.645682755254,3188.6466645857918,1355238
2021-06-29,3141.0263671875,3164.9540997519075,3127.534581027559,3142.107491295386,1497322
2021-06-30,3145.633544921875,3179.7153549804325,3138.817182910164,3145.8685918877964,1693146
2021-07-01,3141.637451171875,3160.9113005655677,3133.0348248430737,3157.1505494643593,990310
2021-07-02,3126.54736328125,3139.945038958509,3098.1066833347877,3131.7654512947356,1682274
2021-07-05,3122.36376953125,3172.1937242994395,3104.5002008407673,3142.1077138733626,1972858
2021-07-06,3067.1748046875,3128.945099230444,3061.345686047264,3114.84228177598,2159420
2021-07-07,3079.068359375,3086.3548156998113,3047.7132302033287,3079.115414678257,2640710
2021-07-08,3063.60205078125,3100.7394701477865,3038.592962633124,3100.7394701477865,2485811
2021-07-09,3016.263427734375,3085.6963892466865,3009.541176715004,3055.6103793576267,6365067
2021-07-12,3002.114013671875,3042.4479819385947,2997.6481212385597,3041.5077940578967,1892226
2021-07-13,2996.895751953125,3021.763674053831,2985.09634882418,3021.763674053831,1809339
2021-07-14,3022.28076171875,3029.285114975191,2994.498166106761,2996.3785417212707,2044279
2021-07-15,3017.946044921875,3045.1769052568206,3009.5130471688126,3041.172387269824,2232968
2021-07-16,3010.267822265625,3033.870975759111,3007.6295047624158,3027.416540977958,1256526
2021-07-19,3000.65625,3014.9782455677164,2992.5528976193264,2996.3218559286706,1597058
2021-07-20,3020.632568359375,3029.3011290037734,2973.8502216096645,3000.657129472972,1811945
2021-07-22,3030.572509765625,3038.675632516925,3005.744403632259,3005.744403632259,2859334
2021-07-23,3027.2744140625,3054.3166429952603,3021.4323448525442,3043.433730243102,1776193
2021-07-26,3012.8583984375,3038.0161507471275,3006.5454388750054,3015.166839541229,1259611
2021-07-27,2999.1015625,3024.5891903140227,2978.5606927075187,3015.166794082515,1121367
2021-07-28,3013.093505859375,3019.3593064912484,2951.470904806962,3003.8595127921885,1660654
2021-07-29,3011.209716796875,3039.1470322344658,3006.027398382287,3015.402637506334,1731997
2021-07-30,2984.4970703125,3037.3096511258204,2979.6917859004216,3033.069572506287,2999943
2021-08-02,3033.44580078125,3038.6281181106847,2984.07254224003,2996.3216559277853,2608669
2021-08-03,3095.162841796875,3099.968355883894,3033.0221847437138,3042.4917389510924,3804735
2021-08-04,3084.845458984375,3114.290448074314,3072.83190343568,3109.3908478975436,2929598
2021-08-05,3094.267333984375,3123.52391622102,3074.0563428872033,3085.834336538112,2534521
2021-08-06,3118.624755859375,3132.0045125224046,3076.4123746647565,3083.52632983908,2292362
2021-08-09,3130.779541015625,3144.2536135965174,3118.8131438431146,3131.9101825524267,1510489
2021-08-10,3141.33251953125,3156.408353174955,3124.0897188324343,3124.0897188324343,2040777
2021-08-11,3151.037353515625,3165.9247839240093,3134.9251957636643,3156.502388733759,1929707
2021-08-12,3158.151123046875,3173.462514334862,3133.8884568520643,3133.8884568520643,1310205
2021-08-13,3263.352783203125,3278.9940537509783,3163.5696941002616,3166.63197302977,4363584
2021-08-16,3272.351318359375,3292.5153859519987,3238.006727320517,3260.14936025869,2083489
2021-08-17,3347.824462890625,3355.1268198039365,3262.9757407481593,3280.972609156552,4336019
2021-08-18,3354.89111328125,3387.3512201339922,3332.324521814157,3367.422945444196,2631309
2021-08-20,3353.902099609375,3368.506814469312,3297.838839340585,3303.4922773508833,2836148
2021-08-23,3427.30224609375,3460.8460680363974,3356.1631559394486,3373.2177847999737,3744176
2021-08-24,3404.50048828125,3455.5229068127137,3386.7863356519983,3445.7706337581785,2511141
2021-08-25,3447.654296875,3484.1660771439,3398.705001335191,3401.4845618252934,2123263
2021-08-26,3459.7626953125,3474.6029695617003,3437.195872026188,3448.597063623703,1902533
2021-08-27,3505.272705078125,3514.0827377285887,3440.2112419608507,3454.2505205826533,3944728
2021-08-30,3487.511474609375,3524.3059769668,3474.602838107822,3500.420111110928,2033114
2021-08-31,3567.742919921875,3584.373586104515,3489.5370367933083,3495.1433161423242,3207480
2021-09-01,3500.37353515625,3596.246430318619,3492.882775104681,3576.7421133793823,2643336
2021-09-02,3615.138427734375,3636.2445065094807,3507.016414420367,3518.323291629675,3403717
2021-09-03,3620.131591796875,3634.123711410691,3584.797607864576,3604.0663610945317,1746812
2021-09-06,3629.50732421875,3653.628752553141,3593.702215620538,3627.3401269010606,1723693
2021-09-07,3595.492431640625,3646.4205341760103,3588.2843898461197,3640.8142538870625,1585039
2021-09-08,3556.1533203125,3594.6438981046413,3539.0517644249103,3589.9327003351723,4147175
2021-09-09,3572.4072265625,3588.708018102657,3547.5321924477776,3570.805465205842,1441148
2021-09-13,3623.2412109375,3629.8838162202746,3549.416644773257,3549.416644773257,1691473
2021-09-14,3661.448974609375,3671.4368069441266,3604.0666717724325,3627.5755051007736,1991188
2021-09-15,3726.1337890625,3750.1137417298373,3642.6984234993847,3657.868573615941,2461369
2021-09-16,3677.84423828125,3751.7628961608943,3667.291199731503,3703.001992066884,2946666
2021-09-17,3606.752685546875,3717.1359853392532,3585.222414249901,3693.579990501869,6477148
2021-09-20,3602.6533203125,3647.4097039177946,3587.9073617297154,3588.9908453171997,2002008
2021-09-21,3639.82421875,3647.9275708846394,3600.9096793797544,3635.160178991588,1568129
2021-09-22,3639.07080078125,3671.7667009239385,3629.9311221123426,3639.400676676929,1744067
2021-09-23,3645.760986328125,3654.9478234714215,3613.4892763632124,3646.4676661083786,2003869
2021-09-24,3647.6923828125,3716.5699628219263,3632.333830594926,3665.3122181619356,2320754
2021-09-27,3615.32666015625,3678.50387960866,3583.243351571434,3674.734920715618,1673362
2021-09-28,3560.86474609375,3627.6225147773835,3534.576352872379,3627.6225147773835,2253075
2021-09-29,3572.87841796875,3586.164088979245,3507.157202727998,3542.6326633867143,2489161
2021-09-30,3557.472900390625,3585.2218116371573,3533.4929476845787,3585.2218116371573,2252412
2021-10-01,3514.741943359375,3589.9327058841086,3509.842343679345,3563.3144384454663,1578374
2021-10-04,3555.35302734375,3565.1050699995603,3493.306452456142,3509.6544029049846,1356860
2021-10-05,3611.88720703125,3618.200166522336,3525.4838792707897,3537.1675586262627,1877966
2021-10-06,3590.78076171875,3634.642060643526,3575.7992442524865,3614.431067444674,1678154
2021-10-07,3668.044921875,3673.792676194981,3599.4028961485114,3608.778135374911,1647233
2021-10-08,3708.324951171875,3759.4414461836063,3674.734203608318,3698.290192092986,2934339
2021-10-11,3472.718505859375,3540.465443894623,3448.5970790829865,3538.109844796889,11845402
2021-10-12,3441.860107421875,3492.882291118197,3420.8952757581633,3491.9400514928616,5752877
2021-10-13,3444.074462890625,3463.1548165799422,3434.4636640771364,3439.174862518943,3545655
2021-10-14,3409.380615234375,3464.6546476021394,3406.312460573692,3422.172506146527,6442299
2021-10-18,3443.0830078125,3448.322517929802,3399.9400798959296,3401.828175038715,3590107
2021-10-19,3430.810302734375,3483.629947404049,3422.36112327988,3463.7104519586137,3135441
2021-10-20,3406.92578125,3426.8922929132686,3378.0850851405717,3409.899438568244,2933693
2021-10-21,3334.84814453125,3405.6044660027956,3314.787133046101,3402.4420448333594,4871211
2021-10-22,3303.081298828125,3362.320290415763,3290.006146341327,3360.809721944082,2691670
2021-10-25,3297.511474609375,3317.902997783153,3256.96467067488,3306.999200398291,2595594
2021-10-26,3287.740478515625,3331.5441978221806,3280.5656240952335,3298.974553496631,3878763
2021-10-27,3294.490234375,3314.787258528324,3288.1179128384915,3288.1179128384915,2510813
2021-10-28,3230.200439453125,3321.159519625934,3223.9226149865167,3321.159519625934,2424942
2021-10-29,3207.6376953125,3267.3487053127988,3196.4978876669634,3209.80905086313,3960501
2021-11-01,3281.88671875,3291.8937146919934,3221.986949475492,3245.5881375647664,2020718
2021-11-02,3289.250732421875,3317.005871252101,3275.609290156323,3298.5024453652836,3087414
2021-11-03,3296.849853515625,3322.952674473951,3272.1158553244554,3308.1311749475144,1537639
2021-11-04,3312.33251953125,3316.675230683377,3308.8868379834157,3316.391970307304,328991
2021-11-08,3306.762939453125,3349.481096047302,3286.4186662939646,3349.481096047302,2526082
2021-11-09,3309.547607421875,3337.2082480491626,3300.390391847206,3311.7189629862696,1782692
2021-11-10,3289.344970703125,3322.7641622497767,3285.4742835016846,3302.2783762234794,1516489
2021-11-11,3293.02685546875,3313.654388117064,3243.7476158983827,3285.28571109615,1284514
2021-11-12,3328.759033203125,3336.4056803534454,3290.6666209560244,3309.8308330277005,1747259
2021-11-15,3354.484130859375,3369.8721516779974,3330.599682279835,3330.599682279835,1809157
2021-11-16,3357.410400390625,3375.4890481077373,3343.8162087302176,3369.30549095374,2013204
2021-11-17,3324.841552734375,3363.5004910185044,3310.2088131630185,3351.9359065185613,1632914
2021-11-18,3281.22607421875,3323.849960049107,3258.4746661998674,3318.4687045465403,2136598
2021-11-22,3264.893798828125,3319.223778832423,3247.806677277256,3283.7747489265535,3167936
2021-11-23,3270.41650390625,3286.1820508289397,3217.12506940897,3252.2435897978007,2153461
2021-11-24,3250.638916015625,3297.6052807757383,3232.4187525352286,3277.9217975233278,2161746
2021-11-25,3253.09326171875,3269.236566526427,3241.906436878651,3251.2051666759976,1849619
2021-11-26,3253.990234375,3294.725792018273,3220.995589695295,3233.3627042013136,1941251
2021-11-29,3306.0546875,3331.874481492013,3215.850893434016,3254.273584568453,2981745
2021-11-30,3331.685791015625,3364.3499330665263,3295.670464071622,3295.670464071622,5588446
2021-12-01,3377.613037109375,3389.130369986521,3337.2077598613796,3337.2077598613796,2102118
2021-12-02,3439.071044921875,3443.8857800631285,3374.120751875164,3388.3757329068244,3152938
2021-12-03,3436.7578125,3460.8310247111826,3427.6950944263563,3442.4220977261602,2486263
2021-12-06,3338.52978515625,3453.3260636071814,3324.935592133541,3436.7579824055024,1849642
2021-12-07,3383.9384765625,3396.6831186139975,3327.106859584486,3363.1694302563556,1484458
2021-12-08,3423.966064453125,3442.422240677521,3399.5153244036565,3399.5153244036565,1428660
2021-12-09,3400.22314453125,3431.376712593867,3366.473445796748,3408.011536546904,1567957
2021-12-10,3433.3115234375,3438.220523668476,3375.063846768504,3384.409823545164,1510718
2021-12-13,3407.68115234375,3457.1021338607466,3400.176020404816,3445.773563241869,1883864
2021-12-14,3421.0400390625,3431.613327013892,3376.5753010099984,3403.2918965295958,1747007
2021-12-15,3370.580322265625,3420.284334464749,3359.0627575665485,3417.452191764392,1603233
2021-12-16,3381.20068359375,3406.548221170832,3370.2496401897884,3381.578210408914,2072320
2021-12-17,3383.797119140625,3447.048308562849,3373.742873877078,3400.9314909486757,4333992
2021-12-20,3357.882568359375,3404.2353942896257,3313.7483463174894,3388.1865862743944,2312310
2021-12-21,3406.407470703125,3437.4665488320493,3366.851732522681,3382.1925081371983,2340989
2021-12-22,3427.600830078125,3433.312364164827,3404.4716638350856,3421.228508766267,1224328
2021-12-23,3457.7626953125,3465.126311830112,3426.8923884874835,3443.8852433064294,1792861
2021-12-24,3465.504150390625,3497.6962648857684,3440.8646469747905,3478.8153133884093,2209923
2021-12-27,3489.294921875,3492.9766158454863,3448.7008693124712,3465.5992315591297,1534135
2021-12-28,3499.15966796875,3516.5773000433605,3487.1703095787702,3502.4165860834546,1456218
2021-12-29,3487.972900390625,3511.8101041957484,3478.815684034834,3485.660029681849,1456923
2021-12-30,3524.837158203125,3530.7374547518416,3474.094607884165,3475.369164130821,1966475
2021-12-31,3529.1806640625,3549.6192037215615,3522.525081959445,3533.3816300559333,1207141
2022-01-03,3604.137939453125,3615.702523241561,3535.4584724646593,3540.1787107456535,2346158
2022-01-04,3667.388671875,3671.5423888485057,3598.4259531538,3616.74061367237,2488606
2022-01-05,3644.920166015625,3653.463842026511,3599.0866135809542,3648.743604504513,1733031
2022-01-06,3594.4140625,3620.4226205113523,3560.9476204873067,3598.7095252644785,1810293
2022-01-07,3637.887451171875,3648.649501692418,3583.9822406556277,3606.2618563582623,2460591
2022-01-10,3662.762939453125,3755.421113291542,3644.9675511359083,3755.421113291542,3937092
2022-01-11,3696.7958984375,3705.3868237752163,3640.2475394846456,3640.2475394846456,1906106
2022-01-12,3643.92919921875,3709.162979857876,3621.8858262879126,3705.386789499151,3203744
2022-01-13,3679.802978515625,3703.4986650213164,3641.191524595263,3698.778427110252,6684507
2022-01-14,3746.122802734375,3754.47771710314,3644.071384266553,3660.875479486202,3348123
2022-01-17,3794.269287109375,3816.7849173372742,3740.60031272123,3769.2992711071192,3442604
2022-01-18,3767.316162109375,3815.556852561896,3757.309166108001,3808.2404842108062,2389041
2022-01-19,3702.10986328125,3794.1744835449467,3698.185273654665,3794.1744835449467,3102539
2022-01-20,3618.793212890625,3707.1694381406537,3604.0874308045995,3697.7123732474374,6176776
2022-01-21,3625.36572265625,3642.4357704751505,3566.353731772168,3600.304501409246,3112358
2022-01-24,3566.59033203125,3640.6389669145306,3537.0370036501904,3631.5129914646104,3258414
2022-01-25,3565.218505859375,3602.573909087427,3520.108356239532,3564.840315649182,3330501
2022-01-27,3451.119140625,3530.70024322423,3428.280423019262,3528.4306401786325,5718297
2022-01-28,3489.704345703125,3527.296179392685,3448.045927852462,3448.045927852462,3143862
2022-01-31,3533.395751953125,3553.964867404441,3519.3519187046318,3545.453509286655,2739393
2022-02-01,3594.298828125,3601.249862308962,3533.5371937622504,3565.3130201955846,2105169
2022-02-02,3646.833251953125,3654.2098086134247,3594.2992112448724,3620.0697126125524,1984212
2022-02-03,3616.94921875,3671.705533449742,3608.8633818939816,3641.915778316795,1960538
2022-02-04,3607.775634765625,3617.0436046433933,3564.3677987665296,3608.1540558968786,2307366
2022-02-07,3573.82421875,3623.757559118652,3552.2147367693947,3585.172694702633,1919149
2022-02-08,3540.204345703125,3593.4003272290597,3518.97328458673,3585.6929129265477,2946443
2022-02-09,3556.37646484375,3572.8316648497107,3542.7110527102745,3546.39921554029,1638721
2022-02-10,3565.64453125,3584.0384761709734,3553.964963828453,3584.0384761709734,2112459
2022-02-11,3494.337890625,3548.763341276546,3489.6566900227726,3548.763341276546,3851488
2022-02-14,3531.031494140625,3587.3010284965317,3508.5709657212506,3521.8108561579343,5951745
2022-02-15,3610.518310546875,3626.784416118755,3544.5079508769472,3580.4447977641735,3931683
2022-02-16,3606.07373046875,3644.8476989360597,3599.3591216239147,3635.2959704472746,3256906
2022-02-17,3578.74267578125,3626.784614637225,3573.8250479045823,3617.3275491492527,3134372
2022-02-18,3587.916015625,3608.76889139193,3553.587052301038,3564.3680147008195,3688883
2022-02-21,3517.460205078125,3619.9749148416972,3504.362310292282,3603.1412951596826,7465922
2022-02-22,3391.681396484375,3468.7564693541995,3376.171903622994,3451.8284168694477,5408531
2022-02-23,3370.308837890625,3426.1999529623727,3362.601191459837,3414.9461380766684,2426203
2022-02-24,3216.962158203125,3294.6994108037,3206.985140158811,3285.3841101923913,5039136
2022-02-25,3329.59619140625,3338.3439766140914,3274.035934005095,3279.7101730588297,2549723
2022-02-28,3361.22998046875,3370.261523678763,3268.266985774629,3300.5156696285885,3288942
2022-03-02,3353.616943359375,3378.0162167325375,3315.6469205227113,3359.6222718644985,2761341
2022-03-03,3351.961669921875,3384.3050134919777,3338.438253117757,3369.4101377003494,1928039
2022-03-04,3333.000732421875,3367.849877754768,3297.7258344637557,3311.3912469525285,2370257
2022-03-07,3295.6923828125,3355.3665533849653,3245.2390812019266,3262.6873193850424,3054130
2022-03-08,3404.495849609375,3413.0545390611783,3272.144279620858,3272.144279620858,3300992
2022-03-09,3435.373046875,3455.6110708085753,3401.7531392947444,3409.271458747924,2719654
2022-03-10,3424.355712890625,3483.9825505476183,3418.7288057083715,3483.9825505476183,2005441
2022-03-11,3403.73876953125,3442.229201014095,3397.7810044930793,3407.6162577521086,1623423
2022-03-14,3445.208740234375,3450.26836230586,3385.629231413413,3385.629231413413,1765688
2022-03-15,3398.7744140625,3460.3399980462773,3390.7359090110126,3460.3399980462773,3651133
2022-03-16,3457.408203125,3468.8513438052228,3419.9110338156042,3442.844415791416,3090475
2022-03-17,3473.34423828125,3508.5718124085324,3461.5702361929743,3495.8994351437595,3600452
2022-03-21,3429.79345703125,3512.3063428930323,3418.728737998203,3495.33095868364,2413831
2022-03-22,3500.01220703125,3509.5166029414295,3428.185849006382,3442.37144562296,2907611
2022-03-23,3510.8408203125,3527.2962524221157,3489.6570864508,3506.679803945682,1596195
2022-03-24,3546.25732421875,3554.1538343231,3494.3852345399746,3499.113766657079,1879046
2022-03-25,3506.15966796875,3574.297870399912,3472.6344172796607,3555.761929848949,1690133
2022-03-28,3506.3955078125,3511.4077978162395,3462.420161031338,3494.385082933209,1760990
2022-03-29,3504.173095703125,3519.919013983818,3490.60211730636,3494.1485160979882,2689063
2022-03-30,3528.950439453125,3535.050198996639,3504.976692057643,3535.050198996639,1583455
2022-03-31,3536.894287109375,3550.796123764783,3518.216587385473,3536.9416186021977,2168110
2022-04-01,3554.673828125,3558.69308020868,3525.6406886623117,3544.507484619222,1387014
2022-04-04,3565.64453125,3574.7705064586357,3534.1997906839288,3557.747789761214,1472994
2022-04-05,3607.68115234375,3627.3518934480203,3567.2048685280224,3567.2048685280224,2314947
2022-04-06,3551.458740234375,3602.4795560417087,3528.572459881553,3602.4795560417087,2051729
2022-04-07,3484.124267578125,3542.1434496766724,3479.2539717956156,3542.1434496766724,2494829
2022-04-08,3485.542724609375,3503.842235928487,3444.7355855248347,3489.6566398316104,2296773
2022-04-11,3495.709228515625,3510.7934310974883,3457.5974432988396,3489.6567995913465,2291660
2022-04-12,3490.697021484375,3535.9962661585823,3450.268072466381,3483.0367072110344,4483476
2022-04-13,3463.1298828125,3508.4293628417263,3457.0774535468763,3505.7340069537695,1621672
2022-04-18,3336.5,3414.0006046685144,3331.2512825331974,3414.0006046685144,3820792
2022-04-19,3283.39794921875,3370.072079083281,3252.4260646997514,3357.2577112197246,3170014
2022-04-20,3363.688720703125,3375.3680567362344,3291.058419745463,3309.972548594575,2640370
2022-04-21,3431.6376953125,3446.1543820035727,3373.713173935519,3385.629167830074,2280996
2022-04-22,3416.411865234375,3420.6202127389965,3377.5905694767284,3386.6694437059896,1581465
2022-04-25,3355.5556640625,3389.4120020006294,3341.275634839757,3364.8236336825444,1960694
2022-04-26,3353.7587890625,3393.1000383732694,3327.1370142872474,3381.0422812822762,1943469
2022-04-27,3367.85009765625,3374.7064700989076,3315.9309007549714,3353.4754043673424,1727648
2022-04-28,3389.69580078125,3408.7043626008744,3345.9568758445976,3393.194868599108,1703660
2022-04-29,3354.136962890625,3426.5308365817614,3344.821893048052,3401.7060426922226,2051115
2022-05-02,3350.070556640625,3355.3192738040143,3303.1163220631483,3328.7921607501603,1324161
2022-05-04,3290.822021484375,3352.954889111893,3277.1566094502405,3346.3822754572775,2305825
2022-05-05,3322.645263671875,3341.181204201048,3296.1183799460373,3321.416029878779,1612262
2022-05-06,3246.23193359375,3285.8569400416645,3238.571619275487,3271.19849060415,2010812
2022-05-09,3258.05322265625,3268.361330099007,3165.1375685236612,3213.5103587026697,2481830
2022-05-10,3252.0478515625,3276.6835492214173,3236.2072695156307,3247.555746205925,1622685
2022-05-11,3226.75048828125,3261.221443070721,3198.5210576870095,3248.5017371764634,1841769
2022-05-12,3223.581787109375,3262.403078105352,3168.210866235495,3194.595980469609,2807195
2022-05-13,3229.4931640625,3253.135827511039,3198.521274944914,3248.5019578292795,2187823
2022-05-16,3193.461181640625,3243.772712224593,3183.815023250727,3229.587117273173,1195813
2022-05-17,3264.200439453125,3278.764226269604,3168.494763052167,3187.0307016234683,1754076
2022-05-18,3261.552490234375,3305.244082573727,3256.114678081357,3276.8728887318925,1866781
2022-05-19,3084.847412109375,3220.130779277846,3054.6321342341976,3212.5651269329937,4642963
2022-05-20,3114.21142578125,3133.97659877749,3092.5075083319407,3130.288435874867,3065125
2022-05-23,3141.39990234375,3157.6186730362647,3089.622482413496,3125.370226734189,2293690
2022-05-24,3109.48291015625,3144.3322863422895,3097.756242143629,3135.158748766439,1711510
2022-05-25,3015.845703125,3135.045893393577,3002.8975993090194,3135.045893393577,3548046
2022-05-26,3072.30419921875,3086.1569632187784,3028.127928445702,3038.077084569218,2813186
2022-05-27,3105.00830078125,3121.7647140030836,3074.446540689792,3097.296385261906,3103153
2022-05-30,3213.497314453125,3224.303479429687,3128.8577774005257,3138.997302644827,2094624
2022-05-31,3203.119384765625,3221.256260209426,3165.6550731046714,3193.408016333242,4840965
2022-06-01,3194.40771484375,3225.6358772628682,3179.9838457360083,3225.6358772628682,1493835
2022-06-02,3258.958984375,3267.5276758326027,3185.9347381077764,3194.2177600286664,2657939
2022-06-03,3275.286865234375,3310.6566573294544,3266.765824480378,3293.614343380838,1913622
2022-06-06,3266.527587890625,3287.5209261311916,3215.305813679985,3254.19824080985,1084210
2022-06-07,3201.548828125,3255.0080835704493,3195.169959616278,3238.0610688817346,2308256
2022-06-08,3241.011962890625,3250.3423614923427,3186.124831443526,3218.1621209797795,2185707
2022-06-09,3262.8623046875,3272.2877714836404,3192.408625580782,3222.779780760001,1279197
2022-06-10,3198.882568359375,3230.3964016523582,3191.3612550364587,3219.9235574383365,1527582
2022-06-13,3065.306640625,3135.188986646579,3039.4576153460284,3132.3327561698284,3030921
2022-06-14,3056.68994140625,3083.681176790723,3022.557898224338,3037.1247184404015,2611493
2022-06-15,3052.64404296875,3079.016525159322,3047.5979891883085,3064.2593340214216,1404536
2022-06-16,2991.42529296875,3089.346484411529,2982.9042521328547,3084.7288189747774,2032028
2022-06-17,2940.86962890625,2969.2892114089213,2878.9372254552354,2943.8211596557544,5240434
2022-06-20,2963.24365234375,2988.3309682634435,2921.9236134131447,2945.725532714327,1502769
2022-06-21,3058.022705078125,3082.5863303860924,2975.620420339703,2980.000066128784,2964461
2022-06-22,3068.495849609375,3094.77326203901,3030.460428265515,3046.5504330705057,3336315
2022-06-23,3150.231689453125,3158.9907493223745,3068.495805087689,3068.495805087689,3692578
2022-06-24,3135.283935546875,3184.696624274625,3120.431445757872,3178.9841639620245,2132118
2022-06-27,3155.8486328125,3201.738683872359,3148.0416502571884,3189.456987255884,2037686
2022-06-28,3159.13330078125,3170.4155029798085,3115.766391790574,3148.5177382445127,1400046
2022-06-29,3132.808837890625,3173.27210353729,3114.2433395350963,3114.2433395350963,2133994
2022-06-30,3110.5302734375,3152.2310522256535,3099.010050932436,3115.1953568820063,2719603
2022-07-01,3156.229736328125,3173.2718172277805,3096.2012505732123,3103.7702142701964,1502879
2022-07-04,3080.015869140625,3158.9429370113216,3070.495101849076,3153.278126960972,2622535
2022-07-05,3062.164306640625,3115.1949318219686,3053.2622966067647,3099.00962808084,2170627
2022-07-06,3104.484130859375,3111.8627253588493,3048.7876433472156,3064.258889878371,2182144
2022-07-07,3130.285888671875,3160.323726611639,3108.578490527846,3114.2433011604485,1989921
2022-07-08,3108.959228515625,3146.6139135149515,3094.2496880252925,3141.853529379528,2136916
2022-07-11,2964.57666015625,3070.447549322278,2957.1504149441844,3052.5008094298382,6974600
2022-07-12,2936.871337890625,2985.903294416545,2932.634642504181,2965.6240115400283,3734815
2022-07-13,2893.123291015625,2960.958761022984,2889.5530031205008,2955.2463003907856,3863530
2022-07-14,2862.576416015625,2918.1812767852493,2832.2681871841132,2917.226686900792,4764908
2022-07-15,2858.614990234375,2891.3572371602795,2818.903957416189,2881.4773715883616,4574806
2022-07-18,2924.3857421875,2937.2249279032335,2877.4199724067416,2885.724856743206,3202795
2022-07-19,2934.648193359375,2939.134719574036,2892.4553636112687,2892.4553636112687,1865074
2022-07-20,3021.086181640625,3027.9114062480317,2957.3673054041365,2966.674556989242,3402251
2022-07-21,3033.01806640625,3039.4137711354374,3001.2779571442356,3023.18574534734,2420640
2022-07-22,3027.004638671875,3051.8239766111587,3000.753415851479,3040.3688975622586,2075886
2022-07-25,3022.947509765625,3041.7528838360518,3006.099091564742,3021.2769774716044,1797504
2022-07-26,2974.406494140625,3024.9997574450317,2955.887543813132,3020.99052658646,2639367
2022-07-27,3044.04443359375,3049.05603112482,2968.774918405424,2973.5478684350146,1389808
2022-07-28,3112.4404296875,3115.781494402699,3056.2627197545544,3069.9611783085415,2106333
2022-07-29,3151.960205078125,3166.6610289391597,3126.2818307434563,3140.6006788231975,2430257
2022-08-01,3149.00146484375,3175.9208556023086,3122.4638168545694,3175.9208556023086,1306913
2022-08-02,3142.3193359375,3162.461044639157,3123.084208049837,3140.6010273663996,1269114
2022-08-03,3187.85302734375,3196.9216315538906,3128.2389336468696,3131.054927290762,2895824
2022-08-04,3202.600830078125,3234.0545156799685,3157.162497882591,3197.8756574339386,2150567
2022-08-05,3212.242919921875,3223.650223078818,3202.6492444268383,3208.567655436105,1106933
2022-08-08,3221.2158203125,3225.463698728798,3184.511885509118,3212.1949924275127,1068836
2022-08-10,3201.93310546875,3231.286744283139,3183.5572502760024,3231.286744283139,1878359
2022-08-11,3267.083984375,3273.002395237685,3221.7887395150997,3245.60571128561,1449248
2022-08-12,3247.085205078125,3263.742751627837,3227.706984188834,3263.742751627837,1472354
2022-08-16,3238.63720703125,3259.7815138010574,3233.6733860089507,3256.1062493510058,839942
2022-08-17,3246.6552734375,3262.7399708008184,3218.0175811007634,3231.3818375245737,1622326
2022-08-18,3227.706787109375,3237.9686275415897,3209.3309333121533,3236.0594479262936,1430659
2022-08-19,3232.002685546875,3266.129273749873,3218.1611322897147,3233.1959228966302,1398410
2022-08-22,3202.219482421875,3230.4276595802385,3195.394025045726,3212.1948999132987,1536532
2022-08-23,3135.445556640625,3190.1433623588905,3121.5084531997913,3169.1901641538966,1849256
2022-08-24,3107.5244140625,3157.7834805294233,3102.608136102807,3142.510041687685,1691923
2022-08-25,3072.061279296875,3129.2888992350927,3068.7679906350804,3127.2366240984597,1946930
2022-08-26,3075.879638671875,3109.099414985349,3070.7249462500354,3087.430270094753,1457962
2022-08-29,2990.300537109375,2999.9895310462725,2941.09138281145,2983.0933369963586,2539173
2022-08-30,3065.330810546875,3079.9838565651453,2999.416574149393,3011.730688815445,3431525
2022-09-01,2989.4892578125,3045.141897726616,2979.2751921018084,3045.141897726616,3546935
2022-09-02,2988.248291015625,3019.3680166568424,2978.6070723377884,3019.3680166568424,2052900
2022-09-05,2991.112060546875,3005.001390950823,2970.9225762960905,2981.8048085205637,2147912
2022-09-06,2985.05029296875,2998.223679756344,2965.2903293144427,2993.1165307415126,1936453
2022-09-07,3006.576416015625,3018.317685239789,2961.1378439506134,2961.1378439506134,1291534
2022-09-08,3025.7158203125,3038.9369838108414,3016.599673099365,3026.0500200032566,1346113
2022-09-09,3071.535888671875,3086.666230774869,3024.617891513893,3049.9145221356753,1561185
2022-09-12,3095.687255859375,3121.3180877823274,3078.552413841233,3092.775710066458,1785928
2022-09-13,3082.704833984375,3115.2562081283763,3078.5522749035376,3115.2562081283763,1972678
2022-09-14,2978.7021484375,2998.748535783623,2972.401995104077,2992.6392538140913,5090269
2022-09-15,2963.38134765625,2995.264558152945,2959.228788231736,2987.8664861823654,2138023
2022-09-16,2872.07470703125,2953.8354752578994,2863.7698211607208,2936.3186566301256,5322221
2022-09-19,2891.26220703125,2903.8627482827815,2852.1240174587338,2898.1352083453403,2072220
2022-09-20,2902.239501953125,2940.0888954282755,2892.4071801095774,2911.4989766779577,1544295
2022-09-21,2864.915283203125,2903.28975220555,2862.0037372733714,2890.498340222803,2253818
2022-09-22,2870.833984375,2892.3600363226124,2844.010144164808,2854.2242109510153,2017983
2022-09-23,2846.634521484375,2885.247631765159,2843.722976022633,2867.5877207022454,2652374
2022-09-26,2858.423583984375,2888.4456194285385,2793.2252875419163,2825.4426930674654,2925489
2022-09-27,2880.427734375,2887.6349359499495,2840.8600229378676,2872.7432377693153,2227447
2022-09-28,2897.80029296875,2911.4509730592354,2844.6774663901992,2844.6774663901992,2739767
2022-09-29,2861.192626953125,2917.083917543226,2854.224073407211,2915.317832838001,2493902
2022-09-30,2868.11328125,2882.575225772674,2816.1359050766923,2855.035445544165,2817353
2022-10-03,2849.403076171875,2883.5296651061894,2838.950363374857,2858.996751280328,1763331
2022-10-04,2950.7802734375,2957.319307024922,2885.7250694436216,2892.3594221819903,2145875
2022-10-06,2961.090576171875,2982.1393335073776,2952.0219706442435,2969.7296627853557,1790816
2022-10-07,2925.72265625,2964.001806619972,2919.231631007355,2956.746829749243,1939879
2022-10-10,2976.93603515625,2985.0022722680505,2868.5423179294826,2873.315266877785,3064063
2022-10-11,2930.16162109375,3002.1853860496685,2914.697310549101,2959.2288383955397,4730645
2022-10-12,2959.944580078125,2968.678984286986,2923.0019982122926,2944.8142372090365,1665247
2022-10-13,2962.37939453125,2968.7751013541924,2913.7430773433803,2959.9451432553096,2054781
2022-10-14,2958.4169921875,3006.9579784905104,2931.5453815696374,3002.1850293183034,2245977
2022-10-17,2978.132568359375,2994.0675298536867,2939.562989208893,2940.7114149067806,1517005
2022-10-18,3009.66796875,3019.8608027991036,2994.211535851112,3014.740435897422,1793722
2022-10-19,2987.798828125,3023.353525248653,2978.3716905899996,3023.353525248653,1194289
2022-10-20,3021.72705078125,3024.3110673034907,2971.6727417649804,2971.6727417649804,1587601
2022-10-21,3002.68115234375,3024.6935411540876,2992.727817822873,3022.205324352529,1021913
2022-10-24,3025.9375,3041.53762960198,3019.525242729467,3033.976946704341,260949
2022-10-25,3026.3212890625,3047.520086995314,3015.8412890086834,3043.931109896709,2069643
2022-10-27,3021.82275390625,3037.7100517988883,2999.762696127038,3024.9811003135037,2438421
2022-10-28,3027.421142578125,3042.016312869539,3009.9547912457765,3014.7400929806663,1355739
2022-10-31,3056.037353515625,3061.6362503748333,3041.346616422352,3061.6362503748333,1919414
2022-11-01,3119.729736328125,3122.5053516800103,3065.8950888767945,3076.4706530186986,2991060
2022-11-02,3102.5029296875,3129.5877881636266,3083.696784606886,3129.5877881636266,1405955
2022-11-03,3069.05322265625,3089.4386544793397,3057.807763744202,3089.4386544793397,1422652
2022-11-04,3079.246337890625,3081.7826883924513,3030.1969876056523,3078.8636071562173,1464013
2022-11-07,3094.84619140625,3103.5555345729417,3057.9037998901854,3090.3480542247835,1474498
2022-11-09,3077.95458984375,3110.255382999963,3064.172777902684,3110.255382999963,1162267
2022-11-10,3068.00048828125,3086.5196999438404,3033.8813794796815,3033.8813794796815,1573092
2022-11-11,3173.564453125,3198.1131930936153,3115.2795670070395,3129.204842850196,3265394
2022-11-14,3192.275146484375,3205.1954626221473,3166.913044436156,3181.2689512559027,1342074
2022-11-15,3189.499755859375,3196.534009987308,3150.643008044494,3178.3977611530267,1400708
2022-11-16,3211.2724609375,3223.2833811127934,3178.8279756651395,3195.5286316360584,1748235
2022-11-17,3205.195068359375,3215.722732065542,3175.2869328304914,3196.5815253270566,1417986
2022-11-18,3199.883544921875,3218.3548573576004,3178.397585691648,3206.152337267998,1164540
2022-11-21,3142.508056640625,3190.552445555071,3132.4589216947666,3179.8334150109567,1304194
2022-11-22,3172.607421875,3176.4356635903882,3115.4709610042983,3139.1582066182623,1149739
2022-11-23,3166.2431640625,3187.0113292967194,3149.685971386037,3187.0113292967194,1150011
2022-11-24,3235.0078125,3247.258233089529,3166.2431588114578,3173.8517427183956,1296591
2022-11-25,3244.099365234375,3257.2112783219586,3204.237897044988,3237.735007677179,1588981
2022-11-28,3249.45947265625,3270.2755373143086,3221.0348241994716,3221.4654546678266,2195437
2022-11-29,3251.46923828125,3281.7601064306064,3237.7353280999537,3237.7353280999537,1576028
2022-11-30,3245.200439453125,3268.265454816296,3230.0788384557045,3237.7353216283404,3410702
2022-12-01,3326.40673828125,3330.57004429955,3273.1464228461095,3277.9317246338965,2180856
2022-12-02,3291.47412109375,3319.9466674738323,3266.447085553681,3309.6106022684316,2411749
2022-12-05,3278.793212890625,3291.474263507743,3260.704864341215,3285.588435363484,1475065
2022-12-06,3239.984375,3261.613798886944,3223.379284333043,3254.053115524979,1166999
2022-12-07,3235.4384765625,3247.9758275881863,3209.980576500018,3223.6665869297385,1167505
2022-12-08,3206.678955078125,3235.4386684899337,3196.055490561886,3215.723129648795,1285619
2022-12-09,3151.3603515625,3229.2173016345196,3135.664655862677,3229.2173016345196,1797896
2022-12-12,3145.330810546875,3154.4707832431327,3097.1429641101,3115.7098406699088,1527610
2022-12-13,3189.021240234375,3193.1843130253133,3127.482206156368,3136.4784809835955,1378016
2022-12-14,3220.84326171875,3231.992921746597,3197.442948368048,3205.0038656076867,1213311
2022-12-15,3163.180419921875,3220.2689792904107,3157.2943582704224,3214.574516644722,1415694
2022-12-16,3101.114990234375,3150.64286639968,3086.711184347589,3134.3728394468258,2703680
2022-12-19,3064.55517578125,3106.139401736726,3057.3293233239783,3088.433785057592,2120965
2022-12-20,3104.656005859375,3109.4892075610405,3027.804009799763,3061.5403885521564,1529971
2022-12-21,3128.199951171875,3142.0773275664187,3100.875828849772,3109.489372818799,1432566
2022-12-22,3119.729736328125,3152.556954749912,3105.756794695152,3152.556954749912,1384101
2022-12-23,3089.72607421875,3126.5729000768815,3078.8633450807597,3078.8633450807597,1360281
2022-12-26,3113.221923828125,3131.501872352779,3086.5679298095033,3089.726276106609,870157
2022-12-27,3119.53857421875,3133.22458554949,3092.7408812970975,3128.8220139637115,835883
2022-12-28,3117.241455078125,3125.8549984923698,3087.4767838170847,3110.2548675773296,910795
2022-12-29,3128.391357421875,3131.023273669037,3089.3911439412045,3092.358124810031,1037927
2022-12-30,3116.8583984375,3157.3420980171363,3106.8092647517833,3144.948213202881,1163131
2023-01-02,3121.40478515625,3126.5730518257465,3096.2819481245456,3120.97415468146,709547
2023-01-03,3169.162109375,3177.4405885297742,3105.94822201932,3112.360480090008,1245178
2023-01-04,3172.3203125,3184.4751670848154,3145.091989554534,3164.7117286890552,1231668
2023-01-05,3168.9228515625,3193.997787846409,3141.0244001124465,3187.202565398395,1826057
2023-01-06,3073.647705078125,3159.78315034636,3062.5936095372317,3158.29965983527,2488376
2023-01-09,3177.392822265625,3184.1401452290934,3082.8352022403087,3090.348220301996,2885060
2023-01-10,3145.283203125,3156.385197220969,3091.4008895646434,3143.9434120287697,3864655
2023-01-11,3185.76708984375,3205.6739940393218,3130.6882139267436,3148.8246964749587,2720512
2023-01-12,3191.17431640625,3206.152217631663,3173.1815348415107,3186.053949998748,2250391
2023-01-13,3229.648193359375,3233.907065373371,3163.0845963477336,3199.357091750638,1742837
2023-01-16,3198.469970703125,3216.649316808273,3163.9339207761645,3182.113266881313,1843607
2023-01-17,3241.01611328125,3244.2779916443565,3185.950397624615,3194.584409542297,1688475
2023-01-18,3252.14453125,3270.3238764037073,3235.1163408577618,3242.5511845501474,2421189
2023-01-19,3235.93212890625,3249.2667882049923,3224.3240847821016,3242.5514449757525,1585044
2023-01-20,3226.3388671875,3256.6056918908125,3219.14385639351,3228.161509570274,1529349
2023-01-23,3276.03173828125,3279.96510395405,3219.1433820231946,3250.225730387927,1067916
2023-01-24,3296.56201171875,3311.575506704762,3278.3346516708352,3285.7214823214213,1387863
2023-01-25,3290.278076171875,3295.3145831767306,3266.534543148986,3286.009083743606,874110
2023-01-27,3272.339111328125,3305.8678167184275,3244.758235027877,3286.6811201617334,1785879
2023-01-30,3294.019775390625,3317.8113247896295,3247.875912975965,3280.9249493217903,1953798
2023-01-31,3222.117431640625,3308.7454024736803,3214.7306012436366,3308.7454024736803,2820375
2023-02-01,3269.748779296875,3279.9656009819632,3218.5681752835585,3226.2428534958594,2205161
2023-02-02,3319.681884765625,3327.9322573243953,3281.0208815994665,3287.640197708476,1813847
2023-02-03,3340.691650390625,3361.509168891985,3312.487066493937,3361.509168891985,1804469
2023-02-06,3319.25048828125,3331.9136611568274,3297.089994302141,3331.9136611568274,1138714
2023-02-07,3331.337890625,3350.9562391707004,3320.641167770868,3327.836178304444,1455647
2023-02-08,3376.95458984375,3395.949231888725,3336.6145138647066,3336.6145138647066,1986946
2023-02-09,3396.8603515625,3403.335860759634,3362.755956281745,3372.0614559891865,1655427
2023-02-10,3393.69482421875,3398.299678041073,3365.4902409398933,3376.8584518563225,1187821
2023-02-13,3340.787109375,3404.6788949173124,3332.153096961854,3404.6788949173124,1087939
2023-02-14,3357.767333984375,3381.510866796983,3352.8746335379637,3362.4679801289167,1579818
2023-02-15,3377.48193359375,3382.6144684035635,3319.442178818249,3345.2004116061335,1429449
2023-02-16,3413.36083984375,3429.621515993147,3383.5734508833093,3383.7652709787526,1618931
2023-02-17,3358.774658203125,3394.989543850349,3348.078169769837,3382.758026181419,1061369
2023-02-20,3345.488037109375,3378.776905261915,3333.7361867148666,3359.590210740269,1296082
2023-02-21,3310.6640625,3366.2094481597255,3304.668220601818,3351.91545475949,1139541
2023-02-22,3263.224853515625,3306.826566889277,3256.9411646617623,3276.079844250767,1218430
2023-02-23,3274.97705078125,3312.0072319925325,3269.4128623303063,3281.884214211261,1441570
2023-02-24,3262.170166015625,3294.3078837090916,3244.7583320548065,3283.3235464444438,977592
2023-02-27,3196.35986328125,3252.145090244502,3181.1543124633536,3252.145090244502,1128022
2023-02-28,3178.132080078125,3254.063328507291,3165.7085082433923,3193.145574568549,4116217
2023-03-01,3248.01953125,3251.185382684684,3180.194613042115,3187.869290841312,1669307
2023-03-02,3186.38232421875,3232.8620455130167,3183.072666209421,3224.3240600150284,1556538
2023-03-03,3206.240966796875,3221.4465182886142,3195.640503771766,3217.6091787790388,1043190
2023-03-06,3234.732666015625,3266.4865027243645,3222.405121953374,3225.187098781497,1334132
2023-03-08,3252.5283203125,3257.9006883953557,3195.400125469975,3227.201977550641,1844590
2023-03-09,3201.156005859375,3247.347876803023,3195.3999978059574,3247.347876803023,1648500
2023-03-10,3195.543701171875,3201.5395427006424,3156.210980743161,3178.179650419541,1024404
2023-03-13,3148.488525390625,3232.7661739045475,3138.943191805736,3197.462609501381,1901233
2023-03-14,3084.21337890625,3170.0258302155607,3078.8890239056236,3146.618154700995,2670334
2023-03-15,3068.816162109375,3127.7674760912882,3062.1968453205122,3117.8382666953835,1780522
2023-03-16,3055.48095703125,3088.8658507512164,3043.009606186224,3077.545654680141,1901060
2023-03-17,3050.012939453125,3090.400790866856,3016.148376802364,3022.384052517763,6739966
2023-03-20,3015.476806640625,3040.7551354353477,2969.188907407253,3040.7551354353477,2289468
2023-03-21,2979.78955078125,3028.379758761308,2971.491165250688,3015.4767541251367,1815297
2023-03-22,3003.4853515625,3015.668856326582,2979.7898295323394,3002.7658504833703,1123939
2023-03-23,2997.585205078125,3018.4029563299578,2974.8970321362567,2988.231691352447,1372218
2023-03-24,2993.604248046875,3041.0913207205876,2979.6938934252826,3020.8492627241276,1329577
2023-03-27,2995.330810546875,3024.5425056109025,2979.6936079382963,3007.514314515956,1524217
2023-03-28,2989.191162109375,3021.472918143681,2983.6749870970775,2999.839871905109,1303530
2023-03-29,3011.255859375,3021.90456916089,2977.8711962667257,3001.7585386998176,1740616
2023-03-31,3075.53125,3082.3426205620954,3023.823199505672,3060.2299072384208,2382581
2023-04-03,3069.871337890625,3093.8066941357215,3044.688799571991,3093.8066941357215,1521830
2023-04-05,3108.052490234375,3131.6042030702424,3055.960571154015,3055.960571154015,2655065
2023-04-06,3089.729248046875,3124.8890056321084,3084.2610870523145,3093.8544341349034,1703464
2023-04-10,3130.69287109375,3138.9432434749574,3084.261163744495,3089.057837405062,2203187
2023-04-11,3083.10986328125,3139.8544163204583,3062.340126784482,3131.26841771611,2348779
2023-04-12,3109.827392578125,3128.342600059477,3068.9118592555783,3096.684553371314,2417727
2023-04-13,3059.1748046875,3098.6513371710666,3050.68459820557,3079.464641584868,4174070
2023-04-17,3011.83154296875,3034.7595505345344,2945.3976094281907,3006.6512288397944,5505048
2023-04-18,3003.437255859375,3028.475986413507,2984.106754413668,3026.6531098686655,2617302
2023-04-19,2963.96044921875,3012.31082223456,2946.5963982463218,3003.436976659506,3298034
2023-04-20,2978.542724609375,2986.4092231023646,2952.8325052068994,2964.344522771059,2419999
2023-04-21,3032.313232421875,3035.7666968738286,2974.705135851866,2983.5309684014064,1929184
2023-04-24,3045.69580078125,3051.595615401225,2999.0240278897422,3022.9596156191183,1640676
2023-04-25,3046.84716796875,3061.429009335655,3019.506127576083,3053.562511223089,2024090
2023-04-26,3068.09619140625,3077.9293721270374,3051.64369490967,3051.64369490967,2000029
2023-04-27,3058.311279296875,3069.1037956221207,3041.7147406830886,3055.481288525218,2434446
2023-04-28,3088.338134765625,3096.01281212157,3066.273437367284,3070.254582560654,2931312
2023-05-02,3088.482177734375,3103.447893409265,3079.4645248357774,3103.447893409265,2321159
2023-05-03,3050.588134765625,3085.220209030877,3044.112625931372,3085.220209030877,2468285
2023-05-04,3089.729248046875,3093.326753202846,3048.7657028467356,3050.828178784462,1953253
2023-05-05,3099.322509765625,3112.08170787656,3079.5123422707356,3089.0576755124916,1710027
2023-05-08,3118.4130859375,3122.4902579110044,3099.8978816623717,3113.040718593277,928235
2023-05-09,3149.73583984375,3163.8860275046636,3114.0006201577135,3120.3323232367843,1107375
2023-05-10,3153.1416015625,3172.0404498848784,3133.2354048786615,3156.2114260158023,1559987
2023-05-11,3148.680419921875,3175.1101388238253,3138.9432660060643,3174.438651349042,1719623
2023-05-12,3141.149658203125,3156.2111661657173,3127.4311251368504,3145.8022909752476,1027479
2023-05-15,3122.6826171875,3158.1299892707284,3116.2551212207477,3150.4553112895114,1150390
2023-05-16,3125.656494140625,3151.4147264574367,3118.269663237718,3123.7858381774836,986306
2023-05-17,3078.21728515625,3146.6178978888497,3068.19228412287,3123.545850910899,1588815
2023-05-18,3069.72705078125,3097.6435483622195,3065.074184078142,3094.765544433508,1369364
2023-05-19,3091.7919921875,3102.9681479765536,3072.797117912635,3079.4644473658177,1152449
2023-05-22,3164.5576171875,3173.9111313671137,3086.2280254606935,3098.6513641182773,1333243
2023-05-23,3162.974609375,3192.6179587624883,3156.307279863017,3171.560608341515,1687418
2023-05-24,3169.018798828125,3182.3054456728455,3142.7808975884304,3142.7808975884304,1016555
2023-05-25,3159.569091796875,3171.5607765235977,3134.242747339074,3160.0487591859437,1374917
2023-05-26,3193.529296875,3202.88281051553,3157.1706042035107,3159.5689410344157,1791115
2023-05-29,3185.326416015625,3234.875949492925,3177.3158792172503,3224.1314498839706,1210372
2023-05-30,3181.345703125,3191.658551207791,3167.0997232777127,3180.194548321064,1344224
2023-05-31,3155.731689453125,3192.3782304011866,3132.371794388493,3174.4387172519805,5815424
2023-06-01,3188.828857421875,3204.1782141363005,3163.406485363608,3179.2355094753593,1177314
2023-06-02,3171.177001953125,3200.2446571292,3163.35828331498,3190.987170597393,2030661
2023-06-05,3155.15576171875,3191.7065070170484,3151.4624636974445,3180.1944907609,1861468
2023-06-06,3100.857421875,3155.1078429272347,3089.6332533637765,3146.617637628488,2022849
2023-06-07,3141.72509765625,3145.514657069972,3109.203745194383,3120.7157615295673,1567196
2023-06-08,3104.838623046875,3137.024347831203,3101.5289653022264,3128.3903358646953,1759366
2023-06-09,3078.79345703125,3117.8383395486126,3075.0041311226296,3113.0416651800765,1775689
2023-06-12,3114.864013671875,3122.0590245453777,3080.423988642411,3084.261327774946,2324605
2023-06-13,3111.794189453125,3132.2280671779995,3107.2853628145604,3127.4313932619534,1371928
2023-06-14,3118.84521484375,3123.4500683814585,3094.670026536505,3111.7940109067044,1658544
2023-06-15,3108.45556640625,3138.5609937182076,3102.3667620188758,3136.483178898009,2273810
2023-06-16,3068.443603515625,3092.1221038143703,3050.1774262383706,3089.8026716362706,4156189
2023-06-19,3102.753173828125,3107.102285996996,3068.540252481445,3083.0372930443496,1468186
2023-06-20,3119.473388671875,3124.1124892110142,3093.717072276403,3106.232804431307,1528452
2023-06-21,3148.950439453125,3152.0430942318103,3115.848863685045,3141.0254378469826,1645987
2023-06-22,3129.9111328125,3158.083621268915,3121.7928842837855,3150.69022478578,1529603
2023-06-23,3108.50390625,3140.4455307164276,3101.545137902307,3128.751392710188,1119505
2023-06-26,3082.69873046875,3106.135611161812,3066.6071108901274,3097.5341287118995,1978803
2023-06-27,3090.140869140625,3102.0282533764494,3075.595458239128,3094.634857234224,863542
2023-06-28,3107.634033203125,3122.6143091352988,3086.32333541195,3100.4338832524213,1575872
2023-06-30,3191.5234375,3199.0135750246045,3106.3292579728854,3112.0313328033917,2672406
2023-07-03,3162.577392578125,3207.5182129676086,3159.1463795295517,3203.1691013170134,1687264
2023-07-04,3197.90234375,3203.846036132088,3167.410187225788,3179.684301319629,1656681
2023-07-05,3208.6298828125,3217.3764776521552,3194.1812131692323,3208.678253471059,1453008
2023-07-06,3211.48095703125,3216.8449091953057,3191.2818416942446,3195.6793244937653,1848238
2023-07-07,3217.6181640625,3244.3409478774147,3191.2818736154913,3191.2818736154913,1789326
2023-07-10,3162.2392578125,3213.268885316097,3155.7155898747956,3213.268885316097,1407431
2023-07-11,3162.674072265625,3184.5163730299355,3151.463169854318,3184.5163730299355,1110172
2023-07-12,3150.593505859375,3178.8627358379185,3141.1222944933666,3170.937733940805,1515240
2023-07-13,3228.53955078125,3254.537484462686,3163.0128752377145,3173.885656490919,4585146
2023-07-14,3396.801513671875,3406.6596901161756,3239.60536332091,3252.1694652669635,6306101
2023-07-17,3374.621337890625,3430.8698127983516,3360.4626548025662,3392.3077760506694,2743228
2023-07-18,3379.5986328125,3405.8381827730286,3348.816487885512,3359.4476513391164,2600090
2023-07-19,3353.697265625,3398.9280817738922,3330.11527015115,3382.642977628387,2405370
2023-07-20,3355.877685546875,3370.993673065369,3329.4729081259597,3345.994109752469,1715404
2023-07-21,3263.823974609375,3328.358070580248,3254.860886010531,3298.4651008157175,3770223
2023-07-24,3289.453857421875,3307.573785698162,3267.5064949843236,3276.1303459587184,1680132
2023-07-25,3293.717529296875,3301.130389070991,3275.3553540038442,3292.11880243064,1272980
2023-07-26,3283.203857421875,3314.744289004589,3280.0061674634762,3294.880145302078,1066803
2023-07-27,3291.536865234375,3305.8293584364,3280.054563484066,3289.647396497541,1701769
2023-07-28,3251.324462890625,3288.4365476820108,3227.6813795946628,3280.0064454902235,2599831
2023-07-31,3315.32568359375,3320.3643461255942,3256.653736060517,3260.0451753795705,2743678
2023-08-01,3344.9765625,3352.6799271577543,3309.075708451945,3309.075708451945,1956167
2023-08-02,3333.929931640625,3339.5015816634523,3307.7191412224374,3328.4067780620353,1914899
2023-08-03,3294.492431640625,3326.7596003969497,3263.5334840564847,3313.9205806036753,2026351
2023-08-04,3336.739990234375,3363.3385145788507,3295.7519800378323,3295.7519800378323,2248493
2023-08-07,3375.984130859375,3379.811565106023,3334.5116251207287,3346.817657760346,1853889
2023-08-08,3362.950927734375,3381.700598108625,3349.385172054233,3375.983695699196,1634225
2023-08-09,3355.102294921875,3359.4627166770083,3318.813943406649,3357.427758564071,1794589
2023-08-10,3335.335205078125,3357.4278197859026,3323.658917073972,3342.9900732272904,1096701
2023-08-11,3341.8271484375,3359.1233454421417,3308.106507549579,3331.4590822095734,1679974
2023-08-14,3342.8447265625,3347.8348923392136,3305.199657820277,3333.9783938069554,1190425
2023-08-16,3351.129638671875,3358.494001739142,3328.649287589537,3342.990278707455,1328445
2023-08-17,3329.181884765625,3353.454945602731,3307.33128036799,3347.8347993495554,1843241
2023-08-18,3262.661376953125,3304.2306354819825,3252.390066860784,3304.2306354819825,2526749
2023-08-21,3296.13916015625,3303.988012875473,3267.408924236702,3270.315871678194,1375579
2023-08-22,3277.24462890625,3305.199873445188,3260.675167259878,3294.541064120094,1222012
2023-08-23,3292.844970703125,3296.478655287878,3271.285108833591,3282.9128995048004,1330046
2023-08-24,3282.6708984375,3307.18620624272,3273.320310703283,3302.2927966570733,1152881
2023-08-25,3276.4208984375,3280.7813201185277,3246.333941524809,3270.3162607704585,1158046
2023-08-28,3270.84912109375,3288.726801975922,3255.8783878856875,3288.726801975922,1037485
2023-08-29,3271.430419921875,3284.41492834372,3260.6263588577676,3276.1785764714195,944517
2023-08-30,3285.771484375,3302.389677825994,3278.116616498973,3292.602858985793,1188200
2023-08-31,3252.680908203125,3311.4011130717445,3239.9386448011883,3295.5098927208232,3417652
2023-09-01,3274.385986328125,3283.882063213725,3252.6808705050566,3261.595463197816,1277950
2023-09-04,3312.467041015625,3326.372036049027,3265.5198810344486,3273.223245444137,1828332
2023-09-05,3322.98046875,3340.0829164714237,3299.53090131787,3313.9203870995852,1501842
2023-09-06,3323.512939453125,3337.078694278958,3292.699485603125,3327.485862279315,1314818
2023-09-07,3348.077392578125,3352.680060290952,3316.1494607048576,3324.3858134541274,1885092
2023-09-08,3335.14111328125,3357.5247059481107,3328.5037244180935,3348.0771256066982,1518917
2023-09-11,3372.68896484375,3377.582373957683,3338.1448321082053,3354.6175351984343,1783604
2023-09-12,3469.733154296875,3478.5507545571136,3374.966602888384,3383.687446823496,4476016
2023-09-13,3457.1845703125,3477.533204360846,3435.043223875548,3460.3337636771253,1754929
2023-09-14,3449.626708984375,3486.108810902691,3435.6249570925925,3459.31653542409,2604721
2023-09-15,3486.689697265625,3495.4590360035245,3451.95158080846,3457.1842281294994,2952897
2023-09-18,3494.296142578125,3507.038404375069,3464.3546779996195,3469.005841306337,1395753
2023-09-20,3494.199462890625,3512.5616343275096,3468.957420935858,3468.957420935858,1649396
2023-09-21,3474.09326171875,3493.1821710681274,3418.5705130453134,3477.2424550768555,2004073
2023-09-22,3491.8740234375,3521.04049408728,3454.471437322783,3472.833610129704,1989083
2023-09-25,3466.19580078125,3507.716797276769,3448.2696237785926,3490.7596028147955,1238778
2023-09-26,3474.480712890625,3483.4438015572423,3426.322327044132,3456.9422705216166,1726062
2023-09-27,3477.968994140625,3501.9028149870087,3445.411086955716,3478.6472345886446,1541134
2023-09-28,3427.049072265625,3491.0504177267194,3417.9407308203613,3488.3372192425954,1755753
2023-09-29,3419.152099609375,3457.765914308178,3396.8170033486426,3427.485208034955,2243791
2023-10-03,3404.859619140625,3424.5782731996,3372.156456241717,3424.5782731996,1948148
2023-10-04,3428.0185546875,3437.9506273849906,3369.4435976534696,3378.1644419732174,1788138
2023-10-05,3478.017822265625,3511.592975040501,3441.050993791205,3443.764192410028,2990768
2023-10-06,3509.073486328125,3522.2032478467167,3464.161284844492,3479.6165099714467,2075691
2023-10-09,3525.498291015625,3564.8873430299323,3518.3761735639264,3531.9904277733135,4233074
2023-10-10,3516.341064453125,3534.8487278032107,3489.645781544453,3527.1453630044166,1848148
2023-10-11,3497.930419921875,3536.7867193285606,3493.182499501222,3536.7867193285606,2426417
2023-10-12,3432.6689453125,3477.3388958750584,3428.357020573171,3464.112379598333,4241281
2023-10-13,3460.091552734375,3466.050700995378,3415.6636066560545,3420.5085195732972,2890357
2023-10-16,3414.743408203125,3463.773789115559,3409.9469913245653,3455.392183689795,1671104
2023-10-17,3398.2705078125,3424.529794587994,3394.6853194711102,3420.508611385952,1672065
2023-10-18,3379.084716796875,3413.435104126742,3375.9355232117896,3402.098054534039,1408245
2023-10-19,3357.12890625,3377.724681433553,3353.48581920293,3370.5841359492374,1514545
2023-10-20,3394.919921875,3399.7287492235573,3345.859684173674,3352.0285024478358,1481211
2023-10-23,3312.926025390625,3379.764574673807,3304.328482504707,3373.9842574878794,1106272
2023-10-25,3293.44775390625,3327.3526539606864,3280.9153928431065,3293.8362549645863,1518537
2023-10-26,3241.61865234375,3277.5151537064353,3235.0610960679364,3272.0263311031777,1984471
2023-10-27,3255.4140625,3266.149073428411,3241.861825708093,3254.4911945226586,1108851
2023-10-30,3282.22705078125,3286.404504534894,3238.7042584547025,3254.4909683759292,910972
2023-10-31,3272.706298828125,3302.0938655931122,3254.5394868094313,3302.0938655931122,999811
2023-11-01,3235.6923828125,3275.475079563095,3216.602703260188,3259.3482541340773,1563475
2023-11-02,3264.302978515625,3279.7009495689813,3247.884658554033,3247.884658554033,1245384
2023-11-03,3255.365234375,3291.3103587243213,3248.953543691042,3285.5786634974306,1402598
2023-11-06,3283.87841796875,3295.584917571486,3263.234259583472,3278.778096485328,1099852
2023-11-07,3274.35791015625,3307.09707059183,3270.034827769469,3281.692705943335,1191144
2023-11-08,3285.141845703125,3304.960145556748,3273.4839664527203,3275.32970246197,992899
2023-11-09,3252.013671875,3294.807847478932,3246.7677215232948,3293.4478565522354,2112352
2023-11-10,3238.412841796875,3252.0136999016195,3227.6294466076274,3242.833168116945,1338557
2023-11-13,3236.567138671875,3260.320018666236,3232.146812307082,3260.320018666236,1030990
2023-11-15,3307.2431640625,3315.695078884393,3260.3687756780373,3286.6476253068085,2059802
2023-11-16,3398.1259765625,3428.7279078269194,3316.860705674454,3332.2589151668635,3951984
2023-11-17,3402.594482421875,3424.0158804505913,3392.976828048231,3398.125771545085,2021292
2023-11-20,3419.256103515625,3433.1482199777693,3391.714268717135,3391.714268717135,1475621
2023-11-21,3410.123046875,3438.150619175925,3401.185389203715,3419.2551922274797,1807236
2023-11-22,3429.504638671875,3431.9333631832583,3381.8532535026366,3400.2143159366433,1798051
2023-11-23,3408.22900390625,3442.95976337027,3400.214213260707,3429.3589065172273,2729804
2023-11-24,3358.537841796875,3404.6349903029873,3354.554638318644,3394.628596856334,1989733
2023-11-28,3371.21533203125,3381.9989639949645,3335.124579790223,3358.537579518945,1689195
2023-11-29,3413.57275390625,3417.7015861237105,3376.7047583651943,3381.7564585834666,1441634
2023-11-30,3388.16796875,3416.3895580906974,3381.7560411082513,3399.6799807329685,3266235
2023-12-01,3411.5322265625,3416.681170187955,3390.5481881740484,3400.2144647162854,1172141
2023-12-04,3412.309326171875,3446.651585731549,3398.2713458925928,3443.5912505305155,1625213
2023-12-05,3430.91357421875,3437.131014250938,3402.934619713637,3437.131014250938,1377656
2023-12-06,3501.346435546875,3509.8469711815424,3424.647127133406,3431.8849157893073,1896572
2023-12-07,3511.8388671875,3527.04282696115,3489.300348157023,3502.2212117139416,1967653
2023-12-08,3523.302001953125,3541.080312687416,3499.3548733113907,3529.4224351147827,1641155
2023-12-11,3539.040283203125,3548.8524255699126,3511.935811233297,3519.6104861838535,1102503
2023-12-12,3567.40771484375,3592.9577063052993,3527.479390026755,3535.2026863392057,2236866
2023-12-13,3491.097412109375,3545.9379669290024,3461.4183496350784,3539.6719048070327,3850968
2023-12-14,3562.696044921875,3573.1395604942823,3524.1765684036072,3526.508049101208,3290396
2023-12-15,3750.922119140625,3784.875640226735,3562.1616034971344,3562.1616034971344,8531230
2023-12-18,3749.173583984375,3816.9836229920093,3720.951756388531,3748.1050874568027,2521612
2023-12-19,3707.399658203125,3745.190757103993,3681.946670607514,3735.378614376225,2004435
2023-12-20,3672.2802734375,3787.644693706458,3659.1651603963974,3718.134547152586,2586083
2023-12-21,3679.517578125,3698.170134649371,3636.6263987860348,3649.158522199876,1517562
2023-12-22,3714.977294921875,3736.3014503162685,3654.744922462368,3691.6615378407755,2413058
2023-12-26,3687.338134765625,3724.6918699059916,3682.091947570358,3710.945384194012,1285231
2023-12-27,3702.541748046875,3709.342176407596,3660.573437599591,3690.6896203399274,1293976
2023-12-28,3691.56396484375,3728.5778207819258,3683.9865342121075,3714.97696369726,1682889
2023-12-29,3685.24951171875,3713.6172051567646,3658.047795847884,3683.889520797263,1574996
2024-01-01,3702.44482421875,3722.748865906577,3665.430968440897,3681.946294829313,825907
2024-01-02,3675.34033203125,3702.445040999075,3659.8451164485364,3702.445040999075,1344068
2024-01-03,3586.49755859375,3664.313988386467,3581.931603855905,3659.6021678669076,1803075
2024-01-04,3562.2587890625,3612.9705083748395,3546.909203032143,3596.2123095930524,3598144
2024-01-05,3631.331787109375,3640.9010569292664,3570.0795422889087,3570.2251708932167,1963127
2024-01-08,3573.4306640625,3633.128659578847,3567.698732439237,3631.33130873509,1067805
2024-01-09,3584.70068359375,3645.370420917813,3577.754625300139,3604.179104592275,1370944
2024-01-10,3607.1904296875,3622.9285177983875,3582.854561544668,3584.7975412418177,1292227
2024-01-11,3629.048828125,3665.431074283438,3601.3127464534073,3617.8280733187185,1777909
2024-01-12,3772.1005859375,3793.910484182262,3712.6454585109796,3738.2926939717927,6813450
2024-01-15,3792.501953125,3851.957081832262,3774.2378973312325,3847.0996328009473,2801505
2024-01-16,3751.213623046875,3787.8387411769872,3745.6275566806867,3787.8387411769872,1432672
2024-01-17,3773.849609375,3798.4767350462816,3703.853717445346,3710.1197796135352,3458696
2024-01-18,3791.336181640625,3797.3593709539373,3751.893600958396,3786.867233696485,2239110
2024-01-19,3839.487548828125,3859.44912521602,3812.2229566885608,3841.3862853778837,2941975
2024-01-23,3756.914794921875,3830.5777865241894,3741.821895467125,3797.5682499048307,2618854
2024-01-24,3740.89697265625,3781.6476594002056,3705.6477962212402,3778.093620029419,2657709
2024-01-25,3710.22412109375,3759.592459378295,3679.4539867078256,3739.0465469098717,2205154
2024-01-29,3701.16845703125,3719.669430639141,3681.547782743708,3700.973757486317,1646747
2024-01-30,3700.730224609375,3746.739223534862,3687.5360620279253,3707.4489039642863,1411621
2024-01-31,3715.7255859375,3733.301557613305,3696.7377454645057,3711.10034274536,2459358
2024-02-01,3752.922119140625,3802.33918966779,3705.1118546272237,3719.669151010243,2363107
2024-02-02,3862.126708984375,3879.751176833713,3770.3034145401643,3773.2733550130965,2826510
2024-02-05,3868.943359375,3916.3642312882307,3858.0375691806425,3878.3885463006027,1691523
2024-02-06,4027.36962890625,4040.9044559236536,3885.204259994182,3892.0204078187335,4474396
2024-02-07,3976.151123046875,4045.870674282295,3966.9493708640375,4043.9232034402817,2124267
2024-02-08,4025.519287109375,4048.7914661984446,3978.7312573725467,3982.5774643462332,2345173
2024-02-09,4025.130126953125,4074.839127875771,3992.315054493258,4027.9048924183053,2100596
2024-02-12,4012.47216796875,4050.350384799121,3997.71969439986,4021.5277181683464,1013716
2024-02-13,4040.515380859375,4060.476958231978,3974.3013681112275,4017.097232709837,1257415
2024-02-14,3992.41259765625,4006.8236913539386,3943.141491460348,3999.1312768064327,1391283
2024-02-15,3995.431396484375,4037.399013046153,3975.7617506652705,4019.5798449047847,1091582
2024-02-16,4019.8720703125,4039.0063532331533,3992.413014514953,4005.2175412353613,1307556
2024-02-19,3996.015380859375,4019.87189957143,3948.4972807094987,4014.7597884188467,772291
2024-02-20,3924.786376953125,3990.367549263329,3904.678836638836,3974.885251960021,1193648
2024-02-21,3886.664794921875,3956.6277775279746,3876.051174301171,3907.6001057300477,1885939
2024-02-22,3979.75390625,3987.3975862298994,3866.703135257523,3866.703135257523,2982052
2024-02-23,3945.67333984375,4021.5272329970676,3940.1228578382725,4021.5272329970676,2538072
2024-02-26,3895.964111328125,3943.6284121215494,3878.144705772124,3929.996116375944,1379284
2024-02-27,3996.599365234375,4015.6846736144794,3893.9677521300446,3893.9677521300446,2960475
2024-02-28,4010.767578125,4045.7730801502776,3981.6040129877983,3988.0307616584355,1939225
2024-02-29,3987.544189453125,4029.4148143603447,3957.7965235140628,3991.3416626673097,3772719
2024-03-01,3986.8134765625,4031.2644007694958,3979.4617270299173,3999.3260710620293,2043265
2024-03-04,3973.522216796875,4009.745128114517,3968.8482390752865,3997.184035858106,1749271
2024-03-05,3906.723876953125,3957.2606489086174,3875.4668756536166,3955.3131781168318,2070859
2024-03-06,3957.552978515625,3965.050693824185,3854.4829875644286,3889.148064163673,1744204
2024-03-07,4000.689453125,4015.684883544461,3931.6514690128774,3958.2344936004447,2688905
2024-03-11,4014.07861328125,4043.9235111144435,3981.6044394285964,3981.6044394285964,2304068
2024-03-12,4082.14208984375,4118.8521033401985,4012.811941572475,4014.078082822845,4039801
2024-03-13,4040.028564453125,4129.612229897735,4023.377592414998,4094.5577521150612,2837260
2024-03-14,4097.08935546875,4114.03225712865,3978.683030207731,4044.3616761876724,2919608
2024-03-15,4108.43310546875,4127.664379707775,4067.2927846283033,4082.48315202997,3373143
2024-03-18,4043.4365234375,4143.000974857484,4009.6966846246737,4104.538423942185,1526904
2024-03-19,3872.837890625,3951.418290603149,3862.4189692920513,3944.8455765909334,8931209
2024-03-20,3866.60595703125,3912.4689912686326,3856.1870353866384,3881.3094572416053,1817913
2024-03-21,3868.601806640625,3903.1206772114424,3844.3071572326603,3885.252776197185,3829582
2024-03-22,3808.181640625,3834.5699647781776,3753.7499274301354,3794.646813799024,5852485
2024-03-26,3775.658935546875,3843.041376290008,3769.7677889528313,3773.2245970971353,3440925
2024-03-27,3740.0205078125,3792.6996923404718,3728.8225497991716,3786.3704117242423,1968575
2024-03-28,3774.490966796875,3812.1744831071983,3739.6311883456437,3748.97914423849,4311783
2024-04-01,3813.878173828125,3829.9935424376545,3785.9320150576273,3795.328466689312,1569676
2024-04-02,3781.7939453125,3807.159802384113,3771.2775544700808,3787.8310578075434,2142666
2024-04-03,3843.6259765625,3876.440813572816,3749.8552054933216,3749.8552054933216,3973090
2024-04-04,3898.1552734375,3922.839325084273,3831.892526838057,3871.4747787935144,3394637
2024-04-05,3874.736572265625,3896.8890525116617,3856.4790336013084,3873.519403021337,1636819
2024-04-08,3868.212890625,3926.7342497611535,3855.9924629253546,3878.3883787453756,2302538
2024-04-09,3842.8955078125,3910.375418883656,3821.9601966177256,3879.3618511619097,1876992
2024-04-10,3879.99462890625,3885.3989078695354,3815.0952602167276,3852.486604122911,2101965
2024-04-12,3896.3046875,3907.941015572423,3841.8729743875037,3866.703226788183,4354821
2024-04-15,3837.685791015625,3957.45524147311,3816.117647670927,3896.30461271825,4200329
2024-04-16,3771.08251953125,3825.5142335144715,3761.3938998087315,3799.515545777659,3051420
2024-04-18,3760.56640625,3832.62283143449,3748.881580544407,3774.9777388325756,3476284
2024-04-19,3725.706298828125,3751.3643214263843,3701.0707459342584,3737.1964239670265,2957749
2024-04-22,3763.09814453125,3776.1461045717333,3711.8795643701515,3736.2229508101445,1728883
2024-04-23,3772.9326171875,3792.699493931328,3759.2030902829515,3775.2209905357795,1807586
2024-04-24,3730.42919921875,3795.620739280783,3724.0024502332853,3787.830855772767,1317312
2024-04-25,3751.0234375,3771.9100141571794,3710.905586809891,3711.1002863430317,2856271
2024-04-26,3720.984130859375,3774.977715088682,3702.6778564900783,3753.896199540408,2039178
2024-04-29,3768.551025390625,3775.9515101658,3718.8905156702613,3737.1967903285436,1110693
2024-04-30,3720.30224609375,3779.797577086431,3709.9320586589297,3770.3036564638783,2203078
2024-05-02,3761.832275390625,3769.4274595752354,3678.8213268689515,3678.8213268689515,2491044
2024-05-03,3742.45458984375,3791.3362977409042,3697.857698127601,3787.976720384603,2962234
2024-05-06,3818.0654296875,3836.468934581478,3751.802684840144,3751.802684840144,2053831
2024-05-07,3874.444580078125,3883.256933352698,3810.7136430982405,3827.559313749985,2062112
2024-05-08,3872.496826171875,3879.6538762216237,3835.1542174272886,3856.9657945901267,1247685
2024-05-09,3856.18701171875,3866.7034019340017,3807.354274876837,3857.939783042688,1726486
2024-05-10,3791.62841796875,3869.23532442329,3783.011001772584,3858.5242343481314,1672489
2024-05-13,3844.11279296875,3851.1236405461927,3768.3561286760473,3782.4752924656605,931326
2024-05-14,3798.737060546875,3842.165760944534,3790.655007977825,3832.6231050580077,1058317
2024-05-15,3778.482666015625,3823.810095410986,3773.7114577543716,3801.949783718732,1115021
2024-05-16,3826.101318359375,3834.487314976301,3769.7536756903473,3816.440456776042,2599399
2024-05-17,3760.5341796875,3844.7858973181783,3756.5127517164856,3843.805084589271,2765804
2024-05-21,3746.90087890625,3770.9798801907446,3736.94572511883,3757.1014753412887,1908117
2024-05-22,3758.474365234375,3767.5468829479496,3744.301669237929,3761.4168034117506,1311168
2024-05-23,3818.744873046875,3830.0733067750566,3752.0987029623507,3767.2522101516915,2095742
2024-05-24,3775.638671875,3809.280597008828,3770.5384934787426,3803.8370383684164,1309452
2024-05-27,3773.23583984375,3833.359710936332,3767.645254908774,3781.0332535259204,1841538
2024-05-28,3766.222900390625,3795.745460868769,3756.512949645319,3783.975707501734,1801993
2024-05-29,3730.668212890625,3775.04998854492,3727.0883422391244,3775.04998854492,1568095
2024-05-30,3664.414794921875,3721.595989550988,3644.160866944378,3704.529942627183,2919230
2024-05-31,3600.51416015625,3677.851333617414,3583.644230418155,3668.23932172806,10956800
2024-06-03,3631.802490234375,3679.568021993886,3625.0838272936135,3661.1777834219824,2156773
2024-06-04,3643.718994140625,3673.143373635704,3522.588631885883,3629.0068043930855,3395997
2024-06-05,3674.56591796875,3711.1993703487906,3629.0072131436405,3644.700217308586,2799670
2024-06-06,3756.90478515625,3766.222505595086,3669.710633884787,3708.4527346567897,4328036
2024-06-07,3819.235595703125,3839.881751093866,3763.672651587923,3763.672651587923,4552445
2024-06-10,3784.661865234375,3830.956176142604,3768.1841642111144,3820.265413643011,1734661
2024-06-11,3778.188720703125,3805.5042108924868,3767.3016038836363,3771.2248547077797,1419898
2024-06-12,3758.130859375,3818.7942202199274,3754.0114939556183,3800.060602001018,2177001
2024-06-13,3803.73876953125,3815.361496092327,3778.090612582942,3782.798561549058,1932323
2024-06-14,3758.5234375,3814.3806741009234,3754.5510980864838,3814.3806741009234,1860730
2024-06-18,3741.898681640625,3768.282447869505,3722.2333388301226,3752.638532969622,1774045
2024-06-19,3728.755615234375,3760.2888873952325,3720.1735040598087,3754.2076570551294,1509050
2024-06-20,3714.5830078125,3736.8474088689977,3707.521204055123,3723.165119191036,2846526
2024-06-21,3737.632080078125,3803.395620974485,3725.1758064009155,3753.5702868094163,4642195
2024-06-24,3743.56591796875,3782.994540161638,3718.5551944079198,3735.6703279337926,1702154
2024-06-25,3764.80029296875,3773.8237215161507,3720.124228579657,3743.761909380764,1338808
2024-06-26,3781.866943359375,3792.753821226435,3767.3017782182387,3770.7346228482215,1639845
2024-06-27,3858.664306640625,3866.363782355002,3744.841180868651,3757.493569305432,4526556
2024-06-28,3829.239990234375,3884.0184779341994,3823.06106149356,3842.6282279040265,2731571
2024-07-01,3901.869140625,3924.918239697478,3809.476629681037,3809.476629681037,2658723
2024-07-02,3940.31689453125,3946.20177080493,3906.135715182029,3916.973743543969,2307449
2024-07-03,3889.16748046875,3948.8500278460997,3879.11415049591,3942.866974713921,1821198
2024-07-04,3943.798828125,3969.6924274066973,3905.6943979211133,3923.103823566617,2518001
2024-07-05,3934.82470703125,3949.487810008475,3911.481315282498,3933.0591961591817,1668616
2024-07-08,3916.5810546875,3953.901024183752,3901.7218387139837,3944.8285071050045,1758882
2024-07-09,3909.02880859375,3930.0671920020523,3898.828452837062,3908.5384022697513,1305801
2024-07-10,3834.14404296875,3926.487706503185,3827.13132763065,3907.263680935565,2669716
2024-07-11,3848.414794921875,3903.634598566715,3820.854101354475,3855.574775619537,4872189
2024-07-12,4103.67138671875,4119.364389532469,3895.1014275239318,3903.6344499126476,13509164
2024-07-15,4089.205078125,4158.646435530645,4077.287819006377,4154.429131889809,4848030
2024-07-16,4098.27734375,4114.068046345619,4065.3707877010006,4091.95090976698,2029521
2024-07-18,4232.74609375,4242.014965412821,4080.180868466435,4080.180868466435,5613364
2024-07-19,4229.6494140625,4285.046672091509,4212.789504234044,4244.395774849738,3903354
2024-07-22,4214.85400390625,4246.902856695131,4192.881830781028,4227.24104271726,1896386
2024-07-23,4229.60009765625,4287.946622960997,4194.159392181299,4210.577197827359,2365208
2024-07-24,4233.4345703125,4265.729197669507,4195.929753955791,4215.00161862754,1809793
2024-07-25,4249.40966796875,4269.563027874675,4201.926577858845,4222.374672972997,2810342
2024-07-26,4313.65478515625,4347.669820651988,4263.71348771561,4276.444704766146,3552210
2024-07-29,4307.01904296875,4356.075176096543,4297.0897302455405,4340.345723869609,1746803
2024-07-30,4291.53515625,4323.632972146041,4254.128266463847,4316.849742205607,1797906
2024-07-31,4311.19677734375,4339.36222911044,4271.52897269707,4276.444426060357,2330091
2024-08-01,4322.74853515625,4344.572862307999,4291.2401878580295,4325.009451924858,2202244
2024-08-02,4210.62646484375,4323.632933737026,4197.797323114393,4291.190940373379,2811282
2024-08-05,4084.790771484375,4167.321426758338,4040.9942733404455,4167.321426758338,2787771
2024-08-06,4100.66796875,4186.245819021757,4090.4434418269448,4100.422196084056,2203067
2024-08-07,4129.42333984375,4173.170874055229,4109.613679096742,4156.507295418715,1237666
2024-08-08,4101.9951171875,4160.440054288972,4089.6575202840554,4110.30242603549,2441283
2024-08-09,4157.2451171875,4181.72398149421,4134.437219184381,4145.693800574564,1302536
2024-08-12,4124.70458984375,4167.321669660878,4115.562037921638,4158.473852952468,936912
2024-08-13,4125.982421875,4162.4057377974195,4112.26811554242,4141.760834515949,1495593
2024-08-14,4222.62060546875,4233.385641348028,4117.33148860454,4137.829027045683,3226545
2024-08-16,4341.3779296875,4352.142965943431,4251.966109558593,4276.444974441816,3457058
2024-08-19,4414.07763671875,4418.255772566424,4316.112735730609,4346.244372368284,2055210
2024-08-20,4446.81396484375,4487.809038984132,4423.908143576909,4428.823597069772,2212298
2024-08-21,4474.53759765625,4482.893869122817,4416.584205298795,4441.60405717037,1896990
2024-08-22,4425.87451171875,4483.827902854787,4421.155868176405,4482.893774641826,1829872
2024-08-23,4388.41845703125,4429.806671292171,4379.669045851447,4423.908127122674,1809253
2024-08-26,4426.3173828125,4475.176707760089,4409.162256271487,4413.094619487783,1844164
2024-08-27,4421.1064453125,4433.739257383393,4410.931360102684,4428.823803661238,930697
2024-08-28,4429.85595703125,4485.351622818282,4381.930282157301,4422.679586444656,1848058
2024-08-29,4435.5087890625,4478.961593547129,4384.584878669929,4384.584878669929,2133641
2024-08-30,4476.7490234375,4514.5980132595905,4411.91400340769,4423.9079012832835,3637222
2024-09-02,4444.60205078125,4510.42016565307,4435.705271888983,4498.623077164004,1216500
2024-09-03,4436.04931640625,4478.862723418696,4419.877282744973,4444.601917289093,1717263
2024-09-04,4403.5087890625,4411.127741591436,4361.678473961914,4401.247872579934,1265505
2024-09-05,4400.26513671875,4422.925185992935,4378.833470829995,4405.229552886051,1688793
2024-09-06,4381.3896484375,4442.5380843769135,4364.922878569025,4398.299001148173,1649179
2024-09-09,4374.3115234375,4414.323511430997,4355.583835509166,4379.669560364144,1184938
2024-09-10,4431.62548828125,4463.182795615785,4365.365271401029,4367.33145279228,1385591
2024-09-11,4403.60791015625,4472.42426676839,4395.644778600455,4444.99612920937,1325919
2024-09-12,4441.3095703125,4455.957527462176,4356.370139812065,4433.985351725256,2742216
2024-09-13,4446.1259765625,4470.113292994115,4428.823484701669,4453.400751542411,1458786
2024-09-16,4436.93408203125,4469.179264837861,4418.452168963395,4450.4515790960995,1155120
2024-09-17,4429.46240234375,4459.102490180248,4390.482953097841,4436.933987476228,1699364
2024-09-18,4272.65966796875,4421.007962696659,4247.935032184893,4421.007962696659,2961779
2024-09-19,4223.50537109375,4347.424252297365,4209.397922353699,4315.8174996062235,2927551
2024-09-20,4212.44482421875,4257.470661802116,4156.015519672725,4243.903723480614,5447908
2024-09-23,4196.32275390625,4236.531068498641,4181.084847689653,4227.290111701271,1702319
2024-09-24,4199.07470703125,4218.441783949969,4168.3041631199885,4179.757072657581,3012026
2024-09-25,4202.46728515625,4217.066279151633,4168.3048807678815,4180.4461478288495,2713073
2024-09-26,4219.9169921875,4243.805905107155,4187.96654320763,4187.96654320763,3964251
2024-09-27,4235.84326171875,4303.971257963029,4227.339142801401,4261.698356160286,3012477
2024-09-30,4196.32275390625,4226.061248296706,4188.015445281488,4214.411527216484,2503416
2024-10-01,4215.39453125,4223.111889276909,4171.204892145493,4183.591450988956,1823365
2024-10-03,4161.17724609375,4206.645191904827,4138.811932208301,4190.522600097852,3350119
2024-10-04,4180.34716796875,4225.323564684505,4152.62381995046,4153.557948067016,2965463
2024-10-07,4200.59912109375,4224.586437755327,4157.883638905139,4201.631174301058,1472619
2024-10-08,4181.33056640625,4207.038292492998,4132.864386365645,4200.353467668349,1541867
2024-10-09,4181.0361328125,4222.3749081806955,4174.891815425741,4187.9667308148455,1082504
2024-10-10,4155.9169921875,4221.243552771533,4127.604175695712,4181.32997950383,2378875
2024-10-11,4079.040283203125,4170.221949176848,4042.9116985720275,4072.944928615996,5759183
2024-10-14,4066.7021484375,4094.966006759505,4052.4967754870404,4069.99559836867,2137590
2024-10-15,4047.18798828125,4099.439647996407,4025.756800984343,4061.197032094199,2759474
2024-10-16,4025.707275390625,4045.41829222887,3998.4265080493487,4015.925570778842,2359151
2024-10-17,4039.52001953125,4060.1159634051687,4023.741364492149,4043.2555724895037,2522659
2024-10-18,4063.220458984375,4085.985352412221,4020.7953476110742,4030.6502381689447,2361000
2024-10-21,4020.647705078125,4079.875694816127,4010.940541435238,4072.63225386454,1595450
2024-10-22,3957.231201171875,4030.453084242788,3948.214072783788,4006.998397202053,1928049
2024-10-23,4007.244873046875,4053.8583129067224,3937.176504942076,3941.562123718608,1966476
2024-10-24,3989.1611328125,4019.809939302293,3945.8982586335824,3945.8982586335824,2676744
2024-10-25,3998.671142578125,4032.62119222791,3974.1816434487196,3998.1783980531704,1759676
2024-10-28,4031.488037109375,4074.0117940177324,3992.2162016366315,4009.9056822307925,1532534
2024-10-29,4016.1142578125,4043.9543235221386,4001.184194918886,4036.415428516039,1445885
2024-10-30,4025.3779296875,4047.40370716728,4001.1350423451786,4015.8680561740116,1935002
2024-10-31,3910.864013671875,4019.120083197284,3902.536679230978,4010.940475876283,3740372
2024-11-01,3926.385498046875,3940.921461805209,3918.3538583788945,3931.9536556418684,154895
2024-11-04,3906.62646484375,3933.9737869859623,3856.4651665950405,3908.7454107378453,2269192
2024-11-05,3913.72216796875,3928.159486802753,3883.911123193089,3883.911123193089,967590
2024-11-06,4079.57958984375,4089.5822073155864,3917.5652886357793,3945.5039990332534,3792017
2024-11-07,4090.66650390625,4144.769757867758,4025.7721926964314,4109.193987227991,3724349
2024-11-08,4086.823486328125,4109.2433643879185,4057.899283668953,4094.707399492009,1648039
2024-11-11,4137.77294921875,4172.855973445886,4057.898775266831,4068.295973166591,1406487
2024-11-12,4136.4912109375,4156.792379489953,4103.92099370928,4154.821401595459,1587640
2024-11-13,4090.124267578125,4135.850859823102,4071.104041624794,4117.47158666077,1098813
2024-11-14,4085.73876953125,4099.63426074071,4056.7164070519016,4074.997035616066,1825432
2024-11-18,3961.17333984375,4151.865475994954,3932.2984618056635,4151.865475994954,3313944
2024-11-19,3980.9326171875,4072.188765211728,3955.851967238544,3961.5676116481195,1776233
2024-11-21,4013.749267578125,4033.064709051959,3965.6080301184593,3986.204655506895,2384347
2024-11-22,4183.0068359375,4193.206743644381,3995.1725304474053,4011.9258439692617,3096553
2024-11-25,4252.48388671875,4265.295244341108,4190.496721846663,4217.89312489922,4052167
2024-11-26,4289.53857421875,4303.236776393483,4247.45799740418,4258.347459420346,2060669
2024-11-27,4269.6806640625,4313.879947019853,4261.304006601975,4295.697961602462,1558993
2024-11-28,4183.30224609375,4276.973266192127,4171.57502299117,4256.327078738215,2558544
2024-11-29,4208.8759765625,4236.32194265591,4134.767008032492,4158.76376247456,2017425
2024-12-02,4214.59130859375,4225.973994918185,4168.667426338619,4208.037903180413,1670944
2024-12-03,4240.31298828125,4262.240119532022,4203.554439381881,4251.744757442165,2010905
2024-12-04,4291.21337890625,4323.291335871028,4226.81157391255,4250.956055389001,3302642
2024-12-05,4399.2724609375,4423.860606665184,4296.732511708666,4336.940274844479,3746747
2024-12-06,4380.99169921875,4400.208736252777,4348.7169318923725,4388.38286730876,1842087
2024-12-09,4387.544921875,4404.544607771133,4351.47592686491,4366.160098479674,2066639
2024-12-10,4368.2294921875,4428.590699209594,4348.076528927836,4361.922458223545,2087828
2024-12-11,4363.2041015625,4384.096182690506,4343.050656096367,4367.540157555417,1635256
2024-12-12,4390.3046875,4419.918441323063,4361.774586688044,4365.765624909234,1914642
2024-12-13,4408.97900390625,4429.6742722634,4330.632630839897,4370.594497266055,1967048
2024-12-16,4351.13134765625,4410.063399035425,4333.195254873467,4394.295574591947,1646224
2024-12-17,4265.689453125,4368.623979293737,4255.341817856936,4346.0068125866355,3225027
2024-12-18,4284.7587890625,4298.703363293438,4227.354050201463,4249.133455090055,1575404
2024-12-19,4209.91064453125,4300.674283743088,4200.154399017653,4219.864180336366,3015763
2024-12-20,4109.78466796875,4318.412885998388,4092.2431558896187,4266.181967934054,4116989
2024-12-23,4097.958984375,4155.807384938678,4055.1888552154614,4139.1031528173025,2195338
2024-12-24,4118.8515625,4156.792891643738,4097.959001765894,4097.959001765894,1181886
2024-12-26,4108.6025390625,4139.004972823218,4083.028905459881,4118.851529054263,1208464
2024-12-27,4104.4140625,4120.2805320435555,4087.0693594187683,4102.59081156437,858100
2024-12-30,4098.45166015625,4138.363966598421,4052.330965190293,4090.765038060532,1527169
2024-12-31,4035.380859375,4079.875837090253,3973.5414176669124,4074.997473513026,1555429
2025-01-01,4052.774658203125,4074.0117548678522,4026.1662131104285,4034.9862920363385,763161
2025-01-02,4115.15625,4122.301046219242,4037.499898743688,4060.2152307968627,1720835
2025-01-03,4040.406494140625,4119.295181980029,4032.9169216558203,4119.295181980029,1791953
2025-01-06,4035.57763671875,4089.434516754721,4007.3925538104386,4045.9252716846954,2085593
2025-01-07,3969.845703125,4080.269802492842,3953.3387610597765,4055.2384761375806,2669054
2025-01-08,4048.783447265625,4066.128152200564,3959.4489538302996,3976.349996178194,2181277
2025-01-09,3980.242919921875,4077.7076998881107,3966.889493919747,4041.490973896717,2392472
2025-01-10,4203.75146484375,4234.646644233189,4109.4895290789855,4139.054201950057,7894300
2025-01-13,4228.83203125,4260.219952785728,4166.056188178543,4183.400891174992,4003771
2025-01-14,4171.62451171875,4251.301403019245,4157.827664089084,4239.5741787732,3441709
2025-01-15,4187.9345703125,4194.685266878148,4146.396301039106,4156.793018552642,1653474
2025-01-16,4145.26220703125,4231.689785201745,4131.022179634115,4198.183159049705,2637705
2025-01-17,4074.13818359375,4109.996975792013,4050.1831231881365,4109.305296575243,1761466
2025-01-20,4028.2041015625,4095.3768153243486,4018.62212534306,4095.3768153243486,1287799
2025-01-21,3986.764404296875,4061.000302162467,3980.9854579700177,4045.491300349546,1971591
2025-01-22,4106.0458984375,4112.516041833744,3995.0128065804856,4000.74231294192,2409223
2025-01-23,4095.031494140625,4140.373142651605,4089.6967853278056,4117.307038660843,1822998
2025-01-24,4101.84716796875,4127.185103550523,4054.085128044842,4054.085128044842,1910099
2025-01-27,4015.707763671875,4105.7987421505895,3991.901023160227,4052.109674254546,1551782
2025-01-28,3991.16015625,4052.1096856868503,3979.306105487386,4021.2892019383103,2468272
2025-01-29,4049.936279296875,4057.888661146309,4004.693511497203,4004.693511497203,1217089
2025-01-30,4050.18310546875,4079.6701524518658,4009.1386486944825,4050.035026306533,1531251
2025-01-31,4062.383056640625,4078.2381387724013,4035.563363544183,4060.0123429818477,1492943
2025-02-01,4023.610595703125,4085.5974046676292,4006.6692774506637,4062.9760202550738,437172
2025-02-03,4019.1650390625,4027.413578843086,3950.0658526045604,3981.8741725917307,1265713
2025-02-04,4057.097900390625,4068.7546725517195,4016.5968031738958,4034.0320389626604,2547132
2025-02-05,4041.34228515625,4099.525820208286,4026.4258417274636,4099.525820208286,1693912
2025-02-06,4033.09375,4089.1535308615516,4002.2732667297546,4055.468173998699,2284536
2025-02-07,3980.392333984375,4040.255383072488,3959.2527079106435,4040.255383072488,1548940
2025-02-10,3987.850830078125,4002.7178337412574,3965.5258456983292,3990.8637829009576,1339511
2025-02-11,3915.34375,3990.863885944065,3906.8976903239545,3969.5264974120864,1810908
2025-02-12,3902.1064453125,3972.83571115218,3892.228069702002,3922.801835153518,1678002
2025-02-13,3862.593017578125,3935.989398017966,3854.789197163407,3919.739518058658,2277310
2025-02-14,3886.99267578125,3899.982643080853,3852.5664407333657,3877.2623794560154,1681975
2025-02-17,3857.011474609375,3886.152680525876,3809.2988756711575,3809.595275152018,1799806
2025-02-18,3826.09228515625,3876.669518619195,3817.498146852113,3850.9857427573356,2149879
2025-02-19,3738.076171875,3827.82106864859,3722.319970005145,3825.1045153843083,4366672
2025-02-20,3733.43310546875,3741.928604788681,3705.675015273267,3715.7509099558138,2888572
2025-02-21,3739.953125,3770.5760903658215,3729.0869114830957,3730.173629303301,1833931
2025-02-24,3630.89599609375,3717.430425557689,3625.364009039234,3697.624233350342,2508516
2025-02-25,3585.40576171875,3613.5096912637337,3577.2066619706934,3580.911052714881,4101954
2025-02-27,3568.612548828125,3593.752965954935,3556.9065775254853,3567.772790451682,3823856
2025-02-28,3440.88525390625,3556.215291484246,3414.954517405844,3541.348287656423,7085018
2025-03-03,3450.56591796875,3480.398563015721,3433.871319078812,3442.6137776512555,4990439
2025-03-04,3489.091796875,3507.811270911589,3422.1658003657744,3431.747776723982,2797737
2025-03-05,3503.9091796875,3556.5609685813047,3478.0278844831014,3478.0278844831014,2501894
2025-03-06,3557.7958984375,3565.5502786807147,3493.0925374232374,3513.7382462249243,2786513
2025-03-07,3567.27880859375,3580.9110146215976,3530.926339576579,3556.2150765897245,2051315
2025-03-10,3545.990966796875,3578.0464882486435,3539.0269050026495,3562.6361259918417,1004626
2025-03-11,3531.815673828125,3545.1020407658093,3494.623445019518,3514.7260358188087,1995450
2025-03-12,3463.555908203125,3525.8391128612507,3444.4413966520915,3521.640803348143,3174167
2025-03-13,3468.346923828125,3481.435770783201,3441.724751274507,3459.703345650245,1693004
2025-03-17,3455.1591796875,3487.5108578515615,3435.0568312409873,3446.565041661376,2690906
2025-03-18,3455.1591796875,3455.1591796875,3455.1591796875,3455.1591796875,0
2025-03-19,3454.56689453125,3503.8598932625678,3420.634577218764,3503.8598932625678,3051244
2025-03-20,3519.813232421875,3535.4211137803227,3469.285438744659,3469.285438744659,2845192
2025-03-21,3534.58154296875,3572.267448060842,3422.857022476548,3432.735397721791,4161925
2025-03-24,3584.81298828125,3605.360057323045,3523.2214624383355,3556.215139766549,1834751
2025-03-25,3613.262939453125,3664.877453453925,3593.753147079617,3600.6680101993416,3135390
2025-03-26,3591.579833984375,3635.736124498959,3581.7508985374016,3603.3844445431537,1734499
2025-03-27,3606.79248046875,3618.449012006768,3566.5875396807087,3570.884729570523,2528474
2025-03-28,3562.290283203125,3616.4238291582196,3548.2135981206075,3606.5948937734543,2051919
2025-04-01,3507.613525390625,3540.4096829245336,3482.1272690594255,3529.2470706788267,2618493
2025-04-02,3500.8466796875,3520.751750127819,3487.1158348283598,3500.8961197970325,1764313
2025-04-03,3361.75927734375,3459.407116080848,3354.8444144618065,3448.5409029806515,4537821
2025-04-04,3259.27099609375,3358.301706837936,3255.418526258992,3321.702519893932,5317367
2025-04-07,3234.2294921875,3251.368328518194,3018.8809120553065,3062.296322980731,6623955
2025-04-08,3252.899658203125,3308.2680019006634,3215.70767038631,3261.889076504213,5557558
2025-04-09,3207.11328125,3230.2285819736,3172.9834478453536,3220.893565957195,2990265
2025-04-11,3192.197021484375,3258.8266155521846,3167.0071641277755,3249.5410391127716,7108961
2025-04-15,3208.69384765625,3274.08864453866,3199.2107519795586,3274.08864453866,3512160
2025-04-16,3233.982666015625,3238.230415776077,3189.727494903794,3208.6939279027843,2384391
2025-04-17,3258.777099609375,3263.420128892314,3178.861140676779,3206.026672488032,2932346
2025-04-21,3281.201416015625,3313.207257273907,3244.1575066096107,3250.084532114573,2432946
2025-04-22,3274.088623046875,3293.3514549412,3254.9246713743637,3282.18908375484,2710498
2025-04-23,3371.48974609375,3379.2935667052634,3296.7104876244343,3324.0735410505326,3543923
2025-04-24,3360.228271484375,3370.9956041985065,3346.4971849798935,3359.734352714529,2252175
2025-04-25,3406.06396484375,3435.5015728669696,3363.5869490408845,3378.404512693047,2742991
2025-04-28,3401.61865234375,3415.7447777461534,3363.586906121815,3393.222033047998,1593296
2025-04-29,3430.265869140625,3452.492213865078,3388.6778120988047,3412.9787121327167,1578332
2025-04-30,3411.694580078125,3467.2110034862103,3325.061273098265,3429.772055911222,2809332
2025-05-02,3389.2705078125,3449.034677361511,3378.4042951672254,3429.7718458539784,1721761
2025-05-05,3412.287109375,3461.87650342117,3404.4830484567965,3408.0393599095555,1284443
2025-05-06,3417.91796875,3430.759857071893,3395.1977047958817,3417.91796875,1324763
2025-05-07,3403.19921875,3417.4239829127787,3378.997198925932,3378.997198925932,1477128
2025-05-08,3406.952880859375,3434.7112128994936,3386.998610284149,3406.063923519544,2543591
2025-05-09,3398.457763671875,3404.2859090779284,3356.7710649388723,3357.6600223156292,2531757
2025-05-12,3576.366943359375,3586.344199009816,3459.604594038759,3462.370587392757,2228678
2025-05-13,3472.2490234375,3578.935479918652,3467.803754417452,3576.3670057941126,3062887
2025-05-14,3505.5390625,3517.689512589028,3465.9269214811093,3478.1760106222882,2119499
2025-05-15,3536.359619140625,3556.21525075921,3471.360099994329,3520.653098251618,3548330
2025-05-16,3517.98583984375,3550.1891985825587,3502.970757638989,3550.1891985825587,1666727
2025-05-19,3476.0029296875,3506.8234139931265,3461.086485739748,3506.8234139931265,2537377
2025-05-20,3455.752197265625,3514.726051583229,3451.5044475075333,3488.8447556489973,2038374
2025-05-21,3482.917724609375,3493.9814570703943,3455.752191652226,3465.334167770128,1440153
2025-05-22,3434.711181640625,3455.2582510362627,3409.323804689904,3452.492257645667,2034383
2025-05-23,3471.853759765625,3492.005548214681,3423.4497224636393,3434.7109734490655,1274331
2025-05-26,3494.27783203125,3501.884132971573,3467.4086987656956,3478.176031648211,967470
2025-05-27,3456.147216796875,3496.944956186642,3440.7370955910233,3489.042255720683,2467680
2025-05-28,3455.1591796875,3486.0785417090847,3450.5163916661472,3477.1880041983504,1222933
2025-05-29,3455.5546875,3489.536203315723,3444.0956752612224,3462.0742707354857,3188072
2025-05-30,3421.2763671875,3464.049779998847,3411.10183367777,3447.5529416641066,3404365
2025-06-02,3407.842041015625,3417.91793582919,3377.0215575741954,3408.039560292111,1877585
2025-06-03,3363.784423828125,3431.2537776661225,3359.1416355127826,3404.0882446631517,2848125
2025-06-04,3369.465087890625,3383.3182215676084,3358.6020509863906,3377.5377895527827,2544807
2025-06-05,3359.6982421875,3397.4699581243544,3352.3231247435624,3397.4699581243544,3584683
2025-06-06,3372.75390625,3379.4311968394054,3347.3401523789876,3359.6983590738273,2070390
2025-06-09,3410.326416015625,3422.3855889461993,3379.431263640164,3388.500583115049,1718678
2025-06-10,3451.187744140625,3474.0104381585516,3411.6220654345716,3428.365293437595,2419874
2025-06-11,3460.1572265625,3477.1994881899896,3437.4345354790357,3458.2637500771752,2847013
2025-06-12,3422.584716796875,3462.9477367145046,3411.6219212636915,3460.1571582794445,4060134
2025-06-13,3434.0458984375,3438.8297125316194,3381.723464034396,3381.723464034396,2178493
2025-06-16,3484.474853515625,3497.131850878911,3414.6118485958773,3428.365222862198,1934088
2025-06-17,3503.41064453125,3508.094699586469,3476.302688697425,3498.1285214626437,2111940
2025-06-18,3439.7265625,3526.033760927228,3431.4548294482115,3507.19778191584,2696327
2025-06-19,3412.41943359375,3439.3281148750093,3401.4566375162,3438.331497049777,2672768
2025-06-20,3424.07958984375,3434.6438354271677,3399.3634207293467,3413.415828473248,2351248
2025-06-23,3382.122314453125,3413.416016519491,3358.6020366921707,3403.4498383690693,3123421
2025-06-24,3378.932861328125,3430.4581957754644,3370.561369209563,3422.983562342859,3403048
2025-06-25,3433.14892578125,3438.331289496645,3388.5004012430704,3395.775759591069,1757699
2025-06-26,3430.1591796875,3439.7265645422617,3403.748808087712,3433.149033076155,2879106
2025-06-27,3429.461669921875,3454.675906058565,3419.395732636828,3443.3145602623845,1778433
2025-06-30,3450.290771484375,3453.180865734764,3418.399002366091,3428.2654211111044,1468351
2025-07-01,3418.10009765625,3473.213111911396,3401.9549375924103,3443.3145772321013,2375183
2025-07-02,3411.7216796875,3478.0962775498906,3408.4327923652227,3475.4054582188955,3090585
2025-07-03,3389.2978515625,3423.6811655474544,3386.1087232761492,3418.3990425621496,2531870
2025-07-04,3408.233642578125,3415.409242162467,3378.6341422209043,3396.473503732036,1109320
2025-07-07,3400.160888671875,3414.5123309346973,3396.8720012794643,3406.738663456697,1639174
2025-07-08,3394.679443359375,3413.415906340367,3381.922687075622,3393.483550682905,2325242
2025-07-09,3372.355224609375,3402.4530322953497,3355.611997580095,3398.4665612557537,2034938
2025-07-10,3370.561279296875,3387.5037812921582,3344.6492174217365,3368.5680437680185,3035012
2025-07-11,3254.95361328125,3323.7202389139525,3250.070283569519,3288.738858113972,7635550
2025-07-14,3211.800048828125,3260.933353706794,3189.1768740408747,3254.9536470679677,3924009
2025-07-15,3241.300048828125,3248.375889064686,3195.1565970327038,3195.1565970327038,2590889
2025-07-16,3233.10009765625,3244.89990234375,3220.60009765625,3227.0,2540733
2025-07-17,3209.199951171875,3242.0,3204.10009765625,3224.10009765625,2947640
2025-07-18,3189.89990234375,3228.800048828125,3187.0,3225.0,3432645
2025-07-21,3158.199951171875,3197.60009765625,3152.0,3190.0,3844346
2025-07-22,3159.60009765625,3180.10009765625,3154.60009765625,3159.60009765625,3198036
2025-07-23,3179.10009765625,3182.0,3157.60009765625,3159.60009765625,1922875
2025-07-24,3148.0,3173.699951171875,3140.0,3165.10009765625,2934778
2025-07-25,3135.800048828125,3156.89990234375,3125.60009765625,3140.0,2568917
2025-07-28,3079.300048828125,3118.0,3069.89990234375,3110.0,3374473
2025-07-29,3056.0,3074.0,3041.199951171875,3060.0,4785312
2025-07-30,3053.60009765625,3069.0,3047.199951171875,3060.0,2880121
2025-07-31,3036.800048828125,3059.800048828125,3015.0,3041.699951171875,2968371
2025-08-01,3003.0,3036.800048828125,3000.0,3029.89990234375,2053847
2025-08-04,3074.39990234375,3079.39990234375,2991.60009765625,3009.10009765625,2519252
2025-08-05,3063.89990234375,3077.5,3042.0,3074.39990234375,1927996
2025-08-06,3032.300048828125,3066.800048828125,3026.0,3063.0,1487081
2025-08-07,3047.0,3051.60009765625,3010.89990234375,3016.0,2543076
2025-08-08,3036.39990234375,3059.800048828125,3025.0,3048.10009765625,2762140
2025-08-11,3040.800048828125,3049.89990234375,3021.300048828125,3036.39990234375,1884215
2025-08-12,3035.39990234375,3096.39990234375,3026.89990234375,3041.0,3358232
2025-08-13,3036.199951171875,3044.39990234375,3028.60009765625,3036.10009765625,2148166
2025-08-14,3022.300048828125,3055.89990234375,3019.10009765625,3034.0,3342174
2025-08-18,3011.199951171875,3049.0,3003.39990234375,3046.5,2945609
2025-08-19,3016.199951171875,3025.0,3011.10009765625,3011.199951171875,2650784
2025-08-20,3098.60009765625,3103.39990234375,3010.89990234375,3010.89990234375,4952358
2025-08-21,3102.60009765625,3130.0,3083.10009765625,3130.0,3230726
2025-08-22,3054.0,3095.699951171875,3050.0,3086.0,1593791
2025-08-25,3140.60009765625,3152.0,3077.10009765625,3087.300048828125,3448370
2025-08-26,3157.199951171875,3162.0,3120.0,3129.0,5522097
2025-08-27,3157.199951171875,3157.199951171875,3157.199951171875,3157.199951171875,0
2025-08-28,3093.699951171875,3146.5,3086.5,3145.0,3116051
2025-08-29,3084.699951171875,3115.0,3077.199951171875,3093.0,2271789
2025-09-01,3112.60009765625,3131.10009765625,3090.0,3090.0,1246862
2025-09-02,3111.5,3155.0,3103.10009765625,3121.10009765625,2185229
2025-09-03,3097.5,3141.89990234375,3088.0,3129.89990234375,1799774
2025-09-04,3095.699951171875,3118.0,3090.800048828125,3116.0,1481391
2025-09-05,3048.300048828125,3103.39990234375,3028.60009765625,3097.10009765625,2802055
2025-09-08,3019.0,3064.89990234375,3016.0,3050.0,2626187
2025-09-09,3049.39990234375,3060.0,3030.800048828125,3032.10009765625,2489301
2025-09-10,3110.0,3122.699951171875,3053.39990234375,3056.39990234375,2079428
2025-09-11,3120.60009765625,3139.0,3110.10009765625,3139.0,1391222
